day,0
2005-01-04,1200000.0
2005-01-05,1200000.0
2005-01-06,1200000.0
2005-01-07,1200000.0
2005-01-10,1200000.0
2005-01-11,1200000.0
2005-01-12,1200000.0
2005-01-13,1200000.0
2005-01-14,1200000.0
2005-01-17,1200000.0
2005-01-18,1200000.0
2005-01-19,1200000.0
2005-01-20,1200000.0
2005-01-21,1200000.0
2005-01-24,1200000.0
2005-01-25,1200000.0
2005-01-26,1200000.0
2005-01-27,1200000.0
2005-01-28,1200000.0
2005-01-31,1200000.0
2005-02-01,1200000.0
2005-02-02,1200000.0
2005-02-03,1200000.0
2005-02-04,1200000.0
2005-02-07,1200000.0
2005-02-08,1200000.0
2005-02-09,1200000.0
2005-02-10,1200000.0
2005-02-11,1200000.0
2005-02-14,1200000.0
2005-02-15,1200000.0
2005-02-16,1200000.0
2005-02-17,1200000.0
2005-02-18,1200000.0
2005-02-21,1200000.0
2005-02-22,1200000.0
2005-02-23,1200000.0
2005-02-24,1200000.0
2005-02-25,1200000.0
2005-02-28,1200000.0
2005-03-01,1200000.0
2005-03-02,1200000.0
2005-03-03,1200000.0
2005-03-04,1200000.0
2005-03-07,1200000.0
2005-03-08,1200000.0
2005-03-09,1200000.0
2005-03-10,1200000.0
2005-03-11,1200000.0
2005-03-14,1200000.0
2005-03-15,1200000.0
2005-03-16,1200000.0
2005-03-17,1200000.0
2005-03-18,1200000.0
2005-03-21,1200000.0
2005-03-22,1200000.0
2005-03-23,1199300.8863131588
2005-03-24,1199168.6077970047
2005-03-25,1199168.6077970047
2005-03-28,1199063.3155512873
2005-03-29,1199495.677741619
2005-03-30,1197568.7799669732
2005-03-31,1198241.8710656832
2005-04-01,1199185.8659613603
2005-04-04,1198566.9927376523
2005-04-05,1198317.250905485
2005-04-06,1198067.507028683
2005-04-07,1196662.2034615662
2005-04-08,1198047.525653305
2005-04-11,1198624.324304854
2005-04-12,1197941.2488832036
2005-04-13,1199970.5184402994
2005-04-14,1202714.0035069268
2005-04-15,1206363.3987122937
2005-04-18,1205585.7528512808
2005-04-19,1202059.9958666032
2005-04-20,1206834.165850164
2005-04-21,1200917.9404257669
2005-04-22,1202813.6245598122
2005-04-25,1200802.9374608549
2005-04-26,1203950.2449177725
2005-04-27,1202957.5837359922
2005-04-28,1206671.5695942838
2005-04-29,1202872.9840152706
2005-05-02,1201004.4100581538
2005-05-03,1199424.0711603183
2005-05-04,1195608.0327522364
2005-05-05,1195088.015485718
2005-05-06,1194919.9629538432
2005-05-09,1190068.5270383651
2005-05-10,1192697.9559891045
2005-05-11,1193762.8771251072
2005-05-12,1196330.659497896
2005-05-13,1199259.1588413485
2005-05-16,1201949.525264775
2005-05-17,1199609.9776169877
2005-05-18,1192988.2307380405
2005-05-19,1194375.9696661797
2005-05-20,1199571.7930196575
2005-05-23,1197574.3412028595
2005-05-24,1197170.0177618684
2005-05-25,1195627.580191509
2005-05-26,1202068.7878839588
2005-05-27,1195078.0890725185
2005-05-30,1200888.2664393312
2005-05-31,1207181.0415415764
2005-06-01,1213439.1194306496
2005-06-02,1210516.3329905334
2005-06-03,1210223.5714848684
2005-06-06,1206477.2254811605
2005-06-07,1205643.1354941432
2005-06-08,1208320.2606017604
2005-06-09,1210079.6804609585
2005-06-10,1213350.266886089
2005-06-13,1214311.6638074745
2005-06-14,1216616.8311907384
2005-06-15,1204548.9742570766
2005-06-16,1207361.9527019113
2005-06-17,1205430.8671734962
2005-06-20,1211715.4950913861
2005-06-21,1210760.0313182264
2005-06-22,1213534.100942745
2005-06-23,1216050.3923877578
2005-06-24,1208466.4982067696
2005-06-27,1203039.9798714907
2005-06-28,1206364.9587736786
2005-06-29,1206694.3496576694
2005-06-30,1208331.6316406103
2005-07-01,1217644.9570207393
2005-07-04,1220870.669243579
2005-07-05,1219224.7102264478
2005-07-06,1223755.9417272583
2005-07-07,1215119.1957648161
2005-07-08,1214842.3807832466
2005-07-11,1208805.080392787
2005-07-12,1204229.7112469086
2005-07-13,1209538.7129418666
2005-07-14,1210591.4564758942
2005-07-15,1211090.8768810483
2005-07-18,1210119.5799851825
2005-07-19,1214900.7711269655
2005-07-20,1214742.5353855737
2005-07-21,1204044.4571114741
2005-07-22,1212323.4345763659
2005-07-25,1211301.051219963
2005-07-26,1214788.9429468175
2005-07-27,1213184.6240980967
2005-07-28,1214425.969925091
2005-07-29,1211014.758529677
2005-08-01,1213328.749887589
2005-08-02,1213989.188650191
2005-08-03,1211560.269491997
2005-08-04,1207135.2288454191
2005-08-05,1203820.341267072
2005-08-08,1205767.6341589186
2005-08-09,1209100.3691759177
2005-08-10,1213135.266792429
2005-08-11,1221485.778757421
2005-08-12,1215407.9625828168
2005-08-15,1216720.824418421
2005-08-16,1209106.5555267613
2005-08-17,1199612.9521094386
2005-08-18,1194918.647761619
2005-08-19,1201600.8020916414
2005-08-22,1207692.7889209175
2005-08-23,1205507.422159744
2005-08-24,1203497.88241203
2005-08-25,1203336.2871886645
2005-08-26,1195987.4453262002
2005-08-29,1198213.7407268735
2005-08-30,1201954.571795631
2005-08-31,1202241.5876900267
2005-09-01,1204679.844298413
2005-09-02,1202153.3946767133
2005-09-05,1204078.4911855333
2005-09-06,1201869.9059113872
2005-09-07,1200460.7005270103
2005-09-08,1199589.7175795557
2005-09-09,1204893.7847583115
2005-09-12,1204466.1628419685
2005-09-13,1203426.477816727
2005-09-14,1205240.1421843632
2005-09-15,1207404.556183016
2005-09-16,1209347.4723318554
2005-09-19,1213687.333487599
2005-09-20,1214095.4668330252
2005-09-21,1212491.2376716572
2005-09-22,1211619.3724857348
2005-09-23,1212353.6714070267
2005-09-26,1219362.8754275353
2005-09-27,1217411.3803156842
2005-09-28,1223001.5144803482
2005-09-29,1229728.4830600708
2005-09-30,1228729.6512751675
2005-10-03,1228672.7234145962
2005-10-04,1228109.098597
2005-10-05,1210904.116102995
2005-10-06,1197441.3941841412
2005-10-07,1200026.6670361178
2005-10-10,1203400.1726898307
2005-10-11,1203349.4737226237
2005-10-12,1202699.9837482702
2005-10-13,1199609.1275743223
2005-10-14,1197198.8032584563
2005-10-17,1200204.6349941827
2005-10-18,1202508.6930524334
2005-10-19,1202361.914033869
2005-10-20,1201744.2857693383
2005-10-21,1201442.2172183176
2005-10-24,1200368.0905569717
2005-10-25,1199727.4178056095
2005-10-26,1203823.7723598555
2005-10-27,1202766.101037277
2005-10-28,1199922.6078600644
2005-10-31,1201923.4706998556
2005-11-01,1203758.868603757
2005-11-02,1205482.2188189381
2005-11-03,1206314.90709204
2005-11-04,1210011.9266704465
2005-11-07,1206354.1566805406
2005-11-08,1203174.0330600066
2005-11-09,1203863.0466005635
2005-11-10,1208730.2133180911
2005-11-11,1209041.1345392384
2005-11-14,1209987.1717834806
2005-11-15,1208663.7727538468
2005-11-16,1212381.8623068195
2005-11-17,1216542.611911016
2005-11-18,1218775.121655236
2005-11-21,1223259.8534554872
2005-11-22,1222155.1839689405
2005-11-23,1225038.3791836158
2005-11-24,1222775.2022897722
2005-11-25,1229687.5096146842
2005-11-28,1220179.8960376154
2005-11-29,1225124.4045482606
2005-11-30,1218939.2404616107
2005-12-01,1235068.078019106
2005-12-02,1238775.9261721065
2005-12-05,1240885.1146061448
2005-12-06,1245201.9093134145
2005-12-07,1239414.7406473388
2005-12-08,1229544.090604078
2005-12-09,1237528.2897965398
2005-12-12,1240590.7857808245
2005-12-13,1243950.6641130333
2005-12-14,1226742.3270511844
2005-12-15,1215109.5678274552
2005-12-16,1214510.5344318612
2005-12-19,1209474.8221682175
2005-12-20,1210281.0662157687
2005-12-21,1211803.963952294
2005-12-22,1214171.5279483933
2005-12-23,1213326.9928640393
2005-12-26,1213441.6188027048
2005-12-27,1208245.6251253358
2005-12-28,1215157.8869274566
2005-12-29,1213738.5876607862
2005-12-30,1206903.4140196631
2006-01-02,1207134.19033931
2006-01-03,1215130.289507391
2006-01-04,1218428.612901521
2006-01-05,1213693.0660813756
2006-01-06,1218718.7414682156
2006-01-09,1218890.7776534325
2006-01-10,1214424.068131318
2006-01-11,1221823.422680193
2006-01-12,1218717.614649729
2006-01-13,1217380.2228354067
2006-01-16,1218765.560483981
2006-01-17,1205401.365560204
2006-01-18,1195228.7630290575
2006-01-19,1200286.4747909254
2006-01-20,1194394.9621070425
2006-01-23,1193861.4462020404
2006-01-24,1192476.3335406524
2006-01-25,1193690.124973956
2006-01-26,1196910.4616875984
2006-01-27,1202086.603190976
2006-01-30,1203627.0311982778
2006-01-31,1200589.0105369266
2006-02-01,1201995.7822390886
2006-02-02,1194213.7131934585
2006-02-03,1195758.723396621
2006-02-06,1196070.493435263
2006-02-07,1187631.2388080067
2006-02-08,1186725.0234813294
2006-02-09,1190768.9356139966
2006-02-10,1184491.8838533377
2006-02-13,1181464.7952692134
2006-02-14,1185948.166013837
2006-02-15,1181783.6170776312
2006-02-16,1184819.7998034908
2006-02-17,1182835.5280173963
2006-02-20,1183631.6613071405
2006-02-21,1182921.1910944327
2006-02-22,1183553.590819629
2006-02-23,1181497.2575070206
2006-02-24,1183314.7638026513
2006-02-27,1184951.1741473651
2006-02-28,1181961.5130203266
2006-03-01,1185096.8664258264
2006-03-02,1184663.645097318
2006-03-03,1186139.389162391
2006-03-06,1186011.4891276606
2006-03-07,1181986.575446104
2006-03-08,1180053.8926779043
2006-03-09,1181025.696317825
2006-03-10,1182888.5557880923
2006-03-13,1183939.62392469
2006-03-14,1184518.1730609364
2006-03-15,1185039.0555686045
2006-03-16,1186778.1399724723
2006-03-17,1186718.011320888
2006-03-20,1187828.673702595
2006-03-21,1188189.5262236528
2006-03-22,1188797.8056895484
2006-03-23,1188509.1781537428
2006-03-24,1192014.4839246916
2006-03-27,1189478.1726078354
2006-03-28,1186991.7093429249
2006-03-29,1189359.0756777236
2006-03-30,1188832.7046285523
2006-03-31,1185127.333709017
2006-04-03,1191731.2638212116
2006-04-04,1191150.0240293292
2006-04-05,1192040.257959145
2006-04-06,1190712.4828675915
2006-04-07,1186073.8907694784
2006-04-10,1189608.0819885456
2006-04-11,1183917.8793032765
2006-04-12,1182030.5026873504
2006-04-13,1182965.314416979
2006-04-14,1183322.3920934976
2006-04-17,1182063.8042783742
2006-04-18,1193682.603428227
2006-04-19,1196839.437638545
2006-04-20,1193174.6320996669
2006-04-21,1196243.2247909487
2006-04-24,1184263.0566779363
2006-04-25,1184438.1100746908
2006-04-26,1185820.7394864596
2006-04-27,1184891.3684992788
2006-04-28,1186800.3242263407
2006-05-01,1184594.5596768649
2006-05-02,1195130.991669637
2006-05-03,1189486.409866015
2006-05-04,1191693.5945592667
2006-05-05,1197047.377965566
2006-05-08,1189945.4288022663
2006-05-09,1197408.0515044148
2006-05-10,1192904.451175867
2006-05-11,1189091.9761904688
2006-05-12,1183836.054792819
2006-05-15,1174736.1520246074
2006-05-16,1179039.9019521307
2006-05-17,1169684.106157193
2006-05-18,1175017.0512672854
2006-05-19,1170317.9255729332
2006-05-22,1174506.9562715322
2006-05-23,1170745.6887507536
2006-05-24,1168202.6053664174
2006-05-25,1176368.1146741877
2006-05-26,1171821.2114872138
2006-05-29,1172077.9202252661
2006-05-30,1180668.3893555722
2006-05-31,1176060.3938037448
2006-06-01,1174084.1598885302
2006-06-02,1180898.8636785292
2006-06-05,1178006.9607272428
2006-06-06,1173166.822254048
2006-06-07,1170179.86908628
2006-06-08,1162691.5493840394
2006-06-09,1166996.5294011931
2006-06-12,1165375.3953063122
2006-06-13,1158710.2466371695
2006-06-14,1161657.7169609442
2006-06-15,1161016.341929646
2006-06-16,1160118.2570843708
2006-06-19,1157435.6798276359
2006-06-20,1157917.2260764246
2006-06-21,1162220.3723608598
2006-06-22,1158245.9243487536
2006-06-23,1155316.2867092497
2006-06-26,1157117.5072373291
2006-06-27,1159087.8497097741
2006-06-28,1158338.3334171516
2006-06-29,1159287.9280847115
2006-06-30,1159838.2708538764
2006-07-03,1161335.5173370664
2006-07-04,1162181.698840111
2006-07-05,1165350.9377226173
2006-07-06,1164889.0629549415
2006-07-07,1162558.9673622726
2006-07-10,1159693.4990914979
2006-07-11,1158131.4528440533
2006-07-12,1162749.5039589934
2006-07-13,1166924.7286951197
2006-07-14,1167865.918102786
2006-07-17,1165434.6088158223
2006-07-18,1163499.051904514
2006-07-19,1162289.293775018
2006-07-20,1163660.904743505
2006-07-21,1165015.2944185259
2006-07-24,1163130.0222578454
2006-07-25,1162014.9233359415
2006-07-26,1163972.008085507
2006-07-27,1162348.064139704
2006-07-28,1157011.2145468178
2006-07-31,1158340.6234218436
2006-08-01,1161676.7133381928
2006-08-02,1161040.8590319075
2006-08-03,1159905.6498931136
2006-08-04,1160170.618059583
2006-08-07,1165227.829329806
2006-08-08,1164369.677674419
2006-08-09,1167292.34580411
2006-08-10,1161919.4569979913
2006-08-11,1165227.4006278883
2006-08-14,1162922.129953488
2006-08-15,1161147.9877895166
2006-08-16,1161827.4256919671
2006-08-17,1157133.2578729056
2006-08-18,1156266.9874581327
2006-08-21,1158261.5971708624
2006-08-22,1160295.0442462675
2006-08-23,1158343.322878013
2006-08-24,1155921.674042191
2006-08-25,1158179.683381081
2006-08-28,1160021.9462391105
2006-08-29,1161666.0245557223
2006-08-30,1164407.1328300205
2006-08-31,1166663.4073301302
2006-09-01,1169233.7789533888
2006-09-04,1168322.610556366
2006-09-05,1166183.9188494058
2006-09-06,1159032.2022265065
2006-09-07,1149876.3490887182
2006-09-08,1149017.8991342923
2006-09-11,1149997.6686389628
2006-09-12,1156146.0108021544
2006-09-13,1155579.056856664
2006-09-14,1157701.1491293185
2006-09-15,1155208.0463674692
2006-09-18,1160212.6869654087
2006-09-19,1152278.644899731
2006-09-20,1156444.1481165318
2006-09-21,1155295.630748041
2006-09-22,1148553.8428411763
2006-09-25,1150156.3794273552
2006-09-26,1152812.6972461427
2006-09-27,1157452.5904777437
2006-09-28,1159107.3868362196
2006-09-29,1158737.5876747156
2006-10-02,1160234.330522989
2006-10-03,1161921.7490158533
2006-10-04,1163355.643138044
2006-10-05,1163847.851471246
2006-10-06,1162472.1686890891
2006-10-09,1162508.323578709
2006-10-10,1166115.7746836115
2006-10-11,1166917.537413582
2006-10-12,1170749.675583128
2006-10-13,1173229.059400342
2006-10-16,1172153.818373574
2006-10-17,1167362.027171183
2006-10-18,1170791.599949971
2006-10-19,1169968.5030876566
2006-10-20,1172282.7618732601
2006-10-23,1178273.8264551323
2006-10-24,1178539.3428923015
2006-10-25,1179116.213579134
2006-10-26,1181410.2737444704
2006-10-27,1172967.6939222142
2006-10-30,1171900.662778302
2006-10-31,1171945.8503249714
2006-11-01,1169289.7847984184
2006-11-02,1171022.7225149113
2006-11-03,1169546.248781688
2006-11-06,1178738.4773487714
2006-11-07,1180041.5832987046
2006-11-08,1176650.7930166693
2006-11-09,1173440.4345749621
2006-11-10,1173776.6827708005
2006-11-13,1173514.8429485767
2006-11-14,1176015.4962732182
2006-11-15,1179574.5818539392
2006-11-16,1184406.8695389237
2006-11-17,1182169.3093841502
2006-11-20,1184828.7579881696
2006-11-21,1185405.7009682504
2006-11-22,1184295.4118060353
2006-11-23,1179873.4423382946
2006-11-24,1186346.1133396504
2006-11-27,1182383.9849716672
2006-11-28,1190744.7666445225
2006-11-29,1189038.0454614414
2006-11-30,1198754.4011747476
2006-12-01,1201681.4265600669
2006-12-04,1204877.1265137624
2006-12-05,1198520.0637870445
2006-12-06,1193685.924834025
2006-12-07,1194079.0450893159
2006-12-08,1189748.9359962577
2006-12-11,1196645.3028216388
2006-12-12,1199780.8517106913
2006-12-13,1200203.2277426124
2006-12-14,1198637.512217346
2006-12-15,1193433.4039646694
2006-12-18,1190598.3932119568
2006-12-19,1201398.4728623421
2006-12-20,1200461.1904765572
2006-12-21,1197714.1927845036
2006-12-22,1195130.3744132314
2006-12-25,1197082.5932206516
2006-12-26,1196423.630675471
2006-12-27,1200848.7371727542
2006-12-28,1208098.3680365952
2006-12-29,1209274.719560202
2007-01-01,1209858.8792093436
2007-01-02,1224126.8496942222
2007-01-03,1211167.641905476
2007-01-04,1202579.0980325043
2007-01-05,1176360.2007323997
2007-01-08,1178270.8012673915
2007-01-09,1181561.136196415
2007-01-10,1181298.155357024
2007-01-11,1190014.7008066918
2007-01-12,1191433.6335509713
2007-01-15,1193322.6331996708
2007-01-16,1193468.3479799689
2007-01-17,1191371.7474836907
2007-01-18,1191939.9119049348
2007-01-19,1191962.539805459
2007-01-22,1191787.0437293358
2007-01-23,1194822.7126754005
2007-01-24,1190958.6348222774
2007-01-25,1176154.2508518668
2007-01-26,1173311.5333633963
2007-01-29,1179721.5205352383
2007-01-30,1176950.2063666522
2007-01-31,1172099.3590225526
2007-02-01,1178715.1474899352
2007-02-02,1177811.675053839
2007-02-05,1171554.7867279726
2007-02-06,1174750.1512334133
2007-02-07,1179728.8811622653
2007-02-08,1180478.10203246
2007-02-09,1181067.8733350285
2007-02-12,1176839.6456266493
2007-02-13,1181832.5363659777
2007-02-14,1191075.5326171797
2007-02-15,1186161.1120653248
2007-02-16,1185900.1852211824
2007-02-19,1189319.7319466078
2007-02-20,1189301.5093278964
2007-02-21,1192700.8817559343
2007-02-22,1198357.0372055406
2007-02-23,1197401.452821337
2007-02-26,1198110.202430947
2007-02-27,1161835.897151341
2007-02-28,1162353.1179450061
2007-03-01,1157851.400584897
2007-03-02,1154060.5525296472
2007-03-05,1154060.5525296472
2007-03-06,1154060.5525296472
2007-03-07,1154060.5525296472
2007-03-08,1154060.5525296472
2007-03-09,1154060.5525296472
2007-03-12,1154060.5525296472
2007-03-13,1154060.5525296472
2007-03-14,1154060.5525296472
2007-03-15,1154060.5525296472
2007-03-16,1154060.5525296472
2007-03-19,1153711.036349081
2007-03-20,1154415.707431351
2007-03-21,1157374.0835935047
2007-03-22,1155336.0273021446
2007-03-23,1153805.372598266
2007-03-26,1156243.0364121895
2007-03-27,1156499.762854075
2007-03-28,1154759.853576302
2007-03-29,1155612.3038664726
2007-03-30,1156462.0419132854
2007-04-02,1158860.4968461879
2007-04-03,1156873.3157999453
2007-04-04,1160525.5222164087
2007-04-05,1162835.5286949985
2007-04-06,1160889.6112687194
2007-04-09,1160655.5106403567
2007-04-10,1166475.1276500013
2007-04-11,1167615.294451662
2007-04-12,1170681.143944626
2007-04-13,1175424.8900404738
2007-04-16,1177712.6268819731
2007-04-17,1180984.8630870292
2007-04-18,1182139.6512269608
2007-04-19,1178358.8847834761
2007-04-20,1182674.987619459
2007-04-23,1177925.165851395
2007-04-24,1176407.6919989702
2007-04-25,1185433.5874449827
2007-04-26,1176857.9899393667
2007-04-27,1184508.265152736
2007-04-30,1181076.5320314306
2007-05-01,1177602.8006295061
2007-05-02,1180436.4932954642
2007-05-03,1183740.4953915381
2007-05-04,1188668.2474795158
2007-05-07,1191347.9638339158
2007-05-08,1185913.3473805604
2007-05-09,1186003.8857100897
2007-05-10,1169129.4629911175
2007-05-11,1183500.3018505815
2007-05-14,1183427.4324709773
2007-05-15,1188892.3550017045
2007-05-16,1179898.881830252
2007-05-17,1179929.2692750313
2007-05-18,1187676.3789983338
2007-05-21,1187264.6716863157
2007-05-22,1184715.380689041
2007-05-23,1189026.0023591705
2007-05-24,1178737.494296007
2007-05-25,1182349.937217259
2007-05-28,1183333.3201734535
2007-05-29,1186317.5665088254
2007-05-30,1191022.8279708908
2007-05-31,1197353.3126952096
2007-06-01,1206752.4269080695
2007-06-04,1209748.8512430433
2007-06-05,1206276.9181226972
2007-06-06,1199843.9327167864
2007-06-07,1184053.303212566
2007-06-08,1189097.518888538
2007-06-11,1190944.4349173075
2007-06-12,1179639.1958609717
2007-06-13,1189812.324396368
2007-06-14,1195577.4604824185
2007-06-15,1208789.0483120934
2007-06-18,1209723.4925385062
2007-06-19,1212530.6638069304
2007-06-20,1205406.3479808236
2007-06-21,1207296.6805323286
2007-06-22,1205778.6225312871
2007-06-25,1206155.42458448
2007-06-26,1199170.897671307
2007-06-27,1195823.0286771003
2007-06-28,1206952.5920854735
2007-06-29,1212285.9185476035
2007-07-02,1221714.4946840948
2007-07-03,1219649.862855531
2007-07-04,1223417.532473735
2007-07-05,1223241.2878679372
2007-07-06,1231529.2457073613
2007-07-09,1234571.0409455558
2007-07-10,1224656.047436479
2007-07-11,1230812.2121382607
2007-07-12,1243521.9661950406
2007-07-13,1247202.6025458423
2007-07-16,1247807.2031472516
2007-07-17,1250073.3293074153
2007-07-18,1251133.650430494
2007-07-19,1257056.6126482298
2007-07-20,1247270.5188785973
2007-07-23,1249557.7513180494
2007-07-24,1235638.6460231715
2007-07-25,1233193.6942447626
2007-07-26,1204424.0493879176
2007-07-27,1195470.1945692834
2007-07-30,1195818.8046126722
2007-07-31,1196871.242950168
2007-08-01,1193916.1303466647
2007-08-02,1194377.3476015013
2007-08-03,1194845.738519524
2007-08-06,1191082.800558848
2007-08-07,1189330.8994505177
2007-08-08,1189697.5477220628
2007-08-09,1186359.5240095383
2007-08-10,1186692.682049726
2007-08-13,1184183.601815547
2007-08-14,1183325.9678483596
2007-08-15,1183325.9678483596
2007-08-16,1183325.9678483596
2007-08-17,1183325.9678483596
2007-08-20,1183325.9678483596
2007-08-21,1183325.9678483596
2007-08-22,1183325.9678483596
2007-08-23,1183325.9678483596
2007-08-24,1183325.9678483596
2007-08-27,1183325.9678483596
2007-08-28,1183325.9678483596
2007-08-29,1183325.9678483596
2007-08-30,1183325.9678483596
2007-08-31,1183325.9678483596
2007-09-03,1183325.9678483596
2007-09-04,1183325.9678483596
2007-09-05,1183325.9678483596
2007-09-06,1183325.9678483596
2007-09-07,1184245.5398261754
2007-09-10,1184713.1970901692
2007-09-11,1186508.1213192258
2007-09-12,1186302.9610274134
2007-09-13,1184972.014419252
2007-09-14,1183912.7220264678
2007-09-17,1187716.1329775075
2007-09-18,1195788.683176538
2007-09-19,1194475.2613605387
2007-09-20,1202665.964125788
2007-09-21,1202107.8970379627
2007-09-24,1200461.4304288488
2007-09-25,1200276.9473925566
2007-09-26,1201118.7508355486
2007-09-27,1206027.9667907308
2007-09-28,1210386.0719122346
2007-10-01,1210884.5778293347
2007-10-02,1202495.984583735
2007-10-03,1199341.1299802882
2007-10-04,1205116.4519378063
2007-10-05,1212970.999760107
2007-10-08,1205652.3360982263
2007-10-09,1212511.4314479935
2007-10-10,1214096.7569428352
2007-10-11,1217430.380952419
2007-10-12,1223437.756432936
2007-10-15,1223239.60475126
2007-10-16,1218895.964114519
2007-10-17,1220950.44247327
2007-10-18,1226894.7440271708
2007-10-19,1214273.9979875288
2007-10-22,1201446.168412012
2007-10-23,1213613.7597302147
2007-10-24,1216459.7280271063
2007-10-25,1225218.245508961
2007-10-26,1236362.6415234134
2007-10-29,1246268.7487370935
2007-10-30,1240362.0628927709
2007-10-31,1260106.6847721217
2007-11-01,1238717.7191126174
2007-11-02,1256922.4874415945
2007-11-05,1249700.5582186594
2007-11-06,1266664.3553106245
2007-11-07,1256174.4741338568
2007-11-08,1252050.8329484607
2007-11-09,1236838.545168486
2007-11-12,1208020.0107523538
2007-11-13,1207890.342807358
2007-11-14,1210424.6500781863
2007-11-15,1206697.2763092092
2007-11-16,1208699.9852827087
2007-11-19,1211203.717210818
2007-11-20,1215332.4246150344
2007-11-21,1218247.6870454361
2007-11-22,1216217.0329568873
2007-11-23,1216403.7246713706
2007-11-26,1216581.127476356
2007-11-27,1210071.8323430272
2007-11-28,1204879.1117397815
2007-11-29,1201977.3304997166
2007-11-30,1195345.8654473508
2007-12-03,1196290.516224997
2007-12-04,1199901.0543355108
2007-12-05,1193371.0840450623
2007-12-06,1192584.2681848146
2007-12-07,1192964.0472502545
2007-12-10,1194124.1330658533
2007-12-11,1192869.7164779399
2007-12-12,1193977.0310565864
2007-12-13,1192366.3927407896
2007-12-14,1188426.730363619
2007-12-17,1188426.730363619
2007-12-18,1188426.730363619
2007-12-19,1188426.730363619
2007-12-20,1188426.730363619
2007-12-21,1188426.730363619
2007-12-24,1188426.730363619
2007-12-25,1188426.730363619
2007-12-26,1188426.730363619
2007-12-27,1188426.730363619
2007-12-28,1188426.730363619
2007-12-31,1188426.730363619
2008-01-01,1188426.730363619
2008-01-02,1188426.730363619
2008-01-03,1189248.3467318718
2008-01-04,1188527.102348711
2008-01-07,1188320.0313298823
2008-01-08,1190834.6295702346
2008-01-09,1189868.6461603083
2008-01-10,1191404.0356986234
2008-01-11,1192292.6331175885
2008-01-14,1191456.583147336
2008-01-15,1195180.3707165355
2008-01-16,1195014.7559407179
2008-01-17,1200664.453985736
2008-01-18,1200438.5162846616
2008-01-21,1213191.7959791697
2008-01-22,1203613.6474071366
2008-01-23,1203389.5422222498
2008-01-24,1196248.8420507242
2008-01-25,1196099.6958981818
2008-01-28,1198209.9630042964
2008-01-29,1192873.1403764451
2008-01-30,1197241.0661589173
2008-01-31,1192020.840352711
2008-02-01,1185309.5642883729
2008-02-04,1184298.3191797307
2008-02-05,1187788.2423380462
2008-02-06,1191744.9095444602
2008-02-07,1195143.8508155919
2008-02-08,1197895.088684002
2008-02-11,1198562.9108555492
2008-02-12,1191018.4879878105
2008-02-13,1188693.5248760246
2008-02-14,1187047.13616221
2008-02-15,1188995.638861464
2008-02-18,1187928.8945927762
2008-02-19,1191960.5864774124
2008-02-20,1197396.7977423961
2008-02-21,1192609.828973276
2008-02-22,1194459.6216701074
2008-02-25,1190799.240853681
2008-02-26,1189928.8892494482
2008-02-27,1194581.3373192495
2008-02-28,1201516.9671931537
2008-02-29,1196899.8178349768
2008-03-03,1201885.628684241
2008-03-04,1196566.2624637154
2008-03-05,1205529.9066922886
2008-03-06,1205758.0858382077
2008-03-07,1204646.1608159442
2008-03-10,1205675.3257855463
2008-03-11,1201422.3550136902
2008-03-12,1210985.7168993922
2008-03-13,1214625.0349805397
2008-03-14,1218820.5494090416
2008-03-17,1215543.1433390437
2008-03-18,1204744.4606957436
2008-03-19,1198414.4016471556
2008-03-20,1186460.866915193
2008-03-21,1185982.1555558892
2008-03-24,1177078.3322215334
2008-03-25,1180018.0462726448
2008-03-26,1189519.6444737124
2008-03-27,1188646.0587132147
2008-03-28,1187599.165978273
2008-03-31,1183934.4645215184
2008-04-01,1174441.973167184
2008-04-02,1176114.5240585476
2008-04-03,1175777.17015151
2008-04-04,1177999.5746688615
2008-04-07,1178095.0393038406
2008-04-08,1176871.7741730975
2008-04-09,1181266.9769407066
2008-04-10,1179255.1737299862
2008-04-11,1180468.2708741205
2008-04-14,1181743.9649894317
2008-04-15,1181522.8870502557
2008-04-16,1183734.6665524244
2008-04-17,1182415.7523588918
2008-04-18,1182414.3914162875
2008-04-21,1184183.8178063023
2008-04-22,1186932.6568277543
2008-04-23,1184991.4241127507
2008-04-24,1179968.3563054858
2008-04-25,1181031.6923558926
2008-04-28,1181567.488838066
2008-04-29,1177171.4607927785
2008-04-30,1177933.7045223196
2008-05-01,1173117.0640672948
2008-05-02,1176311.3384651956
2008-05-05,1180506.7079386353
2008-05-06,1182525.3833513288
2008-05-07,1180814.8607617638
2008-05-08,1180766.2668922716
2008-05-09,1181464.1997206092
2008-05-12,1180468.684748709
2008-05-13,1182131.5399026144
2008-05-14,1180302.2745959058
2008-05-15,1181017.5889461276
2008-05-16,1182957.5903303705
2008-05-19,1183085.0024436936
2008-05-20,1185594.1523962303
2008-05-21,1189992.077496579
2008-05-22,1186552.5287123884
2008-05-23,1187582.0609294036
2008-05-26,1188752.4128471478
2008-05-27,1185389.4156240027
2008-05-28,1188137.3671352111
2008-05-29,1184105.3500072248
2008-05-30,1185156.6500965345
2008-06-02,1183284.0950043087
2008-06-03,1180568.2064632142
2008-06-04,1180798.0893164175
2008-06-05,1186862.8182438128
2008-06-06,1191591.7014799837
2008-06-09,1187624.4455493288
2008-06-10,1184674.433394297
2008-06-11,1186007.661067216
2008-06-12,1184936.4331302242
2008-06-13,1185879.5035089524
2008-06-16,1187795.6766600555
2008-06-17,1188427.231901156
2008-06-18,1189923.5376027825
2008-06-19,1189637.2495166853
2008-06-20,1189477.3620430906
2008-06-23,1189779.1839219893
2008-06-24,1192374.5846342982
2008-06-25,1192615.8120473945
2008-06-26,1197390.0731893533
2008-06-27,1198267.5650518113
2008-06-30,1194568.8582198506
2008-07-01,1196304.2814682147
2008-07-02,1205394.0254818136
2008-07-03,1204364.8975001776
2008-07-04,1206274.140249492
2008-07-07,1203639.3516555473
2008-07-08,1195643.4715201869
2008-07-09,1198552.8455226123
2008-07-10,1205979.2526318775
2008-07-11,1214167.518329763
2008-07-14,1218056.5350943897
2008-07-15,1216866.170868468
2008-07-16,1203470.6448191146
2008-07-17,1200678.9680093157
2008-07-18,1199317.0070098226
2008-07-21,1205142.0166266388
2008-07-22,1193922.8228282698
2008-07-23,1184889.213555763
2008-07-24,1186800.865334468
2008-07-25,1188031.1545245943
2008-07-28,1192830.8802024694
2008-07-29,1183412.7903795487
2008-07-30,1173664.4196360363
2008-07-31,1176805.8400027098
2008-08-01,1176120.380225835
2008-08-04,1180253.349305318
2008-08-05,1169221.3494965022
2008-08-06,1169394.3505308805
2008-08-07,1173205.9149221322
2008-08-08,1168936.776671195
2008-08-11,1166776.1780089
2008-08-12,1168084.9229104675
2008-08-13,1172730.4499891456
2008-08-14,1173971.412030271
2008-08-15,1173462.800498794
2008-08-18,1174913.0083107417
2008-08-19,1176134.85914484
2008-08-20,1174552.1926999006
2008-08-21,1169147.3759133117
2008-08-22,1169560.913331465
2008-08-25,1172342.4120988448
2008-08-26,1172484.5708793348
2008-08-27,1170674.6927849953
2008-08-28,1170502.5984460264
2008-08-29,1175073.9842931489
2008-09-01,1178137.6446398038
2008-09-02,1184453.342035005
2008-09-03,1185036.5811468312
2008-09-04,1202035.3735949842
2008-09-05,1197264.013520859
2008-09-08,1195863.3910791625
2008-09-09,1207588.4383906554
2008-09-10,1209501.3314222859
2008-09-11,1204712.6536216112
2008-09-12,1182644.675055629
2008-09-15,1204093.9488691129
2008-09-16,1210211.6933216213
2008-09-17,1211553.2828850173
2008-09-18,1188991.4735765774
2008-09-19,1152407.2789553376
2008-09-22,1157696.6432573781
2008-09-23,1165360.1937591464
2008-09-24,1161988.8079440657
2008-09-25,1155971.2698795537
2008-09-26,1159693.9420238757
2008-09-29,1203656.5164844336
2008-09-30,1187996.5804198924
2008-10-01,1191891.2745654418
2008-10-02,1212734.669010903
2008-10-03,1216264.5689527052
2008-10-06,1270737.1829458321
2008-10-07,1276753.4940229035
2008-10-08,1309211.5156981563
2008-10-09,1321439.3647522836
2008-10-10,1351073.8104848329
2008-10-13,1291997.4753483352
2008-10-14,1294821.180884024
2008-10-15,1352539.7051270301
2008-10-16,1322082.8884639668
2008-10-17,1326301.9465247267
2008-10-20,1308629.5524772813
2008-10-21,1342965.0137589714
2008-10-22,1380412.3450038438
2008-10-23,1370717.6752194432
2008-10-24,1425128.4888253526
2008-10-27,1452468.5910888182
2008-10-28,1382067.5851315355
2008-10-29,1363017.5482039487
2008-10-30,1349312.8853747044
2008-10-31,1355833.7188332018
2008-11-03,1354209.6740659361
2008-11-04,1323519.7865561545
2008-11-05,1346968.8556892637
2008-11-06,1367039.7741527217
2008-11-07,1356145.7615994054
2008-11-10,1360226.1292871365
2008-11-11,1375850.6130085299
2008-11-12,1399133.7768887829
2008-11-13,1368696.9549028978
2008-11-14,1388567.894390263
2008-11-17,1389789.942713155
2008-11-18,1385435.0104765384
2008-11-19,1406123.4595691105
2008-11-20,1429373.448222794
2008-11-21,1404447.4417191795
2008-11-24,1375692.9285586507
2008-11-25,1379704.7489657304
2008-11-26,1375572.9837243408
2008-11-27,1373924.6846112888
2008-11-28,1377912.765202273
2008-12-01,1406751.1254791159
2008-12-02,1398186.2026887038
2008-12-03,1394477.3289316648
2008-12-04,1403454.7933854316
2008-12-05,1398364.4445344366
2008-12-08,1381475.4883114165
2008-12-09,1386735.5488023288
2008-12-10,1381044.8606237806
2008-12-11,1373539.611655671
2008-12-12,1372615.464093828
2008-12-15,1370762.5697673063
2008-12-16,1358270.3838074806
2008-12-17,1361079.435421802
2008-12-18,1360978.8266458453
2008-12-19,1360481.571279263
2008-12-22,1363174.2367179224
2008-12-23,1364892.0040870016
2008-12-24,1366939.9110854282
2008-12-25,1366712.5583488687
2008-12-26,1366343.7653102344
2008-12-29,1364738.8506077877
2008-12-30,1361338.9067552069
2008-12-31,1356165.55154276
2009-01-01,1355978.7671178225
2009-01-02,1352968.0858431691
2009-01-05,1351979.127717423
2009-01-06,1349841.1860589758
2009-01-07,1346967.2801508144
2009-01-08,1345989.4362964206
2009-01-09,1345170.4884029194
2009-01-12,1346558.124166004
2009-01-13,1348760.33992887
2009-01-14,1346844.9015215011
2009-01-15,1346590.8303196272
2009-01-16,1345998.0097056776
2009-01-19,1348094.278668935
2009-01-20,1351411.2111273292
2009-01-21,1350241.8737815768
2009-01-22,1351536.3170993072
2009-01-23,1352230.6272319527
2009-01-26,1349195.9179062485
2009-01-27,1348624.9592525908
2009-01-28,1346348.3236221378
2009-01-29,1347799.8105666814
2009-01-30,1347303.8809906114
2009-02-02,1348032.3669830346
2009-02-03,1344978.406358908
2009-02-04,1346647.8318055687
2009-02-05,1344830.6403765134
2009-02-06,1341598.3416523784
2009-02-09,1339734.000945962
2009-02-10,1345117.7314099092
2009-02-11,1347749.96803354
2009-02-12,1348835.673262422
2009-02-13,1343932.2385424399
2009-02-16,1344077.3975542577
2009-02-17,1349813.2650304255
2009-02-18,1351118.7250590278
2009-02-19,1346066.996547046
2009-02-20,1347260.2621814795
2009-02-23,1352952.1093881847
2009-02-24,1340882.7254400621
2009-02-25,1342678.1991892967
2009-02-26,1340327.2463935849
2009-02-27,1343175.246114853
2009-03-02,1354980.758044921
2009-03-03,1356810.5413648556
2009-03-04,1341836.9911454874
2009-03-05,1354252.7606513144
2009-03-06,1352295.083753508
2009-03-09,1359669.7496470483
2009-03-10,1340791.427362101
2009-03-11,1335411.949639965
2009-03-12,1330615.9765466999
2009-03-13,1325222.3369316363
2009-03-16,1325349.4345157694
2009-03-17,1321043.503110645
2009-03-18,1315119.7867596673
2009-03-19,1314947.3640130674
2009-03-20,1315784.4566512995
2009-03-23,1311926.5664388535
2009-03-24,1313055.9554198524
2009-03-25,1313585.3865712893
2009-03-26,1313591.801317985
2009-03-27,1314367.6587739051
2009-03-30,1315781.202250652
2009-03-31,1313974.7035442612
2009-04-01,1311091.3176647422
2009-04-02,1306618.914264075
2009-04-03,1305180.8212090393
2009-04-06,1306099.0666928622
2009-04-07,1305524.210598659
2009-04-08,1305409.612175477
2009-04-09,1303634.6977990554
2009-04-10,1303533.6180395577
2009-04-13,1303533.6180395577
2009-04-14,1303533.6180395577
2009-04-15,1303533.6180395577
2009-04-16,1303533.6180395577
2009-04-17,1303533.6180395577
2009-04-20,1303533.6180395577
2009-04-21,1303533.6180395577
2009-04-22,1303533.6180395577
2009-04-23,1303533.6180395577
2009-04-24,1303533.6180395577
2009-04-27,1303533.6180395577
2009-04-28,1303533.6180395577
2009-04-29,1303533.6180395577
2009-04-30,1303533.6180395577
2009-05-01,1303533.6180395577
2009-05-04,1303533.6180395577
2009-05-05,1303533.6180395577
2009-05-06,1303533.6180395577
2009-05-07,1303533.6180395577
2009-05-08,1303533.6180395577
2009-05-11,1303533.6180395577
2009-05-12,1303533.6180395577
2009-05-13,1303533.6180395577
2009-05-14,1303533.6180395577
2009-05-15,1303533.6180395577
2009-05-18,1303533.6180395577
2009-05-19,1303533.6180395577
2009-05-20,1303533.6180395577
2009-05-21,1303533.6180395577
2009-05-22,1303533.6180395577
2009-05-25,1303533.6180395577
2009-05-26,1303533.6180395577
2009-05-27,1303533.6180395577
2009-05-28,1303533.6180395577
2009-05-29,1303533.6180395577
2009-06-01,1304521.7110824415
2009-06-02,1306784.3855894606
2009-06-03,1301727.1576736802
2009-06-04,1303719.7607605667
2009-06-05,1299935.8354203778
2009-06-08,1298892.733838809
2009-06-09,1301102.600865137
2009-06-10,1301147.816419838
2009-06-11,1303679.2562876123
2009-06-12,1300991.4021121112
2009-06-15,1293742.824496156
2009-06-16,1291938.7805242434
2009-06-17,1291700.030102422
2009-06-18,1294420.3776326126
2009-06-19,1295978.0137978524
2009-06-22,1288526.9102436784
2009-06-23,1289155.56757223
2009-06-24,1290474.1254743063
2009-06-25,1293053.5261711034
2009-06-26,1293109.8813264903
2009-06-29,1294277.1717230708
2009-06-30,1293994.2656276089
2009-07-01,1295474.2884789766
2009-07-02,1289262.0420175062
2009-07-03,1291112.4639740272
2009-07-06,1289990.4709808084
2009-07-07,1287256.5325294044
2009-07-08,1283273.8996838033
2009-07-09,1283902.8071862839
2009-07-10,1283186.0722163436
2009-07-13,1284010.0815014446
2009-07-14,1285619.1461913742
2009-07-15,1286929.5451886258
2009-07-16,1287244.6622011515
2009-07-17,1286837.975520912
2009-07-20,1289628.1251447871
2009-07-21,1291185.866768492
2009-07-22,1290855.3713611013
2009-07-23,1291615.0577399575
2009-07-24,1293740.1406782868
2009-07-27,1294732.163441062
2009-07-28,1295332.7505604953
2009-07-29,1293925.8708059865
2009-07-30,1296980.8497479102
2009-07-31,1298454.3393254287
2009-08-03,1303302.4793995996
2009-08-04,1302227.507432462
2009-08-05,1298890.5002292863
2009-08-06,1296317.2754263747
2009-08-07,1296435.8105453663
2009-08-10,1291366.845034751
2009-08-11,1282546.95357576
2009-08-12,1289549.1892433409
2009-08-13,1294120.5090284348
2009-08-14,1285844.8582597
2009-08-17,1265225.1706222715
2009-08-18,1275598.1344553523
2009-08-19,1279076.381233372
2009-08-20,1284471.410869379
2009-08-21,1292967.9785841925
2009-08-24,1294279.6988992312
2009-08-25,1291848.1265987183
2009-08-26,1286439.825271826
2009-08-27,1291481.9619143845
2009-08-28,1291940.2818304633
2009-08-31,1288038.4520020026
2009-09-01,1270881.0884180674
2009-09-02,1270988.9092795197
2009-09-03,1277453.9651999248
2009-09-04,1289795.2067701211
2009-09-07,1296772.1251172244
2009-09-08,1301024.3656578439
2009-09-09,1304433.9863623925
2009-09-10,1308514.9120139144
2009-09-11,1305681.1337276162
2009-09-14,1304093.063269431
2009-09-15,1308457.800017487
2009-09-16,1320042.907601329
2009-09-17,1321587.3403647637
2009-09-18,1319670.886291894
2009-09-21,1315983.8528163207
2009-09-22,1323750.1522817153
2009-09-23,1315563.9503450126
2009-09-24,1307999.3699021395
2009-09-25,1302704.762605257
2009-09-28,1307518.4070572176
2009-09-29,1304161.18599613
2009-09-30,1308847.8163797902
2009-10-01,1294791.1864284698
2009-10-02,1293942.5178481296
2009-10-05,1302953.5883655827
2009-10-06,1314646.5961592554
2009-10-07,1315533.1321186218
2009-10-08,1323003.0755160074
2009-10-09,1324579.5332740548
2009-10-12,1328484.242515122
2009-10-13,1331927.5144578803
2009-10-14,1338473.462248298
2009-10-15,1339295.6414254054
2009-10-16,1335604.519415667
2009-10-19,1348545.6086812627
2009-10-20,1338527.9872588327
2009-10-21,1342542.3486356144
2009-10-22,1346269.0747546614
2009-10-23,1340802.2989788156
2009-10-26,1330023.7798364293
2009-10-27,1327743.0785636688
2009-10-28,1304208.1758229625
2009-10-29,1324620.4607972822
2009-10-30,1302454.4069679826
2009-11-02,1305622.1693350861
2009-11-03,1308755.5280434503
2009-11-04,1313441.6035698487
2009-11-05,1314274.0469301287
2009-11-06,1314184.8183701732
2009-11-09,1322298.086629776
2009-11-10,1321718.4820128079
2009-11-11,1322132.466128836
2009-11-12,1314376.2632137064
2009-11-13,1320636.7670152753
2009-11-16,1330528.1390278272
2009-11-17,1329844.6620848842
2009-11-18,1330245.8589195032
2009-11-19,1320450.641406262
2009-11-20,1316330.4807625683
2009-11-23,1325697.8833654672
2009-11-24,1323350.075164636
2009-11-25,1334521.6762425387
2009-11-26,1318183.4812950871
2009-11-27,1316307.7498085527
2009-11-30,1319673.2487291924
2009-12-01,1330707.9780897396
2009-12-02,1331745.2088290146
2009-12-03,1326103.95438718
2009-12-04,1319415.184221836
2009-12-07,1313238.2751873923
2009-12-08,1303388.0509160068
2009-12-09,1304580.026360124
2009-12-10,1307483.1402429799
2009-12-11,1306054.3619610693
2009-12-14,1309852.2750906278
2009-12-15,1305209.455307849
2009-12-16,1305941.2076436712
2009-12-17,1297216.2651189133
2009-12-18,1299323.7801435417
2009-12-21,1302970.7197187715
2009-12-22,1305880.928566176
2009-12-23,1307537.5139425772
2009-12-24,1310246.437097923
2009-12-25,1310246.437097923
2009-12-28,1312125.3735491002
2009-12-29,1313958.7842951557
2009-12-30,1312678.6820262377
2009-12-31,1311001.5768803533
2010-01-01,1311001.5768803533
2010-01-04,1318614.0311022403
2010-01-05,1318939.8739021772
2010-01-06,1318838.4357817627
2010-01-07,1317883.6265642878
2010-01-08,1321401.503554885
2010-01-11,1319185.0733044404
2010-01-12,1307724.6440777737
2010-01-13,1313029.1986895734
2010-01-14,1318114.3421963907
2010-01-15,1307419.337235179
2010-01-18,1311464.4306219297
2010-01-19,1313892.7461696963
2010-01-20,1299624.653389975
2010-01-21,1284909.3702311055
2010-01-22,1272342.2891898998
2010-01-25,1274261.5873564957
2010-01-26,1270121.8178799711
2010-01-27,1270173.1808106848
2010-01-28,1271212.789246146
2010-01-29,1272239.8880682248
2010-02-01,1269783.6899011494
2010-02-02,1269453.0115970643
2010-02-03,1269684.6336124442
2010-02-04,1276686.102202198
2010-02-05,1277648.2200068869
2010-02-08,1279856.57604026
2010-02-09,1272503.388883682
2010-02-10,1274665.4566559084
2010-02-11,1274291.905669968
2010-02-12,1275600.500255567
2010-02-15,1276848.890044875
2010-02-16,1270385.2951560807
2010-02-17,1274061.8210214288
2010-02-18,1276733.1450851965
2010-02-19,1275474.3890277632
2010-02-22,1276514.8546412825
2010-02-23,1281296.317024637
2010-02-24,1280698.4029551283
2010-02-25,1283979.0282722716
2010-02-26,1282286.351782762
2010-03-01,1286456.7135277381
2010-03-02,1285655.7701171767
2010-03-03,1282753.4595657056
2010-03-04,1285540.611294
2010-03-05,1280843.9857708197
2010-03-08,1280985.753305714
2010-03-09,1283210.490588748
2010-03-10,1282781.020017658
2010-03-11,1281862.6579658655
2010-03-12,1277475.3998788
2010-03-15,1281150.997073593
2010-03-16,1278811.2269514734
2010-03-17,1281199.33098175
2010-03-18,1285448.3155538244
2010-03-19,1287868.1094738562
2010-03-22,1288756.80774053
2010-03-23,1293891.6716993656
2010-03-24,1293415.5237757168
2010-03-25,1293655.903879636
2010-03-26,1290115.2903280887
2010-03-29,1289917.660143618
2010-03-30,1289351.970772469
2010-03-31,1285072.2627530093
2010-04-01,1293937.8392100453
2010-04-02,1297852.5017771914
2010-04-05,1302348.2708413298
2010-04-06,1303061.6560742056
2010-04-07,1297235.1970010744
2010-04-08,1298545.149673365
2010-04-09,1301867.323817228
2010-04-12,1294773.444723893
2010-04-13,1296001.6263010236
2010-04-14,1307587.0470412492
2010-04-15,1306612.5760618255
2010-04-16,1280446.6329864338
2010-04-19,1279942.2034197962
2010-04-20,1293956.952992726
2010-04-21,1288159.8715140698
2010-04-22,1291142.6607398055
2010-04-23,1298641.7497003227
2010-04-26,1294474.2962826525
2010-04-27,1277038.6108442934
2010-04-28,1287221.1247262175
2010-04-29,1295903.5797302222
2010-04-30,1287179.4176230885
2010-05-03,1295904.803976455
2010-05-04,1273962.737979781
2010-05-05,1269164.6109807147
2010-05-06,1271434.0335602995
2010-05-07,1267701.070844184
2010-05-10,1262345.464969999
2010-05-11,1269225.814749407
2010-05-12,1270093.9381054952
2010-05-13,1275513.8419370095
2010-05-14,1281095.3959659631
2010-05-17,1279204.5913288675
2010-05-18,1287730.4673998712
2010-05-19,1276918.3175472338
2010-05-20,1280515.7373250662
2010-05-21,1274292.2430607048
2010-05-24,1282067.6740094335
2010-05-25,1282216.6145470697
2010-05-26,1289495.825802349
2010-05-27,1280643.437473327
2010-05-28,1284252.1631520803
2010-05-31,1281876.4189649783
2010-06-01,1284824.5208939835
2010-06-02,1281424.335509121
2010-06-03,1281751.5130994525
2010-06-04,1290161.9069282443
2010-06-07,1294003.1196111788
2010-06-08,1292406.0094764403
2010-06-09,1291003.7877679728
2010-06-10,1284478.4366225726
2010-06-11,1286571.8974422957
2010-06-14,1281611.9496932977
2010-06-15,1279660.3104486146
2010-06-16,1280478.7879119522
2010-06-17,1280079.6456294388
2010-06-18,1281331.2302312965
2010-06-21,1280060.6900344777
2010-06-22,1282511.6589004996
2010-06-23,1281108.8167992216
2010-06-24,1282073.0678106623
2010-06-25,1282135.9465838675
2010-06-28,1282364.2358588423
2010-06-29,1285502.733989554
2010-06-30,1284186.073629584
2010-07-01,1274809.7671238417
2010-07-02,1275995.7196048412
2010-07-05,1275221.5771076619
2010-07-06,1272487.4251929086
2010-07-07,1271130.411993795
2010-07-08,1268846.8256082332
2010-07-09,1269519.033083274
2010-07-12,1268093.5643726774
2010-07-13,1269231.7146562051
2010-07-14,1268640.8512899005
2010-07-15,1272101.983721709
2010-07-16,1274922.0130314403
2010-07-19,1272709.8791114485
2010-07-20,1271088.7346890261
2010-07-21,1273943.1908776076
2010-07-22,1271940.7936266738
2010-07-23,1270001.1820721945
2010-07-26,1270056.3312499726
2010-07-27,1268311.1205206984
2010-07-28,1268291.0913113498
2010-07-29,1268893.124865808
2010-07-30,1270467.3695179815
2010-08-02,1268985.8195530756
2010-08-03,1271253.5172797372
2010-08-04,1271579.7369816757
2010-08-05,1271938.2531721694
2010-08-06,1271542.0013902467
2010-08-09,1270798.0227442523
2010-08-10,1271083.3991046355
2010-08-11,1266640.5076282318
2010-08-12,1264987.4938101878
2010-08-13,1264412.977335351
2010-08-16,1265772.648904636
2010-08-17,1267341.376629463
2010-08-18,1264603.5390770184
2010-08-19,1261759.7083463361
2010-08-20,1263184.13373254
2010-08-23,1265288.484735604
2010-08-24,1265558.8131747043
2010-08-25,1264577.8112685552
2010-08-26,1264914.176596624
2010-08-27,1265589.7005751007
2010-08-30,1266619.5161033955
2010-08-31,1268380.9869048249
2010-09-01,1270275.8735652762
2010-09-02,1271074.863479808
2010-09-03,1271844.6115570138
2010-09-06,1271301.4836457213
2010-09-07,1272814.5569302547
2010-09-08,1274166.416115746
2010-09-09,1276075.113200893
2010-09-10,1275387.209705537
2010-09-13,1276561.9595463683
2010-09-14,1277682.391795049
2010-09-15,1273487.599467253
2010-09-16,1274131.7394530205
2010-09-17,1273071.7212501073
2010-09-20,1280001.7210761264
2010-09-21,1281004.151860032
2010-09-22,1281072.7257756058
2010-09-23,1277160.875717709
2010-09-24,1287312.8992310225
2010-09-27,1285390.9471163906
2010-09-28,1289799.3960102173
2010-09-29,1289140.7595131113
2010-09-30,1286172.7056140357
2010-10-01,1291037.5967599184
2010-10-04,1285836.4807547482
2010-10-05,1296918.6737392773
2010-10-06,1298847.123437655
2010-10-07,1297875.818513291
2010-10-08,1300755.9502783914
2010-10-11,1301794.752580624
2010-10-12,1302958.1940082184
2010-10-13,1309375.6153954274
2010-10-14,1311679.2508511886
2010-10-15,1308332.8614899805
2010-10-18,1305073.3247493142
2010-10-19,1288655.601759027
2010-10-20,1301776.1725028856
2010-10-21,1296215.2415442201
2010-10-22,1298445.265640168
2010-10-25,1300996.5695194148
2010-10-26,1298137.598163981
2010-10-27,1292464.6955468168
2010-10-28,1298171.2223297998
2010-10-29,1299255.7892648142
2010-11-01,1300367.0898763568
2010-11-02,1309808.510151937
2010-11-03,1315191.6759193107
2010-11-04,1326285.3045159155
2010-11-05,1325524.7743420985
2010-11-08,1321496.1129578056
2010-11-09,1310908.3696461555
2010-11-10,1317506.710177037
2010-11-11,1313466.9542169455
2010-11-12,1295837.386503314
2010-11-15,1293587.1515620875
2010-11-16,1276393.2139419818
2010-11-17,1275484.0426632448
2010-11-18,1291665.8548066115
2010-11-19,1289192.3621209878
2010-11-22,1289763.495333321
2010-11-23,1273608.9797876177
2010-11-24,1284624.4446165857
2010-11-25,1285297.5216836932
2010-11-26,1273013.9781317324
2010-11-29,1274397.6356281794
2010-11-30,1269961.1444110626
2010-12-01,1279049.8528397328
2010-12-02,1285143.9323673577
2010-12-03,1287973.980195196
2010-12-06,1287571.254438946
2010-12-07,1284104.8233763687
2010-12-08,1284828.6179483691
2010-12-09,1285554.4783654741
2010-12-10,1287816.4263282807
2010-12-13,1289634.4511731137
2010-12-14,1291318.9092552953
2010-12-15,1287838.1022051538
2010-12-16,1287637.0050565784
2010-12-17,1285582.0287390396
2010-12-20,1287044.1844400717
2010-12-21,1291740.0077608984
2010-12-22,1294224.0948839127
2010-12-23,1293621.7358020698
2010-12-24,1293829.761226248
2010-12-27,1293890.5483858085
2010-12-28,1296716.7059166841
2010-12-29,1297686.5011129742
2010-12-30,1292278.9532317405
2010-12-31,1295227.9258671005
2011-01-03,1297113.8234768508
2011-01-04,1289976.2967731415
2011-01-05,1295161.7002186088
2011-01-06,1291630.7493362986
2011-01-07,1293108.8473661824
2011-01-10,1293032.556380819
2011-01-11,1294453.9248182487
2011-01-12,1300061.6707317266
2011-01-13,1289424.4604895825
2011-01-14,1287043.8588651482
2011-01-17,1286426.4282792038
2011-01-18,1293595.2421839018
2011-01-19,1281846.7830558326
2011-01-20,1270410.3041365836
2011-01-21,1269112.9911621732
2011-01-24,1276746.9660698422
2011-01-25,1274291.4961017615
2011-01-26,1280564.0618669377
2011-01-27,1279488.5821567136
2011-01-28,1265110.3540097629
2011-01-31,1272416.0831057522
2011-02-01,1286161.1604290588
2011-02-02,1289701.0212336704
2011-02-03,1289625.6277534985
2011-02-04,1292023.8039339788
2011-02-07,1292032.399000808
2011-02-08,1296201.4450127867
2011-02-09,1294205.9783898676
2011-02-10,1290917.4540376633
2011-02-11,1292394.7556320068
2011-02-14,1291551.926468729
2011-02-15,1289841.9063724768
2011-02-16,1298707.4022344898
2011-02-17,1303576.6237874825
2011-02-18,1306014.7763271225
2011-02-21,1297808.3366881085
2011-02-22,1279992.740081675
2011-02-23,1282519.558862342
2011-02-24,1279324.4816653018
2011-02-25,1286582.8767977923
2011-02-28,1289510.48426265
2011-03-01,1286512.0046423378
2011-03-02,1292314.179002983
2011-03-03,1294237.176798736
2011-03-04,1297032.076267667
2011-03-07,1294108.0297803113
2011-03-08,1293896.8547979621
2011-03-09,1294714.7711785373
2011-03-10,1280431.3240277143
2011-03-11,1284312.4540695057
2011-03-14,1284838.980813604
2011-03-15,1267061.2609424891
2011-03-16,1266313.5434129166
2011-03-17,1272526.8598029604
2011-03-18,1277396.5379962006
2011-03-21,1279760.21370622
2011-03-22,1282143.1219553102
2011-03-23,1280939.0309636933
2011-03-24,1279740.0437648161
2011-03-25,1278751.3710034688
2011-03-28,1275559.6920445152
2011-03-29,1277258.0215941446
2011-03-30,1280797.8657166986
2011-03-31,1284596.5725726385
2011-04-01,1290303.6998641586
2011-04-04,1289556.7046128905
2011-04-05,1294485.2246920653
2011-04-06,1304230.7146987733
2011-04-07,1304892.3973280606
2011-04-08,1316887.1803796673
2011-04-11,1308060.7247358302
2011-04-12,1297493.1554633216
2011-04-13,1301605.5259996532
2011-04-14,1306662.4725872858
2011-04-15,1307096.7965291073
2011-04-18,1295271.9819618196
2011-04-19,1301576.0629641435
2011-04-20,1317064.292522762
2011-04-21,1319240.8629413645
2011-04-22,1318893.1797596328
2011-04-25,1318568.6000556187
2011-04-26,1322144.8834695434
2011-04-27,1335683.0261930441
2011-04-28,1336764.4453256347
2011-04-29,1344485.3798343306
2011-05-02,1337807.139689426
2011-05-03,1325058.1596657562
2011-05-04,1313087.32946787
2011-05-05,1284375.515875089
2011-05-06,1280543.406585945
2011-05-09,1284486.2860144274
2011-05-10,1291186.244228887
2011-05-11,1283484.7354132712
2011-05-12,1286073.375952572
2011-05-13,1278012.4586746164
2011-05-16,1270071.6274305314
2011-05-17,1271893.9490248468
2011-05-18,1276627.1616361677
2011-05-19,1277110.2841931959
2011-05-20,1272683.32639249
2011-05-23,1265738.1661757766
2011-05-24,1264355.3570853872
2011-05-25,1262359.583672681
2011-05-26,1263378.7099578853
2011-05-27,1263959.0299726517
2011-05-30,1263959.0299726517
2011-05-31,1265691.8250595888
2011-06-01,1262515.945731648
2011-06-02,1262776.8387200136
2011-06-03,1262028.161556367
2011-06-06,1261491.1610060267
2011-06-07,1261866.0144087148
2011-06-08,1260246.02305822
2011-06-09,1260246.02305822
2011-06-10,1260246.02305822
2011-06-13,1260246.02305822
2011-06-14,1260246.02305822
2011-06-15,1260246.02305822
2011-06-16,1260246.02305822
2011-06-17,1260246.02305822
2011-06-20,1260246.02305822
2011-06-21,1260246.02305822
2011-06-22,1260246.02305822
2011-06-23,1260246.02305822
2011-06-24,1260246.02305822
2011-06-27,1260246.02305822
2011-06-28,1260246.02305822
2011-06-29,1260246.02305822
2011-06-30,1260246.02305822
2011-07-01,1260246.02305822
2011-07-04,1260246.02305822
2011-07-05,1260246.02305822
2011-07-06,1260246.02305822
2011-07-07,1260246.02305822
2011-07-08,1260246.02305822
2011-07-11,1260246.02305822
2011-07-12,1260246.02305822
2011-07-13,1260246.02305822
2011-07-14,1260655.0927556804
2011-07-15,1261297.3388931411
2011-07-18,1262536.584185333
2011-07-19,1260746.4894419252
2011-07-20,1262160.7889926883
2011-07-21,1261407.17706204
2011-07-22,1261699.2268172216
2011-07-25,1264501.8633099566
2011-07-26,1265595.255198975
2011-07-27,1261498.578950948
2011-07-28,1261916.7763878428
2011-07-29,1261294.6661946732
2011-08-01,1258392.7058472843
2011-08-02,1253587.165046488
2011-08-03,1252583.9767763559
2011-08-04,1244290.812667296
2011-08-05,1246198.9545561657
2011-08-08,1252699.948719811
2011-08-09,1244076.2965466627
2011-08-10,1258797.844686359
2011-08-11,1248079.6615172043
2011-08-12,1245267.9958534779
2011-08-15,1245076.0922188626
2011-08-16,1247401.2491740696
2011-08-17,1248557.7631116526
2011-08-18,1255364.6743382704
2011-08-19,1259373.8481546885
2011-08-22,1263802.1676716183
2011-08-23,1254708.8999284052
2011-08-24,1247241.079543557
2011-08-25,1246639.8804294956
2011-08-26,1246469.4764788123
2011-08-29,1245147.381950708
2011-08-30,1244612.2163446716
2011-08-31,1242565.9473528233
2011-09-01,1241770.718315671
2011-09-02,1244255.549576422
2011-09-05,1244851.8128125404
2011-09-06,1242627.6872696558
2011-09-07,1240987.7365989557
2011-09-08,1242100.209955534
2011-09-09,1247148.7384636265
2011-09-12,1247553.3989177942
2011-09-13,1246994.9466803577
2011-09-14,1246956.057279488
2011-09-15,1243767.901992462
2011-09-16,1243425.7570447898
2011-09-19,1246651.8150520744
2011-09-20,1246850.2823905472
2011-09-21,1249586.6668416897
2011-09-22,1252801.8444214466
2011-09-23,1249481.4281829242
2011-09-26,1247772.7178519506
2011-09-27,1242713.368620248
2011-09-28,1247004.6078461648
2011-09-29,1242877.9625950726
2011-09-30,1247480.8721634878
2011-10-03,1255648.9104610225
2011-10-04,1250140.1244712174
2011-10-05,1247211.3107613204
2011-10-06,1243639.951935698
2011-10-07,1243042.9484930537
2011-10-10,1229818.604074356
2011-10-11,1231139.6649676543
2011-10-12,1219710.4823737375
2011-10-13,1220555.8941229887
2011-10-14,1216331.5871563747
2011-10-17,1215003.216843832
2011-10-18,1215409.769689488
2011-10-19,1215149.9771059207
2011-10-20,1215664.4113004413
2011-10-21,1214265.815706599
2011-10-24,1214223.110984447
2011-10-25,1214479.5373650633
2011-10-26,1212892.2277803891
2011-10-27,1215785.7944971523
2011-10-28,1215256.191460125
2011-10-31,1211166.1007611344
2011-11-01,1206844.330455311
2011-11-02,1206451.1392205274
2011-11-03,1207683.3747836973
2011-11-04,1207339.4189995974
2011-11-07,1207983.874431022
2011-11-08,1208672.7583058758
2011-11-09,1205412.5467334185
2011-11-10,1205170.0723529006
2011-11-11,1206655.4696305154
2011-11-14,1206343.6781647508
2011-11-15,1206987.715491124
2011-11-16,1205211.018336952
2011-11-17,1203784.171894569
2011-11-18,1203088.187174666
2011-11-21,1201689.1379775885
2011-11-22,1201900.7241013367
2011-11-23,1201505.613367986
2011-11-24,1201363.1286244353
2011-11-25,1201662.840160205
2011-11-28,1198280.1255451043
2011-11-29,1197808.2093153838
2011-11-30,1194946.5199970135
2011-12-01,1195535.7313426316
2011-12-02,1194705.3500877772
2011-12-05,1195171.1394302482
2011-12-06,1195627.6956883427
2011-12-07,1193961.2896509473
2011-12-08,1196401.403123457
2011-12-09,1194570.6508725223
2011-12-12,1195746.3189180428
2011-12-13,1196659.4004795623
2011-12-14,1198214.9751607836
2011-12-15,1198142.534392537
2011-12-16,1198214.6836260715
2011-12-19,1199913.9135541585
2011-12-20,1196391.7187534964
2011-12-21,1196843.4382211943
2011-12-22,1196382.36926055
2011-12-23,1195788.4298667114
2011-12-26,1195576.6155710795
2011-12-27,1196553.1766869542
2011-12-28,1199041.3779263918
2011-12-29,1198096.5318038012
2011-12-30,1200639.3409961937
2012-01-02,1201306.573711714
2012-01-03,1196480.918539336
2012-01-04,1199897.992090301
2012-01-05,1203316.4714358486
2012-01-06,1207385.460035398
2012-01-09,1206460.5165119497
2012-01-10,1204890.2075243164
2012-01-11,1206879.2506823079
2012-01-12,1204612.03241478
2012-01-13,1206910.0256628224
2012-01-16,1208248.3966614779
2012-01-17,1205197.4697887779
2012-01-18,1199295.5635361723
2012-01-19,1196427.7269659867
2012-01-20,1197282.0189442406
2012-01-23,1194961.095414664
2012-01-24,1193595.9625554436
2012-01-25,1195458.5543291597
2012-01-26,1194864.247004566
2012-01-27,1194317.778826874
2012-01-30,1192401.9782281788
2012-01-31,1191492.2984448567
2012-02-01,1197727.9798010574
2012-02-02,1197973.1614782067
2012-02-03,1202802.9639718516
2012-02-06,1201829.9975323016
2012-02-07,1205074.293578203
2012-02-08,1205743.3935347043
2012-02-09,1206970.4192182226
2012-02-10,1201330.5534167818
2012-02-13,1205597.6646100462
2012-02-14,1204618.0601164708
2012-02-15,1202100.1691691962
2012-02-16,1208042.7765699707
2012-02-17,1208717.1516937353
2012-02-20,1212472.3902025889
2012-02-21,1208676.294579345
2012-02-22,1208551.6110453021
2012-02-23,1215687.9075336603
2012-02-24,1217796.6189262273
2012-02-27,1216760.7373735318
2012-02-28,1219987.32185322
2012-02-29,1209382.2989558761
2012-03-01,1220286.706884559
2012-03-02,1215162.676877094
2012-03-05,1209400.5980379775
2012-03-06,1193042.0637493122
2012-03-07,1198816.2009832046
2012-03-08,1207694.4456633204
2012-03-09,1210112.9518485286
2012-03-12,1205530.7954409663
2012-03-13,1216988.1955531666
2012-03-14,1212425.3607200193
2012-03-15,1217225.7346710642
2012-03-16,1221473.3593301517
2012-03-19,1224955.0111819298
2012-03-20,1216801.2328646497
2012-03-21,1214514.4668479385
2012-03-22,1206916.7808074008
2012-03-23,1208974.5310074151
2012-03-26,1218834.961358612
2012-03-27,1216942.7118924921
2012-03-28,1211877.4482204379
2012-03-29,1206369.442607451
2012-03-30,1207661.9469288273
2012-04-02,1209030.2335366297
2012-04-03,1208441.1465385293
2012-04-04,1195386.9069549046
2012-04-05,1197714.9307220788
2012-04-06,1191924.888488965
2012-04-09,1190345.8231096591
2012-04-10,1186975.9138745395
2012-04-11,1187282.1647852822
2012-04-12,1188685.6225278506
2012-04-13,1186535.2959192442
2012-04-16,1184551.184006129
2012-04-17,1184551.184006129
2012-04-18,1184551.184006129
2012-04-19,1184551.184006129
2012-04-20,1184551.184006129
2012-04-23,1184547.339679152
2012-04-24,1184765.5248738297
2012-04-25,1185098.4543344853
2012-04-26,1184535.2846703148
2012-04-27,1186948.3474812603
2012-04-30,1185031.985466691
2012-05-01,1185198.7750725285
2012-05-02,1184608.9301840402
2012-05-03,1183936.611558677
2012-05-04,1181783.823289765
2012-05-07,1183071.0634556722
2012-05-08,1181842.5461255976
2012-05-09,1181846.9596237475
2012-05-10,1181274.1251350995
2012-05-11,1181137.8769359773
2012-05-14,1184251.2448285718
2012-05-15,1186825.2702843936
2012-05-16,1187256.1772426649
2012-05-17,1188480.1275682994
2012-05-18,1185572.9545172139
2012-05-21,1179891.3960375434
2012-05-22,1188018.0320186953
2012-05-23,1194871.3220168534
2012-05-24,1195643.7421678624
2012-05-25,1194823.5245594734
2012-05-28,1190168.899559969
2012-05-29,1193764.1785268262
2012-05-30,1205290.4886133182
2012-05-31,1208311.826641139
2012-06-01,1210846.251495128
2012-06-04,1205568.2877653418
2012-06-05,1202374.4375712995
2012-06-06,1178327.6730834516
2012-06-07,1179624.7693843716
2012-06-08,1181591.6992789626
2012-06-11,1191207.1107526764
2012-06-12,1178881.1458555681
2012-06-13,1180707.1278795674
2012-06-14,1171343.3982103253
2012-06-15,1171017.133713334
2012-06-18,1169406.479862382
2012-06-19,1164616.8674955093
2012-06-20,1165470.398829873
2012-06-21,1168953.3651302867
2012-06-22,1165989.0443455223
2012-06-25,1167158.2448519382
2012-06-26,1166174.8564742762
2012-06-27,1165874.377457446
2012-06-28,1168546.9588400458
2012-06-29,1160338.3149458154
2012-07-02,1162489.6740896467
2012-07-03,1158937.5233024755
2012-07-04,1160294.0064477471
2012-07-05,1162351.432952503
2012-07-06,1162080.3589609556
2012-07-09,1160892.5291912812
2012-07-10,1161329.6197807488
2012-07-11,1163070.0134866561
2012-07-12,1160454.4849779906
2012-07-13,1161188.3149091112
2012-07-16,1160858.5111568032
2012-07-17,1161845.5118795617
2012-07-18,1162727.8411418616
2012-07-19,1163456.874954901
2012-07-20,1164983.0849276297
2012-07-23,1164871.9826593474
2012-07-24,1166440.635564224
2012-07-25,1164185.8958709992
2012-07-26,1160279.8095395248
2012-07-27,1158940.3746657309
2012-07-30,1161659.9834616336
2012-07-31,1159526.1330365306
2012-08-01,1160656.371790271
2012-08-02,1161671.9635502135
2012-08-03,1157910.8313235566
2012-08-06,1158731.5297210976
2012-08-07,1159672.986774894
2012-08-08,1161183.1585546774
2012-08-09,1163302.6168105474
2012-08-10,1165199.9690079272
2012-08-13,1163398.2903802625
2012-08-14,1162593.4521702102
2012-08-15,1164250.9370699602
2012-08-16,1163577.1023166252
2012-08-17,1163154.5264276564
2012-08-20,1163009.3109186967
2012-08-21,1159684.0946557443
2012-08-22,1157531.5049764486
2012-08-23,1154231.3656728019
2012-08-24,1154695.025137257
2012-08-27,1154248.0226831476
2012-08-28,1154557.6573354735
2012-08-29,1153672.017829644
2012-08-30,1149044.907161518
2012-08-31,1151801.455086722
2012-09-03,1151621.5789303503
2012-09-04,1149492.1297381306
2012-09-05,1149227.168649348
2012-09-06,1159142.5010408345
2012-09-07,1166406.2738440067
2012-09-10,1161264.2317781018
2012-09-11,1164178.2081697313
2012-09-12,1165512.4299612974
2012-09-13,1177839.8397433676
2012-09-14,1182696.2049700695
2012-09-17,1180215.6584708036
2012-09-18,1180950.315800657
2012-09-19,1180451.6581969056
2012-09-20,1178683.7840361584
2012-09-21,1178594.5676336726
2012-09-24,1175902.1618164144
2012-09-25,1170552.7222548742
2012-09-26,1164620.9311367082
2012-09-27,1172872.3435452145
2012-09-28,1167642.6258885362
2012-10-01,1168520.7112315528
2012-10-02,1168897.211131201
2012-10-03,1169320.4079270668
2012-10-04,1175938.5548317032
2012-10-05,1173602.6897692445
2012-10-08,1169704.292010843
2012-10-09,1163501.6493352323
2012-10-10,1160362.4273428444
2012-10-11,1163963.8598260868
2012-10-12,1161093.0426888715
2012-10-15,1161034.5667937526
2012-10-16,1163906.7354624397
2012-10-17,1167879.7591101557
2012-10-18,1162776.0203537461
2012-10-19,1155259.0860738328
2012-10-22,1155577.0315995826
2012-10-23,1149856.8332285166
2012-10-24,1150639.9269169916
2012-10-25,1150598.5528670105
2012-10-26,1150792.0083208333
2012-10-29,1151718.8297496613
2012-10-30,1151967.7918702527
2012-10-31,1150858.162967454
2012-11-01,1151077.882663005
2012-11-02,1152125.1412489486
2012-11-05,1151472.0203679116
2012-11-06,1149721.2275487129
2012-11-07,1149631.1947626777
2012-11-08,1146999.2161007419
2012-11-09,1145787.8051311309
2012-11-12,1147235.2946323676
2012-11-13,1146988.782684239
2012-11-14,1145903.6639642876
2012-11-15,1148076.0146990272
2012-11-16,1147577.3547410602
2012-11-19,1147275.234927147
2012-11-20,1147929.5315667463
2012-11-21,1151496.4887329172
2012-11-22,1152929.484363711
2012-11-23,1154456.8724477175
2012-11-26,1153278.9965092433
2012-11-27,1153183.8306904468
2012-11-28,1154134.974083105
2012-11-29,1153037.7760106034
2012-11-30,1153797.1894628187
2012-12-03,1152422.615375153
2012-12-04,1151901.9080582024
2012-12-05,1155592.9018376528
2012-12-06,1155922.5411220782
2012-12-07,1156084.8775676629
2012-12-10,1155472.194545518
2012-12-11,1158950.8986111186
2012-12-12,1165126.418665347
2012-12-13,1167220.4613723052
2012-12-14,1169631.0993859833
2012-12-17,1171537.0171367966
2012-12-18,1176636.1607252986
2012-12-19,1174794.052127393
2012-12-20,1175994.0854292552
2012-12-21,1166429.7858814362
2012-12-24,1167359.1638566747
2012-12-26,1174397.0498590774
2012-12-27,1177428.8629678665
2012-12-28,1175711.5630532417
2012-12-31,1181947.6277771937
2013-01-02,1197897.4811309394
2013-01-03,1185843.08593911
2013-01-04,1192788.041227721
2013-01-07,1192652.39692782
2013-01-08,1183596.4840140787
2013-01-09,1190019.4533587364
2013-01-10,1211346.8790192974
2013-01-11,1213616.3000629875
2013-01-14,1219049.6969629757
2013-01-15,1211271.771806389
2013-01-16,1205423.1234681392
2013-01-17,1220680.55512352
2013-01-18,1220036.2579344646
2013-01-21,1216361.04844233
2013-01-22,1214593.2562583638
2013-01-23,1208777.5376480045
2013-01-24,1218365.149987557
2013-01-25,1227761.8295407868
2013-01-28,1225008.83991175
2013-01-29,1234273.592416514
2013-01-30,1236002.2866740974
2013-01-31,1239278.044363184
2013-02-01,1253578.6641883643
2013-02-04,1236268.5649430861
2013-02-05,1250585.4563112864
2013-02-06,1246758.2591581636
2013-02-07,1236906.2308663956
2013-02-08,1232097.9332033128
2013-02-11,1247273.9972212396
2013-02-12,1246325.9392734137
2013-02-13,1247880.7936498094
2013-02-14,1240105.7793346925
2013-02-15,1240029.53432811
2013-02-18,1243254.4797616974
2013-02-19,1250778.33001152
2013-02-20,1241684.992804984
2013-02-21,1228030.8978196776
2013-02-22,1239260.9061769168
2013-02-25,1215057.50340675
2013-02-26,1214417.703986579
2013-02-27,1223718.834118509
2013-02-28,1226867.081379091
2013-03-01,1232768.5057912145
2013-03-04,1235200.9603074368
2013-03-05,1241520.730229678
2013-03-06,1246185.0091903503
2013-03-07,1247882.755375357
2013-03-08,1253877.8635041756
2013-03-11,1256547.5639922824
2013-03-12,1251699.497890422
2013-03-13,1253482.0489686914
2013-03-14,1255004.7486592326
2013-03-15,1250300.0309329832
2013-03-18,1246554.552262815
2013-03-19,1245623.9749587963
2013-03-20,1252304.8008734558
2013-03-21,1243230.4343667794
2013-03-22,1245510.0662777908
2013-03-25,1243471.5920694293
2013-03-26,1247969.122825594
2013-03-27,1246620.9316894126
2013-03-28,1247320.2936221955
2013-03-29,1247691.8041042176
2013-04-01,1237595.082841862
2013-04-02,1246766.2868345552
2013-04-03,1242653.345774413
2013-04-04,1257417.1354317556
2013-04-05,1251952.9724558669
2013-04-08,1265149.5449765178
2013-04-09,1264345.0781732749
2013-04-10,1279323.0126995654
2013-04-11,1279821.193957955
2013-04-12,1279959.509099053
2013-04-15,1270281.8581834063
2013-04-16,1283226.3974505959
2013-04-17,1273217.1425883165
2013-04-18,1267171.0303096378
2013-04-19,1273561.6654576666
2013-04-22,1271885.719447659
2013-04-23,1277059.7317059613
2013-04-24,1277289.4187519338
2013-04-25,1274610.1736869432
2013-04-26,1269464.2809759409
2013-04-29,1272130.7872645643
2013-04-30,1274590.0362110208
2013-05-01,1270597.8344524312
2013-05-02,1275085.576477123
2013-05-03,1285521.0703175692
2013-05-06,1286771.9841050382
2013-05-07,1287887.7555122895
2013-05-08,1293421.058731013
2013-05-09,1296785.7385869357
2013-05-10,1304163.2586321288
2013-05-13,1308095.4313446481
2013-05-14,1316990.6521507946
2013-05-15,1319720.263172194
2013-05-16,1317228.3301533577
2013-05-17,1329993.770194384
2013-05-20,1326369.8815739027
2013-05-21,1330779.2174248318
2013-05-22,1334255.3147817145
2013-05-23,1315292.352265522
2013-05-24,1312584.483470398
2013-05-27,1313694.3141404453
2013-05-28,1318788.1844822273
2013-05-29,1312214.87644847
2013-05-30,1312828.9081628365
2013-05-31,1308676.3502820085
2013-06-03,1301755.9938137345
2013-06-04,1305708.1366954402
2013-06-05,1302883.933513375
2013-06-06,1299435.0713829305
2013-06-07,1301505.001143717
2013-06-10,1305337.4775157464
2013-06-11,1300455.1581900916
2013-06-12,1297495.9391148412
2013-06-13,1292621.983868055
2013-06-14,1293175.5849374868
2013-06-17,1296420.0499066887
2013-06-18,1301353.0587788504
2013-06-19,1303024.175117328
2013-06-20,1299349.2001839336
2013-06-21,1296085.3064732414
2013-06-24,1298197.5878088581
2013-06-25,1298052.74265667
2013-06-26,1299756.8477148816
2013-06-27,1303363.0571365952
2013-06-28,1304367.4175339232
2013-07-01,1302221.9256436268
2013-07-02,1306186.93238289
2013-07-03,1307384.4399788238
2013-07-04,1306473.8004199474
2013-07-05,1313835.9386279653
2013-07-08,1309495.226823211
2013-07-09,1308119.5548094856
2013-07-10,1303136.3093923181
2013-07-11,1298931.6703941105
2013-07-12,1305359.1790758925
2013-07-15,1305618.0838168676
2013-07-16,1299137.657591735
2013-07-17,1301578.56087549
2013-07-18,1301586.1722888185
2013-07-19,1299713.9982722567
2013-07-22,1294023.903931193
2013-07-23,1291197.3746118008
2013-07-24,1292599.2921549312
2013-07-25,1291181.683711223
2013-07-26,1290474.4411178976
2013-07-29,1291144.9067131395
2013-07-30,1294730.0623632544
2013-07-31,1300380.4948077023
2013-08-01,1306322.8352274545
2013-08-02,1307660.7169022667
2013-08-05,1306082.7514584346
2013-08-06,1302017.178349282
2013-08-07,1299798.0539847768
2013-08-08,1295733.2937788148
2013-08-09,1291684.2409930276
2013-08-12,1294091.6760661232
2013-08-13,1295289.1207209234
2013-08-14,1292456.6749441759
2013-08-15,1287267.8929320425
2013-08-16,1284508.6976777352
2013-08-19,1285536.5953271552
2013-08-20,1287559.3737721792
2013-08-21,1287225.169562283
2013-08-22,1287371.0319037694
2013-08-23,1289210.7716850773
2013-08-26,1289123.3458691724
2013-08-27,1292964.6113689502
2013-08-28,1293249.1291275653
2013-08-29,1291060.2541877956
2013-08-30,1290524.905413431
2013-09-02,1284349.7939376875
2013-09-03,1281046.9460883192
2013-09-04,1278737.1525403918
2013-09-05,1278499.1755155532
2013-09-06,1280195.5210174052
2013-09-09,1280981.6520641244
2013-09-10,1280609.9434100166
2013-09-11,1281644.531043325
2013-09-12,1278860.4797260652
2013-09-13,1277620.0186576454
2013-09-16,1276816.6134541694
2013-09-17,1279421.7862633357
2013-09-18,1292233.6063105434
2013-09-19,1293757.2784061078
2013-09-20,1288581.1840733686
2013-09-23,1283068.148004539
2013-09-24,1280967.2258330327
2013-09-25,1279954.6572704597
2013-09-26,1283060.3774720158
2013-09-27,1280665.429988395
2013-09-30,1278859.0994981874
2013-10-01,1282040.0984806747
2013-10-02,1281175.9832034484
2013-10-03,1277178.1531487105
2013-10-04,1277945.2129229126
2013-10-07,1273385.8374080814
2013-10-08,1268654.111784922
2013-10-09,1264859.4201007572
2013-10-10,1267462.5440902642
2013-10-11,1268725.4905551074
2013-10-14,1269938.7386907504
2013-10-15,1266402.750854837
2013-10-16,1268837.4899706596
2013-10-17,1273707.245588333
2013-10-18,1276078.94594077
2013-10-21,1277091.5351848227
2013-10-22,1282365.9890016275
2013-10-23,1275096.7479605305
2013-10-24,1278800.7742875442
2013-10-25,1278384.3141379089
2013-10-28,1278631.0999739016
2013-10-29,1280204.5974085594
2013-10-30,1279204.4958003063
2013-10-31,1271970.3840512368
2013-11-01,1267773.4867531403
2013-11-04,1272345.63151823
2013-11-05,1270544.335720714
2013-11-06,1273035.6124600493
2013-11-07,1260660.9790548151
2013-11-08,1269784.2709920986
2013-11-11,1270277.5566609635
2013-11-12,1272138.0377188951
2013-11-13,1275851.0795839832
2013-11-14,1279244.3006983714
2013-11-15,1286384.7889207068
2013-11-18,1283021.3242383152
2013-11-19,1284595.3886856302
2013-11-20,1280630.4418870897
2013-11-21,1294549.5112883316
2013-11-22,1296603.8203617665
2013-11-25,1296314.121023403
2013-11-26,1295000.9668170607
2013-11-27,1303708.5374964445
2013-11-28,1306260.1667310954
2013-11-29,1306053.4881732757
2013-12-02,1307791.0761031609
2013-12-03,1299672.5417255652
2013-12-04,1297422.299571356
2013-12-05,1290631.5784761538
2013-12-06,1305344.1478054146
2013-12-09,1309853.055021698
2013-12-10,1302526.2824961587
2013-12-11,1293032.3372764715
2013-12-12,1301437.9785510495
2013-12-13,1296370.4899863694
2013-12-16,1296784.9831791883
2013-12-17,1294865.6657624377
2013-12-18,1317373.7769633117
2013-12-19,1316031.8667353797
2013-12-20,1317036.3386449474
2013-12-23,1321177.6094337988
2013-12-24,1320307.7186604764
2013-12-26,1329582.130352948
2013-12-27,1334333.4076454293
2013-12-30,1333458.2844853327
2013-12-31,1333732.6193038535
2014-01-02,1321118.2033760967
2014-01-03,1315028.7677480774
2014-01-06,1309177.438238464
2014-01-07,1318893.4382189636
2014-01-08,1323835.0796960387
2014-01-09,1323175.8955677794
2014-01-10,1319536.313636332
2014-01-13,1302912.1791921556
2014-01-14,1315418.6106659346
2014-01-15,1319938.6148625605
2014-01-16,1319619.2890613913
2014-01-17,1321238.40004235
2014-01-20,1319863.5861465614
2014-01-21,1324499.4329679492
2014-01-22,1329515.2158571135
2014-01-23,1319546.6875888852
2014-01-24,1306865.5005442144
2014-01-27,1304326.3956685376
2014-01-28,1303976.398884901
2014-01-29,1305419.3980155687
2014-01-30,1302547.9830115864
2014-01-31,1302394.736899815
2014-02-03,1300735.447214692
2014-02-04,1290781.6116128594
2014-02-05,1291581.8589175127
2014-02-06,1287968.5136164818
2014-02-07,1287389.2593828195
2014-02-10,1288453.9715667525
2014-02-11,1283071.0519411461
2014-02-12,1284777.806585041
2014-02-13,1286241.1023049634
2014-02-14,1287214.0954602454
2014-02-17,1286613.5221522013
2014-02-18,1285797.282491485
2014-02-19,1288431.7717936172
2014-02-20,1289370.0668193921
2014-02-21,1289079.2064538763
2014-02-24,1288303.943935067
2014-02-25,1290030.7459132778
2014-02-26,1291001.6348592474
2014-02-27,1292928.9749223788
2014-02-28,1292830.0760816035
2014-03-03,1290587.1925703168
2014-03-04,1293602.7456242035
2014-03-05,1290007.6315592066
2014-03-06,1288869.8872172881
2014-03-07,1290957.0358942351
2014-03-10,1288831.860694057
2014-03-11,1284232.3174611675
2014-03-12,1285744.408128535
2014-03-13,1278936.4394608384
2014-03-14,1277353.561626506
2014-03-17,1280256.0718011688
2014-03-18,1285636.1252079557
2014-03-19,1284769.5938405292
2014-03-20,1287105.301614401
2014-03-21,1282494.441800605
2014-03-24,1279407.5597957922
2014-03-25,1280670.3258542411
2014-03-26,1275132.66279526
2014-03-27,1272193.0289079028
2014-03-28,1274019.636143131
2014-03-31,1276447.293394782
2014-04-01,1277340.6407153918
2014-04-02,1278571.2362091707
2014-04-03,1278221.1987132966
2014-04-04,1273759.7548076557
2014-04-07,1270543.8440824249
2014-04-08,1271800.6916755382
2014-04-09,1275361.0949478194
2014-04-10,1270670.7517664572
2014-04-11,1267683.7574063
2014-04-14,1268515.4297992664
2014-04-15,1267345.38440033
2014-04-16,1269020.5361263033
2014-04-17,1268470.986877068
2014-04-18,1268611.0207174045
2014-04-21,1268835.1790427868
2014-04-22,1269913.2324419392
2014-04-23,1267785.7298706016
2014-04-24,1267027.2431044066
2014-04-25,1267191.7144419444
2014-04-28,1267503.5844243804
2014-04-29,1268146.0172466787
2014-04-30,1268228.9565290266
2014-05-01,1268117.7079876524
2014-05-02,1268051.2406882467
2014-05-05,1267914.6702508158
2014-05-06,1269526.1996510902
2014-05-07,1269312.9327475124
2014-05-08,1269489.7199411762
2014-05-09,1268893.6615150457
2014-05-12,1269604.527486475
2014-05-13,1269335.412850085
2014-05-14,1268285.3952042446
2014-05-15,1267272.8868417887
2014-05-16,1267776.1610261614
2014-05-19,1266712.7875654553
2014-05-20,1263618.2778980844
2014-05-21,1264367.5826351852
2014-05-22,1263976.192624776
2014-05-23,1263479.5983149733
2014-05-26,1263392.2806868027
2014-05-27,1264403.9146410045
2014-05-28,1262632.7793965451
2014-05-29,1265358.033037365
2014-05-30,1264796.4800906915
2014-06-02,1265274.8886381069
2014-06-03,1265380.2897593498
2014-06-04,1265503.5733193937
2014-06-05,1267392.3581455238
2014-06-06,1271309.4882912617
2014-06-09,1272840.3065054817
2014-06-10,1272357.9788624416
2014-06-11,1270828.8991129645
2014-06-12,1268226.889521097
2014-06-13,1267113.7156869066
2014-06-16,1267743.6526208709
2014-06-17,1268749.5077473042
2014-06-18,1271070.7191472745
2014-06-19,1268355.9912832114
2014-06-20,1270820.6980097664
2014-06-23,1267646.9427753596
2014-06-24,1264018.7031611542
2014-06-25,1267110.6458291775
2014-06-26,1266467.4791992533
2014-06-27,1265479.114102345
2014-06-30,1267447.6126832264
2014-07-01,1276372.0253493467
2014-07-02,1273211.5135812745
2014-07-03,1270300.3673198982
2014-07-04,1271027.2631780615
2014-07-07,1265379.5502840187
2014-07-08,1260129.4811211093
2014-07-09,1263228.89137662
2014-07-10,1254340.1111693452
2014-07-11,1256939.3352077892
2014-07-14,1262440.5918622538
2014-07-15,1262300.9777308332
2014-07-16,1262178.8729359081
2014-07-17,1250110.0886610057
2014-07-18,1261771.1247106132
2014-07-21,1258297.732559348
2014-07-22,1263673.05082382
2014-07-23,1270093.5710649309
2014-07-24,1266519.5799445314
2014-07-25,1265139.082311168
2014-07-28,1267511.7696053574
2014-07-29,1266836.6911789568
2014-07-30,1267726.4357291888
2014-07-31,1251641.4750404495
2014-08-01,1247535.1222546303
2014-08-04,1250608.8031168615
2014-08-05,1246613.8407597211
2014-08-06,1240984.2895587462
2014-08-07,1238699.2061207264
2014-08-08,1235686.3234844576
2014-08-11,1235276.5000633285
2014-08-12,1235970.8099341379
2014-08-13,1235801.3770182135
2014-08-14,1235407.9312838602
2014-08-15,1233658.1638012188
2014-08-18,1234879.7451663092
2014-08-19,1240492.5394809777
2014-08-20,1243466.4185996272
2014-08-21,1241611.0401975266
2014-08-22,1244327.584665041
2014-08-25,1249035.4632952507
2014-08-26,1250110.371000655
2014-08-27,1246306.294656993
2014-08-28,1246487.4682077772
2014-08-29,1248864.4774589739
2014-09-01,1249781.0575046362
2014-09-02,1254625.6071318325
2014-09-03,1250859.9723094292
2014-09-04,1261116.850093077
2014-09-05,1263746.7769936752
2014-09-08,1266944.6798442698
2014-09-09,1260730.2887202408
2014-09-10,1266298.655080075
2014-09-11,1267078.942944308
2014-09-12,1263808.8017972335
2014-09-15,1258736.4652986417
2014-09-16,1258937.0351503547
2014-09-17,1268705.5162406599
2014-09-18,1273454.956793872
2014-09-19,1280191.9018018534
2014-09-22,1274868.0187391716
2014-09-23,1268043.7357326439
2014-09-24,1277764.066206042
2014-09-25,1269111.8173034764
2014-09-26,1282071.159591882
2014-09-29,1280430.3214417214
2014-09-30,1283169.3763896646
2014-10-01,1267971.0589310294
2014-10-02,1256027.289418548
2014-10-03,1274410.8343523191
2014-10-06,1257816.0494735236
2014-10-07,1258060.5051546595
2014-10-08,1250790.9670238162
2014-10-09,1259998.1825642753
2014-10-10,1265197.3755565688
2014-10-13,1256346.2677841226
2014-10-14,1268466.508624792
2014-10-15,1258145.4286084368
2014-10-16,1258508.607808116
2014-10-17,1257052.8883725256
2014-10-20,1255426.217900866
2014-10-21,1251208.1207824694
2014-10-22,1255072.9259988237
2014-10-23,1252023.365475832
2014-10-24,1250200.9873370049
2014-10-27,1250993.4493090045
2014-10-28,1244974.5530104116
2014-10-29,1247649.7619757596
2014-10-30,1246550.511135455
2014-10-31,1249532.288911673
2014-11-03,1262911.8120465046
2014-11-04,1258162.6270508503
2014-11-05,1268001.0486072523
2014-11-06,1274181.9465947836
2014-11-07,1258838.6824646466
2014-11-10,1269580.8346111565
2014-11-11,1272691.7165868226
2014-11-12,1271736.243407202
2014-11-13,1279818.785950503
2014-11-14,1275596.6316671062
2014-11-17,1276236.7159585203
2014-11-18,1279386.94374547
2014-11-19,1285672.7056765086
2014-11-20,1283061.9927828868
2014-11-21,1280323.361890085
2014-11-24,1287251.4317392095
2014-11-25,1287954.1468270435
2014-11-26,1286682.9792121798
2014-11-27,1293936.0372368789
2014-11-28,1305640.1830207133
2014-12-01,1295600.5660881845
2014-12-02,1308939.9161091156
2014-12-03,1311961.6043250784
2014-12-04,1312950.8122211448
2014-12-05,1326411.4818563412
2014-12-08,1321404.8060308734
2014-12-09,1314710.6975198102
2014-12-10,1300676.8643962203
2014-12-11,1308133.0291461472
2014-12-12,1308995.1691482568
2014-12-15,1308306.3406823785
2014-12-16,1301399.6011396279
2014-12-17,1312331.9634895576
2014-12-18,1309372.8474655694
2014-12-19,1310507.5132923878
2014-12-22,1315652.3790511054
2014-12-23,1317410.6569529627
2014-12-24,1317316.2498770496
2014-12-26,1317645.9958431197
2014-12-29,1320184.1843847672
2014-12-30,1312682.6303336113
2014-12-31,1314498.2634461627
2015-01-02,1324055.2246112092
2015-01-05,1326287.3724904784
2015-01-06,1331145.6563157176
2015-01-07,1331578.185847039
2015-01-08,1331702.7795124569
2015-01-09,1328642.4506945773
2015-01-12,1336017.8783686976
2015-01-13,1336293.541665111
2015-01-14,1333298.9836898637
2015-01-15,1337774.9189782816
2015-01-16,1338068.2491372603
2015-01-19,1337403.9925155737
2015-01-20,1346310.5039221006
2015-01-21,1353989.9596504674
2015-01-22,1365753.423107213
2015-01-23,1376120.1341826245
2015-01-26,1375669.3398525356
2015-01-27,1367167.8677561246
2015-01-28,1377231.545286739
2015-01-29,1384134.7022317953
2015-01-30,1384827.2963671756
2015-02-02,1375301.8816361297
2015-02-03,1361810.1872027242
2015-02-04,1369758.5007720785
2015-02-05,1358496.0679185682
2015-02-06,1365560.6921737324
2015-02-09,1363584.6260217924
2015-02-10,1368197.9958267177
2015-02-11,1371052.4987627307
2015-02-12,1364188.9913594136
2015-02-13,1361355.583062765
2015-02-16,1362185.8911781486
2015-02-17,1358005.7924702463
2015-02-18,1360897.714584425
2015-02-19,1365488.350324237
2015-02-20,1367425.614826184
2015-02-23,1370902.4759284914
2015-02-24,1369984.9749207033
2015-02-25,1364870.7092497316
2015-02-26,1375267.9578805484
2015-02-27,1373234.9912920406
2015-03-02,1378079.949105023
2015-03-03,1371278.5592552202
2015-03-04,1369806.6997805645
2015-03-05,1376833.7004690007
2015-03-06,1383135.5932252503
2015-03-09,1383391.9131379125
2015-03-10,1383204.055038244
2015-03-11,1394010.3897116804
2015-03-12,1392332.0459615604
2015-03-13,1402746.3340718036
2015-03-16,1403588.0419524878
2015-03-17,1406623.3616186616
2015-03-18,1382094.3631868514
2015-03-19,1393434.945772425
2015-03-20,1382723.0187692514
2015-03-23,1374075.5457797162
2015-03-24,1373303.4987913389
2015-03-25,1364253.874563728
2015-03-26,1359044.7437989498
2015-03-27,1368078.2706219493
2015-03-30,1379114.3914434693
2015-03-31,1377060.0400367524
2015-04-01,1371065.8629025917
2015-04-02,1369648.04500271
2015-04-03,1362930.5814602312
2015-04-06,1363437.9789462325
2015-04-07,1367539.7940101686
2015-04-08,1367844.6635350152
2015-04-09,1375461.3726630984
2015-04-10,1379679.0198402607
2015-04-13,1381566.9539088951
2015-04-14,1377094.2452431745
2015-04-15,1370597.8228755447
2015-04-16,1363334.8896430337
2015-04-17,1356836.209441151
2015-04-20,1362700.2504272081
2015-04-21,1364931.687719136
2015-04-22,1365389.3093759443
2015-04-23,1363661.0188181063
2015-04-24,1362274.0773744632
2015-04-27,1359924.2528393879
2015-04-28,1357833.6566112451
2015-04-29,1350591.685002068
2015-04-30,1342789.9180310091
2015-05-01,1349445.4896032917
2015-05-04,1349966.581890908
2015-05-05,1343532.8785521928
2015-05-06,1340287.0265805514
2015-05-07,1340745.3608881272
2015-05-08,1346803.22949904
2015-05-11,1344432.6884623384
2015-05-12,1345429.5400987102
2015-05-13,1347840.0247848565
2015-05-14,1353001.0042172526
2015-05-15,1352714.1163738137
2015-05-18,1353153.732377702
2015-05-19,1350777.2782800177
2015-05-20,1350405.7664905274
2015-05-21,1352501.350349057
2015-05-22,1352794.667412227
2015-05-25,1353085.709697678
2015-05-26,1349003.008356919
2015-05-27,1356021.2126418087
2015-05-28,1355567.7738230755
2015-05-29,1350953.259176326
2015-06-01,1352880.6636161346
2015-06-02,1348968.2337513035
2015-06-03,1352682.8717580584
2015-06-04,1346990.3451306634
2015-06-05,1347268.7560366478
2015-06-08,1340550.1524850961
2015-06-09,1337886.2448517566
2015-06-10,1342141.0125159968
2015-06-11,1346313.9854175085
2015-06-12,1342213.0083509043
2015-06-15,1340906.3672170013
2015-06-16,1342300.2654429513
2015-06-17,1340960.9863487254
2015-06-18,1345828.4600313667
2015-06-19,1342934.1665859898
2015-06-22,1350671.6303784435
2015-06-23,1355285.4462188391
2015-06-24,1351376.9717704577
2015-06-25,1350181.0326757717
2015-06-26,1350182.3138198422
2015-06-29,1333889.4393477545
2015-06-30,1336167.5720326712
2015-07-01,1342832.6866863377
2015-07-02,1341087.8849710238
2015-07-03,1340354.2419112197
2015-07-06,1338214.6120622025
2015-07-07,1338503.3627482902
2015-07-08,1332955.7214233805
2015-07-09,1328927.0606436136
2015-07-10,1325579.964036382
2015-07-13,1330255.247237434
2015-07-14,1326466.8015379123
2015-07-15,1336341.5636242153
2015-07-16,1336896.6889575275
2015-07-17,1341795.0325951532
2015-07-20,1349726.915183596
2015-07-21,1343158.5185314538
2015-07-22,1349675.3124961352
2015-07-23,1352773.2694763406
2015-07-24,1353082.4869219316
2015-07-27,1354760.514728412
2015-07-28,1348587.0242723692
2015-07-29,1350055.98888128
2015-07-30,1353383.452546675
2015-07-31,1355203.2571695738
2015-08-03,1360477.0919544061
2015-08-04,1353489.677709984
2015-08-05,1357195.941636932
2015-08-06,1353307.0031330208
2015-08-07,1350530.2069180938
2015-08-10,1347445.690597538
2015-08-11,1352968.1352502573
2015-08-12,1341901.2759934908
2015-08-13,1347229.5872611152
2015-08-14,1347228.4890157697
2015-08-17,1347132.8715872248
2015-08-18,1347788.9507654973
2015-08-19,1349048.422660778
2015-08-20,1349356.4928759998
2015-08-21,1357113.6376186959
2015-08-24,1377919.7096563862
2015-08-25,1374963.5660513246
2015-08-26,1371916.1049337324
2015-08-27,1360681.5894784438
2015-08-28,1357218.7660687887
2015-08-31,1359389.0134358369
2015-09-01,1371679.641162822
2015-09-02,1368058.397145725
2015-09-03,1367850.2178680734
2015-09-04,1377912.483053438
2015-09-07,1375712.9691960397
2015-09-08,1365964.1193045217
2015-09-09,1368875.0353063531
2015-09-10,1362207.6899147602
2015-09-11,1362247.8411944325
2015-09-14,1361180.5112213038
2015-09-15,1360505.5376019555
2015-09-16,1353350.8936911377
2015-09-17,1354790.319222583
2015-09-18,1355679.4130149747
2015-09-21,1358226.047982109
2015-09-22,1363234.1540500666
2015-09-23,1367476.7758287957
2015-09-24,1368759.1638956156
2015-09-25,1365330.4857287046
2015-09-28,1371167.0530571516
2015-09-29,1371463.691448035
2015-09-30,1366193.3008330776
2015-10-01,1363495.8995898522
2015-10-02,1358223.875989211
2015-10-05,1353566.144966963
2015-10-06,1348124.7464364534
2015-10-07,1344257.7251032614
2015-10-08,1341142.4189659161
2015-10-09,1340752.9493044866
2015-10-12,1340433.8691397647
2015-10-13,1341368.052230706
2015-10-14,1339032.7689918987
2015-10-15,1339146.9822441437
2015-10-16,1339415.3958605395
2015-10-19,1339161.3729124034
2015-10-20,1339370.1979707133
2015-10-21,1339663.4642565898
2015-10-22,1339904.860908166
2015-10-23,1340653.5493966693
2015-10-26,1340408.843655297
2015-10-27,1341452.0900684237
2015-10-28,1342540.5438862382
2015-10-29,1340320.8953037239
2015-10-30,1337979.6539926678
2015-11-02,1338969.274256137
2015-11-03,1340982.66649579
2015-11-04,1344118.6960597346
2015-11-05,1345158.6996945566
2015-11-06,1350949.689978856
2015-11-09,1348043.4707331553
2015-11-10,1348947.9950569652
2015-11-11,1347578.7810451905
2015-11-12,1344129.0064955403
2015-11-13,1342890.153049801
2015-11-16,1346452.0232631085
2015-11-17,1350604.302305961
2015-11-18,1353047.0654004538
2015-11-19,1348309.2304887697
2015-11-20,1354400.9008606197
2015-11-23,1354591.5583114938
2015-11-24,1353132.9734503836
2015-11-25,1353335.1943477571
2015-11-26,1356149.4519084669
2015-11-27,1358442.1701087297
2015-11-30,1357342.2997636562
2015-12-01,1357055.109313071
2015-12-02,1361146.9581471747
2015-12-03,1342722.172599703
2015-12-04,1345357.626519467
2015-12-07,1350818.2095157276
2015-12-08,1349021.0342731006
2015-12-09,1342481.6816580668
2015-12-10,1346325.0864152003
2015-12-11,1344646.6379475263
2015-12-14,1346673.5130026634
2015-12-15,1347923.4225457422
2015-12-16,1350536.1287175084
2015-12-17,1356836.5125139018
2015-12-18,1354038.4559992014
2015-12-21,1354208.5821013625
2015-12-22,1354102.5578469296
2015-12-23,1350903.9415425167
2015-12-24,1349246.3474955384
2015-12-28,1353620.0875333624
2015-12-29,1353650.9102433317
2015-12-30,1355069.595729033
2015-12-31,1352922.8381661635
2016-01-01,1352736.0077958743
2016-01-04,1350777.9699588798
2016-01-05,1355592.5568056032
2016-01-06,1361881.4379531443
2016-01-07,1363542.6534897357
2016-01-08,1371240.0882517605
2016-01-11,1369661.034071903
2016-01-12,1372122.3054344668
2016-01-13,1379385.8824484493
2016-01-14,1371906.2173701085
2016-01-15,1396578.502436783
2016-01-18,1397070.2531958702
2016-01-19,1392990.0847881637
2016-01-20,1402880.037077253
2016-01-21,1385462.957487363
2016-01-22,1366365.5840887872
2016-01-25,1382849.9535318706
2016-01-26,1369934.6290059101
2016-01-27,1366098.3148242286
2016-01-28,1356506.7980263578
2016-01-29,1340999.853553761
2016-02-01,1342949.5437916054
2016-02-02,1353596.7796471394
2016-02-03,1345972.7298807318
2016-02-04,1347559.607087307
2016-02-05,1350477.3276493174
2016-02-08,1355364.676338816
2016-02-09,1359319.8190222415
2016-02-10,1364863.1042878293
2016-02-11,1370405.885445479
2016-02-12,1361562.2936098971
2016-02-15,1352757.2627812962
2016-02-16,1351891.4096826331
2016-02-17,1342011.5729940683
2016-02-18,1346807.4244408184
2016-02-19,1348879.0743141556
2016-02-22,1342235.6541644044
2016-02-23,1352129.4142644599
2016-02-24,1348721.5000282568
2016-02-25,1341110.430641627
2016-02-26,1341064.1446553473
2016-02-29,1346958.6517281225
2016-03-01,1336068.7646162156
2016-03-02,1334129.6715402105
2016-03-03,1330662.2063677914
2016-03-04,1326341.1538447626
2016-03-07,1328506.5464062197
2016-03-08,1330817.4512696003
2016-03-09,1328324.5792350695
2016-03-10,1326799.5288838588
2016-03-11,1321083.421529593
2016-03-14,1321063.2772390696
2016-03-15,1323121.667402424
2016-03-16,1324574.283513883
2016-03-17,1323483.665523953
2016-03-18,1323994.8292005647
2016-03-21,1322955.5435446065
2016-03-22,1323209.8194245524
2016-03-23,1320619.961015293
2016-03-24,1319481.5251799566
2016-03-25,1319135.5443806734
2016-03-28,1318076.131828017
2016-03-29,1320561.1626275114
2016-03-30,1318883.4217091382
2016-03-31,1319525.173618422
2016-04-01,1319177.360481571
2016-04-04,1318064.9235956515
2016-04-05,1319162.8063419396
2016-04-06,1319061.554523037
2016-04-07,1319848.9244344227
2016-04-08,1319817.997200899
2016-04-11,1321206.2821920055
2016-04-12,1321735.2854204685
2016-04-13,1321317.6046690252
2016-04-14,1319851.7059116166
2016-04-15,1319935.952722779
2016-04-18,1320773.6963256635
2016-04-19,1324321.568689867
2016-04-20,1324143.8347052673
2016-04-21,1319379.2137897937
2016-04-22,1317366.2328248434
2016-04-25,1317882.3189341384
2016-04-26,1318867.7212854074
2016-04-27,1315950.2859117303
2016-04-28,1317061.065716406
2016-04-29,1316304.5883973825
2016-05-02,1320311.4601924305
2016-05-03,1307519.1160726014
2016-05-04,1300889.6946124816
2016-05-05,1297658.2816236757
2016-05-06,1298495.4004123595
2016-05-09,1293762.153485405
2016-05-10,1293988.554479452
2016-05-11,1296961.8442263606
2016-05-12,1293857.562225776
2016-05-13,1290345.7589367533
2016-05-16,1292010.9881534236
2016-05-17,1290445.9493948496
2016-05-18,1283197.3499282957
2016-05-19,1282489.3721052743
2016-05-20,1282907.451300497
2016-05-23,1283271.7290229085
2016-05-24,1282980.5060458747
2016-05-25,1281829.8999620136
2016-05-26,1281058.1241328542
2016-05-27,1282424.2670310854
2016-05-30,1282212.3040915278
2016-05-31,1280701.4837743926
2016-06-01,1281711.930165787
2016-06-02,1283411.1099727242
2016-06-03,1281922.6435131782
2016-06-06,1280916.4165295893
2016-06-07,1281538.889549952
2016-06-08,1283882.77115349
2016-06-09,1284115.9352875692
2016-06-10,1282739.6978081847
2016-06-13,1282563.5232588768
2016-06-14,1285069.9499448966
2016-06-15,1282333.5023268333
2016-06-16,1286544.935038884
2016-06-17,1287523.9208892556
2016-06-20,1288344.8459030741
2016-06-21,1285994.931913339
2016-06-22,1281357.5741160894
2016-06-23,1276013.1437698165
2016-06-24,1283267.9276874473
2016-06-27,1284452.0059364124
2016-06-28,1278406.5601824136
2016-06-29,1274753.809299071
2016-06-30,1275747.9898912313
2016-07-01,1277646.4373725506
2016-07-04,1276585.34429199
2016-07-05,1282828.165900821
2016-07-06,1284087.7588196038
2016-07-07,1286184.154281277
2016-07-08,1286416.563769692
2016-07-11,1275384.5482433045
2016-07-12,1266382.0529068608
2016-07-13,1268787.6050265883
2016-07-14,1264678.278634277
2016-07-15,1262521.9538903178
2016-07-18,1262333.3065965134
2016-07-19,1263098.8843691107
2016-07-20,1262675.52459198
2016-07-21,1262043.703126508
2016-07-22,1263214.4073588522
2016-07-25,1261873.3202885543
2016-07-26,1262874.2699992247
2016-07-27,1265676.1998064662
2016-07-28,1265991.1359173825
2016-07-29,1266111.5184146038
2016-08-01,1266232.3617812041
2016-08-02,1264489.631657437
2016-08-03,1264644.4719674974
2016-08-04,1267433.2540953453
2016-08-05,1267548.0593973584
2016-08-08,1267604.6040386178
2016-08-09,1268874.3843585872
2016-08-10,1268758.7868242208
2016-08-11,1269422.6324559613
2016-08-12,1267892.2087241842
2016-08-15,1270159.7781631749
2016-08-16,1269185.540253946
2016-08-17,1268502.880743316
2016-08-18,1269072.5464918236
2016-08-19,1266230.8028971313
2016-08-22,1265852.6235762818
2016-08-23,1265518.5337131468
2016-08-24,1261939.6056585116
2016-08-25,1261886.9536200792
2016-08-26,1259706.573932821
2016-08-29,1261600.4122883782
2016-08-30,1257913.452273636
2016-08-31,1256649.8085125803
2016-09-01,1257392.8977176195
2016-09-02,1261243.6194117274
2016-09-05,1261370.3210600552
2016-09-06,1267432.1601744872
2016-09-07,1266472.176972396
2016-09-08,1263472.9612245723
2016-09-09,1251099.5832767119
2016-09-12,1251592.9401071325
2016-09-13,1247155.1868139438
2016-09-14,1247798.56443891
2016-09-15,1248426.8690804625
2016-09-16,1247172.9103399818
2016-09-19,1248910.0526390767
2016-09-20,1249554.385268952
2016-09-21,1253945.0479315817
2016-09-22,1256016.5825065388
2016-09-23,1254220.525220829
2016-09-26,1253020.2297340091
2016-09-27,1254664.285191776
2016-09-28,1255198.8323277084
2016-09-29,1252271.5442152089
2016-09-30,1253429.102993825
2016-10-03,1253588.9408240425
2016-10-04,1252200.1689662142
2016-10-05,1253419.5899903502
2016-10-06,1254806.0799883257
2016-10-07,1254991.9825221847
2016-10-10,1258467.4541024568
2016-10-11,1257452.9469554175
2016-10-12,1255727.718698387
2016-10-13,1253335.2868351184
2016-10-14,1254348.5361621673
2016-10-17,1252466.7426719689
2016-10-18,1255379.8378810356
2016-10-19,1258675.1869340925
2016-10-20,1259698.108796713
2016-10-21,1263864.835814322
2016-10-24,1265594.4030219594
2016-10-25,1264328.7273339815
2016-10-26,1261694.331818171
2016-10-27,1261148.8837556574
2016-10-28,1255374.3383498844
2016-10-31,1252869.060974811
2016-11-01,1247738.709993671
2016-11-02,1242663.8354467894
2016-11-03,1240941.0703845972
2016-11-04,1238911.4174537102
2016-11-07,1244394.6827312247
2016-11-08,1244461.72065014
2016-11-09,1238162.5999839723
2016-11-10,1237819.7901331277
2016-11-11,1236585.9090608784
2016-11-14,1236756.6802031267
2016-11-15,1236541.371418707
2016-11-16,1234180.5944948513
2016-11-17,1240663.1952376168
2016-11-18,1240110.19907598
2016-11-21,1237092.8716939325
2016-11-22,1239738.0102853167
2016-11-23,1244782.3600856906
2016-11-24,1245303.555793086
2016-11-25,1244724.9983352076
2016-11-28,1239645.9294975973
2016-11-29,1239936.9131993642
2016-11-30,1243774.3817557674
2016-12-01,1237058.6222736149
2016-12-02,1235205.474439583
2016-12-05,1233258.4579786356
2016-12-06,1235617.7207269727
2016-12-07,1237035.5116857374
2016-12-08,1242953.1236441224
2016-12-09,1249580.9475762951
2016-12-12,1246615.1145223614
2016-12-13,1249970.2092926458
2016-12-14,1250228.1629996777
2016-12-15,1257862.5039979499
2016-12-16,1253772.0460809567
2016-12-19,1255714.9631061633
2016-12-20,1260372.9467796662
2016-12-21,1255818.5273790844
2016-12-22,1255642.7100174855
2016-12-23,1256074.8868573685
2016-12-27,1256854.954683929
2016-12-28,1254761.8178564694
2016-12-29,1246648.9477675562
2016-12-30,1245092.424218765
2017-01-03,1251544.4566736016
2017-01-04,1252445.9616759592
2017-01-05,1243434.7424635976
2017-01-06,1251904.5260052157
2017-01-09,1244669.0267405396
2017-01-10,1242983.7770544842
2017-01-11,1244130.6808624004
2017-01-12,1242145.159129967
2017-01-13,1242741.0113969056
2017-01-16,1240953.9753120996
2017-01-17,1233751.532778254
2017-01-18,1237567.3818851665
2017-01-19,1237857.750743585
2017-01-20,1239631.6911548518
2017-01-23,1233640.9508256179
2017-01-24,1239120.1886742744
2017-01-25,1241750.7325380563
2017-01-26,1246286.542233243
2017-01-27,1246195.962368707
2017-01-30,1238845.388287997
2017-01-31,1236385.512988844
2017-02-01,1239173.905379834
2017-02-02,1238856.8016726503
2017-02-03,1241944.8738243855
2017-02-06,1236720.68186071
2017-02-07,1235272.632775134
2017-02-08,1236849.7650647946
2017-02-09,1242621.7667476828
2017-02-10,1246762.5606205002
2017-02-13,1249408.9886160905
2017-02-14,1251271.4678146369
2017-02-15,1254351.3208664444
2017-02-16,1250212.549488391
2017-02-17,1247725.1190317853
2017-02-20,1251395.0519854326
2017-02-21,1253969.7058968616
2017-02-22,1254442.4575327206
2017-02-23,1253120.1784490237
2017-02-24,1248885.2583105087
2017-02-27,1250135.5468814427
2017-02-28,1249200.5545288327
2017-03-01,1259119.5625294321
2017-03-02,1251082.1409291907
2017-03-03,1252024.4132216878
2017-03-06,1248593.554168102
2017-03-07,1247483.2291826424
2017-03-08,1241089.4332244215
2017-03-09,1241601.090308423
2017-03-10,1245697.7189686582
2017-03-13,1249017.6088963025
2017-03-14,1245846.7795264605
2017-03-15,1254331.733905514
2017-03-16,1252813.990287678
2017-03-17,1252459.4485892449
2017-03-20,1252908.0773010012
2017-03-21,1241880.9130908644
2017-03-22,1240013.3231492685
2017-03-23,1237967.0975064249
2017-03-24,1240284.5983038547
2017-03-27,1237874.0236108173
2017-03-28,1241819.2295925184
2017-03-29,1243609.8933794994
2017-03-30,1243296.464227695
2017-03-31,1239636.8718208824
2017-04-03,1238622.8876773708
2017-04-04,1237725.6292865297
2017-04-05,1235031.5181948736
2017-04-06,1233299.9357161757
2017-04-07,1232295.3166198148
2017-04-10,1232383.4933566814
2017-04-11,1232161.3285432023
2017-04-12,1232244.1320788083
2017-04-13,1232569.0477970666
2017-04-14,1234037.894480316
2017-04-17,1232870.1732456363
2017-04-18,1231484.3563545558
2017-04-19,1229650.4523326622
2017-04-20,1229991.3884055186
2017-04-21,1230131.7888102522
2017-04-24,1223440.394933522
2017-04-25,1223019.9278867883
2017-04-26,1224605.7434965076
2017-04-27,1225802.3682249067
2017-04-28,1226690.6781121334
2017-05-01,1227346.9438507275
2017-05-02,1227872.5793079971
2017-05-03,1225732.6783828116
2017-05-04,1226770.4063892458
2017-05-05,1224470.7992537154
2017-05-08,1227493.8670808787
2017-05-09,1229031.4086566644
2017-05-10,1227709.800518228
2017-05-11,1227426.7907728637
2017-05-12,1227332.1168391109
2017-05-15,1227411.8240824386
2017-05-16,1227533.5267325214
2017-05-17,1213028.888439788
2017-05-18,1216279.9852377695
2017-05-19,1216374.218972989
2017-05-22,1218403.710595424
2017-05-23,1217742.5072795209
2017-05-24,1215501.1718255763
2017-05-25,1219144.5402551743
2017-05-26,1216025.1199948636
2017-05-29,1213622.9860305574
2017-05-30,1212861.9343952257
2017-05-31,1217889.4387413661
2017-06-01,1223801.9469261775
2017-06-02,1231741.1255797443
2017-06-05,1229257.0553854436
2017-06-06,1223612.5889080768
2017-06-07,1224799.1038921878
2017-06-08,1222729.3625832426
2017-06-09,1213899.3464804187
2017-06-12,1212229.7857426787
2017-06-13,1215254.90038584
2017-06-14,1212754.6798804256
2017-06-15,1210880.333635984
2017-06-16,1215343.6574227556
2017-06-19,1218821.709178018
2017-06-20,1215649.4282906288
2017-06-21,1217257.5029335686
2017-06-22,1215416.15486582
2017-06-23,1216783.5929984374
2017-06-26,1219001.002210818
2017-06-27,1225198.8873935256
2017-06-28,1230884.4586317765
2017-06-29,1230925.0045488607
2017-06-30,1230007.5444979619
2017-07-03,1227967.1624605455
2017-07-04,1222017.069616184
2017-07-05,1224526.1630133481
2017-07-06,1222930.4435077207
2017-07-07,1231124.4084173972
2017-07-10,1231439.059001513
2017-07-11,1235565.8247369921
2017-07-12,1239128.9790171017
2017-07-13,1242193.109767214
2017-07-14,1250818.0831119963
2017-07-17,1248951.463341254
2017-07-18,1260132.942904557
2017-07-19,1260085.4110382427
2017-07-20,1267585.3624024864
2017-07-21,1262913.6216104452
2017-07-24,1262758.9888471463
2017-07-25,1269788.6797046014
2017-07-26,1280370.1977539351
2017-07-27,1268362.727495648
2017-07-28,1274561.0682587973
2017-07-31,1276487.6335003835
2017-08-01,1275257.5095130978
2017-08-02,1278367.466454846
2017-08-03,1271117.7469641818
2017-08-04,1264953.517827933
2017-08-07,1266626.556682567
2017-08-08,1258980.5731519635
2017-08-09,1253794.4606793525
2017-08-10,1237796.4360586908
2017-08-11,1245382.649833163
2017-08-14,1245839.9999874241
2017-08-15,1242781.3072350835
2017-08-16,1250804.1001279461
2017-08-17,1234230.8722353072
2017-08-18,1239970.0991721458
2017-08-21,1243387.1535268438
2017-08-22,1243481.7071960077
2017-08-23,1243276.686155586
2017-08-24,1245054.9906544604
2017-08-25,1253223.3673984169
2017-08-28,1254549.2691783584
2017-08-29,1256301.0108944683
2017-08-30,1250551.549447091
2017-08-31,1260236.653804197
2017-09-01,1260840.8218903474
2017-09-04,1261075.10889542
2017-09-05,1262313.5597277817
2017-09-06,1267562.2679431194
2017-09-07,1278179.1543055966
2017-09-08,1275181.6650415382
2017-09-11,1274015.0759037626
2017-09-12,1275292.7352707868
2017-09-13,1267817.0118283683
2017-09-14,1271250.8988496887
2017-09-15,1276866.3485744784
2017-09-18,1271463.024668883
2017-09-19,1277069.2857143735
2017-09-20,1272997.0201885235
2017-09-21,1267666.8437501888
2017-09-22,1265411.804463269
2017-09-25,1253016.0622926604
2017-09-26,1249788.4091767715
2017-09-27,1247327.5886169039
2017-09-28,1245794.8998059735
2017-09-29,1249449.4111363816
2017-10-02,1244807.3271801032
2017-10-03,1246460.8271251458
2017-10-04,1247889.1900661874
2017-10-05,1248041.1666140568
2017-10-06,1242929.223202115
2017-10-09,1243421.86291447
2017-10-10,1249573.1073610026
2017-10-11,1254322.0223788256
2017-10-12,1252614.2471744295
2017-10-13,1257799.7559416287
2017-10-16,1261180.6562853106
2017-10-17,1260910.3587582093
2017-10-18,1266333.4271515557
2017-10-19,1263250.2989466821
2017-10-20,1269749.609448499
2017-10-23,1266974.7639804329
2017-10-24,1273502.4268189494
2017-10-25,1268157.4802957142
2017-10-26,1269160.72618345
2017-10-27,1277444.1928077885
2017-10-30,1274127.7135119042
2017-10-31,1282062.586844725
2017-11-01,1285980.9597068618
2017-11-02,1289533.7075332291
2017-11-03,1291317.4999487335
2017-11-06,1294359.325074186
2017-11-07,1297600.231296977
2017-11-08,1300057.5402432117
2017-11-09,1294389.2585834463
2017-11-10,1291360.9882613448
2017-11-13,1290166.1039701893
2017-11-14,1288107.2878578494
2017-11-15,1280536.608136327
2017-11-16,1285392.9192139695
2017-11-17,1283524.6602824759
2017-11-20,1283684.3905397395
2017-11-21,1288103.1010285364
2017-11-22,1288678.3099635371
2017-11-23,1290349.0915075978
2017-11-24,1295044.3131274865
2017-11-27,1291430.100405412
2017-11-28,1293857.0391605026
2017-11-29,1290789.3162149887
2017-11-30,1297151.8585124516
2017-12-01,1297415.399681403
2017-12-04,1292342.2408324098
2017-12-05,1291065.3420803798
2017-12-06,1288329.7219801333
2017-12-07,1292609.0637728954
2017-12-08,1296736.3150446832
2017-12-11,1300511.2133669495
2017-12-12,1296981.2001963293
2017-12-13,1292190.724964343
2017-12-14,1287699.7727220112
2017-12-15,1294815.16650548
2017-12-18,1297471.3516414277
2017-12-19,1298066.136388696
2017-12-20,1299678.805866208
2017-12-21,1299816.9981570551
2017-12-22,1298683.721638467
2017-12-26,1300761.4261863236
2017-12-27,1301734.4641758436
2017-12-28,1302850.5939530581
2017-12-29,1301206.735351106
2018-01-02,1310611.228895791
2018-01-03,1314018.5395995355
2018-01-04,1323149.8168014127
2018-01-05,1325646.026630688
2018-01-08,1324309.6349135179
2018-01-09,1319652.1434491188
2018-01-10,1313145.4809603295
2018-01-11,1326927.9916461164
2018-01-12,1349878.5995725342
2018-01-15,1357318.4951580754
2018-01-16,1352058.7347673418
2018-01-17,1356674.1114237204
2018-01-18,1357778.5428503244
2018-01-19,1356134.0541871092
2018-01-22,1370657.7092650284
2018-01-23,1375097.011082614
2018-01-24,1387425.9141641883
2018-01-25,1379518.923077765
2018-01-26,1395388.601905673
2018-01-29,1381760.3517034943
2018-01-30,1369492.478073669
2018-01-31,1373869.6078541942
2018-02-01,1385098.5896436614
2018-02-02,1353943.6894887763
2018-02-05,1335254.897211095
2018-02-06,1336090.3360465886
2018-02-07,1320545.5606203962
2018-02-08,1315771.3666623745
2018-02-09,1313598.5073179908
2018-02-12,1315237.2079003481
2018-02-13,1318012.9412436844
2018-02-14,1320828.5323816221
2018-02-15,1323020.3056855518
2018-02-16,1319764.0341853253
2018-02-19,1319660.4095019305
2018-02-20,1317804.9684048973
2018-02-21,1316311.0791094345
2018-02-22,1318278.974068288
2018-02-23,1315640.4395548555
2018-02-26,1317223.857236014
2018-02-27,1314768.0306463498
2018-02-28,1313857.2466725444
2018-03-01,1318002.9178629045
2018-03-02,1320980.3515714237
2018-03-05,1321480.628031988
2018-03-06,1322597.821423696
2018-03-07,1323241.369191847
2018-03-08,1319352.9503906853
2018-03-09,1316102.3601806378
2018-03-12,1317839.3720265126
2018-03-13,1319663.6618857998
2018-03-14,1318141.9339588913
2018-03-15,1317854.2712115443
2018-03-16,1319064.2981681696
2018-03-19,1318235.0611789145
2018-03-20,1314155.587870898
2018-03-21,1315338.9674583594
2018-03-22,1312984.8029466355
2018-03-23,1314854.3147961388
2018-03-26,1315624.6492541258
2018-03-27,1315263.3349740778
2018-03-28,1308408.2240972517
2018-03-29,1307534.5851161075
2018-03-30,1308541.3677593286
2018-04-02,1308622.3958535895
2018-04-03,1305822.6511855954
2018-04-04,1304844.211274807
2018-04-05,1301450.1051586783
2018-04-06,1304043.5562434227
2018-04-09,1305532.2191391583
2018-04-10,1304743.685269129
2018-04-11,1306047.9939453558
2018-04-12,1303820.1662804568
2018-04-13,1303835.5273823673
2018-04-16,1304551.190785147
2018-04-17,1304406.2134797547
2018-04-18,1306216.5866570305
2018-04-19,1301332.1729063967
2018-04-20,1297183.9293213133
2018-04-23,1294180.5874900732
2018-04-24,1291857.8534148578
2018-04-25,1293642.140097328
2018-04-26,1294139.2526097319
2018-04-27,1292606.6583802577
2018-04-30,1295360.405446791
2018-05-01,1295408.2862839089
2018-05-02,1295487.1162584247
2018-05-03,1295131.3781077103
2018-05-04,1296650.906794531
2018-05-07,1297857.7502400079
2018-05-08,1300281.5911854554
2018-05-09,1301717.74989785
2018-05-10,1299120.1283790185
2018-05-11,1297381.4600541885
2018-05-14,1300021.1131223082
2018-05-15,1300731.8402050612
2018-05-16,1300716.9852507876
2018-05-17,1302121.2988511566
2018-05-18,1300837.392360438
2018-05-21,1302524.991428332
2018-05-22,1301071.0934381725
2018-05-23,1297232.2354297852
2018-05-24,1291225.3726592239
2018-05-25,1288049.226401384
2018-05-28,1287989.3831469887
2018-05-29,1288775.591890881
2018-05-30,1282610.939268467
2018-05-31,1282446.26993589
2018-06-01,1281173.3941229878
2018-06-04,1278666.8625255032
2018-06-05,1278839.8016140165
2018-06-06,1278541.677162501
2018-06-07,1277545.1399291595
2018-06-08,1278421.8810841043
2018-06-11,1279393.6770125143
2018-06-12,1281157.9491015433
2018-06-13,1279611.8788250047
2018-06-14,1285859.1271615727
2018-06-15,1286020.0639725707
2018-06-18,1286873.8000793876
2018-06-19,1288214.532837179
2018-06-20,1290920.335068712
2018-06-21,1286206.7896602645
2018-06-22,1282238.2175077468
2018-06-25,1277790.1519853487
2018-06-26,1281300.3821772046
2018-06-27,1282074.962714513
2018-06-28,1283871.708843771
2018-06-29,1277836.7431141566
2018-07-02,1285525.7051617159
2018-07-03,1277713.0812075376
2018-07-04,1277589.8977254399
2018-07-05,1279180.11774569
2018-07-06,1281406.7822449845
2018-07-09,1284346.9658785798
2018-07-10,1285149.7331389787
2018-07-11,1286720.559878005
2018-07-12,1287477.4499888564
2018-07-13,1287985.2846153409
2018-07-16,1282200.084929186
2018-07-17,1290675.580938549
2018-07-18,1289672.329668312
2018-07-19,1293197.9693809527
2018-07-20,1285141.332515545
2018-07-23,1290379.489878242
2018-07-24,1288446.199035751
2018-07-25,1287264.817207595
2018-07-26,1290907.2671253094
2018-07-27,1284522.5050107387
2018-07-30,1280537.0003332791
2018-07-31,1282179.176896433
2018-08-01,1282856.337273671
2018-08-02,1290393.0229394042
2018-08-03,1289571.3582234872
2018-08-06,1293251.6819877366
2018-08-07,1293154.8365070315
2018-08-08,1291719.654897458
2018-08-09,1294788.472531188
2018-08-10,1296379.8272215796
2018-08-13,1298291.8552396288
2018-08-14,1304623.918090141
2018-08-15,1305124.1335242533
2018-08-16,1303937.0115485757
2018-08-17,1297815.5849017254
2018-08-20,1293676.9413586876
2018-08-21,1286830.0515434595
2018-08-22,1287842.9513936525
2018-08-23,1296810.0142126265
2018-08-24,1288793.9993428548
2018-08-27,1288690.1861748921
2018-08-28,1291414.7742162317
2018-08-29,1292706.5607202512
2018-08-30,1291518.9158806412
2018-08-31,1298752.5295960594
2018-09-03,1298012.7692136774
2018-09-04,1298784.9348069357
2018-09-05,1291483.9289998608
2018-09-06,1287287.1008635082
2018-09-07,1291091.7113791972
2018-09-10,1291951.936207173
2018-09-11,1295140.4232278855
2018-09-12,1289447.3612212446
2018-09-13,1294822.1477779995
2018-09-14,1300262.9205247306
2018-09-17,1293571.631906378
2018-09-18,1300007.0697466088
2018-09-19,1296488.9999395504
2018-09-20,1299182.7312039277
2018-09-21,1298126.4606485497
2018-09-24,1300061.1866951014
2018-09-25,1300930.069676664
2018-09-26,1300426.771411559
2018-09-27,1308699.655512597
2018-09-28,1307947.810229017
2018-10-01,1314391.1849514209
2018-10-02,1310655.4139774353
2018-10-03,1316364.742389198
2018-10-04,1305281.362681613
2018-10-05,1299193.8561916421
2018-10-08,1299404.5383870937
2018-10-09,1297386.1534924335
2018-10-10,1290420.5092574214
2018-10-11,1282925.8292514405
2018-10-12,1283213.7603099109
2018-10-15,1282592.9787586401
2018-10-16,1282619.146008712
2018-10-17,1280845.4085581633
2018-10-18,1281677.1300371427
2018-10-19,1280653.1046295103
2018-10-22,1281911.2270955993
2018-10-23,1282203.2594044749
2018-10-24,1283967.1063989664
2018-10-25,1282595.9771633053
2018-10-26,1282509.6729018549
2018-10-29,1283266.3411636413
2018-10-30,1280634.1791516896
2018-10-31,1281436.039211054
2018-11-01,1277269.214969585
2018-11-02,1277460.5095529133
2018-11-05,1277217.030327433
2018-11-06,1276825.5379604464
2018-11-07,1275548.048641309
2018-11-08,1275348.3663784359
2018-11-09,1274733.247149049
2018-11-12,1274421.7218024954
2018-11-13,1272552.9201925662
2018-11-14,1272405.3953425763
2018-11-15,1269945.735435344
2018-11-16,1267306.1935788905
2018-11-19,1266398.152614655
2018-11-20,1272561.5928269897
2018-11-21,1268404.1483842887
2018-11-22,1267913.6885294688
2018-11-23,1274780.0184583252
2018-11-26,1273102.6089370656
2018-11-27,1275388.8750016482
2018-11-28,1275020.1274171674
2018-11-29,1273751.5157185174
2018-11-30,1277464.0436345565
2018-12-03,1271346.5736665053
2018-12-04,1275463.908005849
2018-12-05,1277311.5079598993
2018-12-06,1278615.645659338
2018-12-07,1276512.3368542888
2018-12-10,1280781.663338978
2018-12-11,1281052.0446605268
2018-12-12,1277238.611720714
2018-12-13,1276059.991329919
2018-12-14,1281298.8370853332
2018-12-17,1282952.6028444925
2018-12-18,1288344.9669562648
2018-12-19,1288979.1068687313
2018-12-20,1290597.5216307912
2018-12-21,1306274.7380771888
2018-12-24,1318460.6285687315
2018-12-25,1318460.6285687315
2018-12-26,1296048.4610315338
2018-12-27,1293808.8836120158
2018-12-28,1296384.9959435149
2018-12-31,1295411.3447162989
2019-01-02,1309571.0657540094
2019-01-03,1308404.1597456974
2019-01-04,1278840.7919641295
2019-01-07,1266253.0704097277
2019-01-08,1265112.1221175597
2019-01-09,1256534.7931825144
2019-01-10,1255218.1340777827
2019-01-11,1255407.398264432
2019-01-14,1259415.8470048767
2019-01-15,1255112.9048101075
2019-01-16,1254838.051751539
2019-01-17,1253644.9313082276
2019-01-18,1248691.2433132385
2019-01-21,1250690.7688063711
2019-01-22,1255584.4456501605
2019-01-23,1253376.151515156
2019-01-24,1256368.1356103856
2019-01-25,1251036.9772565567
2019-01-28,1253295.1727338715
2019-01-29,1252725.4457086318
2019-01-30,1250853.35415677
2019-01-31,1252000.9946769015
2019-02-01,1248556.6638839666
2019-02-04,1246747.958261949
2019-02-05,1247799.5104623178
2019-02-06,1246953.461927495
2019-02-07,1247819.4842947985
2019-02-08,1248734.2383528047
2019-02-11,1246934.6893766571
2019-02-12,1245904.1130740396
2019-02-13,1245620.8456246222
2019-02-14,1247204.141284404
2019-02-15,1248869.1785177952
2019-02-18,1248616.334016717
2019-02-19,1249883.739274213
2019-02-20,1248938.0867963992
2019-02-21,1246849.7431229826
2019-02-22,1247722.1446899998
2019-02-25,1246431.5621553392
2019-02-26,1246367.9338569592
2019-02-27,1244926.5261962295
2019-02-28,1243778.7370664037
2019-03-01,1241515.4738056376
2019-03-04,1241515.4738056376
2019-03-05,1241515.4738056376
2019-03-06,1241515.4738056376
2019-03-07,1241515.4738056376
2019-03-08,1239780.0029882542
2019-03-11,1239206.9193779554
2019-03-12,1237616.053633796
2019-03-13,1237361.21799961
2019-03-14,1237772.8483550984
2019-03-15,1238690.2533680967
2019-03-18,1239956.3158206544
2019-03-19,1239405.803108105
2019-03-20,1235631.8538735409
2019-03-21,1241764.320088765
2019-03-22,1233158.6513779878
2019-03-25,1233286.793272469
2019-03-26,1235099.5718178942
2019-03-27,1232315.7454672114
2019-03-28,1234189.3350010219
2019-03-29,1236968.3720983737
2019-04-01,1241624.924162992
2019-04-02,1241639.549412063
2019-04-03,1244272.164389804
2019-04-04,1244101.6572666827
2019-04-05,1246449.6230702417
2019-04-08,1246655.6570200126
2019-04-09,1244042.0093096478
2019-04-10,1246297.2456544822
2019-04-11,1245618.1263702924
2019-04-12,1248220.6361216798
2019-04-15,1247889.3549879326
2019-04-16,1248605.0844063268
2019-04-17,1248125.0600864913
2019-04-18,1249637.5134477047
2019-04-19,1249637.5134477047
2019-04-22,1250396.6064537852
2019-04-23,1255566.6309616682
2019-04-24,1253812.2385050992
2019-04-25,1251664.5394215158
2019-04-26,1248486.378393315
2019-04-29,1247813.4811808348
2019-04-30,1246342.539655968
2019-05-01,1239047.0436203317
2019-05-02,1239031.1659423972
2019-05-03,1244246.3081308927
2019-05-06,1238924.9981558602
2019-05-07,1225581.7126623772
2019-05-08,1223298.7454456375
2019-05-09,1217146.5631747358
2019-05-10,1212486.1548320283
2019-05-13,1220935.8242689257
2019-05-14,1219479.0615842391
2019-05-15,1220208.91167693
2019-05-16,1225426.110450597
2019-05-17,1228439.255570755
2019-05-20,1223256.301189097
2019-05-21,1222461.537216775
2019-05-22,1226125.649138552
2019-05-23,1227284.698340155
2019-05-24,1223583.6462822396
2019-05-27,1224622.189295676
2019-05-28,1229066.6176506518
2019-05-29,1232267.6502893998
2019-05-30,1232827.565951378
2019-05-31,1235029.470101585
2019-06-03,1223002.0092625476
2019-06-04,1216184.0358257638
2019-06-05,1219369.9241796217
2019-06-06,1211943.4185098445
2019-06-07,1202405.8323279459
2019-06-10,1201961.1574514385
2019-06-11,1200316.9565648292
2019-06-12,1207313.512068145
2019-06-13,1209470.594719587
2019-06-14,1213321.7679612064
2019-06-17,1214376.6875499561
2019-06-18,1211440.4535108716
2019-06-19,1211876.5376849435
2019-06-20,1210407.0148542216
2019-06-21,1206667.5228738114
2019-06-24,1205950.671550392
2019-06-25,1208271.962057183
2019-06-26,1200305.4397530085
2019-06-27,1199189.0660285589
2019-06-28,1196911.324911625
2019-07-01,1193692.8747764546
2019-07-02,1201574.177272534
2019-07-03,1202294.8503061454
2019-07-04,1201783.9724172512
2019-07-05,1197139.3885070507
2019-07-08,1193104.5181509845
2019-07-09,1195847.4390578663
2019-07-10,1201434.7572947356
2019-07-11,1198575.3114064941
2019-07-12,1202446.3596812044
2019-07-15,1203553.6116964028
2019-07-16,1200780.665976625
2019-07-17,1201720.016070636
2019-07-18,1207790.981528545
2019-07-19,1198302.958154292
2019-07-22,1200330.9919752679
2019-07-23,1202159.7306977967
2019-07-24,1206485.3509605469
2019-07-25,1199820.0939703216
2019-07-26,1205302.8826262732
2019-07-29,1208324.45041177
2019-07-30,1209709.6800161118
2019-07-31,1201369.4605682038
2019-08-01,1210713.382547654
2019-08-02,1203710.92328651
2019-08-05,1205416.8394782778
2019-08-06,1198072.3924533674
2019-08-07,1204795.2944869616
2019-08-08,1202514.6072417956
2019-08-09,1206332.1471555685
2019-08-12,1214282.3301134473
2019-08-13,1199987.375086305
2019-08-14,1220789.7154349235
2019-08-15,1218187.5463411508
2019-08-16,1212947.8071764146
2019-08-19,1210966.2993978474
2019-08-20,1213356.1704641702
2019-08-21,1208960.631377005
2019-08-22,1211391.8394836835
2019-08-23,1220112.2029201938
2019-08-26,1214945.8137417112
2019-08-27,1222163.0086731778
2019-08-28,1222847.0468749562
2019-08-29,1218893.3435332137
2019-08-30,1224551.9968945172
2019-09-02,1231668.715713439
2019-09-03,1232363.6391964213
2019-09-04,1217702.627238064
2019-09-05,1205364.7821911606
2019-09-06,1203620.5097205415
2019-09-09,1198468.1691482712
2019-09-10,1195910.1965239032
2019-09-11,1199713.5331710565
2019-09-12,1194362.956279708
2019-09-13,1193607.5993081422
2019-09-16,1197724.2265270667
2019-09-17,1195675.0602448452
2019-09-18,1196886.510021115
2019-09-19,1197915.5419524615
2019-09-20,1202093.4819096609
2019-09-23,1203019.0530130253
2019-09-24,1202571.5348618645
2019-09-25,1203362.616812357
2019-09-26,1204736.984334085
2019-09-27,1201287.6669732414
2019-09-30,1198670.6106534316
2019-10-01,1199642.971024882
2019-10-02,1198255.3942173258
2019-10-03,1195900.7682533085
2019-10-04,1194417.8605890367
2019-10-07,1196574.3822233938
2019-10-08,1197454.3074922783
2019-10-09,1196985.1313873213
2019-10-10,1193552.4222856662
2019-10-11,1190839.5734465648
2019-10-14,1192226.0212921426
2019-10-15,1193123.162270713
2019-10-16,1191401.2395895985
2019-10-17,1185487.5651891504
2019-10-18,1184553.2935044675
2019-10-21,1186365.0236386983
2019-10-22,1185680.6478172112
2019-10-23,1187339.4407418463
2019-10-24,1186457.736626382
2019-10-25,1187025.0580342836
2019-10-28,1189628.035155487
2019-10-29,1187599.0456534824
2019-10-30,1188289.1963426901
2019-10-31,1184542.7416014809
2019-11-01,1190858.9624736507
2019-11-04,1193094.3188893965
2019-11-05,1194098.844852403
2019-11-06,1193197.2870634813
2019-11-07,1196448.8774073727
2019-11-08,1193967.844350978
2019-11-11,1192221.9628878469
2019-11-12,1193019.9842694895
2019-11-13,1191927.078497997
2019-11-14,1190132.0957862437
2019-11-15,1193715.714100054
2019-11-18,1194055.4977129987
2019-11-19,1193465.1626362973
2019-11-20,1191917.8020713713
2019-11-21,1190480.3384839476
2019-11-22,1191924.8334199209
2019-11-25,1196978.2950120114
2019-11-26,1197913.6054676047
2019-11-27,1200944.638562766
2019-11-28,1199495.3486051464
2019-11-29,1197238.358929368
2019-12-02,1192060.5417737889
2019-12-03,1188774.2249110243
2019-12-04,1191793.375081639
2019-12-05,1192994.419439968
2019-12-06,1198025.502061307
2019-12-09,1194799.366931461
2019-12-10,1196172.5362941746
2019-12-11,1198059.6950701291
2019-12-12,1203027.9561205034
2019-12-13,1207142.4996918014
2019-12-16,1211458.1762988872
2019-12-17,1207907.8209749889
2019-12-18,1208252.100379507
2019-12-19,1209182.7848643826
2019-12-20,1209514.5359441964
2019-12-23,1209775.6636656662
2019-12-24,1209830.4955410815
2019-12-26,1214248.1596269475
2019-12-27,1211880.778212256
2019-12-30,1206777.323062891
2019-12-31,1207836.369905649
2020-01-02,1214428.6183192977
2020-01-03,1212749.4033192184
2020-01-06,1216436.4383725817
2020-01-07,1215070.6622490766
2020-01-08,1211549.5866839264
2020-01-09,1212190.9110042993
2020-01-10,1211465.7245551946
2020-01-13,1212092.3555477713
2020-01-14,1210621.808054069
2020-01-15,1213348.3214072543
2020-01-16,1215909.5155198064
2020-01-17,1217196.649918077
2020-01-20,1218492.9926308733
2020-01-21,1216259.4646292124
2020-01-22,1213887.2936101689
2020-01-23,1215379.6804655024
2020-01-24,1212005.4687763616
2020-01-27,1205529.1663897245
2020-01-28,1209182.1629947014
2020-01-29,1209542.475205716
2020-01-30,1213284.363164075
2020-01-31,1209723.110833169
2020-02-03,1209262.7485816139
2020-02-04,1205467.7539171705
2020-02-05,1203381.7787729707
2020-02-06,1207516.2140465372
2020-02-07,1210431.548840452
2020-02-10,1216737.1058505345
2020-02-11,1213995.3867907356
2020-02-12,1214809.1656662072
2020-02-13,1219876.8562927
2020-02-14,1222161.9035084525
2020-02-17,1221692.9630396517
2020-02-18,1229605.1750862554
2020-02-19,1222930.7672150328
2020-02-20,1222596.8169168478
2020-02-21,1217899.8099829224
2020-02-24,1215049.8957823568
2020-02-25,1212214.5480988836
2020-02-26,1218987.5816173279
2020-02-27,1217427.3378695175
2020-02-28,1216885.0567767345
2020-03-02,1208992.7037606027
2020-03-03,1210198.689284383
2020-03-04,1205878.9011061161
2020-03-05,1211516.4960048427
2020-03-06,1215770.381426844
2020-03-09,1247389.6995179916
2020-03-10,1241494.489926526
2020-03-11,1251067.145516835
2020-03-12,1275195.353714508
2020-03-13,1262898.3132515831
2020-03-16,1295183.522074808
2020-03-17,1304875.6905045388
2020-03-18,1342047.0088997215
2020-03-19,1336773.1333799446
2020-03-20,1325845.668677569
2020-03-23,1325751.4722199328
2020-03-24,1297387.7182879115
2020-03-25,1282998.5216987415
2020-03-26,1267370.400257606
2020-03-27,1262842.3633932937
2020-03-30,1265326.7807952773
2020-03-31,1270580.8877775313
2020-04-01,1287915.7824057052
2020-04-02,1282582.7594815423
2020-04-03,1285185.1491257898
2020-04-06,1270602.395182523
2020-04-07,1263797.9257318033
2020-04-08,1254208.2312363945
2020-04-09,1251844.026044508
2020-04-10,1251818.0827588425
2020-04-13,1256894.1797809815
2020-04-14,1255542.1348220643
2020-04-15,1257702.4274748976
2020-04-16,1259429.4845860878
2020-04-17,1257970.8348184787
2020-04-20,1261598.136006998
2020-04-21,1265669.170371832
2020-04-22,1268051.1067875437
2020-04-23,1270657.3980820808
2020-04-24,1269517.437540673
2020-04-27,1270907.178728846
2020-04-28,1272217.4039622326
2020-04-29,1271700.5329625641
2020-04-30,1262026.8349779397
2020-05-01,1259545.394808525
2020-05-04,1262219.2265154256
2020-05-05,1262779.7688923748
2020-05-06,1264886.78656575
2020-05-07,1265372.685455681
2020-05-08,1262761.0060786523
2020-05-11,1261448.045181225
2020-05-12,1259720.0660666914
2020-05-13,1261442.7975499288
