day,0
2005-01-04,1200000.0
2005-01-05,1200000.0
2005-01-06,1200000.0
2005-01-07,1200000.0
2005-01-10,1200000.0
2005-01-11,1200000.0
2005-01-12,1200000.0
2005-01-13,1200000.0
2005-01-14,1200000.0
2005-01-17,1200000.0
2005-01-18,1200000.0
2005-01-19,1200000.0
2005-01-20,1200000.0
2005-01-21,1200000.0
2005-01-24,1200000.0
2005-01-25,1200000.0
2005-01-26,1200000.0
2005-01-27,1200000.0
2005-01-28,1200000.0
2005-01-31,1200000.0
2005-02-01,1200000.0
2005-02-02,1200000.0
2005-02-03,1200000.0
2005-02-04,1200000.0
2005-02-07,1200000.0
2005-02-08,1200000.0
2005-02-09,1200000.0
2005-02-10,1200000.0
2005-02-11,1200000.0
2005-02-14,1200000.0
2005-02-15,1200000.0
2005-02-16,1200000.0
2005-02-17,1200000.0
2005-02-18,1200000.0
2005-02-21,1200000.0
2005-02-22,1200000.0
2005-02-23,1200000.0
2005-02-24,1200000.0
2005-02-25,1200000.0
2005-02-28,1200000.0
2005-03-01,1200000.0
2005-03-02,1200000.0
2005-03-03,1200000.0
2005-03-04,1200000.0
2005-03-07,1200000.0
2005-03-08,1200000.0
2005-03-09,1200000.0
2005-03-10,1200000.0
2005-03-11,1200000.0
2005-03-14,1200000.0
2005-03-15,1200000.0
2005-03-16,1200000.0
2005-03-17,1200000.0
2005-03-18,1200000.0
2005-03-21,1200000.0
2005-03-22,1200000.0
2005-03-23,1199912.6107891449
2005-03-24,1199896.0759746255
2005-03-25,1199896.0759746255
2005-03-28,1199882.914443911
2005-03-29,1199936.9597177024
2005-03-30,1199696.0974958716
2005-03-31,1199780.2338832105
2005-04-01,1199898.23324517
2005-04-04,1199820.8740922066
2005-04-05,1199789.6563631855
2005-04-06,1199758.4383785855
2005-04-07,1199582.7754326956
2005-04-08,1199658.2703944766
2005-04-11,1199718.1197378475
2005-04-12,1199632.7353101412
2005-04-13,1199886.394004778
2005-04-14,1200229.3296381065
2005-04-15,1200685.5040387774
2005-04-18,1200588.2983061508
2005-04-19,1200147.5786830662
2005-04-20,1200744.3499310112
2005-04-21,1200004.8217529615
2005-04-22,1200241.7822697172
2005-04-25,1199990.4463823475
2005-04-26,1200383.8598144623
2005-04-27,1200259.7771667398
2005-04-28,1200724.0253990262
2005-04-29,1200249.2022016495
2005-05-02,1200015.63045701
2005-05-03,1199818.0880947807
2005-05-04,1199411.0101783352
2005-05-05,1199350.8198219435
2005-05-06,1199305.2572823772
2005-05-09,1198665.8270532445
2005-05-10,1199007.586250628
2005-05-11,1199074.5802837708
2005-05-12,1199395.5530803697
2005-05-13,1199758.5848226503
2005-05-16,1200093.8647666248
2005-05-17,1199800.3974820208
2005-05-18,1199036.6163868597
2005-05-19,1199177.6608537328
2005-05-20,1199790.1800824301
2005-05-23,1199502.3202624382
2005-05-24,1199426.5745623894
2005-05-25,1199161.5912980223
2005-05-26,1199889.016985297
2005-05-27,1198990.294719378
2005-05-30,1199689.434414963
2005-05-31,1200597.0155119498
2005-06-01,1201225.9720129892
2005-06-02,1200794.4050109591
2005-06-03,1200892.2542968187
2005-06-06,1200462.6790016103
2005-06-07,1200393.1840521148
2005-06-08,1200596.3335651127
2005-06-09,1200751.4861307624
2005-06-10,1201187.8578010052
2005-06-13,1201268.8119756463
2005-06-14,1201540.820850881
2005-06-15,1200040.1884098046
2005-06-16,1200389.0087136398
2005-06-17,1200192.371550216
2005-06-20,1200783.5034784856
2005-06-21,1200442.1973607654
2005-06-22,1200799.8509373702
2005-06-23,1201399.801398448
2005-06-24,1200579.9286078245
2005-06-27,1199906.738163082
2005-06-28,1200346.311782615
2005-06-29,1200363.7710507754
2005-06-30,1200665.9255556404
2005-07-01,1201734.9857029314
2005-07-04,1202217.8140205648
2005-07-05,1202137.7250784778
2005-07-06,1202533.3693572972
2005-07-07,1201273.5035555132
2005-07-08,1201231.2387588045
2005-07-11,1200464.9471113707
2005-07-12,1200022.016260544
2005-07-13,1200382.871915351
2005-07-14,1200442.4362833467
2005-07-15,1200589.4037461584
2005-07-18,1200466.6134167486
2005-07-19,1200974.4120470716
2005-07-20,1200802.557212589
2005-07-21,1199792.2549672
2005-07-22,1200668.819880657
2005-07-25,1200475.681230914
2005-07-26,1200864.1535450725
2005-07-27,1200643.7414209973
2005-07-28,1200783.0309666488
2005-07-29,1200323.8901144192
2005-08-01,1200622.4729967993
2005-08-02,1200836.8903993922
2005-08-03,1200374.6820800616
2005-08-04,1199772.7097134776
2005-08-05,1199306.4568452882
2005-08-08,1199525.2008372948
2005-08-09,1199860.582952274
2005-08-10,1200483.5307643143
2005-08-11,1201469.978339517
2005-08-12,1200844.8776148336
2005-08-15,1201114.2317126663
2005-08-16,1200064.7617660356
2005-08-17,1199361.7552646375
2005-08-18,1198943.8406768264
2005-08-19,1199680.8992327068
2005-08-22,1200374.6494230463
2005-08-23,1200014.6158301765
2005-08-24,1199759.630366751
2005-08-25,1199704.9036806053
2005-08-26,1198958.7534090944
2005-08-29,1199110.7314768205
2005-08-30,1199572.1795363415
2005-08-31,1199515.2347214906
2005-09-01,1199825.9036119117
2005-09-02,1199504.8638532981
2005-09-05,1199743.7743274153
2005-09-06,1199467.000434328
2005-09-07,1199277.758243043
2005-09-08,1199160.088010658
2005-09-09,1199802.232742575
2005-09-12,1199738.5764727134
2005-09-13,1199613.6387758036
2005-09-14,1199843.4261047246
2005-09-15,1200108.201918311
2005-09-16,1200357.2807126208
2005-09-19,1200911.6981432892
2005-09-20,1200960.4191463452
2005-09-21,1200761.1482895259
2005-09-22,1200646.4407845933
2005-09-23,1200741.2553704574
2005-09-26,1201616.411068557
2005-09-27,1201365.8583602314
2005-09-28,1202069.3516420627
2005-09-29,1202913.7387072428
2005-09-30,1202797.3891921632
2005-10-03,1202788.7760332853
2005-10-04,1202779.05277883
2005-10-05,1200726.12832081
2005-10-06,1199120.7654071765
2005-10-07,1199385.8162231718
2005-10-10,1199750.618191035
2005-10-11,1199732.4282424238
2005-10-12,1199660.8853824881
2005-10-13,1199240.050108679
2005-10-14,1198969.9161907388
2005-10-17,1199263.9453360182
2005-10-18,1199542.811833481
2005-10-19,1199550.5191772438
2005-10-20,1199523.8207950413
2005-10-21,1199465.6184810593
2005-10-24,1199374.5339020747
2005-10-25,1199411.7891706964
2005-10-26,1199922.9521866925
2005-10-27,1199797.6924904229
2005-10-28,1199427.0678346807
2005-10-31,1199662.4464774984
2005-11-01,1199782.8585985096
2005-11-02,1199951.656884769
2005-11-03,1200024.9134413917
2005-11-04,1200479.6729417988
2005-11-07,1200001.5424002572
2005-11-08,1199811.0016580108
2005-11-09,1199773.9901134034
2005-11-10,1200340.5584990615
2005-11-11,1200356.6945257646
2005-11-14,1200455.3143777207
2005-11-15,1200286.1817510445
2005-11-16,1200670.9853321002
2005-11-17,1201191.707804819
2005-11-18,1201408.466647509
2005-11-21,1201883.1269246405
2005-11-22,1201752.8286434966
2005-11-23,1202086.8437914515
2005-11-24,1201831.8414087587
2005-11-25,1202675.6137443199
2005-11-28,1201441.5351724247
2005-11-29,1201828.8558964245
2005-11-30,1201059.7966342147
2005-12-01,1203064.7140599494
2005-12-02,1203551.6123098386
2005-12-05,1203931.3919800702
2005-12-06,1204501.1539885947
2005-12-07,1203609.8096459692
2005-12-08,1202424.366466297
2005-12-09,1203298.8290934637
2005-12-12,1203729.539037975
2005-12-13,1204147.6316133745
2005-12-14,1202253.94607412
2005-12-15,1200995.1684181958
2005-12-16,1200936.2625130087
2005-12-19,1200428.7571167464
2005-12-20,1200831.8898962273
2005-12-21,1201094.615416624
2005-12-22,1201352.7495669946
2005-12-23,1201267.5153361892
2005-12-26,1201291.8306224323
2005-12-27,1200595.563303759
2005-12-28,1201264.959858056
2005-12-29,1201049.8575476115
2005-12-30,1200460.5647638922
2006-01-02,1200482.3034153942
2006-01-03,1201317.8637846902
2006-01-04,1201918.9988502963
2006-01-05,1201391.0108813334
2006-01-06,1202310.2370071032
2006-01-09,1202233.1654637207
2006-01-10,1201640.3852841693
2006-01-11,1202484.3918094665
2006-01-12,1202117.9057312256
2006-01-13,1201931.6095845627
2006-01-16,1202163.373502329
2006-01-17,1200619.2108639663
2006-01-18,1199480.5487690778
2006-01-19,1200241.078806045
2006-01-20,1199576.3140640683
2006-01-23,1199492.1950118819
2006-01-24,1199192.8593493814
2006-01-25,1199370.5857355767
2006-01-26,1199786.4024087596
2006-01-27,1200462.9576839404
2006-01-30,1200648.8520986517
2006-01-31,1200271.7475145261
2006-02-01,1200458.8036614517
2006-02-02,1199474.0353849642
2006-02-03,1199642.359641686
2006-02-06,1199646.5401882771
2006-02-07,1198777.7110169076
2006-02-08,1198529.6900044468
2006-02-09,1198975.7877640182
2006-02-10,1198234.1563396596
2006-02-13,1197960.517037126
2006-02-14,1198220.7065077722
2006-02-15,1197768.2094197527
2006-02-16,1198122.8763839733
2006-02-17,1198013.715607754
2006-02-20,1198194.7260973267
2006-02-21,1197957.317211033
2006-02-22,1198030.6890632743
2006-02-23,1197702.6917425084
2006-02-24,1197942.435843707
2006-02-27,1198157.2237403512
2006-02-28,1197760.023407258
2006-03-01,1198174.9306622704
2006-03-02,1198116.6168706254
2006-03-03,1198312.8967434259
2006-03-06,1198297.3534339448
2006-03-07,1197767.027205689
2006-03-08,1197545.6231207866
2006-03-09,1197720.8502916335
2006-03-10,1197974.7712886082
2006-03-13,1198095.1713318082
2006-03-14,1198171.8341420107
2006-03-15,1198240.8556206047
2006-03-16,1198473.8533240226
2006-03-17,1198466.5094588872
2006-03-20,1198659.1354973367
2006-03-21,1198725.3471882346
2006-03-22,1198798.0714246198
2006-03-23,1198781.4281363843
2006-03-24,1199289.0752446197
2006-03-27,1198969.0150451516
2006-03-28,1198635.8842602568
2006-03-29,1198949.332882878
2006-03-30,1198808.6342114455
2006-03-31,1198344.7923300145
2006-04-03,1199088.6579302785
2006-04-04,1199009.8702840062
2006-04-05,1199191.601769197
2006-04-06,1199051.639243921
2006-04-07,1198302.6779978934
2006-04-10,1198738.9798167767
2006-04-11,1198022.6069756069
2006-04-12,1197797.9263093837
2006-04-13,1197893.1280562978
2006-04-14,1197940.1876647433
2006-04-17,1197840.5056195545
2006-04-18,1199238.5086727769
2006-04-19,1199653.5697428037
2006-04-20,1199219.725248026
2006-04-21,1199625.1837291182
2006-04-24,1198246.8603629232
2006-04-25,1198161.9912704749
2006-04-26,1198268.2851240886
2006-04-27,1198174.6694346443
2006-04-28,1198465.29671355
2006-05-01,1198190.8154558607
2006-05-02,1199492.5148827378
2006-05-03,1198735.1547553414
2006-05-04,1199003.1504141595
2006-05-05,1199689.4956759987
2006-05-08,1198677.2833522093
2006-05-09,1199634.8498594968
2006-05-10,1199142.525678082
2006-05-11,1198718.1979780565
2006-05-12,1198170.5308897921
2006-05-15,1196866.9056648822
2006-05-16,1197540.3664297154
2006-05-17,1196750.8959353871
2006-05-18,1197343.6945631732
2006-05-19,1196561.136651751
2006-05-22,1196968.4197235426
2006-05-23,1196424.078999336
2006-05-24,1196106.8646663434
2006-05-25,1197165.7649281267
2006-05-26,1196578.4559521605
2006-05-29,1196613.742789211
2006-05-30,1197662.409635626
2006-05-31,1197074.8532750066
2006-06-01,1196820.4160941965
2006-06-02,1197684.909795885
2006-06-05,1197311.1517270326
2006-06-06,1196691.3562202035
2006-06-07,1196287.0684964038
2006-06-08,1195440.3771778818
2006-06-09,1195905.9182351357
2006-06-12,1195770.5483822841
2006-06-13,1195037.2240805377
2006-06-14,1195030.389687999
2006-06-15,1194911.308589839
2006-06-16,1194825.621133286
2006-06-19,1194457.95462158
2006-06-20,1194486.273383409
2006-06-21,1195038.7644603082
2006-06-22,1194533.4426378964
2006-06-23,1194111.2622229033
2006-06-26,1194269.196913445
2006-06-27,1194526.6204647173
2006-06-28,1194425.855388894
2006-06-29,1194550.658639679
2006-06-30,1194626.6674498548
2006-07-03,1194830.2316929954
2006-07-04,1194945.792370966
2006-07-05,1195358.6273077372
2006-07-06,1195298.3965040343
2006-07-07,1194982.7611213345
2006-07-10,1194559.4416135533
2006-07-11,1194484.8327871186
2006-07-12,1195129.2457218096
2006-07-13,1195627.2254620073
2006-07-14,1195757.8845639732
2006-07-17,1195438.9529987604
2006-07-18,1195189.5984864784
2006-07-19,1195038.0375585402
2006-07-20,1195227.4286315914
2006-07-21,1195400.6532550817
2006-07-24,1195149.764743246
2006-07-25,1195007.64750316
2006-07-26,1195257.5751800332
2006-07-27,1195043.444610379
2006-07-28,1194346.658173133
2006-07-31,1194343.9714535852
2006-08-01,1194697.2555136397
2006-08-02,1194611.2990629028
2006-08-03,1194479.5900324355
2006-08-04,1194397.1271168597
2006-08-07,1195045.4717998072
2006-08-08,1194948.4346517047
2006-08-09,1195311.006600733
2006-08-10,1194588.5421847042
2006-08-11,1194996.7077449802
2006-08-14,1194690.6561465557
2006-08-15,1194448.4786238573
2006-08-16,1194625.6047959458
2006-08-17,1194155.8302028005
2006-08-18,1193968.5768065448
2006-08-21,1194043.2933298182
2006-08-22,1194259.9285869594
2006-08-23,1194057.2696568586
2006-08-24,1193768.6823919127
2006-08-25,1194059.9921587093
2006-08-28,1194288.6263508447
2006-08-29,1194462.0238640977
2006-08-30,1194789.790276185
2006-08-31,1195038.6533392651
2006-09-01,1195330.15917466
2006-09-04,1195171.716223861
2006-09-05,1194839.0873413703
2006-09-06,1194056.4461771632
2006-09-07,1192992.38546345
2006-09-08,1192765.8280477093
2006-09-11,1192859.4233699942
2006-09-12,1193236.043021237
2006-09-13,1193176.0412396032
2006-09-14,1193448.6728587698
2006-09-15,1193125.1880887628
2006-09-18,1193458.6390146113
2006-09-19,1192475.9322489644
2006-09-20,1192814.5259056247
2006-09-21,1192778.318505025
2006-09-22,1192293.5003846844
2006-09-25,1192313.9496957993
2006-09-26,1192400.2073501777
2006-09-27,1192821.716941748
2006-09-28,1192998.6406479247
2006-09-29,1192994.0383658216
2006-10-02,1193174.7722190851
2006-10-03,1193368.2445888834
2006-10-04,1193469.042600126
2006-10-05,1193485.1714416356
2006-10-06,1193328.4939945184
2006-10-09,1193379.1330616209
2006-10-10,1193896.5362418548
2006-10-11,1194006.6003641794
2006-10-12,1194460.7925654615
2006-10-13,1194751.2175503601
2006-10-16,1194604.5772713758
2006-10-17,1194107.9073816002
2006-10-18,1194397.3270610776
2006-10-19,1194269.955085271
2006-10-20,1194574.7737568638
2006-10-23,1195283.1550460414
2006-10-24,1195317.6983322105
2006-10-25,1195402.4129627752
2006-10-26,1195711.6697571909
2006-10-27,1194686.2866461503
2006-10-30,1194580.6040086818
2006-10-31,1194529.6284351998
2006-11-01,1194236.6980758552
2006-11-02,1194366.9448498972
2006-11-03,1193973.5521343166
2006-11-06,1194944.7170246851
2006-11-07,1195181.2142190505
2006-11-08,1194784.1250354552
2006-11-09,1194378.7840620899
2006-11-10,1194322.1413023048
2006-11-13,1194331.6448265987
2006-11-14,1194625.349163501
2006-11-15,1195038.1751180904
2006-11-16,1195634.3007138222
2006-11-17,1195383.0338612075
2006-11-20,1195722.8162578598
2006-11-21,1195808.9428556503
2006-11-22,1195729.3459055913
2006-11-23,1195144.7935628751
2006-11-24,1195903.1275688289
2006-11-27,1195492.9096723848
2006-11-28,1196583.8069160325
2006-11-29,1196407.035081511
2006-11-30,1197815.2813341978
2006-12-01,1198312.3660053578
2006-12-04,1198668.02737342
2006-12-05,1197736.30863083
2006-12-06,1197047.2818260603
2006-12-07,1197004.8885245356
2006-12-08,1196219.9460086513
2006-12-11,1197150.526281346
2006-12-12,1197617.0815217816
2006-12-13,1197633.791379765
2006-12-14,1197398.2869039918
2006-12-15,1196887.3672815133
2006-12-18,1196543.3105340744
2006-12-19,1197657.2785822558
2006-12-20,1197507.9026836844
2006-12-21,1197185.5863856126
2006-12-22,1196963.6118829101
2006-12-25,1197111.140834966
2006-12-26,1197197.3257889578
2006-12-27,1197508.6127805167
2006-12-28,1198510.359924689
2006-12-29,1198618.1925060954
2007-01-01,1198696.4065928645
2007-01-02,1200580.128563145
2007-01-03,1198847.6006963658
2007-01-04,1197680.1302930769
2007-01-05,1194573.503211023
2007-01-08,1194622.255195479
2007-01-09,1194837.9325130328
2007-01-10,1194893.082161347
2007-01-11,1195911.2400827068
2007-01-12,1196075.7086055274
2007-01-15,1196290.3346535813
2007-01-16,1196335.6841965234
2007-01-17,1196086.82307479
2007-01-18,1196155.6885028456
2007-01-19,1196118.424541448
2007-01-22,1196076.5523664453
2007-01-23,1196434.5243936044
2007-01-24,1195845.6351622539
2007-01-25,1194053.3076683355
2007-01-26,1193718.8531300013
2007-01-29,1194453.5810782136
2007-01-30,1194099.1906408274
2007-01-31,1193610.9081734268
2007-02-01,1194306.8515685238
2007-02-02,1194496.459033555
2007-02-05,1193880.5314345653
2007-02-06,1194176.3301869198
2007-02-07,1194636.1656388496
2007-02-08,1194751.3831777344
2007-02-09,1194512.845765536
2007-02-12,1193992.7501098434
2007-02-13,1194613.513117801
2007-02-14,1195734.240383915
2007-02-15,1195225.0500139568
2007-02-16,1195093.8898428653
2007-02-19,1195362.2430718187
2007-02-20,1195364.1770405108
2007-02-21,1195774.3644429874
2007-02-22,1196380.6153072426
2007-02-23,1196270.0063942529
2007-02-26,1196338.1826259368
2007-02-27,1192451.7878883244
2007-02-28,1192398.8235212048
2007-03-01,1191878.5686717688
2007-03-02,1191535.5772505782
2007-03-05,1191632.7795969467
2007-03-06,1191463.9631671389
2007-03-07,1191463.9631671389
2007-03-08,1191463.9631671389
2007-03-09,1191463.9631671389
2007-03-12,1191463.9631671389
2007-03-13,1191463.9631671389
2007-03-14,1191463.9631671389
2007-03-15,1191463.9631671389
2007-03-16,1191463.9631671389
2007-03-19,1191419.4532820212
2007-03-20,1191515.2270180597
2007-03-21,1191932.7831474128
2007-03-22,1191656.2023193678
2007-03-23,1191453.344809835
2007-03-26,1191803.7750081269
2007-03-27,1191821.058100579
2007-03-28,1191580.8156849395
2007-03-29,1191703.2975825495
2007-03-30,1191821.8302221466
2007-04-02,1192194.6473632131
2007-04-03,1191909.8784111585
2007-04-04,1192402.0259619595
2007-04-05,1192699.9776958995
2007-04-06,1192423.7334355689
2007-04-09,1192395.4935075555
2007-04-10,1193184.9250394364
2007-04-11,1193318.5799142984
2007-04-12,1193732.7993010813
2007-04-13,1194346.9166818026
2007-04-16,1194625.1175457533
2007-04-17,1195118.4297785729
2007-04-18,1195298.7049983947
2007-04-19,1194776.26808573
2007-04-20,1195353.2765219607
2007-04-23,1194715.0453212515
2007-04-24,1194488.641089246
2007-04-25,1195683.3699494693
2007-04-26,1194466.0834951808
2007-04-27,1195358.9834934762
2007-04-30,1194929.1965543726
2007-05-01,1194459.30163867
2007-05-02,1194736.6856513014
2007-05-03,1195119.8661754786
2007-05-04,1195646.5270904023
2007-05-07,1195910.4969843943
2007-05-08,1195219.1389953615
2007-05-09,1195232.9658407606
2007-05-10,1193278.4096668714
2007-05-11,1194848.5437707754
2007-05-14,1194738.6711275582
2007-05-15,1195323.9494086688
2007-05-16,1194065.0502442354
2007-05-17,1194043.7287195623
2007-05-18,1194993.8938115682
2007-05-21,1195051.0769123095
2007-05-22,1194710.3305595077
2007-05-23,1195183.084503284
2007-05-24,1193843.7763308708
2007-05-25,1194296.435052732
2007-05-28,1194432.1642523077
2007-05-29,1194794.49453723
2007-05-30,1195358.405282302
2007-05-31,1196195.4992365164
2007-06-01,1197414.7405136654
2007-06-04,1197857.6972161944
2007-06-05,1197427.0241142479
2007-06-06,1196688.716940697
2007-06-07,1194709.2771211788
2007-06-08,1194830.5165009017
2007-06-11,1194967.0610168604
2007-06-12,1193636.3141469816
2007-06-13,1194750.0775818527
2007-06-14,1195448.2251457204
2007-06-15,1197094.7103717013
2007-06-18,1197199.6567259515
2007-06-19,1197601.6089137297
2007-06-20,1196702.2908640301
2007-06-21,1196898.9972057233
2007-06-22,1196769.039287171
2007-06-25,1196821.5645940704
2007-06-26,1195937.9648561166
2007-06-27,1195230.2549897258
2007-06-28,1196570.8276129423
2007-06-29,1197200.4284453513
2007-07-02,1198468.9117593446
2007-07-03,1198180.0826334828
2007-07-04,1198682.9562548106
2007-07-05,1198630.3498416978
2007-07-06,1199713.0248968995
2007-07-09,1200107.2029127795
2007-07-10,1198984.9740324393
2007-07-11,1199747.3044224824
2007-07-12,1201371.365621371
2007-07-13,1201893.3216683208
2007-07-16,1202011.7882187315
2007-07-17,1202319.1297993974
2007-07-18,1202561.3264058083
2007-07-19,1203288.7566908281
2007-07-20,1202146.0104337207
2007-07-23,1202439.7809167092
2007-07-24,1200883.8282825162
2007-07-25,1200697.3181041325
2007-07-26,1198579.9389287103
2007-07-27,1198132.0413772631
2007-07-30,1197462.5428361264
2007-07-31,1197176.2085902076
2007-08-01,1197038.3804841223
2007-08-02,1197140.0122998059
2007-08-03,1197172.4739780745
2007-08-06,1196886.8138208836
2007-08-07,1196441.5646697227
2007-08-08,1196607.206599281
2007-08-09,1196183.9375491051
2007-08-10,1196226.1827514681
2007-08-13,1195924.0660214073
2007-08-14,1195946.297134152
2007-08-15,1196118.2225862613
2007-08-16,1196115.5098333037
2007-08-17,1196073.0577701747
2007-08-20,1196073.0577701747
2007-08-21,1196073.0577701747
2007-08-22,1196073.0577701747
2007-08-23,1196073.0577701747
2007-08-24,1196073.0577701747
2007-08-27,1196073.0577701747
2007-08-28,1196073.0577701747
2007-08-29,1196073.0577701747
2007-08-30,1196073.0577701747
2007-08-31,1196073.0577701747
2007-09-03,1196073.0577701747
2007-09-04,1196073.0577701747
2007-09-05,1196073.0577701747
2007-09-06,1196073.0577701747
2007-09-07,1196206.5126210493
2007-09-10,1196274.3823821256
2007-09-11,1196534.8746014393
2007-09-12,1196505.1002751116
2007-09-13,1196319.4665468885
2007-09-14,1196173.085580752
2007-09-17,1196703.3361170678
2007-09-18,1197778.6453898791
2007-09-19,1197597.234696098
2007-09-20,1198701.3271985531
2007-09-21,1198617.9131677602
2007-09-24,1198394.8081696972
2007-09-25,1198372.432532772
2007-09-26,1198475.7111026635
2007-09-27,1199137.545350162
2007-09-28,1199729.2950151553
2007-10-01,1199783.609752412
2007-10-02,1198633.023651921
2007-10-03,1198210.0308361407
2007-10-04,1198845.4986005924
2007-10-05,1199842.4989055665
2007-10-08,1198782.108951489
2007-10-09,1199501.1682373872
2007-10-10,1199717.1699397443
2007-10-11,1200192.6965750784
2007-10-12,1200972.1378448985
2007-10-15,1200976.935911907
2007-10-16,1200422.573205385
2007-10-17,1200559.8192788092
2007-10-18,1201419.0822497457
2007-10-19,1200045.8083771875
2007-10-22,1198167.5507019837
2007-10-23,1199427.9529801598
2007-10-24,1199839.5891845224
2007-10-25,1201012.389094644
2007-10-26,1202511.151979437
2007-10-29,1203816.9838618815
2007-10-30,1202994.7786820896
2007-10-31,1205615.606424244
2007-11-01,1202957.3194554562
2007-11-02,1205307.7981196446
2007-11-05,1204328.6724743543
2007-11-06,1206526.561042205
2007-11-07,1205504.029433607
2007-11-08,1205226.8208294073
2007-11-09,1203856.884910041
2007-11-12,1200977.3509499312
2007-11-13,1200220.4632135401
2007-11-14,1200106.417678877
2007-11-15,1199526.445551852
2007-11-16,1199747.0704519025
2007-11-19,1200048.7338086264
2007-11-20,1200515.829887057
2007-11-21,1200817.2746395115
2007-11-22,1200566.598619552
2007-11-23,1200624.5131894217
2007-11-26,1200615.9357157443
2007-11-27,1199819.672813121
2007-11-28,1199191.3912519214
2007-11-29,1198577.2712855197
2007-11-30,1197845.4928624616
2007-12-03,1197769.3665430304
2007-12-04,1198191.532797745
2007-12-05,1197266.5919728102
2007-12-06,1197162.9171422708
2007-12-07,1197163.399664763
2007-12-10,1197319.3019176358
2007-12-11,1197150.722688869
2007-12-12,1197299.5330916245
2007-12-13,1197052.0934526715
2007-12-14,1196915.450519139
2007-12-17,1197008.339870887
2007-12-18,1196979.6133040907
2007-12-19,1197046.1947149972
2007-12-20,1197165.971050013
2007-12-21,1197002.3865669465
2007-12-24,1197002.3865669465
2007-12-25,1197002.3865669465
2007-12-26,1197002.3865669465
2007-12-27,1197002.3865669465
2007-12-28,1197002.3865669465
2007-12-31,1197002.3865669465
2008-01-01,1197002.3865669465
2008-01-02,1197002.3865669465
2008-01-03,1197106.9217580324
2008-01-04,1197015.1570095115
2008-01-07,1196988.8111267395
2008-01-08,1197308.7463394697
2008-01-09,1197158.2260590992
2008-01-10,1197345.8901852581
2008-01-11,1197475.760029891
2008-01-14,1197362.4168223648
2008-01-15,1197874.4149930256
2008-01-16,1197827.2517405574
2008-01-17,1198609.363074353
2008-01-18,1198616.9738404204
2008-01-21,1200314.7417695434
2008-01-22,1198884.6363166175
2008-01-23,1198857.3440639633
2008-01-24,1197880.1857110264
2008-01-25,1197916.2459131405
2008-01-28,1198200.356921388
2008-01-29,1197543.747613706
2008-01-30,1198097.6507935612
2008-01-31,1197378.450588827
2008-02-01,1196534.5572321783
2008-02-04,1196431.3621197594
2008-02-05,1196790.0694203395
2008-02-06,1197110.6495826386
2008-02-07,1197631.9053361514
2008-02-08,1197947.459001108
2008-02-11,1198049.4036136945
2008-02-12,1197082.4284619088
2008-02-13,1196792.2484763558
2008-02-14,1196651.2462421996
2008-02-15,1196942.9061351344
2008-02-18,1196806.781149595
2008-02-19,1197296.604333438
2008-02-20,1197776.9624600203
2008-02-21,1197184.293799657
2008-02-22,1197405.9253770176
2008-02-25,1196869.1620763936
2008-02-26,1196908.038308794
2008-02-27,1197368.326666122
2008-02-28,1198184.1505065884
2008-02-29,1197723.1664900368
2008-03-03,1198304.9926138434
2008-03-04,1197629.8635811133
2008-03-05,1198657.3011196838
2008-03-06,1198766.0306561477
2008-03-07,1198662.7829077255
2008-03-10,1198787.7341753836
2008-03-11,1198173.8557214728
2008-03-12,1199347.4236561412
2008-03-13,1199823.0958323034
2008-03-14,1200309.186859975
2008-03-17,1199775.4984662984
2008-03-18,1198337.505282539
2008-03-19,1197486.0618665747
2008-03-20,1196168.4496120901
2008-03-21,1196099.172411486
2008-03-24,1195011.5994321508
2008-03-25,1195302.0271752027
2008-03-26,1196416.3386814962
2008-03-27,1196360.8504830825
2008-03-28,1196159.1342115388
2008-03-31,1195615.0624872437
2008-04-01,1194360.0622755282
2008-04-02,1194579.8091768422
2008-04-03,1194508.3111084683
2008-04-04,1194757.3398531424
2008-04-07,1194938.6846015267
2008-04-08,1194831.8440231914
2008-04-09,1195300.0801749418
2008-04-10,1194944.1002842244
2008-04-11,1195231.2446997568
2008-04-14,1195423.8793939028
2008-04-15,1195417.6911522874
2008-04-16,1195711.0471728349
2008-04-17,1195565.8995458805
2008-04-18,1195570.7709389399
2008-04-21,1195786.5811655917
2008-04-22,1196128.1743744202
2008-04-23,1195885.7110099483
2008-04-24,1195239.79542236
2008-04-25,1195433.8608796275
2008-04-28,1195448.7410857966
2008-04-29,1195035.877570987
2008-04-30,1195009.8160688493
2008-05-01,1194646.9937844477
2008-05-02,1194907.1175144154
2008-05-05,1195216.2273171828
2008-05-06,1195455.7321419858
2008-05-07,1195306.7014373175
2008-05-08,1195348.5032420752
2008-05-09,1195490.4226094433
2008-05-12,1195275.7980313855
2008-05-13,1195481.4608505534
2008-05-14,1195276.2402710167
2008-05-15,1195336.6649293753
2008-05-16,1195511.067933515
2008-05-19,1195524.3278140149
2008-05-20,1195853.2067458804
2008-05-21,1196420.997695091
2008-05-22,1195951.4089171006
2008-05-23,1196111.3288075118
2008-05-26,1196250.6133605896
2008-05-27,1195778.6551592632
2008-05-28,1196089.009714466
2008-05-29,1195570.5698005767
2008-05-30,1195607.9145605022
2008-06-02,1195351.222832315
2008-06-03,1195013.9429414263
2008-06-04,1195152.474047733
2008-06-05,1195770.3951692418
2008-06-06,1196355.9987667773
2008-06-09,1195734.5823793593
2008-06-10,1195397.888058737
2008-06-11,1195711.4897799436
2008-06-12,1195562.8396871565
2008-06-13,1195572.4757287179
2008-06-16,1195784.0953099758
2008-06-17,1195866.4052988177
2008-06-18,1196050.560403191
2008-06-19,1196025.3853108294
2008-06-20,1195991.021681942
2008-06-23,1196083.4052948966
2008-06-24,1196434.023629955
2008-06-25,1196386.5268641356
2008-06-26,1197103.464375602
2008-06-27,1197231.9785295355
2008-06-30,1196717.504575169
2008-07-01,1196989.0578432719
2008-07-02,1198162.268103845
2008-07-03,1197989.7660152551
2008-07-04,1198263.0124619184
2008-07-07,1197927.3907256443
2008-07-08,1196843.492887798
2008-07-09,1197301.5165143628
2008-07-10,1198210.8765812446
2008-07-11,1199309.5428877014
2008-07-14,1199823.662411367
2008-07-15,1199722.238837875
2008-07-16,1197988.9543536648
2008-07-17,1197768.815661377
2008-07-18,1197584.534354471
2008-07-21,1198113.718196639
2008-07-22,1196642.470052785
2008-07-23,1195689.2372244722
2008-07-24,1195867.2209018208
2008-07-25,1195967.4345875822
2008-07-28,1196517.5650233089
2008-07-29,1195280.9717263365
2008-07-30,1194270.2682315381
2008-07-31,1194553.2507464564
2008-08-01,1194861.6380172442
2008-08-04,1195234.1490375097
2008-08-05,1194176.5516822203
2008-08-06,1194310.554222933
2008-08-07,1194758.1549644643
2008-08-08,1194525.732576746
2008-08-11,1194455.9067345469
2008-08-12,1194713.5522949912
2008-08-13,1195188.2725182034
2008-08-14,1195341.0814056287
2008-08-15,1195340.278112467
2008-08-18,1195650.7365880022
2008-08-19,1195794.952757475
2008-08-20,1195630.0303828192
2008-08-21,1194903.6159856499
2008-08-22,1195012.7994730892
2008-08-25,1195331.661459124
2008-08-26,1195418.9416827196
2008-08-27,1195179.2201858682
2008-08-28,1195254.4153771172
2008-08-29,1195828.39916927
2008-09-01,1196256.5940088124
2008-09-02,1197042.9365418055
2008-09-03,1197141.3736909097
2008-09-04,1199268.718459906
2008-09-05,1198661.4975998679
2008-09-08,1198551.1893649402
2008-09-09,1199980.938173258
2008-09-10,1200261.1969279614
2008-09-11,1199585.5645814356
2008-09-12,1196736.0742053129
2008-09-15,1199350.9799861938
2008-09-16,1200165.5398181956
2008-09-17,1200305.2823975473
2008-09-18,1197407.0194135949
2008-09-19,1192978.4541333285
2008-09-22,1194275.2701216643
2008-09-23,1194813.6227355758
2008-09-24,1194310.4238865334
2008-09-25,1193618.7569203067
2008-09-26,1194030.2452260687
2008-09-29,1199766.434789141
2008-09-30,1197646.1380329153
2008-10-01,1198130.318212209
2008-10-02,1200846.8541341238
2008-10-03,1201324.9978754297
2008-10-06,1208277.6479272377
2008-10-07,1209158.926562822
2008-10-08,1213281.0769220376
2008-10-09,1214892.1209605027
2008-10-10,1218642.18294032
2008-10-13,1210863.331390849
2008-10-14,1211330.9025252075
2008-10-15,1218871.1961351943
2008-10-16,1214850.3804925643
2008-10-17,1215385.005442583
2008-10-20,1213106.7009862107
2008-10-21,1217503.2605226557
2008-10-22,1222304.646841443
2008-10-23,1221087.9885514413
2008-10-24,1228001.722461754
2008-10-27,1231516.3690433921
2008-10-28,1222398.810934766
2008-10-29,1219996.1423722485
2008-10-30,1218251.1766558914
2008-10-31,1219054.9430206062
2008-11-03,1218885.7475167133
2008-11-04,1215626.7302036998
2008-11-05,1217427.5574548906
2008-11-06,1219700.759311892
2008-11-07,1218201.7817928342
2008-11-10,1218790.0235314448
2008-11-11,1220845.1313922915
2008-11-12,1223934.7020767622
2008-11-13,1219936.7210995494
2008-11-14,1222608.9418959161
2008-11-17,1222757.3529245735
2008-11-18,1222152.1313752437
2008-11-19,1224958.5775634416
2008-11-20,1228032.0923429152
2008-11-21,1224827.005716514
2008-11-24,1221116.034092918
2008-11-25,1221665.2451574223
2008-11-26,1220905.1298738262
2008-11-27,1220720.00178245
2008-11-28,1221128.4763156069
2008-12-01,1224947.6136413298
2008-12-02,1223688.5916852024
2008-12-03,1223192.3046647108
2008-12-04,1224409.3656794159
2008-12-05,1223680.317776166
2008-12-08,1221689.1612311332
2008-12-09,1222265.1237039787
2008-12-10,1221572.1034962845
2008-12-11,1220908.698447507
2008-12-12,1220505.5661859056
2008-12-15,1220444.7797819627
2008-12-16,1219055.9596033483
2008-12-17,1219522.1737912947
2008-12-18,1219474.2895808571
2008-12-19,1219348.1149667713
2008-12-22,1219612.998961417
2008-12-23,1219813.3401981748
2008-12-24,1220021.1562463732
2008-12-25,1219997.5678498456
2008-12-26,1219927.5457329364
2008-12-29,1219802.1010777003
2008-12-30,1219278.8736861956
2008-12-31,1218558.28785397
2009-01-01,1218462.5572047213
2009-01-02,1218393.5569665735
2009-01-05,1218350.7271892624
2009-01-06,1218213.223985052
2009-01-07,1217786.718349944
2009-01-08,1217727.218954148
2009-01-09,1217750.802342942
2009-01-12,1218053.0547517308
2009-01-13,1218358.2335435296
2009-01-14,1218253.6490505117
2009-01-15,1218217.7208703966
2009-01-16,1218133.8901739751
2009-01-19,1218430.3233325763
2009-01-20,1218899.3703788964
2009-01-21,1218767.0199759644
2009-01-22,1218923.776680866
2009-01-23,1219014.041094117
2009-01-26,1218647.2036370942
2009-01-27,1218554.1476553155
2009-01-28,1218283.6106012193
2009-01-29,1218425.7893490996
2009-01-30,1218352.407479138
2009-02-02,1218276.5160143836
2009-02-03,1217894.33059764
2009-02-04,1218081.9655058007
2009-02-05,1217886.7974617279
2009-02-06,1217576.2303302037
2009-02-09,1217339.7867133976
2009-02-10,1217856.457979228
2009-02-11,1218224.5394149076
2009-02-12,1218386.9639642825
2009-02-13,1217862.2639172263
2009-02-16,1217898.1223827435
2009-02-17,1218561.983740791
2009-02-18,1218744.9980305042
2009-02-19,1218198.5625290766
2009-02-20,1218301.4336122377
2009-02-23,1218890.6577424982
2009-02-24,1217621.7127150309
2009-02-25,1217851.760959493
2009-02-26,1217728.1435082294
2009-02-27,1217999.7059974985
2009-03-02,1219504.6689279086
2009-03-03,1219716.7998998726
2009-03-04,1217820.609448702
2009-03-05,1219232.293222471
2009-03-06,1218946.5863150842
2009-03-09,1219784.0552439308
2009-03-10,1217563.7895669881
2009-03-11,1217210.37125251
2009-03-12,1216233.1280982797
2009-03-13,1215781.5839684166
2009-03-16,1215560.3078665377
2009-03-17,1215026.7826452132
2009-03-18,1214318.0808311743
2009-03-19,1214213.7954369362
2009-03-20,1214141.3274493283
2009-03-23,1213621.4148419914
2009-03-24,1213725.712037682
2009-03-25,1213686.5625509943
2009-03-26,1213631.4105584656
2009-03-27,1213987.6257105656
2009-03-30,1214473.2766672496
2009-03-31,1214191.0922408514
2009-04-01,1213888.6162164586
2009-04-02,1213471.7244088224
2009-04-03,1213327.9487234673
2009-04-06,1213274.507029806
2009-04-07,1213190.2253111312
2009-04-08,1213177.691723743
2009-04-09,1213010.6393162927
2009-04-10,1213010.6393162927
2009-04-13,1213010.6393162927
2009-04-14,1213010.6393162927
2009-04-15,1213010.6393162927
2009-04-16,1213010.6393162927
2009-04-17,1213010.6393162927
2009-04-20,1213010.6393162927
2009-04-21,1213010.6393162927
2009-04-22,1213010.6393162927
2009-04-23,1213010.6393162927
2009-04-24,1213010.6393162927
2009-04-27,1213010.6393162927
2009-04-28,1213010.6393162927
2009-04-29,1213010.6393162927
2009-04-30,1213010.6393162927
2009-05-01,1213010.6393162927
2009-05-04,1213010.6393162927
2009-05-05,1213010.6393162927
2009-05-06,1213010.6393162927
2009-05-07,1213010.6393162927
2009-05-08,1213010.6393162927
2009-05-11,1213010.6393162927
2009-05-12,1213010.6393162927
2009-05-13,1213010.6393162927
2009-05-14,1213010.6393162927
2009-05-15,1213010.6393162927
2009-05-18,1213010.6393162927
2009-05-19,1213010.6393162927
2009-05-20,1213010.6393162927
2009-05-21,1213010.6393162927
2009-05-22,1213010.6393162927
2009-05-25,1213010.6393162927
2009-05-26,1213010.6393162927
2009-05-27,1213010.6393162927
2009-05-28,1213010.6393162927
2009-05-29,1213010.6393162927
2009-06-01,1213109.668320361
2009-06-02,1213390.1102459629
2009-06-03,1212751.958222895
2009-06-04,1213031.3022260596
2009-06-05,1212521.6077112618
2009-06-08,1212355.6806628753
2009-06-09,1212550.8528236602
2009-06-10,1212557.1542770725
2009-06-11,1212844.5000233108
2009-06-12,1212485.9610190382
2009-06-15,1211787.247442324
2009-06-16,1211605.2876488857
2009-06-17,1211575.4764862617
2009-06-18,1211813.6645430443
2009-06-19,1211978.739756378
2009-06-22,1211188.4866015338
2009-06-23,1211058.4225122263
2009-06-24,1211105.1231214707
2009-06-25,1211364.533108794
2009-06-26,1211383.0262377765
2009-06-29,1211487.8963852702
2009-06-30,1211455.4780009715
2009-07-01,1211602.7077339827
2009-07-02,1210978.2958034405
2009-07-03,1211165.4150220624
2009-07-06,1210985.369435369
2009-07-07,1210761.528839432
2009-07-08,1210744.5105583942
2009-07-09,1210739.9775978697
2009-07-10,1210749.4582775787
2009-07-13,1210676.2226412813
2009-07-14,1210860.9050175827
2009-07-15,1211011.3076721372
2009-07-16,1211047.4756143277
2009-07-17,1211000.7976510446
2009-07-20,1211329.3086273621
2009-07-21,1211523.33461461
2009-07-22,1211483.361037815
2009-07-23,1211583.8693032537
2009-07-24,1211844.4724975042
2009-07-27,1211959.1347736167
2009-07-28,1212028.940591406
2009-07-29,1211867.910368881
2009-07-30,1212191.422996425
2009-07-31,1212353.8601965527
2009-08-03,1212884.6998659838
2009-08-04,1212761.521363099
2009-08-05,1212415.1860947923
2009-08-06,1212042.652537247
2009-08-07,1211969.5075665147
2009-08-10,1211270.8679709302
2009-08-11,1210451.07640585
2009-08-12,1210967.0835647807
2009-08-13,1211508.5873892566
2009-08-14,1210560.8963931801
2009-08-17,1208262.7601002485
2009-08-18,1209123.0884325795
2009-08-19,1209500.256640332
2009-08-20,1210107.2921740026
2009-08-21,1211128.4640125022
2009-08-24,1211220.1353642337
2009-08-25,1211001.0328568146
2009-08-26,1210432.1006498924
2009-08-27,1210954.3740354688
2009-08-28,1210919.8856550315
2009-08-31,1210403.8029929495
2009-09-01,1208366.2344720282
2009-09-02,1208376.8430803197
2009-09-03,1209009.715933986
2009-09-04,1210409.7651868325
2009-09-07,1211249.1513567823
2009-09-08,1211780.600668062
2009-09-09,1212219.081621843
2009-09-10,1212738.1571839664
2009-09-11,1212501.5339404247
2009-09-14,1212223.4178173582
2009-09-15,1212782.4502103154
2009-09-16,1214170.992320463
2009-09-17,1214321.3907905356
2009-09-18,1214100.1510048849
2009-09-21,1213629.318627782
2009-09-22,1214600.1421871046
2009-09-23,1213584.1690808274
2009-09-24,1212581.8647066343
2009-09-25,1212114.8669575343
2009-09-28,1212521.8030470032
2009-09-29,1212278.2549841972
2009-09-30,1212864.2260881658
2009-10-01,1211371.4645785003
2009-10-02,1211460.9235298715
2009-10-05,1212486.2397009651
2009-10-06,1214009.9911048764
2009-10-07,1214133.508159199
2009-10-08,1215088.1468541326
2009-10-09,1215265.6962054553
2009-10-12,1215776.2632661727
2009-10-13,1216230.9297280614
2009-10-14,1217063.817759897
2009-10-15,1217067.5676465845
2009-10-16,1216582.2274787652
2009-10-19,1218170.3425177813
2009-10-20,1216966.303622554
2009-10-21,1217354.6780928697
2009-10-22,1217839.689156632
2009-10-23,1217166.6540940362
2009-10-26,1215834.1932206093
2009-10-27,1215438.8486971743
2009-10-28,1213361.0002480461
2009-10-29,1214565.543247104
2009-10-30,1212373.3913268137
2009-11-02,1212337.1790276798
2009-11-03,1212693.330740613
2009-11-04,1212965.9408579923
2009-11-05,1213099.4084966572
2009-11-06,1213147.7589281355
2009-11-09,1214181.105495929
2009-11-10,1214115.9449653318
2009-11-11,1214190.2901377676
2009-11-12,1213249.9412405703
2009-11-13,1214100.3336177757
2009-11-16,1215310.5103992382
2009-11-17,1215219.670536609
2009-11-18,1215282.5917614594
2009-11-19,1214085.3180007273
2009-11-20,1213509.2062652172
2009-11-23,1214563.5474262263
2009-11-24,1214334.3194653932
2009-11-25,1215669.4967185538
2009-11-26,1213605.2276265842
2009-11-27,1213072.6522909682
2009-11-30,1213248.394610135
2009-12-01,1214709.2486972315
2009-12-02,1214944.8234857486
2009-12-03,1214206.9512093249
2009-12-04,1213214.0796384134
2009-12-07,1212354.6971615495
2009-12-08,1211384.4965904183
2009-12-09,1211603.7414202876
2009-12-10,1211863.6022242648
2009-12-11,1211712.8346067632
2009-12-14,1212098.6671928552
2009-12-15,1211630.0595750443
2009-12-16,1211679.250688986
2009-12-17,1210839.317665579
2009-12-18,1211008.4770852032
2009-12-21,1211349.4372413757
2009-12-22,1211742.022127152
2009-12-23,1211921.766660082
2009-12-24,1212235.892437246
2009-12-25,1212235.892437246
2009-12-28,1212429.2550799088
2009-12-29,1212638.216253467
2009-12-30,1212495.458437979
2009-12-31,1212283.4604423777
2010-01-01,1212283.4604423777
2010-01-04,1213178.0867296422
2010-01-05,1213254.8119778777
2010-01-06,1213243.5659427147
2010-01-07,1213163.1605508325
2010-01-08,1213548.8848545495
2010-01-11,1213306.5167211264
2010-01-12,1212033.7802609599
2010-01-13,1212652.591727801
2010-01-14,1213216.106275461
2010-01-15,1211993.7121201402
2010-01-18,1212354.7572163553
2010-01-19,1212613.1753771445
2010-01-20,1211004.6235393875
2010-01-21,1209542.1045240613
2010-01-22,1208934.7527901449
2010-01-25,1208663.0783059336
2010-01-26,1208358.9453717575
2010-01-27,1208391.0824152115
2010-01-28,1208519.9875217243
2010-01-29,1208639.7624725197
2010-02-01,1208277.0766399961
2010-02-02,1208170.0898839415
2010-02-03,1208137.8761872002
2010-02-04,1208792.6180628014
2010-02-05,1208963.9780497337
2010-02-08,1209205.9218392158
2010-02-09,1208405.5556572427
2010-02-10,1208742.4335359798
2010-02-11,1208755.8611792454
2010-02-12,1208919.4810614325
2010-02-15,1209082.681027239
2010-02-16,1208266.8713079663
2010-02-17,1208764.8920499333
2010-02-18,1209133.5073233973
2010-02-19,1208986.8002588912
2010-02-22,1209001.9055542503
2010-02-23,1209579.2365868103
2010-02-24,1209507.9899351378
2010-02-25,1209918.5917263953
2010-02-26,1209715.433174025
2010-03-01,1210283.0653590637
2010-03-02,1210183.540115266
2010-03-03,1209774.5222854726
2010-03-04,1210038.1091623474
2010-03-05,1209465.5642168636
2010-03-08,1209461.053531795
2010-03-09,1209716.6365158337
2010-03-10,1209678.7481309853
2010-03-11,1209545.0114734666
2010-03-12,1209083.3383857873
2010-03-15,1209427.5311606885
2010-03-16,1209094.0552652844
2010-03-17,1209447.4955278907
2010-03-18,1209923.4566710128
2010-03-19,1210246.4731191178
2010-03-22,1210328.1176706045
2010-03-23,1210992.1557834751
2010-03-24,1210988.5942478715
2010-03-25,1211038.3409841922
2010-03-26,1210561.9174384128
2010-03-29,1210506.0577439256
2010-03-30,1210414.1978087798
2010-03-31,1210020.8453123672
2010-04-01,1211140.9792333539
2010-04-02,1211488.4818445668
2010-04-05,1212014.764870902
2010-04-06,1212093.6454047544
2010-04-07,1211531.9688299317
2010-04-08,1211659.3560907794
2010-04-09,1211923.0873095659
2010-04-12,1211003.640341017
2010-04-13,1211146.3629734837
2010-04-14,1212495.259355408
2010-04-15,1212493.5802065684
2010-04-16,1209631.084856928
2010-04-19,1209396.2656687389
2010-04-20,1210876.036074838
2010-04-21,1210211.6123349124
2010-04-22,1210499.9351808366
2010-04-23,1211330.486071716
2010-04-26,1210819.642123024
2010-04-27,1208809.2431453161
2010-04-28,1209816.0783194269
2010-04-29,1210837.2367249923
2010-04-30,1209770.3223954975
2010-05-03,1210843.5928327485
2010-05-04,1208606.335721834
2010-05-05,1208178.0387154135
2010-05-06,1209985.0098665648
2010-05-07,1209584.2302174482
2010-05-10,1208179.2348268495
2010-05-11,1209063.223422835
2010-05-12,1209206.0441030948
2010-05-13,1209888.7790634455
2010-05-14,1210509.1727901974
2010-05-17,1210295.1922975527
2010-05-18,1211326.6650799774
2010-05-19,1209916.2115511643
2010-05-20,1210181.1127016624
2010-05-21,1209506.8202127076
2010-05-24,1210379.5721839657
2010-05-25,1210383.1637661813
2010-05-26,1211279.42672028
2010-05-27,1210284.4658366547
2010-05-28,1210725.71722272
2010-05-31,1210488.8110883087
2010-06-01,1210774.259751592
2010-06-02,1210452.685018196
2010-06-03,1210399.9374992393
2010-06-04,1211423.3931539464
2010-06-07,1211909.6923206688
2010-06-08,1211709.7966855715
2010-06-09,1211517.8626741916
2010-06-10,1210701.988573728
2010-06-11,1210851.9949088744
2010-06-14,1210165.1236304955
2010-06-15,1209952.246159139
2010-06-16,1210010.734835856
2010-06-17,1209772.7175149082
2010-06-18,1209932.7254697983
2010-06-21,1209661.0128702426
2010-06-22,1209929.141809462
2010-06-23,1209617.4666312875
2010-06-24,1209736.398821423
2010-06-25,1209617.8170506624
2010-06-28,1209637.6441421139
2010-06-29,1209985.1578759367
2010-06-30,1209900.8478321761
2010-07-01,1208630.6134956025
2010-07-02,1208670.779354453
2010-07-05,1208626.9269952772
2010-07-06,1208284.4283921688
2010-07-07,1208086.8594647013
2010-07-08,1207834.2460031959
2010-07-09,1208030.4129104863
2010-07-12,1207873.963513595
2010-07-13,1207830.2608557863
2010-07-14,1207730.4803249824
2010-07-15,1207792.4839603645
2010-07-16,1207957.7775373273
2010-07-19,1207763.9489292293
2010-07-20,1207547.5309133823
2010-07-21,1207926.4305499413
2010-07-22,1207628.9420333954
2010-07-23,1207368.0108640098
2010-07-26,1207301.2102297007
2010-07-27,1207143.5516599193
2010-07-28,1207167.67969946
2010-07-29,1207156.1766950595
2010-07-30,1207330.2606463565
2010-08-02,1207010.5268961864
2010-08-03,1207240.493553346
2010-08-04,1207319.5060202982
2010-08-05,1207363.687367765
2010-08-06,1207235.2742524943
2010-08-09,1207190.1670900232
2010-08-10,1207318.5590538313
2010-08-11,1206962.7929617227
2010-08-12,1206889.1751800184
2010-08-13,1206770.0839051374
2010-08-16,1206895.5380041562
2010-08-17,1206951.5984595383
2010-08-18,1206583.4070188657
2010-08-19,1206163.266885873
2010-08-20,1206258.065526536
2010-08-23,1206464.4584526636
2010-08-24,1206570.5661127775
2010-08-25,1206437.9986954783
2010-08-26,1206439.9666906106
2010-08-27,1206501.5061026863
2010-08-30,1206618.7986179993
2010-08-31,1206795.6577675636
2010-09-01,1207060.8055805843
2010-09-02,1207161.971025293
2010-09-03,1207249.3309498078
2010-09-06,1207219.5635374438
2010-09-07,1207294.7746845798
2010-09-08,1207451.9552046608
2010-09-09,1207684.102283678
2010-09-10,1207625.8897959325
2010-09-13,1207733.9577744228
2010-09-14,1207800.109766033
2010-09-15,1207422.0394464387
2010-09-16,1207549.5768195672
2010-09-17,1207417.0103685872
2010-09-20,1208223.412195086
2010-09-21,1208253.1021466448
2010-09-22,1208288.2780409784
2010-09-23,1207909.8330316627
2010-09-24,1208984.910895681
2010-09-27,1208754.1626064857
2010-09-28,1209249.428823331
2010-09-29,1209162.402341803
2010-09-30,1208888.2513938006
2010-10-01,1209414.5106442568
2010-10-04,1208892.7365242378
2010-10-05,1210214.1174289244
2010-10-06,1210432.9636665164
2010-10-07,1210327.57984722
2010-10-08,1210714.8851475911
2010-10-11,1210868.8155890694
2010-10-12,1211060.106038899
2010-10-13,1211862.7695136264
2010-10-14,1212133.510258921
2010-10-15,1211719.1986475056
2010-10-18,1211340.364144158
2010-10-19,1209329.454404452
2010-10-20,1210614.4812550899
2010-10-21,1209889.2881958254
2010-10-22,1210105.7026199028
2010-10-25,1210276.0748383466
2010-10-26,1209945.3649153926
2010-10-27,1209228.7600030007
2010-10-28,1209778.5247988736
2010-10-29,1209905.859538813
2010-11-01,1209997.7443214098
2010-11-02,1211112.6950184233
2010-11-03,1211735.4255654055
2010-11-04,1213085.3025062776
2010-11-05,1213009.604436683
2010-11-08,1212530.6326336316
2010-11-09,1211256.8045494077
2010-11-10,1212057.5562917362
2010-11-11,1211706.25925975
2010-11-12,1209618.7778526659
2010-11-15,1209436.2307112683
2010-11-16,1207883.1988649033
2010-11-17,1207854.5795519648
2010-11-18,1208969.2249803909
2010-11-19,1208655.982487855
2010-11-22,1208698.034138566
2010-11-23,1206801.3702586405
2010-11-24,1207797.8534775435
2010-11-25,1207901.343533907
2010-11-26,1206700.8514398918
2010-11-29,1206900.5449691194
2010-11-30,1206452.7084780484
2010-12-01,1207351.42753171
2010-12-02,1208186.0082992555
2010-12-03,1208532.0958222663
2010-12-06,1208478.332841218
2010-12-07,1208045.6175433625
2010-12-08,1208136.2326378918
2010-12-09,1208229.906954815
2010-12-10,1208503.3441572029
2010-12-13,1208728.2146060362
2010-12-14,1208928.3648290343
2010-12-15,1208516.8524959735
2010-12-16,1208521.9604098513
2010-12-17,1208242.646288227
2010-12-20,1208396.0244542928
2010-12-21,1208952.922566804
2010-12-22,1209231.5284132296
2010-12-23,1209180.1169205192
2010-12-24,1209204.8940328872
2010-12-27,1209205.2959476493
2010-12-28,1209568.328902788
2010-12-29,1209680.4302337873
2010-12-30,1208994.1234907084
2010-12-31,1209347.3964989292
2011-01-03,1209558.2033369166
2011-01-04,1208588.5111000615
2011-01-05,1209177.189344655
2011-01-06,1208746.057732722
2011-01-07,1208704.8470482575
2011-01-10,1208613.4195959298
2011-01-11,1208901.5964493465
2011-01-12,1209423.0421338354
2011-01-13,1208341.3112548203
2011-01-14,1208197.9040475637
2011-01-17,1207969.0650932053
2011-01-18,1208687.525393005
2011-01-19,1207275.550904844
2011-01-20,1205934.5223689007
2011-01-21,1205788.0779981671
2011-01-24,1206502.4774633448
2011-01-25,1206214.4920308476
2011-01-26,1206725.816753194
2011-01-27,1206710.9575013812
2011-01-28,1205183.6598666243
2011-01-31,1205908.2026376135
2011-02-01,1207265.7731146188
2011-02-02,1207698.444104576
2011-02-03,1207624.1335057823
2011-02-04,1207878.5731436333
2011-02-07,1207820.399365395
2011-02-08,1208275.737482965
2011-02-09,1208105.1238957592
2011-02-10,1207636.2739663322
2011-02-11,1207808.1808567026
2011-02-14,1207687.3521578412
2011-02-15,1207514.632815707
2011-02-16,1208346.4092916476
2011-02-17,1208917.9351715338
2011-02-18,1209228.6778286642
2011-02-21,1208269.2179670308
2011-02-22,1206028.7804507748
2011-02-23,1206245.0480575436
2011-02-24,1205845.7662594127
2011-02-25,1206325.6076276754
2011-02-28,1206709.850618957
2011-03-01,1206400.0085117551
2011-03-02,1207060.7111016146
2011-03-03,1207204.387914834
2011-03-04,1207578.7994279389
2011-03-07,1207217.959658679
2011-03-08,1207185.338679048
2011-03-09,1207237.4730914074
2011-03-10,1205663.2748265734
2011-03-11,1205844.0062863724
2011-03-14,1206067.857424318
2011-03-15,1204290.8450480471
2011-03-16,1204606.8379655979
2011-03-17,1205036.0113018733
2011-03-18,1205357.6649712762
2011-03-21,1205671.6626690442
2011-03-22,1205998.4729935604
2011-03-23,1205825.9630551466
2011-03-24,1205644.1926748198
2011-03-25,1205512.5325513678
2011-03-28,1204986.6479655392
2011-03-29,1205187.1850555472
2011-03-30,1205620.7282335253
2011-03-31,1206091.575877331
2011-04-01,1206783.0579762515
2011-04-04,1206703.8425457387
2011-04-05,1207368.4738945675
2011-04-06,1208520.439669057
2011-04-07,1208607.0743877222
2011-04-08,1210080.382396236
2011-04-11,1208984.4656254929
2011-04-12,1207678.9659008186
2011-04-13,1208165.999996428
2011-04-14,1208815.4083918482
2011-04-15,1208872.0785596794
2011-04-18,1207680.015545665
2011-04-19,1208146.9618289778
2011-04-20,1209848.3235282619
2011-04-21,1210141.3011879665
2011-04-22,1210102.6399385724
2011-04-25,1210062.6333730747
2011-04-26,1210400.2859162658
2011-04-27,1212064.6976472768
2011-04-28,1212201.6854177618
2011-04-29,1213155.7816811248
2011-05-02,1212332.9311712899
2011-05-03,1210787.057676449
2011-05-04,1209459.0320930383
2011-05-05,1207249.0080374063
2011-05-06,1206714.064445887
2011-05-09,1206765.8185438574
2011-05-10,1207542.4662707208
2011-05-11,1206652.153036021
2011-05-12,1206622.325165759
2011-05-13,1205661.8540995684
2011-05-16,1204885.2634444553
2011-05-17,1204836.7368984937
2011-05-18,1205285.2308588708
2011-05-19,1205402.6045124638
2011-05-20,1204911.068353425
2011-05-23,1204131.6128016913
2011-05-24,1204059.990606812
2011-05-25,1203676.4223296
2011-05-26,1203755.2841909549
2011-05-27,1203828.476218452
2011-05-30,1203828.476218452
2011-05-31,1204047.0225074347
2011-06-01,1203646.4692933755
2011-06-02,1203679.3740464295
2011-06-03,1203548.7089758054
2011-06-06,1203513.5957565187
2011-06-07,1203472.9008436347
2011-06-08,1203259.485179629
2011-06-09,1203151.0427373801
2011-06-10,1203151.0427373801
2011-06-13,1203151.0427373801
2011-06-14,1203151.0427373801
2011-06-15,1203151.0427373801
2011-06-16,1203151.0427373801
2011-06-17,1203151.0427373801
2011-06-20,1203151.0427373801
2011-06-21,1203151.0427373801
2011-06-22,1203151.0427373801
2011-06-23,1203151.0427373801
2011-06-24,1203151.0427373801
2011-06-27,1203151.0427373801
2011-06-28,1203151.0427373801
2011-06-29,1203151.0427373801
2011-06-30,1203151.0427373801
2011-07-01,1203151.0427373801
2011-07-04,1203151.0427373801
2011-07-05,1203151.0427373801
2011-07-06,1203151.0427373801
2011-07-07,1203151.0427373801
2011-07-08,1203151.0427373801
2011-07-11,1203151.0427373801
2011-07-12,1203151.0427373801
2011-07-13,1203151.0427373801
2011-07-14,1203200.7879018378
2011-07-15,1203278.888626308
2011-07-18,1203429.5877889355
2011-07-19,1203211.9022503619
2011-07-20,1203383.888990475
2011-07-21,1203297.2895288235
2011-07-22,1203324.720580048
2011-07-25,1203644.8006357276
2011-07-26,1203789.6599789513
2011-07-27,1203311.9444049832
2011-07-28,1203363.0065742864
2011-07-29,1203262.489092623
2011-08-01,1202911.9014162961
2011-08-02,1202666.6387707589
2011-08-03,1202447.732651645
2011-08-04,1202427.0267175927
2011-08-05,1202676.4980304972
2011-08-08,1203545.0749121886
2011-08-09,1202384.0098004215
2011-08-10,1204190.1079617187
2011-08-11,1202818.5304549327
2011-08-12,1202441.3098379872
2011-08-15,1202467.3870662553
2011-08-16,1202732.0034039775
2011-08-17,1202874.3576480106
2011-08-18,1203580.7492236104
2011-08-19,1204042.6125735645
2011-08-22,1204585.40141917
2011-08-23,1203534.2768853633
2011-08-24,1202580.8034561244
2011-08-25,1202480.4268132164
2011-08-26,1202469.0671351193
2011-08-29,1202357.4678617031
2011-08-30,1202238.1640081415
2011-08-31,1202016.4854651354
2011-09-01,1201949.9598374576
2011-09-02,1202118.9184123129
2011-09-05,1202156.4659823598
2011-09-06,1201836.0742054556
2011-09-07,1201629.9651255521
2011-09-08,1201704.5378406087
2011-09-09,1202292.275603342
2011-09-12,1202350.1400582993
2011-09-13,1202293.2916712733
2011-09-14,1202284.5004349484
2011-09-15,1201913.7266399255
2011-09-16,1201876.1420699623
2011-09-19,1202159.4699591391
2011-09-20,1202179.4684752605
2011-09-21,1202495.7869146303
2011-09-22,1202871.2174284798
2011-09-23,1202452.5731613236
2011-09-26,1202207.385210589
2011-09-27,1201590.8655004057
2011-09-28,1202116.424122818
2011-09-29,1201628.127283145
2011-09-30,1202069.1952762166
2011-10-03,1203073.9355309876
2011-10-04,1202401.599160698
2011-10-05,1202028.5408393142
2011-10-06,1201620.2622797242
2011-10-07,1201509.4647047538
2011-10-10,1200114.8820949476
2011-10-11,1200207.662272814
2011-10-12,1199221.1980608706
2011-10-13,1199221.6633233044
2011-10-14,1198837.2453290306
2011-10-17,1199040.9921370475
2011-10-18,1199046.100301493
2011-10-19,1198943.621072924
2011-10-20,1199027.1664887422
2011-10-21,1198558.0308204202
2011-10-24,1198277.3795133813
2011-10-25,1198439.7609197837
2011-10-26,1198330.1989583927
2011-10-27,1198128.800811976
2011-10-28,1198094.4868434588
2011-10-31,1197773.8220523084
2011-11-01,1197633.4425858196
2011-11-02,1197681.9067332994
2011-11-03,1197836.6140549236
2011-11-04,1197798.1862962982
2011-11-07,1197875.7248815715
2011-11-08,1197962.1784526196
2011-11-09,1197653.1164560183
2011-11-10,1197625.9670582397
2011-11-11,1197792.2841819837
2011-11-14,1197757.3734812741
2011-11-15,1197829.4851225975
2011-11-16,1197630.55170263
2011-11-17,1197463.9816569912
2011-11-18,1197423.2224312199
2011-11-21,1197315.6031919005
2011-11-22,1197326.2077222145
2011-11-23,1197471.4355794871
2011-11-24,1197487.8825714919
2011-11-25,1197558.026851794
2011-11-28,1197070.0007271382
2011-11-29,1197016.6046018105
2011-11-30,1196687.7156826223
2011-12-01,1196720.165587722
2011-12-02,1196670.517496088
2011-12-05,1196695.9825415078
2011-12-06,1196742.7619411608
2011-12-07,1196554.2123215117
2011-12-08,1196830.3049764936
2011-12-09,1196623.1599993156
2011-12-12,1196756.1838589525
2011-12-13,1196859.4967234463
2011-12-14,1197043.8762591402
2011-12-15,1197030.0132732803
2011-12-16,1197033.0731227915
2011-12-19,1197232.937797421
2011-12-20,1196820.027998303
2011-12-21,1196876.9457147773
2011-12-22,1196824.0684440937
2011-12-23,1196757.6680993761
2011-12-26,1196730.6240735154
2011-12-27,1196839.2261993317
2011-12-28,1197142.6612756946
2011-12-29,1197037.160515027
2011-12-30,1197349.5128363955
2012-01-02,1197434.2436289887
2012-01-03,1196850.9397230803
2012-01-04,1197277.5646425225
2012-01-05,1197707.7262716522
2012-01-06,1198198.0662716702
2012-01-09,1198080.6944461956
2012-01-10,1197898.0268220394
2012-01-11,1198148.8985134698
2012-01-12,1197852.35262373
2012-01-13,1198162.144601278
2012-01-16,1198319.4719176951
2012-01-17,1197941.1727229862
2012-01-18,1197199.163777652
2012-01-19,1196968.6006603073
2012-01-20,1196993.7647487249
2012-01-23,1196605.9767307113
2012-01-24,1196557.2152687784
2012-01-25,1196785.48108942
2012-01-26,1196717.0398914341
2012-01-27,1196479.635649225
2012-01-30,1196280.9681041439
2012-01-31,1196123.7409376064
2012-02-01,1196754.798072322
2012-02-02,1196795.8556604416
2012-02-03,1197297.4142300077
2012-02-06,1197201.6746574666
2012-02-07,1197412.3418640157
2012-02-08,1197534.1458876522
2012-02-09,1197660.4859053427
2012-02-10,1197124.4307334316
2012-02-13,1197614.9066678612
2012-02-14,1197551.714318172
2012-02-15,1197226.7861228776
2012-02-16,1197929.8577867025
2012-02-17,1197981.214094984
2012-02-20,1198435.3550272267
2012-02-21,1197995.3669076168
2012-02-22,1197932.5934731057
2012-02-23,1198715.2486296587
2012-02-24,1198940.46101258
2012-02-27,1198835.754831605
2012-02-28,1199123.1353171268
2012-02-29,1197974.8659355214
2012-03-01,1199259.6513171033
2012-03-02,1198640.506268238
2012-03-05,1197987.539399206
2012-03-06,1196442.9543149185
2012-03-07,1196736.1440547495
2012-03-08,1197479.9387804994
2012-03-09,1197713.5521894358
2012-03-12,1197203.0860094465
2012-03-13,1198576.1508233494
2012-03-14,1198121.5161540725
2012-03-15,1198588.8237230743
2012-03-16,1199070.1246468965
2012-03-19,1199479.1928468132
2012-03-20,1198503.6994285325
2012-03-21,1198220.7851860677
2012-03-22,1197293.2965905673
2012-03-23,1197332.8772293748
2012-03-26,1198442.9631129333
2012-03-27,1198175.3979828213
2012-03-28,1197512.3957959807
2012-03-29,1196881.6816985575
2012-03-30,1197003.0916785432
2012-04-02,1197002.0468502434
2012-04-03,1196922.5326351463
2012-04-04,1195492.737638862
2012-04-05,1195558.9401854596
2012-04-06,1195215.2666059854
2012-04-09,1195096.8862241833
2012-04-10,1195113.4855015678
2012-04-11,1194833.452010954
2012-04-12,1194855.592192639
2012-04-13,1194597.3478149804
2012-04-16,1194365.2883985762
2012-04-17,1194219.507399444
2012-04-18,1194219.507399444
2012-04-19,1194219.507399444
2012-04-20,1194219.507399444
2012-04-23,1194218.8264019175
2012-04-24,1194257.4764904182
2012-04-25,1194316.452779519
2012-04-26,1194237.170156985
2012-04-27,1194624.4539675168
2012-04-30,1194332.3912046182
2012-05-01,1194350.3189430016
2012-05-02,1194255.0635368035
2012-05-03,1194149.1527515939
2012-05-04,1193898.6589864003
2012-05-07,1193965.3790534083
2012-05-08,1193964.0484682135
2012-05-09,1194040.1385328514
2012-05-10,1193746.2542135864
2012-05-11,1193740.4843214857
2012-05-14,1194111.6513132257
2012-05-15,1194315.5620785349
2012-05-16,1194392.7541668739
2012-05-17,1194711.4760045076
2012-05-18,1194329.4854342763
2012-05-21,1193620.8163666911
2012-05-22,1194499.5343874658
2012-05-23,1195300.1501345064
2012-05-24,1195381.5455595134
2012-05-25,1195284.5254592798
2012-05-28,1194778.6735236212
2012-05-29,1195196.7153829467
2012-05-30,1196596.6975117219
2012-05-31,1196936.3196581113
2012-06-01,1197370.719117235
2012-06-04,1196667.3411679284
2012-06-05,1196279.442334721
2012-06-06,1193299.7462702133
2012-06-07,1193306.6131435432
2012-06-08,1193051.547640662
2012-06-11,1194017.3675134545
2012-06-12,1192450.7281905378
2012-06-13,1192704.2381020132
2012-06-14,1191516.239126498
2012-06-15,1191364.013903487
2012-06-18,1191129.6254705987
2012-06-19,1190316.8520025313
2012-06-20,1190550.964819927
2012-06-21,1191218.2952559981
2012-06-22,1190651.0667481294
2012-06-25,1191246.0319343829
2012-06-26,1190998.8402959753
2012-06-27,1190814.06092814
2012-06-28,1191274.4068993027
2012-06-29,1189566.70465147
2012-07-02,1189887.7531850599
2012-07-03,1189322.9475432723
2012-07-04,1189514.0887042654
2012-07-05,1189729.369265369
2012-07-06,1189984.1737968468
2012-07-09,1189913.915800366
2012-07-10,1190066.4139884207
2012-07-11,1190088.0873628568
2012-07-12,1190194.751845474
2012-07-13,1190068.48732391
2012-07-16,1190016.0732586663
2012-07-17,1189963.9050814395
2012-07-18,1189985.0793850492
2012-07-19,1190003.7766631537
2012-07-20,1190290.5800220403
2012-07-23,1190500.6213148893
2012-07-24,1190763.731180819
2012-07-25,1190407.478384094
2012-07-26,1189841.6614824438
2012-07-27,1189558.1778180934
2012-07-30,1189799.0387442377
2012-07-31,1189532.3488352832
2012-08-01,1189705.6521427964
2012-08-02,1189842.5059215757
2012-08-03,1189246.0311446614
2012-08-06,1189321.0482815378
2012-08-07,1189468.8124828562
2012-08-08,1189583.3062248733
2012-08-09,1189835.963833949
2012-08-10,1190074.7534011777
2012-08-13,1189868.6072712454
2012-08-14,1189809.4945441098
2012-08-15,1189991.5799109354
2012-08-16,1189918.7290721978
2012-08-17,1189906.3491483391
2012-08-20,1189871.0832185494
2012-08-21,1189518.5422488877
2012-08-22,1189217.0953889848
2012-08-23,1188828.6093099036
2012-08-24,1188760.0095520755
2012-08-27,1188736.9594758889
2012-08-28,1188688.0430759804
2012-08-29,1188582.4725404298
2012-08-30,1188174.4677445097
2012-08-31,1188289.001203283
2012-09-03,1188318.2934836631
2012-09-04,1188122.9381767127
2012-09-05,1188108.8203910291
2012-09-06,1188946.4326139286
2012-09-07,1189653.4175753898
2012-09-10,1189133.8092341325
2012-09-11,1189472.0290606595
2012-09-12,1189519.338379156
2012-09-13,1191086.6116733414
2012-09-14,1191467.9042292088
2012-09-17,1191145.2666006987
2012-09-18,1191283.186144688
2012-09-19,1191250.6247891688
2012-09-20,1191077.0120654416
2012-09-21,1191060.5541758887
2012-09-24,1190782.4184236773
2012-09-25,1190126.4024943127
2012-09-26,1189431.6725750573
2012-09-27,1190257.65667478
2012-09-28,1189576.777910952
2012-10-01,1189603.8678756484
2012-10-02,1189631.2470200944
2012-10-03,1189618.8316192867
2012-10-04,1190417.2927973578
2012-10-05,1190112.227697397
2012-10-08,1189623.123873075
2012-10-09,1188979.2478629972
2012-10-10,1188625.123546028
2012-10-11,1188968.8895643859
2012-10-12,1188653.3425873367
2012-10-15,1188686.4444297743
2012-10-16,1188922.8878450836
2012-10-17,1189386.000489954
2012-10-18,1188598.3068189456
2012-10-19,1187659.7763002394
2012-10-22,1187578.053058562
2012-10-23,1187090.8655358874
2012-10-24,1187092.7548406704
2012-10-25,1186994.1915911417
2012-10-26,1186919.6024959031
2012-10-29,1186984.62372001
2012-10-30,1187014.211072686
2012-10-31,1186824.5063264347
2012-11-01,1186955.8284763105
2012-11-02,1187094.9453466514
2012-11-05,1187005.7625375064
2012-11-06,1186882.6779361807
2012-11-07,1186870.827277155
2012-11-08,1186512.4545413416
2012-11-09,1186350.5577379125
2012-11-12,1186531.3007201639
2012-11-13,1186512.436149234
2012-11-14,1186441.626352338
2012-11-15,1186635.87611047
2012-11-16,1186638.0247032181
2012-11-19,1186640.4963067311
2012-11-20,1186673.1524769324
2012-11-21,1187140.792259024
2012-11-22,1187326.959479204
2012-11-23,1187529.7816795928
2012-11-26,1187374.789312592
2012-11-27,1187361.8078451294
2012-11-28,1187486.6434332696
2012-11-29,1187341.2616277933
2012-11-30,1187442.726420028
2012-12-03,1187311.8033412425
2012-12-04,1187249.055611429
2012-12-05,1187748.5830177278
2012-12-06,1187817.753513035
2012-12-07,1187841.0351988813
2012-12-10,1187762.1593821873
2012-12-11,1188211.9836701232
2012-12-12,1188998.4288985205
2012-12-13,1189286.8288309097
2012-12-14,1189565.398607977
2012-12-17,1189819.8490719646
2012-12-18,1190475.5293133738
2012-12-19,1190317.191917555
2012-12-20,1190534.7169885752
2012-12-21,1189227.1273305696
2012-12-24,1189392.4693788777
2012-12-26,1190260.4547475344
2012-12-27,1190574.2738142265
2012-12-28,1190251.504767442
2012-12-31,1191080.138145196
2013-01-02,1192970.6876352415
2013-01-03,1191408.3018947903
2013-01-04,1192229.6089623629
2013-01-07,1192146.385453904
2013-01-08,1190922.478546624
2013-01-09,1191702.6303971445
2013-01-10,1194334.7505479762
2013-01-11,1194673.5605250467
2013-01-14,1195308.108795054
2013-01-15,1194373.493318107
2013-01-16,1193567.3195238097
2013-01-17,1195487.1016573147
2013-01-18,1195464.1021709188
2013-01-21,1194991.0580054447
2013-01-22,1194708.5015950054
2013-01-23,1194051.6412513214
2013-01-24,1195277.5194605615
2013-01-25,1196541.5410747202
2013-01-28,1196171.5777913944
2013-01-29,1197172.0649307773
2013-01-30,1197421.1858941151
2013-01-31,1197811.4429223211
2013-02-01,1199591.7060738194
2013-02-04,1197272.9489812648
2013-02-05,1199094.5267516365
2013-02-06,1198559.7243402344
2013-02-07,1197253.0804849851
2013-02-08,1196587.3710627789
2013-02-11,1198489.4614150976
2013-02-12,1198382.9413155208
2013-02-13,1198631.4290202921
2013-02-14,1197610.1229878461
2013-02-15,1197319.460004252
2013-02-18,1197786.7230528388
2013-02-19,1198750.5209311591
2013-02-20,1197765.139698615
2013-02-21,1196395.1271037834
2013-02-22,1197608.2284010095
2013-02-25,1194194.7147531067
2013-02-26,1194137.9630447521
2013-02-27,1195128.3104873486
2013-02-28,1195534.0894810301
2013-03-01,1196321.5999360248
2013-03-04,1196521.9055127108
2013-03-05,1197302.8296208733
2013-03-06,1198065.4043400697
2013-03-07,1198244.202606697
2013-03-08,1199080.009217793
2013-03-11,1199377.5060486489
2013-03-12,1198793.5702124485
2013-03-13,1199009.3960454075
2013-03-14,1199027.8387817622
2013-03-15,1198414.3738593508
2013-03-18,1197807.377703582
2013-03-19,1197863.538370077
2013-03-20,1198555.3787354303
2013-03-21,1197411.9630716546
2013-03-22,1197582.4225520303
2013-03-25,1197268.922562518
2013-03-26,1197885.517586421
2013-03-27,1197764.4182090473
2013-03-28,1197763.8975892465
2013-03-29,1197760.3195952247
2013-04-01,1196677.988859558
2013-04-02,1197739.9757857083
2013-04-03,1197108.9620817124
2013-04-04,1198681.0746622172
2013-04-05,1197720.453767004
2013-04-08,1199184.6304282548
2013-04-09,1199059.6519611825
2013-04-10,1200771.899461401
2013-04-11,1200819.5870666155
2013-04-12,1200882.9782435305
2013-04-15,1199860.429549858
2013-04-16,1201332.8924382327
2013-04-17,1200209.0133094552
2013-04-18,1199501.8607835849
2013-04-19,1200172.735795991
2013-04-22,1199908.5571550524
2013-04-23,1200539.1221713785
2013-04-24,1200575.7103583755
2013-04-25,1200270.9430502323
2013-04-26,1199673.7872513148
2013-04-29,1199984.5064861828
2013-04-30,1200259.328024833
2013-05-01,1199791.6238066931
2013-05-02,1200312.8248113352
2013-05-03,1201515.4277045098
2013-05-06,1201656.551376425
2013-05-07,1201799.5161711273
2013-05-08,1202470.8586335278
2013-05-09,1202858.5148736981
2013-05-10,1203752.6622151982
2013-05-13,1204209.553380437
2013-05-14,1205296.5688323707
2013-05-15,1205643.5462537368
2013-05-16,1205302.2088644293
2013-05-17,1206851.5314987744
2013-05-20,1206448.5694572437
2013-05-21,1207013.372629754
2013-05-22,1207411.5911356213
2013-05-23,1204988.3766368136
2013-05-24,1204645.2542665463
2013-05-27,1204791.955647019
2013-05-28,1205489.1715688163
2013-05-29,1204607.6784720914
2013-05-30,1204606.4076850277
2013-05-31,1204140.7835381469
2013-06-03,1203127.1764368573
2013-06-04,1203442.2314782604
2013-06-05,1203153.3681854524
2013-06-06,1202536.9208487
2013-06-07,1202628.6482255089
2013-06-10,1202963.6443658848
2013-06-11,1202449.5522813355
2013-06-12,1202152.725762468
2013-06-13,1201327.4951238066
2013-06-14,1201547.11506358
2013-06-17,1201873.4733971297
2013-06-18,1202446.5905924602
2013-06-19,1202672.4021722705
2013-06-20,1202388.7142063044
2013-06-21,1202122.6074667536
2013-06-24,1202470.9522290402
2013-06-25,1202374.6981978554
2013-06-26,1202486.2718325553
2013-06-27,1202876.78872144
2013-06-28,1203014.7736620293
2013-07-01,1202809.8861900466
2013-07-02,1203337.1731446486
2013-07-03,1203464.385958496
2013-07-04,1203378.8659311295
2013-07-05,1204321.0238095808
2013-07-08,1203754.9400629608
2013-07-09,1203661.1431528605
2013-07-10,1202878.4931902357
2013-07-11,1202060.5775138533
2013-07-12,1202904.8956347369
2013-07-15,1202973.9722638978
2013-07-16,1202176.8934797056
2013-07-17,1202389.7720257975
2013-07-18,1202331.793126902
2013-07-19,1202127.6731833862
2013-07-22,1201457.4162468114
2013-07-23,1201234.7023345428
2013-07-24,1201079.8786860046
2013-07-25,1200979.5687854595
2013-07-26,1200879.2550902609
2013-07-29,1200982.1124973523
2013-07-30,1201318.3607432677
2013-07-31,1201908.2923520622
2013-08-01,1202615.6337834066
2013-08-02,1202735.606177228
2013-08-05,1202551.7213620823
2013-08-06,1202094.3770542145
2013-08-07,1201811.1536019056
2013-08-08,1201329.7981335472
2013-08-09,1200934.0472490897
2013-08-12,1201031.145815933
2013-08-13,1201130.4582993225
2013-08-14,1200851.5896298348
2013-08-15,1200322.2884824318
2013-08-16,1200027.9806302835
2013-08-19,1200096.4898294976
2013-08-20,1200223.3477354937
2013-08-21,1200256.796609067
2013-08-22,1199959.6935069328
2013-08-23,1200200.0268829695
2013-08-26,1200177.416124615
2013-08-27,1200694.4491088956
2013-08-28,1200724.0639858954
2013-08-29,1200433.929641811
2013-08-30,1200374.8709812087
2013-09-02,1199695.6911050545
2013-09-03,1199410.23728042
2013-09-04,1199194.873655764
2013-09-05,1199123.5915361685
2013-09-06,1199351.778056637
2013-09-09,1199450.581455779
2013-09-10,1199311.3237440214
2013-09-11,1199501.045638305
2013-09-12,1199252.1915511151
2013-09-13,1199162.2744619898
2013-09-16,1198815.5998106597
2013-09-17,1199038.748910459
2013-09-18,1200506.7957629852
2013-09-19,1200468.5676860374
2013-09-20,1199938.5659613132
2013-09-23,1199332.3890208257
2013-09-24,1199122.7842539407
2013-09-25,1199124.0096421286
2013-09-26,1199326.516965719
2013-09-27,1199280.8273242672
2013-09-30,1199087.1507654556
2013-10-01,1199347.7662631106
2013-10-02,1199320.6871109148
2013-10-03,1198822.3525291223
2013-10-04,1198709.7085753917
2013-10-07,1198330.496038378
2013-10-08,1197804.50283782
2013-10-09,1197236.3595690927
2013-10-10,1197415.959682417
2013-10-11,1197519.9925432235
2013-10-14,1197684.7764420037
2013-10-15,1197313.239307088
2013-10-16,1197525.508632069
2013-10-17,1198334.9651218608
2013-10-18,1198594.9249966233
2013-10-21,1198672.502880186
2013-10-22,1199432.8413030144
2013-10-23,1198511.8829455688
2013-10-24,1199077.8107689258
2013-10-25,1199021.8973710479
2013-10-28,1199019.5668423674
2013-10-29,1199044.5345508035
2013-10-30,1198866.983977811
2013-10-31,1198110.3564639243
2013-11-01,1197717.436335178
2013-11-04,1198155.2079702
2013-11-05,1198067.4523440853
2013-11-06,1198264.334391818
2013-11-07,1196826.131342224
2013-11-08,1197738.810147511
2013-11-11,1197724.6672407605
2013-11-12,1197768.8371488478
2013-11-13,1198150.267102961
2013-11-14,1198524.977415789
2013-11-15,1199265.4368429042
2013-11-18,1198930.428534357
2013-11-19,1199096.894079233
2013-11-20,1198636.6070028038
2013-11-21,1200156.1780222235
2013-11-22,1200354.0649930446
2013-11-25,1200209.3995832782
2013-11-26,1200091.4835568834
2013-11-27,1200985.5168613386
2013-11-28,1201238.1765431892
2013-11-29,1201215.3851120244
2013-12-02,1201389.310691161
2013-12-03,1200584.0136276905
2013-12-04,1200384.489919037
2013-12-05,1199693.139684699
2013-12-06,1200897.999909379
2013-12-09,1201377.4421935258
2013-12-10,1200501.939417785
2013-12-11,1199439.091266894
2013-12-12,1200168.780632585
2013-12-13,1199521.6374944572
2013-12-16,1199362.2920975266
2013-12-17,1199267.895673715
2013-12-18,1201603.461707211
2013-12-19,1201353.6931428206
2013-12-20,1201338.1115270548
2013-12-23,1201743.7772402035
2013-12-24,1201706.9828587747
2013-12-26,1202661.0167485706
2013-12-27,1203305.5595255876
2013-12-30,1203189.4298984162
2013-12-31,1203297.252288419
2014-01-02,1202060.374290609
2014-01-03,1201224.2429054333
2014-01-06,1200591.2118391523
2014-01-07,1201686.9570048794
2014-01-08,1202291.1987397445
2014-01-09,1202330.7340574511
2014-01-10,1202091.6702668692
2014-01-13,1200442.6203881067
2014-01-14,1201513.335758423
2014-01-15,1201885.5785036054
2014-01-16,1201846.1013658876
2014-01-17,1202129.07896667
2014-01-20,1201998.5605841062
2014-01-21,1202587.667854954
2014-01-22,1203451.5265360756
2014-01-23,1202597.2819023042
2014-01-24,1201333.7713192727
2014-01-27,1201349.574246692
2014-01-28,1201176.8846382431
2014-01-29,1201282.9362984677
2014-01-30,1200879.2064645514
2014-01-31,1200746.5551038329
2014-02-03,1200437.1376899658
2014-02-04,1199337.8007244435
2014-02-05,1199406.0924577853
2014-02-06,1199033.6104489055
2014-02-07,1198959.5957587713
2014-02-10,1198977.7888882747
2014-02-11,1198455.2819384215
2014-02-12,1198775.510817949
2014-02-13,1198899.0048473205
2014-02-14,1199087.3182758423
2014-02-17,1198986.3459513201
2014-02-18,1198810.0563045223
2014-02-19,1199211.2998174443
2014-02-20,1199306.1972976334
2014-02-21,1199254.750416249
2014-02-24,1199081.2454056428
2014-02-25,1199304.6234937275
2014-02-26,1199433.4102555742
2014-02-27,1199635.0336311318
2014-02-28,1199609.6675477389
2014-03-03,1199316.0058395616
2014-03-04,1199561.0913417442
2014-03-05,1199011.5038199716
2014-03-06,1198958.6551455494
2014-03-07,1199196.4910171586
2014-03-10,1198782.3813599986
2014-03-11,1198196.8913330643
2014-03-12,1198347.8284671905
2014-03-13,1197541.24255448
2014-03-14,1197439.2838959259
2014-03-17,1197435.5973630634
2014-03-18,1198059.5490493444
2014-03-19,1198015.2654562814
2014-03-20,1198261.6527621981
2014-03-21,1197763.0538480706
2014-03-24,1197403.982644653
2014-03-25,1197503.4220974767
2014-03-26,1196996.4988677418
2014-03-27,1196727.132223345
2014-03-28,1196816.9832124242
2014-03-31,1197134.8020719092
2014-04-01,1197127.890782848
2014-04-02,1197277.8376153223
2014-04-03,1197209.697692964
2014-04-04,1196586.7062445853
2014-04-07,1196250.1567592213
2014-04-08,1196618.1212057106
2014-04-09,1197167.5014139847
2014-04-10,1196515.2241406431
2014-04-11,1196201.9695033673
2014-04-14,1196218.2451232818
2014-04-15,1196046.2434812712
2014-04-16,1196325.4155161774
2014-04-17,1196251.076079217
2014-04-18,1196263.609109673
2014-04-21,1196297.083493309
2014-04-22,1196465.3829672358
2014-04-23,1196148.740665784
2014-04-24,1196056.0657660288
2014-04-25,1196067.0725238798
2014-04-28,1196084.728362766
2014-04-29,1196184.1730793703
2014-04-30,1196240.0915014632
2014-05-01,1196237.068209311
2014-05-02,1196215.7557998302
2014-05-05,1196136.3013834788
2014-05-06,1196410.574299071
2014-05-07,1196366.12321261
2014-05-08,1196367.2493632017
2014-05-09,1196218.6567903913
2014-05-12,1196322.1510004625
2014-05-13,1196244.7885471017
2014-05-14,1196122.0428691357
2014-05-15,1195971.5190150621
2014-05-16,1196050.5878383003
2014-05-19,1195894.5905805319
2014-05-20,1195624.1209592703
2014-05-21,1195787.1357911322
2014-05-22,1195672.056259346
2014-05-23,1195572.8614574787
2014-05-26,1195561.7071974224
2014-05-27,1195649.5015259064
2014-05-28,1195389.0624824925
2014-05-29,1195736.3293011577
2014-05-30,1195547.094971888
2014-06-02,1195582.980998927
2014-06-03,1195547.5772921888
2014-06-04,1195490.6479759729
2014-06-05,1195609.7921285536
2014-06-06,1196080.6579574903
2014-06-09,1196338.6986773177
2014-06-10,1196275.5514436923
2014-06-11,1196083.5425642303
2014-06-12,1195983.1142684647
2014-06-13,1195808.6120856882
2014-06-16,1195741.8207088818
2014-06-17,1195848.7528137667
2014-06-18,1196082.5853939084
2014-06-19,1196030.3580462288
2014-06-20,1196254.7416096542
2014-06-23,1195939.7238570065
2014-06-24,1195394.1923465652
2014-06-25,1195721.8951713513
2014-06-26,1195641.695158034
2014-06-27,1195634.4373809232
2014-06-30,1195868.3642046128
2014-07-01,1196814.9118860227
2014-07-02,1196483.71918483
2014-07-03,1196193.1721380772
2014-07-04,1196289.0779552816
2014-07-07,1195646.5787492162
2014-07-08,1194868.5339340079
2014-07-09,1195218.2762652964
2014-07-10,1194138.5761529836
2014-07-11,1194498.496476647
2014-07-14,1194889.7601712432
2014-07-15,1194977.0081446723
2014-07-16,1194838.3881037983
2014-07-17,1193481.47294546
2014-07-18,1194511.3556789253
2014-07-21,1194165.0743285806
2014-07-22,1194720.8863447043
2014-07-23,1195360.6530583585
2014-07-24,1194962.627317604
2014-07-25,1194757.1410700819
2014-07-28,1194930.3773150633
2014-07-29,1194799.1591630753
2014-07-30,1194932.3018604883
2014-07-31,1193696.119541777
2014-08-01,1193206.1185241274
2014-08-04,1193356.8812529873
2014-08-05,1193119.6290426655
2014-08-06,1192611.0310537925
2014-08-07,1192479.9622199151
2014-08-08,1192112.044501114
2014-08-11,1191790.3519353375
2014-08-12,1191864.3386203512
2014-08-13,1191805.9213389196
2014-08-14,1191744.45208384
2014-08-15,1191405.3914481606
2014-08-18,1191545.781983362
2014-08-19,1192310.6268966398
2014-08-20,1192678.4682381433
2014-08-21,1192386.5179790067
2014-08-22,1192754.8756060542
2014-08-25,1193355.7794689438
2014-08-26,1193426.6793575985
2014-08-27,1192818.3881932166
2014-08-28,1192810.5515205085
2014-08-29,1193079.8041662374
2014-09-01,1193188.237814514
2014-09-02,1193882.9071835843
2014-09-03,1193368.6004485043
2014-09-04,1194586.1029280075
2014-09-05,1194924.5823853025
2014-09-08,1195304.6996871529
2014-09-09,1194578.8848290837
2014-09-10,1195255.4862489894
2014-09-11,1195292.4329256413
2014-09-12,1195060.4279980746
2014-09-15,1194389.183256329
2014-09-16,1194016.4743740845
2014-09-17,1195161.8379478958
2014-09-18,1195457.4175274968
2014-09-19,1196347.5534395329
2014-09-22,1195895.964493888
2014-09-23,1195066.3172745088
2014-09-24,1195648.4699200054
2014-09-25,1195115.1495745606
2014-09-26,1196079.4439736858
2014-09-29,1196117.7099898795
2014-09-30,1196487.2288892556
2014-10-01,1195397.3972985235
2014-10-02,1194632.8658169638
2014-10-03,1196613.132295287
2014-10-06,1194304.918350104
2014-10-07,1194571.7406257698
2014-10-08,1193480.7251038896
2014-10-09,1194457.7894517705
2014-10-10,1194899.397626713
2014-10-13,1194016.9191683466
2014-10-14,1195757.791578029
2014-10-15,1194523.8543832558
2014-10-16,1194453.7449178777
2014-10-17,1194119.608438623
2014-10-20,1193891.814600243
2014-10-21,1193054.8073905646
2014-10-22,1193742.7055550981
2014-10-23,1193335.8837586967
2014-10-24,1193115.7949933652
2014-10-27,1193320.2993395983
2014-10-28,1192381.4711833089
2014-10-29,1192505.6315387764
2014-10-30,1192463.0912699704
2014-10-31,1192920.6957234396
2014-11-03,1194508.8049987373
2014-11-04,1194175.3415193176
2014-11-05,1195076.5168778808
2014-11-06,1196017.4313028369
2014-11-07,1194174.7859701195
2014-11-10,1195515.1724121787
2014-11-11,1195655.1130259938
2014-11-12,1195735.516299875
2014-11-13,1196868.823463648
2014-11-14,1196228.2649162675
2014-11-17,1196306.9241764452
2014-11-18,1196605.6340664173
2014-11-19,1197138.7916487837
2014-11-20,1196733.7744883525
2014-11-21,1196307.618400999
2014-11-24,1196909.889816452
2014-11-25,1196983.0334916897
2014-11-26,1196773.1395186384
2014-11-27,1197994.3523730973
2014-11-28,1199593.1359751585
2014-12-01,1198088.0138619686
2014-12-02,1199785.000222544
2014-12-03,1199983.582219522
2014-12-04,1200138.7502206895
2014-12-05,1201799.72117138
2014-12-08,1201408.375343185
2014-12-09,1200473.9985368494
2014-12-10,1199492.0268249079
2014-12-11,1200240.1795839367
2014-12-12,1200713.4734520772
2014-12-15,1201584.1026779804
2014-12-16,1201068.2882189136
2014-12-17,1201580.730518499
2014-12-18,1201051.2093338761
2014-12-19,1201081.771782349
2014-12-22,1201777.2532634358
2014-12-23,1201933.9915632366
2014-12-24,1201949.1306228486
2014-12-26,1202030.0382967596
2014-12-29,1202431.1016351476
2014-12-30,1201667.6186406836
2014-12-31,1201908.1333769858
2015-01-02,1203492.6750647419
2015-01-05,1204062.7232579119
2015-01-06,1205234.7626284936
2015-01-07,1204988.847727019
2015-01-08,1205040.885082988
2015-01-09,1204787.744994573
2015-01-12,1205737.3106778932
2015-01-13,1205788.9567782623
2015-01-14,1205288.3191342915
2015-01-15,1206127.190861221
2015-01-16,1206063.2916015706
2015-01-19,1205983.789596628
2015-01-20,1207239.7827803076
2015-01-21,1208380.1227661688
2015-01-22,1209870.490167107
2015-01-23,1211102.4805922972
2015-01-26,1211056.4489317068
2015-01-27,1209872.564860618
2015-01-28,1211290.2779574227
2015-01-29,1212229.8402151556
2015-01-30,1212289.8755373529
2015-02-02,1210920.002104678
2015-02-03,1208954.1458288608
2015-02-04,1209987.8192355998
2015-02-05,1208615.4014889337
2015-02-06,1209537.38065575
2015-02-09,1209245.8015606238
2015-02-10,1209862.7964440982
2015-02-11,1210262.2498574457
2015-02-12,1209115.4513053147
2015-02-13,1208709.481378291
2015-02-16,1208828.610006459
2015-02-17,1208306.922287145
2015-02-18,1208375.7762289818
2015-02-19,1208880.8130463948
2015-02-20,1209137.7731873426
2015-02-23,1209481.7250476433
2015-02-24,1209277.9758005938
2015-02-25,1208603.919513972
2015-02-26,1209696.0727590595
2015-02-27,1209394.143031198
2015-03-02,1210094.535881051
2015-03-03,1209279.065342595
2015-03-04,1208975.6448599931
2015-03-05,1209663.6631006224
2015-03-06,1210356.699379011
2015-03-09,1210307.4502541705
2015-03-10,1210584.6233644567
2015-03-11,1211810.655197612
2015-03-12,1211413.524028124
2015-03-13,1212650.784087138
2015-03-16,1212603.375236694
2015-03-17,1213065.0336412978
2015-03-18,1210119.499593535
2015-03-19,1211685.4759436308
2015-03-20,1210152.050696787
2015-03-23,1209221.127994188
2015-03-24,1209164.005474761
2015-03-25,1208055.8530365669
2015-03-26,1207485.8528043963
2015-03-27,1208284.2528164703
2015-03-30,1209651.6069653968
2015-03-31,1209351.7045971144
2015-04-01,1208557.7513154303
2015-04-02,1208303.2166381858
2015-04-03,1207241.9328543057
2015-04-06,1207284.591326407
2015-04-07,1207713.4145577827
2015-04-08,1207523.502468204
2015-04-09,1208615.9978337903
2015-04-10,1209117.8261296186
2015-04-13,1209263.0593373782
2015-04-14,1208507.815170665
2015-04-15,1207406.3193716342
2015-04-16,1206545.564942061
2015-04-17,1205808.0342127895
2015-04-20,1206431.8857379728
2015-04-21,1206701.293851595
2015-04-22,1206510.4302058977
2015-04-23,1206296.3186735203
2015-04-24,1206022.732709162
2015-04-27,1205876.7252486197
2015-04-28,1205951.0722460446
2015-04-29,1205240.4650237623
2015-04-30,1204550.4846415499
2015-05-01,1205304.2760031708
2015-05-04,1205331.8879170865
2015-05-05,1204275.0324194953
2015-05-06,1203781.2853484773
2015-05-07,1203835.023462207
2015-05-08,1204418.8327873107
2015-05-11,1204161.071168605
2015-05-12,1203890.9525105534
2015-05-13,1203893.5378958497
2015-05-14,1204511.7774532423
2015-05-15,1204505.5644590908
2015-05-18,1204663.619419598
2015-05-19,1204635.4790880193
2015-05-20,1204667.8210679442
2015-05-21,1204871.8129674024
2015-05-22,1204971.409230643
2015-05-25,1205005.8192436818
2015-05-26,1204453.0330573064
2015-05-27,1205256.747781648
2015-05-28,1205234.7772565142
2015-05-29,1204713.1542523026
2015-06-01,1204829.0775242562
2015-06-02,1204326.6634851806
2015-06-03,1204632.616751867
2015-06-04,1203986.5028824524
2015-06-05,1204024.76482372
2015-06-08,1203537.8703576066
2015-06-09,1203296.8997348438
2015-06-10,1203419.7885934592
2015-06-11,1203686.1411440254
2015-06-12,1203265.3049724908
2015-06-15,1202989.5634931375
2015-06-16,1203103.388068458
2015-06-17,1202992.3618440952
2015-06-18,1203503.3011370315
2015-06-19,1203192.2087948094
2015-06-22,1203849.3599684245
2015-06-23,1204239.216061907
2015-06-24,1203849.0825666178
2015-06-25,1203718.9399996323
2015-06-26,1203694.8207094294
2015-06-29,1202297.0451987693
2015-06-30,1202400.4524602254
2015-07-01,1202793.3126903374
2015-07-02,1202575.0216021116
2015-07-03,1202536.607202464
2015-07-06,1202278.426778521
2015-07-07,1202267.9490659358
2015-07-08,1201860.6364183645
2015-07-09,1201375.3375496024
2015-07-10,1200942.4218553104
2015-07-13,1201449.6048444565
2015-07-14,1201027.591360349
2015-07-15,1202132.6824866058
2015-07-16,1202199.2753000678
2015-07-17,1202757.910582049
2015-07-20,1203705.4710066516
2015-07-21,1202996.7012341146
2015-07-22,1203741.8371573593
2015-07-23,1204091.6179685784
2015-07-24,1204127.5874991673
2015-07-27,1204361.2563449838
2015-07-28,1203652.4641202092
2015-07-29,1203778.8231702503
2015-07-30,1204155.4952734602
2015-07-31,1204377.559904258
2015-08-03,1204991.040374082
2015-08-04,1204209.7464514507
2015-08-05,1204607.8651362474
2015-08-06,1204145.9601239655
2015-08-07,1203946.2227708008
2015-08-10,1203528.162412866
2015-08-11,1204009.2109690006
2015-08-12,1202807.137962639
2015-08-13,1203224.8097580215
2015-08-14,1203179.445783826
2015-08-17,1203163.7510777495
2015-08-18,1203227.993091969
2015-08-19,1203420.5628080748
2015-08-20,1203556.1431289373
2015-08-21,1204723.904138793
2015-08-24,1207346.8955724358
2015-08-25,1206987.807252653
2015-08-26,1206503.2236457965
2015-08-27,1205023.6447960564
2015-08-28,1204518.8756552828
2015-08-31,1204766.051609589
2015-09-01,1206435.6193879966
2015-09-02,1205891.4484358274
2015-09-03,1205910.6402407058
2015-09-04,1207279.5166933073
2015-09-07,1206913.049181065
2015-09-08,1205609.3290946386
2015-09-09,1205956.7884143137
2015-09-10,1205101.0485041044
2015-09-11,1205122.1072355926
2015-09-14,1205084.6145664875
2015-09-15,1204978.954477253
2015-09-16,1204082.8164027822
2015-09-17,1204236.9736138855
2015-09-18,1204279.9611094843
2015-09-21,1204422.7155209228
2015-09-22,1205148.108873666
2015-09-23,1205534.5104943921
2015-09-24,1205680.8197683892
2015-09-25,1205223.1317272799
2015-09-28,1206058.4283750893
2015-09-29,1206098.3775103677
2015-09-30,1205337.568122824
2015-10-01,1205003.5786304825
2015-10-02,1204221.4748379283
2015-10-05,1203808.5818655933
2015-10-06,1203333.938883935
2015-10-07,1202973.0023074574
2015-10-08,1202806.783146204
2015-10-09,1203186.489203956
2015-10-12,1203139.6624664625
2015-10-13,1203140.587259464
2015-10-14,1202748.203251874
2015-10-15,1202758.6013484998
2015-10-16,1202782.4908327078
2015-10-19,1202756.6270050083
2015-10-20,1202776.3433778414
2015-10-21,1202824.195030142
2015-10-22,1202871.7381892756
2015-10-23,1203019.1926618952
2015-10-26,1202960.0701261158
2015-10-27,1203115.6089106374
2015-10-28,1203269.7899454567
2015-10-29,1203029.1993513072
2015-10-30,1202683.6530753202
2015-11-02,1202753.7812482172
2015-11-03,1202917.7069287994
2015-11-04,1203218.7200809396
2015-11-05,1203502.3986495729
2015-11-06,1204169.838055139
2015-11-09,1203791.1675958966
2015-11-10,1203870.625758561
2015-11-11,1203655.5030126192
2015-11-12,1203312.3026922774
2015-11-13,1203276.2251690226
2015-11-16,1203496.0772574788
2015-11-17,1203918.4182813948
2015-11-18,1204156.6691530219
2015-11-19,1203654.700461518
2015-11-20,1204267.3587494742
2015-11-23,1204369.8256142153
2015-11-24,1204226.4343501646
2015-11-25,1204200.2272636842
2015-11-26,1204501.7169134868
2015-11-27,1204850.2339907659
2015-11-30,1204694.726825665
2015-12-01,1204644.9294941104
2015-12-02,1205252.863998025
2015-12-03,1203345.3292070911
2015-12-04,1203533.344038365
2015-12-07,1204155.1909746602
2015-12-08,1204039.0115000494
2015-12-09,1203386.5936963807
2015-12-10,1203681.5733089407
2015-12-11,1203918.5575625093
2015-12-14,1204003.3495025032
2015-12-15,1204151.6547103731
2015-12-16,1204406.5958967975
2015-12-17,1205199.5127046364
2015-12-18,1204885.9253966706
2015-12-21,1204805.6549756606
2015-12-22,1204843.9034404291
2015-12-23,1204463.956336654
2015-12-24,1204225.321211369
2015-12-28,1204749.9536096784
2015-12-29,1204816.92705362
2015-12-30,1204978.236611957
2015-12-31,1204814.4003080209
2016-01-01,1204793.4750283146
2016-01-04,1204471.4392784603
2016-01-05,1205040.7853864601
2016-01-06,1205905.9876683108
2016-01-07,1206294.1978859005
2016-01-08,1207218.7830792738
2016-01-11,1207017.0710297395
2016-01-12,1207356.1159140326
2016-01-13,1208156.91073507
2016-01-14,1207432.096005727
2016-01-15,1210112.957380278
2016-01-18,1210192.675187335
2016-01-19,1209810.2096410764
2016-01-20,1210815.4616218214
2016-01-21,1208873.1156715334
2016-01-22,1206680.15442832
2016-01-25,1208479.5945275994
2016-01-26,1206854.3343136841
2016-01-27,1206390.7044973453
2016-01-28,1205622.74076373
2016-01-29,1204615.9727399617
2016-02-01,1204630.3819384922
2016-02-02,1205426.793580682
2016-02-03,1204582.873213552
2016-02-04,1204677.0231619347
2016-02-05,1205060.6945127933
2016-02-08,1205631.1576669097
2016-02-09,1206278.736209836
2016-02-10,1206796.9764294396
2016-02-11,1207247.7103457132
2016-02-12,1206151.9152129067
2016-02-15,1205250.266618044
2016-02-16,1205107.9540700624
2016-02-17,1204192.8954879125
2016-02-18,1204348.7321516033
2016-02-19,1204477.348722565
2016-02-22,1203718.0373603026
2016-02-23,1204654.0224021291
2016-02-24,1204323.7702939846
2016-02-25,1203384.7851598565
2016-02-26,1203365.608716494
2016-02-29,1203918.7124231376
2016-03-01,1202570.0721637893
2016-03-02,1202361.675045757
2016-03-03,1201874.7220243015
2016-03-04,1201569.361923715
2016-03-07,1201804.1362138083
2016-03-08,1202038.6353566526
2016-03-09,1201804.1852936118
2016-03-10,1201459.1404008348
2016-03-11,1200798.0266072126
2016-03-14,1200657.8657313825
2016-03-15,1200937.1414115133
2016-03-16,1200959.7834589474
2016-03-17,1200661.2364816149
2016-03-18,1200695.1745044878
2016-03-21,1200540.8408154955
2016-03-22,1200550.1919117267
2016-03-23,1200392.8203456344
2016-03-24,1200277.0193696853
2016-03-25,1200237.463554023
2016-03-28,1200124.626288989
2016-03-29,1200309.1741631632
2016-03-30,1200100.7652723233
2016-03-31,1200252.413567178
2016-04-01,1200004.2830249963
2016-04-04,1199946.3343334524
2016-04-05,1200057.0376665357
2016-04-06,1199952.5326049838
2016-04-07,1200158.7917951865
2016-04-08,1200143.5077612593
2016-04-11,1200346.6484906664
2016-04-12,1200324.7820551563
2016-04-13,1200175.7082501967
2016-04-14,1200008.429303169
2016-04-15,1200014.5506020873
2016-04-18,1200124.2633959984
2016-04-19,1200498.648554874
2016-04-20,1200484.682556347
2016-04-21,1199977.543449299
2016-04-22,1199716.3878743923
2016-04-25,1199762.3320701744
2016-04-26,1199793.2178780136
2016-04-27,1199569.7794296916
2016-04-28,1199669.9740255405
2016-04-29,1199591.6568123484
2016-05-02,1199825.4085967413
2016-05-03,1198802.9253724893
2016-05-04,1198244.0502187181
2016-05-05,1197999.5049609407
2016-05-06,1198158.9318039787
2016-05-09,1197707.521167441
2016-05-10,1197640.9593629832
2016-05-11,1197945.0208490225
2016-05-12,1197700.959851943
2016-05-13,1197472.4841879702
2016-05-16,1197536.3761700343
2016-05-17,1197291.1991687906
2016-05-18,1196734.2512229665
2016-05-19,1196665.0194977655
2016-05-20,1196604.2609558823
2016-05-23,1196638.893621272
2016-05-24,1196802.1641965485
2016-05-25,1196828.8982673103
2016-05-26,1196832.8014385046
2016-05-27,1196999.7012177056
2016-05-30,1197000.2754729143
2016-05-31,1196698.2999496108
2016-06-01,1196820.4466561947
2016-06-02,1197026.9455033843
2016-06-03,1197022.329867943
2016-06-06,1196920.7477624607
2016-06-07,1196953.0475754058
2016-06-08,1197213.3899916543
2016-06-09,1197259.977263474
2016-06-10,1197116.1628132288
2016-06-13,1197126.8987270636
2016-06-14,1197533.2640906929
2016-06-15,1197049.0632495238
2016-06-16,1197553.7796718788
2016-06-17,1197280.945529694
2016-06-20,1197224.7378772888
2016-06-21,1196749.8637222415
2016-06-22,1196232.8022583472
2016-06-23,1195863.2250275533
2016-06-24,1195872.0817044224
2016-06-27,1196111.736571941
2016-06-28,1195354.2625391735
2016-06-29,1194936.953019869
2016-06-30,1195100.5381992469
2016-07-01,1195301.4653527774
2016-07-04,1195191.3646137165
2016-07-05,1195951.5345532908
2016-07-06,1196114.797336666
2016-07-07,1196330.9029068318
2016-07-08,1196360.2161217644
2016-07-11,1195219.501203712
2016-07-12,1194294.1329256264
2016-07-13,1194499.159784027
2016-07-14,1194217.987792321
2016-07-15,1193749.8970493767
2016-07-18,1193972.5679263766
2016-07-19,1194147.9367454578
2016-07-20,1194110.4155147485
2016-07-21,1193886.1381354635
2016-07-22,1194090.3281988963
2016-07-25,1193916.7218917743
2016-07-26,1194123.3213653318
2016-07-27,1194367.3153361804
2016-07-28,1194449.609841979
2016-07-29,1194584.3725540838
2016-08-01,1194566.5171826016
2016-08-02,1194264.7704884382
2016-08-03,1194285.5549729867
2016-08-04,1194749.2835303494
2016-08-05,1194824.0498818206
2016-08-08,1194859.1460258649
2016-08-09,1195048.6225111913
2016-08-10,1195034.5539345252
2016-08-11,1195227.5952904825
2016-08-12,1195094.8698428613
2016-08-15,1195392.6225207676
2016-08-16,1195145.0330823003
2016-08-17,1195093.8784773396
2016-08-18,1195089.0831416189
2016-08-19,1194805.8357533654
2016-08-22,1194626.2163330405
2016-08-23,1194543.4403176275
2016-08-24,1194078.9504242893
2016-08-25,1194069.453515614
2016-08-26,1193765.880557464
2016-08-29,1193881.3183565978
2016-08-30,1193685.9158915193
2016-08-31,1193485.1241452782
2016-09-01,1193343.0617960994
2016-09-02,1193833.7658121493
2016-09-05,1193822.142747993
2016-09-06,1194441.9773375872
2016-09-07,1194275.2697356772
2016-09-08,1193938.0518540796
2016-09-09,1192634.000485822
2016-09-12,1192116.4909511046
2016-09-13,1191996.6310320576
2016-09-14,1192061.0369576798
2016-09-15,1191936.530127693
2016-09-16,1191828.8432150763
2016-09-19,1191984.9508003565
2016-09-20,1192040.2203887994
2016-09-21,1192493.5529904403
2016-09-22,1192743.366894849
2016-09-23,1192536.336902366
2016-09-26,1192372.8367126607
2016-09-27,1192554.744140748
2016-09-28,1192603.3906781045
2016-09-29,1192286.8912843768
2016-09-30,1192404.3713869294
2016-10-03,1192433.2539151916
2016-10-04,1192586.6075182608
2016-10-05,1192706.9216953523
2016-10-06,1192998.367406886
2016-10-07,1193181.6509598845
2016-10-10,1193626.8477192705
2016-10-11,1193685.4097053388
2016-10-12,1193307.6492590727
2016-10-13,1192892.6296140566
2016-10-14,1192944.945840369
2016-10-17,1192673.2797768442
2016-10-18,1192931.965267356
2016-10-19,1193260.8457484927
2016-10-20,1193417.1502632506
2016-10-21,1193850.2067382275
2016-10-24,1194022.563115267
2016-10-25,1193909.6756951476
2016-10-26,1193500.7967069175
2016-10-27,1193432.019839229
2016-10-28,1192836.464818655
2016-10-31,1192703.1728345328
2016-11-01,1192321.967878834
2016-11-02,1192151.0201996458
2016-11-03,1192324.7259370368
2016-11-04,1192462.9698297398
2016-11-07,1192311.0221709418
2016-11-08,1192326.8822499784
2016-11-09,1191635.2128443092
2016-11-10,1191395.8790654528
2016-11-11,1191234.674202288
2016-11-14,1191164.8269000547
2016-11-15,1191133.9044884595
2016-11-16,1191030.344053512
2016-11-17,1191782.5180752042
2016-11-18,1191863.175346298
2016-11-21,1191555.7689143803
2016-11-22,1191735.8014495487
2016-11-23,1192184.5884807392
2016-11-24,1192249.887796753
2016-11-25,1192216.0748805853
2016-11-28,1191680.716733545
2016-11-29,1191723.539590233
2016-11-30,1191997.5511474847
2016-12-01,1191458.318636572
2016-12-02,1191307.841702865
2016-12-05,1191136.0218145258
2016-12-06,1191298.4631848384
2016-12-07,1191661.804661386
2016-12-08,1192278.133068627
2016-12-09,1193025.5550375204
2016-12-12,1192847.2756437343
2016-12-13,1193233.2016418567
2016-12-14,1193157.4147018222
2016-12-15,1193986.1421875616
2016-12-16,1193490.5245718872
2016-12-19,1193598.4106580205
2016-12-20,1194169.487635105
2016-12-21,1193643.4258203206
2016-12-22,1193607.7057701072
2016-12-23,1193663.532424526
2016-12-27,1193743.1977690537
2016-12-28,1193375.9898138545
2016-12-29,1192516.0824137116
2016-12-30,1192248.5249451993
2017-01-03,1192713.3419499632
2017-01-04,1192889.1523953532
2017-01-05,1192104.9079242097
2017-01-06,1192861.274766083
2017-01-09,1192246.304289116
2017-01-10,1192225.629994773
2017-01-11,1192391.6853584552
2017-01-12,1192276.480709697
2017-01-13,1192452.9036866531
2017-01-16,1192051.611086391
2017-01-17,1191332.4629774354
2017-01-18,1191597.4781152168
2017-01-19,1191527.403582939
2017-01-20,1191557.2413741222
2017-01-23,1190767.807870974
2017-01-24,1191478.7825247883
2017-01-25,1191843.6682886984
2017-01-26,1192409.999740284
2017-01-27,1192444.8127113828
2017-01-30,1191514.8799494735
2017-01-31,1191067.2878257714
2017-02-01,1191409.1285153124
2017-02-02,1191390.1901677367
2017-02-03,1191799.2740759607
2017-02-06,1191220.7482210058
2017-02-07,1191180.0809073078
2017-02-08,1191271.8549870567
2017-02-09,1192115.3479882793
2017-02-10,1192721.5551354892
2017-02-13,1193056.655591417
2017-02-14,1193339.3760382922
2017-02-15,1193815.6937124664
2017-02-16,1193273.1696369506
2017-02-17,1193042.5674922687
2017-02-20,1193456.835734718
2017-02-21,1193735.1859065972
2017-02-22,1193831.6903578143
2017-02-23,1193624.7970423894
2017-02-24,1193133.1096685256
2017-02-27,1193185.8147456346
2017-02-28,1193036.3772570647
2017-03-01,1194362.670394076
2017-03-02,1193516.3944541523
2017-03-03,1193516.159503704
2017-03-06,1193084.0824292833
2017-03-07,1192905.130089856
2017-03-08,1192247.310666191
2017-03-09,1192389.2477844488
2017-03-10,1192842.882234264
2017-03-13,1193259.6403447557
2017-03-14,1192870.7429053097
2017-03-15,1193911.4555765823
2017-03-16,1193771.0829177469
2017-03-17,1193729.6911011753
2017-03-20,1193746.46854869
2017-03-21,1192412.839002497
2017-03-22,1192252.7213727604
2017-03-23,1192071.3628920792
2017-03-24,1192238.8926946518
2017-03-27,1191981.2402434272
2017-03-28,1192439.1122352947
2017-03-29,1192675.1943185215
2017-03-30,1192620.2456087174
2017-03-31,1192192.8670331966
2017-04-03,1192035.2846040924
2017-04-04,1192044.1220173398
2017-04-05,1191617.2230775782
2017-04-06,1191560.1420005534
2017-04-07,1191666.182052602
2017-04-10,1191660.3371164037
2017-04-11,1191647.6849390985
2017-04-12,1191603.8674526634
2017-04-13,1191577.7413935047
2017-04-14,1191731.4864229176
2017-04-17,1191629.672573244
2017-04-18,1191510.9993840456
2017-04-19,1191323.8538114238
2017-04-20,1191383.8414184817
2017-04-21,1191366.3807319873
2017-04-24,1190682.475203237
2017-04-25,1190629.491133545
2017-04-26,1190758.502274733
2017-04-27,1190945.2530692231
2017-04-28,1191008.8727766466
2017-05-01,1191051.9147454882
2017-05-02,1191097.0243631233
2017-05-03,1190967.6590645013
2017-05-04,1191166.2109588105
2017-05-05,1190942.0240993807
2017-05-08,1191203.1863701367
2017-05-09,1191379.3231239512
2017-05-10,1191234.9295954716
2017-05-11,1191213.7947707905
2017-05-12,1191230.803014899
2017-05-15,1191225.710771043
2017-05-16,1191344.5411225313
2017-05-17,1189637.868276036
2017-05-18,1189758.6354001304
2017-05-19,1189885.5160760572
2017-05-22,1190147.5165900828
2017-05-23,1190054.407585246
2017-05-24,1189880.726075946
2017-05-25,1190159.2259499885
2017-05-26,1189963.085957784
2017-05-29,1189704.2664643521
2017-05-30,1189510.6408124915
2017-05-31,1189947.2094473275
2017-06-01,1190656.9820518338
2017-06-02,1191458.8397023785
2017-06-05,1191156.675600817
2017-06-06,1190576.0543212914
2017-06-07,1190615.9404262565
2017-06-08,1190343.3924632245
2017-06-09,1189366.3794393688
2017-06-12,1189217.4019361257
2017-06-13,1189498.2824685567
2017-06-14,1189217.4384839474
2017-06-15,1188796.6028563776
2017-06-16,1189185.1885213186
2017-06-19,1189632.1784220173
2017-06-20,1189129.92912422
2017-06-21,1189208.9599883782
2017-06-22,1188961.736669763
2017-06-23,1189105.4845616007
2017-06-26,1189378.6456088922
2017-06-27,1189873.0873069465
2017-06-28,1190425.5193575125
2017-06-29,1190222.6853217527
2017-06-30,1190247.7814562297
2017-07-03,1190140.2314902865
2017-07-04,1189463.5216622818
2017-07-05,1189632.8051220332
2017-07-06,1189455.8811998866
2017-07-07,1190333.3988525714
2017-07-10,1190346.96045892
2017-07-11,1190759.6592842105
2017-07-12,1191126.6909997028
2017-07-13,1191599.4077466403
2017-07-14,1192646.528469739
2017-07-17,1192301.995783669
2017-07-18,1193518.6349970081
2017-07-19,1193539.6287631597
2017-07-20,1194252.20882427
2017-07-21,1193668.416292197
2017-07-24,1193657.4565689524
2017-07-25,1194436.2803248304
2017-07-26,1195677.7085976182
2017-07-27,1194290.6956832986
2017-07-28,1194993.3120026947
2017-07-31,1195224.5541811283
2017-08-01,1195055.1510586822
2017-08-02,1195365.0458018922
2017-08-03,1194521.2240347145
2017-08-04,1193849.0461291464
2017-08-07,1194026.8566902482
2017-08-08,1193140.9794523655
2017-08-09,1192366.11710111
2017-08-10,1191173.293213017
2017-08-11,1191497.1347280717
2017-08-14,1191043.1173157832
2017-08-15,1190599.0660838974
2017-08-16,1191490.2027863036
2017-08-17,1189755.1805925893
2017-08-18,1190221.2137117519
2017-08-21,1190513.7933374688
2017-08-22,1190430.2391807665
2017-08-23,1190373.974906095
2017-08-24,1190575.8648609095
2017-08-25,1191409.1179413765
2017-08-28,1191532.2127406942
2017-08-29,1191594.6283131423
2017-08-30,1191014.7880879585
2017-08-31,1192127.3434162498
2017-09-01,1192234.7068266189
2017-09-04,1192281.114972537
2017-09-05,1192420.8258395765
2017-09-06,1192967.6774563198
2017-09-07,1194151.454572015
2017-09-08,1193791.153688585
2017-09-11,1193633.4474207833
2017-09-12,1193797.148483226
2017-09-13,1192862.6897562966
2017-09-14,1193477.9589824441
2017-09-15,1194284.3787370767
2017-09-18,1193499.6910806864
2017-09-19,1193964.1516447547
2017-09-20,1193425.751012298
2017-09-21,1192871.6774555466
2017-09-22,1192358.8143630114
2017-09-25,1191103.962333363
2017-09-26,1190931.8190461555
2017-09-27,1190759.9688375588
2017-09-28,1190308.4968319838
2017-09-29,1190813.5319275395
2017-10-02,1190224.142572575
2017-10-03,1190264.6142100936
2017-10-04,1190272.5839836912
2017-10-05,1190215.3145460258
2017-10-06,1189674.075456331
2017-10-09,1189631.868600111
2017-10-10,1190289.7536843338
2017-10-11,1190778.3192550451
2017-10-12,1190559.1465891192
2017-10-13,1191120.164592314
2017-10-16,1191441.2890364497
2017-10-17,1191437.9332682283
2017-10-18,1192025.7845066413
2017-10-19,1191694.8246820949
2017-10-20,1192396.4625537859
2017-10-23,1192028.3659726663
2017-10-24,1192708.7456696057
2017-10-25,1192049.942424169
2017-10-26,1192103.8850446085
2017-10-27,1193049.6674003128
2017-10-30,1192718.6919770562
2017-10-31,1193489.9837051437
2017-11-01,1193833.7346687452
2017-11-02,1194236.5781227783
2017-11-03,1194465.295675438
2017-11-06,1194878.143584566
2017-11-07,1195144.776946714
2017-11-08,1195408.4821687182
2017-11-09,1194837.5658918105
2017-11-10,1194518.1441007147
2017-11-13,1194416.767343268
2017-11-14,1194158.9200404047
2017-11-15,1193371.32435697
2017-11-16,1193954.1936482494
2017-11-17,1193754.0838604746
2017-11-20,1193773.6598307313
2017-11-21,1194310.6524737645
2017-11-22,1194392.6235765924
2017-11-23,1194593.6525245341
2017-11-24,1195137.8321829976
2017-11-27,1194711.1544060926
2017-11-28,1195014.2922300645
2017-11-29,1194646.814167461
2017-11-30,1195389.929296016
2017-12-01,1195436.8688530615
2017-12-04,1194831.5096032345
2017-12-05,1194677.2105640084
2017-12-06,1194441.5207907667
2017-12-07,1194877.6372264142
2017-12-08,1195338.2448384522
2017-12-11,1195803.8106485847
2017-12-12,1195405.0730994656
2017-12-13,1194872.936296603
2017-12-14,1194348.7328333096
2017-12-15,1195158.8504656132
2017-12-18,1195367.284737131
2017-12-19,1195424.725466375
2017-12-20,1195597.1212960193
2017-12-21,1195585.5267906312
2017-12-22,1195460.6438058112
2017-12-26,1195720.2467782674
2017-12-27,1195818.9537444683
2017-12-28,1195925.591302591
2017-12-29,1195914.0252036399
2018-01-02,1196620.0259179417
2018-01-03,1197089.8493935175
2018-01-04,1198143.0011160611
2018-01-05,1198499.6218963917
2018-01-08,1198356.8167833004
2018-01-09,1197952.4030166292
2018-01-10,1197373.933582861
2018-01-11,1198781.635002518
2018-01-12,1201438.16753779
2018-01-15,1202333.0179487164
2018-01-16,1201578.2644278966
2018-01-17,1202099.1447295544
2018-01-18,1202266.194950516
2018-01-19,1202154.0298797693
2018-01-22,1203897.254921383
2018-01-23,1204404.3076374182
2018-01-24,1205923.272963817
2018-01-25,1204865.1841889964
2018-01-26,1206694.4102131822
2018-01-29,1205041.5293046813
2018-01-30,1203760.54582897
2018-01-31,1204237.8979163123
2018-02-01,1205470.9766244416
2018-02-02,1202402.6676237788
2018-02-05,1202302.4279473315
2018-02-06,1201284.3987744257
2018-02-07,1200225.0415113098
2018-02-08,1200007.9234077993
2018-02-09,1199727.1599441054
2018-02-12,1199588.0860822513
2018-02-13,1199862.543251836
2018-02-14,1200116.8386410426
2018-02-15,1200323.2516050609
2018-02-16,1199947.672617102
2018-02-19,1199935.0269719125
2018-02-20,1199667.6735697421
2018-02-21,1199469.3655236566
2018-02-22,1199531.5108805064
2018-02-23,1199454.7829479065
2018-02-26,1199429.7257562669
2018-02-27,1199136.0640093565
2018-02-28,1199060.2439719848
2018-03-01,1199342.701856738
2018-03-02,1199610.7316097221
2018-03-05,1199554.4829745502
2018-03-06,1199628.3989847484
2018-03-07,1199674.072251049
2018-03-08,1199379.6290863203
2018-03-09,1199006.026602963
2018-03-12,1199144.1062855923
2018-03-13,1199132.9126154385
2018-03-14,1198982.9168238582
2018-03-15,1199005.5616155656
2018-03-16,1199212.632347583
2018-03-19,1198965.6296904956
2018-03-20,1198605.720348707
2018-03-21,1198586.596296772
2018-03-22,1198590.4564954126
2018-03-23,1198945.4047974083
2018-03-26,1198679.5228444014
2018-03-27,1198787.7753588737
2018-03-28,1197926.454698587
2018-03-29,1197759.0725462073
2018-03-30,1197858.5787964503
2018-04-02,1197934.452562426
2018-04-03,1197611.5074289937
2018-04-04,1197233.3268259086
2018-04-05,1196923.1203519048
2018-04-06,1196941.705051398
2018-04-09,1197085.1418791937
2018-04-10,1197053.3385989745
2018-04-11,1197128.5421054235
2018-04-12,1196989.7389600428
2018-04-13,1196912.424779002
2018-04-16,1196882.318699523
2018-04-17,1196824.8276857145
2018-04-18,1196868.1121014692
2018-04-19,1196266.6897193664
2018-04-20,1195897.825749507
2018-04-23,1195692.8192102765
2018-04-24,1195285.7734085207
2018-04-25,1195718.6914216913
2018-04-26,1195765.726160764
2018-04-27,1195605.2111192946
2018-04-30,1195903.1035886179
2018-05-01,1195912.686280658
2018-05-02,1195920.80928819
2018-05-03,1195877.9018472466
2018-05-04,1196043.220877982
2018-05-07,1196177.7402057895
2018-05-08,1196448.9636845128
2018-05-09,1196605.1280278102
2018-05-10,1196313.696247097
2018-05-11,1196116.6796498327
2018-05-14,1196361.5985475413
2018-05-15,1196494.4544285429
2018-05-16,1196520.8680503848
2018-05-17,1196716.7948553462
2018-05-18,1196587.4813827507
2018-05-21,1196911.932807619
2018-05-22,1196760.3697500704
2018-05-23,1196227.2753153683
2018-05-24,1195619.2186934904
2018-05-25,1195352.5572161155
2018-05-28,1195375.6091219466
2018-05-29,1195422.6736817365
2018-05-30,1194545.7386876594
2018-05-31,1194559.3552415771
2018-06-01,1194382.3064678034
2018-06-04,1194165.6765288496
2018-06-05,1194101.9705486791
2018-06-06,1194266.028667579
2018-06-07,1193907.608833129
2018-06-08,1193981.1273618015
2018-06-11,1194124.0986742096
2018-06-12,1194278.8646876977
2018-06-13,1194106.082114462
2018-06-14,1194967.471713378
2018-06-15,1194808.9601578666
2018-06-18,1194837.3532533897
2018-06-19,1194798.979785248
2018-06-20,1195018.160474832
2018-06-21,1194445.7196318072
2018-06-22,1193966.2082603069
2018-06-25,1193637.23749964
2018-06-26,1194062.5424559028
2018-06-27,1194192.6370248448
2018-06-28,1194448.535707014
2018-06-29,1193612.2290560673
2018-07-02,1194593.056161784
2018-07-03,1193641.0396221324
2018-07-04,1193516.2109345347
2018-07-05,1193685.7058581754
2018-07-06,1193894.6136465198
2018-07-09,1194029.4206155443
2018-07-10,1194028.1490703598
2018-07-11,1194372.1079703823
2018-07-12,1194390.97707513
2018-07-13,1194438.517948603
2018-07-16,1193842.3589526743
2018-07-17,1194954.7721316179
2018-07-18,1194825.5417718661
2018-07-19,1195313.0520243498
2018-07-20,1194253.0618193145
2018-07-23,1194894.2789416371
2018-07-24,1194629.1369357035
2018-07-25,1194424.3941995322
2018-07-26,1194870.0999523283
2018-07-27,1194225.5804311528
2018-07-30,1193812.7411099083
2018-07-31,1193751.256584574
2018-08-01,1193872.5947250961
2018-08-02,1194741.2545288552
2018-08-03,1194629.0925455778
2018-08-06,1195123.3731854449
2018-08-07,1195036.2365563586
2018-08-08,1194872.0041873406
2018-08-09,1195176.497464694
2018-08-10,1195443.0896652748
2018-08-13,1195793.1450194304
2018-08-14,1196457.3504723073
2018-08-15,1196689.434913119
2018-08-16,1196439.2624586574
2018-08-17,1195676.48480266
2018-08-20,1195184.1997585862
2018-08-21,1194257.2315366121
2018-08-22,1194362.3028858677
2018-08-23,1195414.2544789922
2018-08-24,1194327.97540676
2018-08-27,1194228.775751365
2018-08-28,1194383.1145977639
2018-08-29,1194259.1745848767
2018-08-30,1194370.9884911317
2018-08-31,1195243.0879471733
2018-09-03,1195240.5423486521
2018-09-04,1195437.72584274
2018-09-05,1194591.2173101793
2018-09-06,1194163.4049794762
2018-09-07,1194768.8484479531
2018-09-10,1194572.8168568546
2018-09-11,1194729.083339082
2018-09-12,1194040.7995147868
2018-09-13,1194398.081422332
2018-09-14,1195002.3233177846
2018-09-17,1194245.241068214
2018-09-18,1194604.3958380267
2018-09-19,1194245.2204813666
2018-09-20,1194555.664752672
2018-09-21,1194510.5400820405
2018-09-24,1194602.944177793
2018-09-25,1194664.4459061134
2018-09-26,1194658.7311776853
2018-09-27,1195573.2018272837
2018-09-28,1195413.4575221855
2018-10-01,1196104.434281451
2018-10-02,1195648.1923716213
2018-10-03,1196318.6150613814
2018-10-04,1195141.4092929505
2018-10-05,1194405.3596580473
2018-10-08,1194556.1805928475
2018-10-09,1194373.675948572
2018-10-10,1194002.7179747862
2018-10-11,1193225.500642787
2018-10-12,1193126.0255747065
2018-10-15,1193035.16530611
2018-10-16,1192848.5219607686
2018-10-17,1192587.2699913
2018-10-18,1192761.9441894535
2018-10-19,1192593.995327225
2018-10-22,1192709.802807336
2018-10-23,1192814.9631460926
2018-10-24,1193188.0677634175
2018-10-25,1192870.7148780082
2018-10-26,1192939.6442142809
2018-10-29,1192971.8187034335
2018-10-30,1192503.183090726
2018-10-31,1192561.6516430462
2018-11-01,1192167.8254598132
2018-11-02,1192178.22027413
2018-11-05,1192179.2141312966
2018-11-06,1192226.488527535
2018-11-07,1191983.017591847
2018-11-08,1191968.971736883
2018-11-09,1191926.2007704573
2018-11-12,1192117.6054688725
2018-11-13,1191886.0769315548
2018-11-14,1191873.715312429
2018-11-15,1191426.9553221962
2018-11-16,1191156.2643529554
2018-11-19,1191267.4043545881
2018-11-20,1192055.1480910932
2018-11-21,1191299.1904235666
2018-11-22,1191419.130977926
2018-11-23,1192233.7745765287
2018-11-26,1191885.9141551605
2018-11-27,1192109.1531274575
2018-11-28,1191922.3282002124
2018-11-29,1191797.505689973
2018-11-30,1192229.9453367689
2018-12-03,1191328.0078793317
2018-12-04,1191799.4853742677
2018-12-05,1192091.6336926
2018-12-06,1192553.4459045844
2018-12-07,1192356.6943044683
2018-12-10,1192671.0060167138
2018-12-11,1192646.5095809055
2018-12-12,1192097.2353134942
2018-12-13,1191916.7127960466
2018-12-14,1192606.2208789608
2018-12-17,1192948.7435982767
2018-12-18,1193571.5573580565
2018-12-19,1193569.7655016081
2018-12-20,1193935.6675981928
2018-12-21,1195528.5049436067
2018-12-24,1196584.4974218637
2018-12-25,1196584.4974218637
2018-12-26,1194336.1045763039
2018-12-27,1194254.492728079
2018-12-28,1194366.6527070492
2018-12-31,1194296.3509884924
2019-01-02,1195774.401068585
2019-01-03,1195735.1499467925
2019-01-04,1192344.1367893524
2019-01-07,1191149.6192805201
2019-01-08,1191092.9475888724
2019-01-09,1190666.3119712013
2019-01-10,1190365.3258861129
2019-01-11,1190122.7863727442
2019-01-14,1190451.9802138119
2019-01-15,1190007.9471720285
2019-01-16,1189999.3098713239
2019-01-17,1189622.9884827042
2019-01-18,1189038.3040860542
2019-01-21,1189111.9797015102
2019-01-22,1189796.334614537
2019-01-23,1189530.6242739176
2019-01-24,1189939.774639813
2019-01-25,1189241.477767106
2019-01-28,1189389.798140862
2019-01-29,1189241.7430948126
2019-01-30,1188902.9856573306
2019-01-31,1188902.8291547275
2019-02-01,1188499.6297243773
2019-02-04,1188305.674130621
2019-02-05,1188528.2190063233
2019-02-06,1188457.5274809818
2019-02-07,1188639.5521302943
2019-02-08,1188790.6639332387
2019-02-11,1188566.4968310164
2019-02-12,1188459.1642602417
2019-02-13,1188382.8876548486
2019-02-14,1188569.4244472124
2019-02-15,1188774.6685653122
2019-02-18,1188792.932310601
2019-02-19,1189028.7622862237
2019-02-20,1188858.3918071077
2019-02-21,1188541.3926404682
2019-02-22,1188642.8137950934
2019-02-25,1188612.749122503
2019-02-26,1188616.662803818
2019-02-27,1188378.6072693735
2019-02-28,1188239.174527085
2019-03-01,1188148.1660078038
2019-03-04,1188185.4811658612
2019-03-05,1188178.1966408556
2019-03-06,1188166.7156365647
2019-03-07,1188166.7156365647
2019-03-08,1187996.4433669057
2019-03-11,1187940.2164075973
2019-03-12,1187784.1317772667
2019-03-13,1187767.8450361209
2019-03-14,1187804.303523692
2019-03-15,1187904.3426069838
2019-03-18,1187990.644440473
2019-03-19,1187966.837512277
2019-03-20,1187768.9184337794
2019-03-21,1188321.7611520416
2019-03-22,1187442.5516266918
2019-03-25,1187454.8065864888
2019-03-26,1187629.513410816
2019-03-27,1187354.853544686
2019-03-28,1187536.9759249839
2019-03-29,1187810.8081897255
2019-04-01,1188267.3293015556
2019-04-02,1188273.0296592107
2019-04-03,1188535.052004992
2019-04-04,1188514.6013926798
2019-04-05,1188745.9404398913
2019-04-08,1188737.149884343
2019-04-09,1188412.372605331
2019-04-10,1188616.275576017
2019-04-11,1188585.8941804993
2019-04-12,1188881.9335019889
2019-04-15,1188830.0744646685
2019-04-16,1188922.9127883804
2019-04-17,1188926.628306305
2019-04-18,1189091.1341903356
2019-04-19,1189091.1341903356
2019-04-22,1189167.9706750407
2019-04-23,1189758.8213768532
2019-04-24,1189497.0398589289
2019-04-25,1189216.4294276317
2019-04-26,1188771.0153453618
2019-04-29,1188752.1185604467
2019-04-30,1188472.4620673407
2019-05-01,1187758.5135344064
2019-05-02,1187714.807447819
2019-05-03,1188170.1799883132
2019-05-06,1187620.9736903994
2019-05-07,1186206.95097437
2019-05-08,1186152.3949399544
2019-05-09,1185826.156338159
2019-05-10,1185121.4398426376
2019-05-13,1186681.2195435446
2019-05-14,1186310.6432426418
2019-05-15,1186383.4739155208
2019-05-16,1186942.2393215613
2019-05-17,1187365.4807459232
2019-05-20,1186734.2147079157
2019-05-21,1186674.4450343123
2019-05-22,1187062.1199613228
2019-05-23,1187222.185757356
2019-05-24,1186747.6502877849
2019-05-27,1186849.2149691035
2019-05-28,1187317.3464655397
2019-05-29,1187682.641767142
2019-05-30,1187779.9552470252
2019-05-31,1188057.0675677997
2019-06-03,1186809.4359077974
2019-06-04,1186065.9515253615
2019-06-05,1186325.9067761013
2019-06-06,1185528.5575189993
2019-06-07,1184717.619852652
2019-06-10,1184546.4250794887
2019-06-11,1184323.554242912
2019-06-12,1185279.9816861209
2019-06-13,1185627.328138602
2019-06-14,1186365.98432886
2019-06-17,1186556.8240297092
2019-06-18,1186258.9465789434
2019-06-19,1186336.2452891893
2019-06-20,1186443.2523786465
2019-06-21,1186064.6161945488
2019-06-24,1186098.060034153
2019-06-25,1186536.410731494
2019-06-26,1185603.2415485783
2019-06-27,1185575.2802843747
2019-06-28,1185321.273409761
2019-07-01,1184674.4844163298
2019-07-02,1185759.1838190171
2019-07-03,1185918.439327206
2019-07-04,1185810.7049978292
2019-07-05,1185240.6509974564
2019-07-08,1184784.558125378
2019-07-09,1185171.5797741786
2019-07-10,1185794.3767799528
2019-07-11,1185323.537352053
2019-07-12,1185632.3268712484
2019-07-15,1185764.9880287782
2019-07-16,1185623.0558770008
2019-07-17,1185809.5845427793
2019-07-18,1186288.9102025023
2019-07-19,1185294.6923899725
2019-07-22,1185512.2536758364
2019-07-23,1185807.3400176459
2019-07-24,1186148.3871492846
2019-07-25,1185318.6954931829
2019-07-26,1186098.5525172101
2019-07-29,1186937.6191220654
2019-07-30,1187191.4500478911
2019-07-31,1186074.020536897
2019-08-01,1187312.03649709
2019-08-02,1186522.2570324088
2019-08-05,1187972.5169215705
2019-08-06,1186764.8107540845
2019-08-07,1187541.688627316
2019-08-08,1187278.4203325063
2019-08-09,1187849.0070521003
2019-08-12,1188788.790697181
2019-08-13,1187042.3514048639
2019-08-14,1189433.4105073195
2019-08-15,1189097.9436707757
2019-08-16,1188425.5432630826
2019-08-19,1188082.7111212127
2019-08-20,1188358.5627385876
2019-08-21,1187899.1475338908
2019-08-22,1188032.0548375933
2019-08-23,1189215.8849197938
2019-08-26,1188601.0773672368
2019-08-27,1189502.6907739562
2019-08-28,1189539.3790383935
2019-08-29,1189085.4462995178
2019-08-30,1189602.348757027
2019-09-02,1190458.1437535044
2019-09-03,1190548.7592962452
2019-09-04,1188792.749911753
2019-09-05,1187333.0111365402
2019-09-06,1187112.6873529106
2019-09-09,1186412.088977828
2019-09-10,1186078.5762462087
2019-09-11,1186446.738722786
2019-09-12,1185926.1610014716
2019-09-13,1185575.0096995283
2019-09-16,1186033.4070657282
2019-09-17,1185750.676779028
2019-09-18,1186005.6343260582
2019-09-19,1186262.7945456577
2019-09-20,1186924.6621952937
2019-09-23,1187079.5151265184
2019-09-24,1187060.7212679838
2019-09-25,1187059.7482125014
2019-09-26,1187220.420752096
2019-09-27,1186810.5352221464
2019-09-30,1186652.6346731195
2019-10-01,1186699.5002753153
2019-10-02,1186449.7715454518
2019-10-03,1186178.942685125
2019-10-04,1186008.1438640216
2019-10-07,1186256.53149702
2019-10-08,1186355.6363701937
2019-10-09,1186304.272585199
2019-10-10,1185856.699940876
2019-10-11,1185651.8670803355
2019-10-14,1185659.8552046432
2019-10-15,1185734.793627927
2019-10-16,1185544.9514530685
2019-10-17,1184996.8753815894
2019-10-18,1184984.1257459705
2019-10-21,1185134.5454521144
2019-10-22,1185011.1363266606
2019-10-23,1185200.3345452538
2019-10-24,1185198.8260824725
2019-10-25,1185256.1431141
2019-10-28,1185494.8533488722
2019-10-29,1185205.0451236777
2019-10-30,1185138.4409696304
2019-10-31,1184768.9322533926
2019-11-01,1185378.154465927
2019-11-04,1185683.7475196577
2019-11-05,1185771.996788409
2019-11-06,1185686.2325364063
2019-11-07,1185953.8607498491
2019-11-08,1185875.604535351
2019-11-11,1185722.9498713906
2019-11-12,1185830.0295594353
2019-11-13,1185738.6079581208
2019-11-14,1185530.2168798442
2019-11-15,1185892.9688817342
2019-11-18,1185959.7522260768
2019-11-19,1185785.4570065245
2019-11-20,1185559.0787272467
2019-11-21,1185294.7667168444
2019-11-22,1185414.249393649
2019-11-25,1185944.8200542515
2019-11-26,1186086.5974748838
2019-11-27,1186385.795968834
2019-11-28,1186235.1923439235
2019-11-29,1186004.3895735943
2019-12-02,1185416.8889692747
2019-12-03,1184988.0584027623
2019-12-04,1185153.0174119654
2019-12-05,1185341.7614256686
2019-12-06,1185831.9364803866
2019-12-09,1185499.347825563
2019-12-10,1185659.9482633835
2019-12-11,1185902.9025955535
2019-12-12,1186393.4159514238
2019-12-13,1187024.2542660036
2019-12-16,1187469.792974763
2019-12-17,1186852.6015121331
2019-12-18,1186900.1303373445
2019-12-19,1187009.1813468873
2019-12-20,1187002.2862437726
2019-12-23,1187107.1247838433
2019-12-24,1187149.8259064646
2019-12-26,1187559.2340510406
2019-12-27,1187308.26978189
2019-12-30,1186690.5399066804
2019-12-31,1186715.5128284532
2020-01-02,1187440.9423221678
2020-01-03,1187329.732223885
2020-01-06,1187739.7466373788
2020-01-07,1187528.2290767834
2020-01-08,1186977.3702733486
2020-01-09,1187044.1276497925
2020-01-10,1186911.5243804092
2020-01-13,1186971.5741874655
2020-01-14,1186803.652064475
2020-01-15,1187132.8883433577
2020-01-16,1187344.6143509347
2020-01-17,1187569.8057296644
2020-01-20,1187683.243587284
2020-01-21,1187333.5698483596
2020-01-22,1186859.2092839042
2020-01-23,1186924.7265546457
2020-01-24,1186560.400579406
2020-01-27,1185785.028431375
2020-01-28,1185913.940072078
2020-01-29,1185962.8787528146
2020-01-30,1186337.381731528
2020-01-31,1186165.272999623
2020-02-03,1186014.2590148556
2020-02-04,1185268.444813946
2020-02-05,1184859.3587284563
2020-02-06,1185284.0007455084
2020-02-07,1185807.7219675449
2020-02-10,1186451.3403683715
2020-02-11,1186068.9051356674
2020-02-12,1185989.0499138737
2020-02-13,1186558.1885399895
2020-02-14,1186769.9182389856
2020-02-17,1186692.0569909802
2020-02-18,1187669.964624916
2020-02-19,1186929.5984168106
2020-02-20,1187012.324859494
2020-02-21,1186490.243793835
2020-02-24,1186987.1766256453
2020-02-25,1187061.1576237471
2020-02-26,1188052.9214396814
2020-02-27,1188680.496673632
2020-02-28,1188659.043600081
2020-03-02,1187659.5979654598
2020-03-03,1187923.6031607355
2020-03-04,1187282.782187159
2020-03-05,1188236.2309921267
2020-03-06,1188958.294827764
2020-03-09,1193646.7826119543
2020-03-10,1192548.0000338058
2020-03-11,1194013.7559287783
2020-03-12,1197557.895278736
2020-03-13,1195776.9418193223
2020-03-16,1200372.5355313711
2020-03-17,1201541.4828114395
2020-03-18,1206520.2154269046
2020-03-19,1205792.9195221183
2020-03-20,1204443.157372224
2020-03-23,1204539.4055765383
2020-03-24,1200786.1651581584
2020-03-25,1198625.9407953573
2020-03-26,1196139.38349965
2020-03-27,1195669.0945934034
2020-03-30,1195423.9998932325
2020-03-31,1195668.3820482378
2020-04-01,1197583.2220066986
2020-04-02,1196747.1432254673
2020-04-03,1197022.8058176667
2020-04-06,1195252.75689935
2020-04-07,1194385.1286172625
2020-04-08,1193702.142066989
2020-04-09,1194123.9064516074
2020-04-10,1194247.9693804781
2020-04-13,1194723.7633071556
2020-04-14,1194833.539311061
2020-04-15,1195009.4348130273
2020-04-16,1194963.3556662826
2020-04-17,1194598.5125790227
2020-04-20,1195251.060902386
2020-04-21,1196081.5201958804
2020-04-22,1196081.1633503947
2020-04-23,1196289.1604598255
2020-04-24,1196091.2510335087
2020-04-27,1196110.0223001286
2020-04-28,1196271.1678206427
2020-04-29,1196072.4290612529
2020-04-30,1195041.5649490394
2020-05-01,1194934.0508287058
2020-05-04,1195102.9230535165
2020-05-05,1195221.505847629
2020-05-06,1195421.882326494
2020-05-07,1195377.2305419291
2020-05-08,1195162.6628632457
2020-05-11,1195018.978160034
2020-05-12,1194918.7059384726
2020-05-13,1195120.7783851936
