day,0
2005-01-04,1200000.0
2005-01-05,1200000.0
2005-01-06,1200000.0
2005-01-07,1200000.0
2005-01-10,1200000.0
2005-01-11,1200000.0
2005-01-12,1200000.0
2005-01-13,1200000.0
2005-01-14,1200000.0
2005-01-17,1200000.0
2005-01-18,1200000.0
2005-01-19,1200000.0
2005-01-20,1200000.0
2005-01-21,1200000.0
2005-01-24,1200000.0
2005-01-25,1200000.0
2005-01-26,1200000.0
2005-01-27,1200000.0
2005-01-28,1200000.0
2005-01-31,1200000.0
2005-02-01,1200000.0
2005-02-02,1200000.0
2005-02-03,1200000.0
2005-02-04,1200000.0
2005-02-07,1200000.0
2005-02-08,1200000.0
2005-02-09,1200000.0
2005-02-10,1200000.0
2005-02-11,1200000.0
2005-02-14,1200000.0
2005-02-15,1200000.0
2005-02-16,1200000.0
2005-02-17,1200000.0
2005-02-18,1200000.0
2005-02-21,1200000.0
2005-02-22,1200000.0
2005-02-23,1200000.0
2005-02-24,1200000.0
2005-02-25,1200000.0
2005-02-28,1200000.0
2005-03-01,1200000.0
2005-03-02,1200000.0
2005-03-03,1200000.0
2005-03-04,1200000.0
2005-03-07,1200000.0
2005-03-08,1200000.0
2005-03-09,1200000.0
2005-03-10,1200000.0
2005-03-11,1200000.0
2005-03-14,1200000.0
2005-03-15,1200000.0
2005-03-16,1200000.0
2005-03-17,1200000.0
2005-03-18,1200000.0
2005-03-21,1200000.0
2005-03-22,1200000.0
2005-03-23,1199825.2215782898
2005-03-24,1199792.151949251
2005-03-25,1199792.151949251
2005-03-28,1199765.8288878216
2005-03-29,1199873.9194354047
2005-03-30,1199392.1949917432
2005-03-31,1199560.467766421
2005-04-01,1199796.46649034
2005-04-04,1199641.7481844132
2005-04-05,1199579.3127263712
2005-04-06,1199516.8767571708
2005-04-07,1199165.5508653917
2005-04-08,1199511.8814133261
2005-04-11,1199656.0810762136
2005-04-12,1199485.312220801
2005-04-13,1199992.6296100747
2005-04-14,1200678.5008767317
2005-04-15,1201590.8496780735
2005-04-18,1201396.4382128203
2005-04-19,1200514.9989666508
2005-04-20,1201708.541462541
2005-04-21,1200229.4851064417
2005-04-22,1200703.406139953
2005-04-25,1200200.7343652137
2005-04-26,1200987.5612294432
2005-04-27,1200739.395933998
2005-04-28,1201667.892398571
2005-04-29,1200718.2460038178
2005-05-02,1200251.1025145384
2005-05-03,1199856.0177900796
2005-05-04,1198902.008188059
2005-05-05,1198772.0038714295
2005-05-06,1198729.9907384608
2005-05-09,1197517.1317595914
2005-05-10,1198174.4889972762
2005-05-11,1198440.7192812767
2005-05-12,1199082.664874474
2005-05-13,1199814.7897103373
2005-05-16,1200487.3813161938
2005-05-17,1199902.494404247
2005-05-18,1198247.0576845102
2005-05-19,1198593.992416545
2005-05-20,1199892.9482549145
2005-05-23,1199393.5853007147
2005-05-24,1199292.5044404673
2005-05-25,1198906.8950478774
2005-05-26,1200517.1969709897
2005-05-27,1198769.5222681295
2005-05-30,1200222.066609833
2005-05-31,1201795.260385394
2005-06-01,1203359.7798576625
2005-06-02,1202629.0832476332
2005-06-03,1202555.8928712169
2005-06-06,1201619.30637029
2005-06-07,1201410.7838735357
2005-06-08,1202080.0651504404
2005-06-09,1202519.92011524
2005-06-10,1203337.5667215222
2005-06-13,1203577.9159518688
2005-06-14,1204154.2077976847
2005-06-15,1201137.2435642695
2005-06-16,1201840.488175478
2005-06-17,1201357.7167933742
2005-06-20,1202928.8737728468
2005-06-21,1202690.007829557
2005-06-22,1203383.5252356865
2005-06-23,1204012.5980969397
2005-06-24,1202116.6245516925
2005-06-27,1200759.9949678727
2005-06-28,1201591.2396934195
2005-06-29,1201673.5874144174
2005-06-30,1202082.9079101526
2005-07-01,1204411.239255185
2005-07-04,1205217.667310895
2005-07-05,1204806.177556612
2005-07-06,1205951.9578381542
2005-07-07,1203790.534310636
2005-07-08,1203713.2756540163
2005-07-11,1202184.7709284332
2005-07-12,1201010.0054991501
2005-07-13,1202368.662567371
2005-07-14,1202630.1000763336
2005-07-15,1202758.158857146
2005-07-18,1202495.4563545755
2005-07-19,1203701.3044603793
2005-07-20,1203659.0033284228
2005-07-21,1200938.3994026177
2005-07-22,1203017.1571276558
2005-07-25,1202754.4780150629
2005-07-26,1203626.4037158112
2005-07-27,1203234.5938366167
2005-07-28,1203561.4246556216
2005-07-29,1202690.1536008378
2005-08-01,1203267.3818987373
2005-08-02,1203446.1965944532
2005-08-03,1202843.257877487
2005-08-04,1201729.2762286507
2005-08-05,1200878.9424594247
2005-08-08,1201343.0814413812
2005-08-09,1202185.504745734
2005-08-10,1203183.0151638626
2005-08-11,1205279.3292493897
2005-08-12,1203761.0717898284
2005-08-15,1204091.1899133748
2005-08-16,1202171.4525758207
2005-08-17,1199774.7873641981
2005-08-18,1198604.729184828
2005-08-19,1200277.7330449424
2005-08-22,1201818.5744522063
2005-08-23,1201284.5034862098
2005-08-24,1200776.7358993497
2005-08-25,1200754.5799381603
2005-08-26,1198894.541205377
2005-08-29,1199452.529716118
2005-08-30,1200402.9088930052
2005-08-31,1200479.0933807143
2005-09-01,1201098.9301136336
2005-09-02,1200458.1850733778
2005-09-05,1200936.4462756098
2005-09-06,1200383.0771658763
2005-09-07,1200034.1699524731
2005-09-08,1199828.581312848
2005-09-09,1201161.108271581
2005-09-12,1201036.39747654
2005-09-13,1200785.2413118258
2005-09-14,1201244.0307994536
2005-09-15,1201775.0552023167
2005-09-16,1202271.6282453663
2005-09-19,1203377.4199181627
2005-09-20,1203475.0699956056
2005-09-21,1203075.5831384168
2005-09-22,1202847.7719365235
2005-09-23,1203037.1131244488
2005-09-26,1204788.1763277422
2005-09-27,1204288.6714832254
2005-09-28,1205694.8531268227
2005-09-29,1207382.8297209525
2005-09-30,1207147.7287669238
2005-10-03,1207129.6067087397
2005-10-04,1206980.064470106
2005-10-05,1202673.4572400928
2005-10-06,1199347.2540869815
2005-10-07,1199991.593429223
2005-10-10,1200821.2027753033
2005-10-11,1200789.6551328923
2005-10-12,1200642.8075210243
2005-10-13,1199848.3595689118
2005-10-14,1199248.968512557
2005-10-17,1199993.2491328395
2005-10-18,1200559.494548897
2005-10-19,1200531.6504952088
2005-10-20,1200374.7648057477
2005-10-21,1200263.9600246644
2005-10-24,1200000.048759837
2005-10-25,1199881.5252285937
2005-10-26,1200904.3945275452
2005-10-27,1200652.261147346
2005-10-28,1199916.141674289
2005-10-31,1200390.1110111466
2005-11-01,1200863.7457859637
2005-11-02,1201216.5251142085
2005-11-03,1201369.5767899759
2005-11-04,1202325.013793278
2005-11-07,1201390.976263186
2005-11-08,1200637.815518209
2005-11-09,1200762.9423311392
2005-11-10,1201992.233275975
2005-11-11,1202005.6922421518
2005-11-14,1202309.9660937472
2005-11-15,1201972.9565553144
2005-11-16,1202845.532153041
2005-11-17,1203759.5536242633
2005-11-18,1204237.504358883
2005-11-21,1205302.9119442953
2005-11-22,1205095.3929422805
2005-11-23,1205771.419104478
2005-11-24,1205252.741644902
2005-11-25,1206945.7483893197
2005-11-28,1204489.7861852301
2005-11-29,1205673.2524807903
2005-11-30,1204131.756056994
2005-12-01,1208001.4879347337
2005-12-02,1208887.7143939487
2005-12-05,1209349.7134787752
2005-12-06,1210445.591305165
2005-12-07,1208945.8522614434
2005-12-08,1206663.6869293277
2005-12-09,1208503.252545519
2005-12-12,1209225.6894549928
2005-12-13,1210052.0426160481
2005-12-14,1206021.2079617123
2005-12-15,1203170.8290248627
2005-12-16,1202993.0154434883
2005-12-19,1201673.5717774269
2005-12-20,1201867.7451299275
2005-12-21,1202288.8162746215
2005-12-22,1202906.6408520339
2005-12-23,1202716.994926199
2005-12-26,1202741.960854752
2005-12-27,1201469.6091863795
2005-12-28,1202842.8352683806
2005-12-29,1202409.5878468482
2005-12-30,1200782.9121393953
2006-01-02,1200828.6343220146
2006-01-03,1202778.4414336046
2006-01-04,1203538.4108631334
2006-01-05,1202448.3027941976
2006-01-06,1203696.5573376454
2006-01-09,1203731.11643425
2006-01-10,1202840.1223499542
2006-01-11,1204550.5085754409
2006-01-12,1203811.4296654097
2006-01-13,1203443.676902907
2006-01-16,1203891.834801903
2006-01-17,1200768.086512637
2006-01-18,1198493.3419740044
2006-01-19,1199811.5684628175
2006-01-20,1198187.7387229465
2006-01-23,1198065.4571472183
2006-01-24,1197728.4299808333
2006-01-25,1198077.2665168499
2006-01-26,1198905.4945671004
2006-01-27,1200251.0109801563
2006-01-30,1200624.707958669
2006-01-31,1199869.4143465476
2006-02-01,1200240.9985749016
2006-02-02,1198273.9841678513
2006-02-03,1198564.564023584
2006-02-06,1198643.1694820733
2006-02-07,1196574.8475438836
2006-02-08,1196390.5296652156
2006-02-09,1197443.5048963006
2006-02-10,1195947.7679803302
2006-02-13,1195377.659102735
2006-02-14,1196310.8532361367
2006-02-15,1195386.585477213
2006-02-16,1196103.241083276
2006-02-17,1195831.5748573947
2006-02-20,1196039.9428450782
2006-02-21,1195852.4453699717
2006-02-22,1196019.940971815
2006-02-23,1195480.702096842
2006-02-24,1195957.025669881
2006-02-27,1196384.0006973047
2006-02-28,1195595.4662695238
2006-03-01,1196419.512468114
2006-03-02,1196303.911054193
2006-03-03,1196693.5249885556
2006-03-06,1196662.3521209715
2006-03-07,1195608.5698004405
2006-03-08,1195102.9739310131
2006-03-09,1195361.5910453596
2006-03-10,1195851.7774514775
2006-03-13,1196128.3518902299
2006-03-14,1196280.5893114556
2006-03-15,1196417.6525352355
2006-03-16,1196879.686114062
2006-03-17,1196864.9427796996
2006-03-20,1197230.0483771074
2006-03-21,1197353.7611579741
2006-03-22,1197501.848790291
2006-03-23,1197460.2869622053
2006-03-24,1198452.1213782404
2006-03-27,1197810.273933688
2006-03-28,1197149.1777115087
2006-03-29,1197772.5699285076
2006-03-30,1197518.637433876
2006-03-31,1196591.0243116308
2006-04-03,1198105.1114520675
2006-04-04,1197934.235461416
2006-04-05,1198084.226160788
2006-04-06,1197646.2601252585
2006-04-07,1196427.8836520673
2006-04-10,1197303.8684119103
2006-04-11,1195892.176803551
2006-04-12,1195467.365239101
2006-04-13,1195713.8561146082
2006-04-14,1195807.6620662427
2006-04-17,1195591.4686929057
2006-04-18,1198408.6671856213
2006-04-19,1199234.043339402
2006-04-20,1198357.38777349
2006-04-21,1199160.910426447
2006-04-24,1196274.9954987527
2006-04-25,1196263.8929086733
2006-04-26,1196532.93003458
2006-04-27,1196339.0825703165
2006-04-28,1196905.9881282458
2006-05-01,1196354.4732080323
2006-05-02,1198965.4497032461
2006-05-03,1197465.5875987995
2006-05-04,1198005.1735839343
2006-05-05,1199373.4548655876
2006-05-08,1197544.8227689494
2006-05-09,1199510.2372933403
2006-05-10,1198501.4501472337
2006-05-11,1197573.626018503
2006-05-12,1196117.6337509216
2006-05-15,1193811.777903602
2006-05-16,1194905.1569167415
2006-05-17,1192485.475554727
2006-05-18,1193811.5472544422
2006-05-19,1192633.9384511975
2006-05-22,1193696.607407098
2006-05-23,1192731.924552358
2006-05-24,1192098.1914411562
2006-05-25,1194204.1329797267
2006-05-26,1193065.9877363394
2006-05-29,1193130.1357588337
2006-05-30,1195311.836799404
2006-05-31,1194141.1941530257
2006-06-01,1193634.7740491254
2006-06-02,1195358.2700751454
2006-06-05,1194614.8204834992
2006-06-06,1193380.6562246238
2006-06-07,1192619.2749343738
2006-06-08,1190716.5542709865
2006-06-09,1191858.9631788668
2006-06-12,1191464.0634101012
2006-06-13,1189740.0031601405
2006-06-14,1190477.041179547
2006-06-15,1190291.3162978748
2006-06-16,1190042.8227414768
2006-06-19,1189380.6505382303
2006-06-20,1189505.4251795227
2006-06-21,1190604.2055621718
2006-06-22,1189598.4223291522
2006-06-23,1188840.377755821
2006-06-26,1189316.800504527
2006-06-27,1189829.7222504613
2006-06-28,1189629.177651651
2006-06-29,1189873.9597701682
2006-06-30,1190025.7302626434
2006-07-03,1190428.7421000758
2006-07-04,1190657.4636807824
2006-07-05,1191480.4660265234
2006-07-06,1191360.7016565672
2006-07-07,1190735.1490115863
2006-07-10,1189968.648395534
2006-07-11,1189555.2606920858
2006-07-12,1190774.055425074
2006-07-13,1191850.6872332634
2006-07-14,1192110.0763377377
2006-07-17,1191475.7598530126
2006-07-18,1190979.3385251418
2006-07-19,1190676.4511114596
2006-07-20,1191052.3396336515
2006-07-21,1191398.1875710464
2006-07-24,1190898.3699178915
2006-07-25,1190615.456458234
2006-07-26,1191114.261294683
2006-07-27,1190687.8037726993
2006-07-28,1189302.6907235112
2006-07-31,1189663.5564265882
2006-08-01,1190546.7052816623
2006-08-02,1190375.1572715724
2006-08-03,1190109.7410792843
2006-08-04,1190170.3891945248
2006-08-07,1191463.3141199134
2006-08-08,1191267.2765378656
2006-08-09,1191993.6454491082
2006-08-10,1190560.9975930818
2006-08-11,1191379.1338940146
2006-08-14,1190830.0810537273
2006-08-15,1190350.9640036677
2006-08-16,1190473.1233502051
2006-08-17,1189353.5971912805
2006-08-18,1189146.2493735175
2006-08-21,1189696.349066641
2006-08-22,1190110.6272046012
2006-08-23,1189623.7491203856
2006-08-24,1189054.5918734411
2006-08-25,1189650.0180874916
2006-08-28,1190193.1905247723
2006-08-29,1190579.091988147
2006-08-30,1191309.3249085
2006-08-31,1191799.9835221868
2006-09-01,1192438.393379204
2006-09-04,1192169.4846982132
2006-09-05,1191586.8819123034
2006-09-06,1189840.8609049597
2006-09-07,1187541.3603555947
2006-09-08,1187298.7088810683
2006-09-11,1187662.1832706747
2006-09-12,1189229.444303904
2006-09-13,1189138.6698646923
2006-09-14,1189689.4796477992
2006-09-15,1189070.7999757577
2006-09-18,1190312.3502374925
2006-09-19,1188386.3615967843
2006-09-20,1189409.0150870723
2006-09-21,1189165.086863179
2006-09-22,1187575.5690097027
2006-09-25,1187957.6261152313
2006-09-26,1188631.6589747672
2006-09-27,1189723.6643309745
2006-09-28,1190089.5628033106
2006-09-29,1189989.8727315974
2006-10-02,1190339.5600778481
2006-10-03,1190772.1175762264
2006-10-04,1191142.450747321
2006-10-05,1191208.9921513766
2006-10-06,1190882.5606646356
2006-10-09,1190917.607032629
2006-10-10,1191751.4080065086
2006-10-11,1191977.8502608975
2006-10-12,1192962.9336704267
2006-10-13,1193550.2369711045
2006-10-16,1193227.0518974813
2006-10-17,1192039.7426730804
2006-10-18,1192878.7383642585
2006-10-19,1192724.7596848542
2006-10-20,1193332.314200095
2006-10-23,1194765.1646809469
2006-10-24,1194832.3459841134
2006-10-25,1194997.9788389874
2006-10-26,1195613.4421385748
2006-10-27,1193547.4320917495
2006-10-30,1193329.7679372665
2006-10-31,1193350.3091344468
2006-11-01,1192667.9122853603
2006-11-02,1193091.2977287879
2006-11-03,1192609.8970256115
2006-11-06,1194923.8332531613
2006-11-07,1195375.5230626003
2006-11-08,1194575.6889995828
2006-11-09,1193721.1654301537
2006-11-10,1193829.2213987403
2006-11-13,1193723.1597384003
2006-11-14,1194441.62761719
2006-11-15,1195348.0112615954
2006-11-16,1196592.6121817394
2006-11-17,1196077.5895568465
2006-11-20,1196755.8465154113
2006-11-21,1196922.7671577658
2006-11-22,1196743.0814326603
2006-11-23,1195610.2720297726
2006-11-24,1197349.2744071642
2006-11-27,1196295.4758432924
2006-11-28,1198574.157940999
2006-11-29,1198143.4071049264
2006-11-30,1200756.3262496188
2006-12-01,1201572.028940253
2006-12-04,1202440.6599644036
2006-12-05,1200783.0264957533
2006-12-06,1199500.117053703
2006-12-07,1199597.8400254666
2006-12-08,1198405.6987754186
2006-12-11,1200186.8934948477
2006-12-12,1201051.2299303785
2006-12-13,1201125.5687354482
2006-12-14,1200718.3428024794
2006-12-15,1199341.910211702
2006-12-18,1198566.5571692144
2006-12-19,1201447.5139308262
2006-12-20,1201173.3022386942
2006-12-21,1200452.8605039425
2006-12-22,1199723.801454484
2006-12-25,1200245.2724224096
2006-12-26,1200008.3380435873
2006-12-27,1201169.3207931845
2006-12-28,1203102.5425914703
2006-12-29,1203412.9618514064
2007-01-01,1203567.6581881503
2007-01-02,1207304.6268442846
2007-01-03,1203876.9188198391
2007-01-04,1201579.7366059981
2007-01-05,1194988.321262086
2007-01-08,1195505.795106205
2007-01-09,1196271.1440211723
2007-01-10,1196345.840603072
2007-01-11,1198634.2769955313
2007-01-12,1198965.188834693
2007-01-15,1199402.2582176987
2007-01-16,1199485.7232578844
2007-01-17,1198978.2507093067
2007-01-18,1199111.446298584
2007-01-19,1199047.6126416714
2007-01-22,1199031.1019350125
2007-01-23,1199705.3980837746
2007-01-24,1198705.8518252613
2007-01-25,1195093.5551998694
2007-01-26,1194290.648713921
2007-01-29,1195889.3892506876
2007-01-30,1195113.8073919402
2007-01-31,1193997.1010668918
2007-02-01,1195560.2426723863
2007-02-02,1195396.0432999588
2007-02-05,1193937.3328395432
2007-02-06,1194721.203249495
2007-02-07,1195968.718193533
2007-02-08,1196184.7674852263
2007-02-09,1196119.729601785
2007-02-12,1195070.9143739697
2007-02-13,1196213.9653565313
2007-02-14,1198459.8912486297
2007-02-15,1197292.4731721543
2007-02-16,1197233.080362623
2007-02-19,1198053.6152070942
2007-02-20,1198061.1956583345
2007-02-21,1198865.7856203876
2007-02-22,1200183.3437997906
2007-02-23,1199890.7454813814
2007-02-26,1200056.5313822238
2007-02-27,1191169.8726476505
2007-02-28,1191307.9433604728
2007-03-01,1190212.0962144386
2007-03-02,1189225.6841002558
2007-03-05,1189225.6841002558
2007-03-06,1189225.6841002558
2007-03-07,1189225.6841002558
2007-03-08,1189225.6841002558
2007-03-09,1189225.6841002558
2007-03-12,1189225.6841002558
2007-03-13,1189225.6841002558
2007-03-14,1189225.6841002558
2007-03-15,1189225.6841002558
2007-03-16,1189225.6841002558
2007-03-19,1189137.0855861541
2007-03-20,1189325.831071809
2007-03-21,1190144.1734973832
2007-03-22,1189598.9809116134
2007-03-23,1189197.6771405556
2007-03-26,1189882.6588610327
2007-03-27,1189921.901024349
2007-03-28,1189449.5531645727
2007-03-29,1189688.9847137246
2007-03-30,1189921.6869052497
2007-04-02,1190642.6320059425
2007-04-03,1190085.7467736069
2007-04-04,1191058.1398532742
2007-04-05,1191650.4745867047
2007-04-06,1191109.7436146638
2007-04-09,1191053.2613074675
2007-04-10,1192611.1337801043
2007-04-11,1192883.7144427444
2007-04-12,1193702.539309963
2007-04-13,1194927.9601224666
2007-04-16,1195491.2639018407
2007-04-17,1196447.4593328983
2007-04-18,1196793.5738183332
2007-04-19,1195764.5062939557
2007-04-20,1196907.621448584
2007-04-23,1195643.9495803115
2007-04-24,1195204.8988918765
2007-04-25,1197581.2832421993
2007-04-26,1195196.3420397732
2007-04-27,1197219.7163561988
2007-04-30,1196353.9404540986
2007-05-01,1195426.2370973371
2007-05-02,1196089.8012181334
2007-05-03,1196945.3834597515
2007-05-04,1198229.8658807038
2007-05-07,1198960.266415042
2007-05-08,1197574.1199949796
2007-05-09,1197602.7212783073
2007-05-10,1193168.592985134
2007-05-11,1196896.1990252356
2007-05-14,1196867.764158626
2007-05-15,1198331.879091555
2007-05-16,1195878.2532553482
2007-05-17,1195857.601677634
2007-05-18,1197885.383379107
2007-05-21,1197752.939394999
2007-05-22,1197092.7995784553
2007-05-23,1198265.5596717414
2007-05-24,1195592.8895543104
2007-05-25,1196504.6649516774
2007-05-28,1196771.9966964142
2007-05-29,1197542.512705012
2007-05-30,1198781.371739929
2007-05-31,1200447.040195414
2007-06-01,1202877.2471681507
2007-06-04,1203742.589415966
2007-06-05,1202874.886094658
2007-06-06,1201367.7228760899
2007-06-07,1197264.8984120882
2007-06-08,1198406.2648141691
2007-06-11,1198913.52615521
2007-06-12,1196103.9422089513
2007-06-13,1198549.4955566037
2007-06-14,1199963.6411214012
2007-06-15,1203275.5643197438
2007-06-18,1203490.8270775813
2007-06-19,1204279.2546279733
2007-06-20,1202475.4312381113
2007-06-21,1202883.5001088933
2007-06-22,1202606.2615507697
2007-06-25,1202707.747962881
2007-06-26,1200933.785339272
2007-06-27,1200094.8752909559
2007-06-28,1203016.8334133378
2007-06-29,1204295.197116658
2007-07-02,1206810.4000821046
2007-07-03,1206243.898383529
2007-07-04,1207243.5967022364
2007-07-05,1207151.4196404463
2007-07-06,1209314.4450101277
2007-07-09,1210100.178566328
2007-07-10,1207802.9571197964
2007-07-11,1209340.749071041
2007-07-12,1212592.8065329113
2007-07-13,1213616.9849947765
2007-07-16,1213841.033123979
2007-07-17,1214450.950221711
2007-07-18,1214899.473545863
2007-07-19,1216363.120892084
2007-07-20,1214040.8388446944
2007-07-23,1214623.8724391002
2007-07-24,1211223.352027845
2007-07-25,1210638.6207248953
2007-07-26,1203156.0014543696
2007-07-27,1200682.8859410803
2007-07-30,1200746.802567588
2007-07-31,1201053.011553095
2007-08-01,1200245.723131191
2007-08-02,1200361.7289301073
2007-08-03,1200433.2246241085
2007-08-06,1199375.5893395818
2007-08-07,1198919.670070303
2007-08-08,1198996.0097715284
2007-08-09,1198151.8384107074
2007-08-10,1198236.092598327
2007-08-13,1197601.557358883
2007-08-14,1197384.6655403946
2007-08-15,1197384.6655403946
2007-08-16,1197384.6655403946
2007-08-17,1197384.6655403946
2007-08-20,1197384.6655403946
2007-08-21,1197384.6655403946
2007-08-22,1197384.6655403946
2007-08-23,1197384.6655403946
2007-08-24,1197384.6655403946
2007-08-27,1197384.6655403946
2007-08-28,1197384.6655403946
2007-08-29,1197384.6655403946
2007-08-30,1197384.6655403946
2007-08-31,1197384.6655403946
2007-09-03,1197384.6655403946
2007-09-04,1197384.6655403946
2007-09-05,1197384.6655403946
2007-09-06,1197384.6655403946
2007-09-07,1197646.5543705146
2007-09-10,1197779.7404796167
2007-09-11,1198290.924615108
2007-09-12,1198232.4961395713
2007-09-13,1197867.259513461
2007-09-14,1197577.939376682
2007-09-17,1198624.2957975108
2007-09-18,1200755.1310142034
2007-09-19,1200397.166162125
2007-09-20,1202582.0896238259
2007-09-21,1202418.4896553159
2007-09-24,1201976.9994464642
2007-09-25,1201930.5252551106
2007-09-26,1202140.0677004177
2007-09-27,1203452.914315637
2007-09-28,1204619.7928056526
2007-10-01,1204735.8234595396
2007-10-02,1202462.8556901258
2007-10-03,1201622.8008969775
2007-10-04,1203196.005283
2007-10-05,1205196.9376666688
2007-10-08,1203203.804563404
2007-10-09,1205038.0369891017
2007-10-10,1205465.2926980357
2007-10-11,1206393.9395520673
2007-10-12,1207953.333081687
2007-10-15,1207952.6214768765
2007-10-16,1206844.9762553351
2007-10-17,1207333.725846688
2007-10-18,1208985.6118794167
2007-10-19,1205671.6880476822
2007-10-22,1202220.8868247427
2007-10-23,1205403.6579498725
2007-10-24,1206212.4653798263
2007-10-25,1208537.99161494
2007-10-26,1211511.3152966136
2007-10-29,1214109.7776701455
2007-10-30,1212487.5171534098
2007-10-31,1217701.423857848
2007-11-01,1212361.7253564862
2007-11-02,1217050.2012730627
2007-11-05,1215199.0199296153
2007-11-06,1219593.6980927293
2007-11-07,1217232.6922662377
2007-11-08,1216238.2142131801
2007-11-09,1212576.0234090886
2007-11-12,1204848.2638061063
2007-11-13,1204997.911876366
2007-11-14,1205699.8994781668
2007-11-15,1204518.8654533173
2007-11-16,1205049.1408691101
2007-11-19,1205551.9036491942
2007-11-20,1206786.5665735742
2007-11-21,1207410.0892031603
2007-11-22,1206906.7701669342
2007-11-23,1207012.503963702
2007-11-26,1207004.0500363682
2007-11-27,1205403.2886157513
2007-11-28,1204093.9680989813
2007-11-29,1203339.541261447
2007-11-30,1201632.298177867
2007-12-03,1201833.289372285
2007-12-04,1202725.012202496
2007-12-05,1201125.9296009236
2007-12-06,1200972.1179969586
2007-12-07,1201072.920170458
2007-12-10,1201380.8338558082
2007-12-11,1201047.8825953454
2007-12-12,1201341.789570302
2007-12-13,1200914.2888001741
2007-12-14,1199868.6110190318
2007-12-17,1199868.6110190318
2007-12-18,1199868.6110190318
2007-12-19,1199868.6110190318
2007-12-20,1199868.6110190318
2007-12-21,1199868.6110190318
2007-12-24,1199868.6110190318
2007-12-25,1199868.6110190318
2007-12-26,1199868.6110190318
2007-12-27,1199868.6110190318
2007-12-28,1199868.6110190318
2007-12-31,1199868.6110190318
2008-01-01,1199868.6110190318
2008-01-02,1199868.6110190318
2008-01-03,1200078.3273992725
2008-01-04,1199894.230821904
2008-01-07,1199841.376246217
2008-01-08,1200483.2237812744
2008-01-09,1200192.3501210215
2008-01-10,1200571.9261601146
2008-01-11,1200825.7127978231
2008-01-14,1200602.6126139974
2008-01-15,1201610.597219493
2008-01-16,1201524.450276127
2008-01-17,1203066.9969246294
2008-01-18,1203069.251827361
2008-01-21,1206461.4319679264
2008-01-22,1203927.1424771477
2008-01-23,1203876.478790712
2008-01-24,1201948.4709239835
2008-01-25,1201946.5419400989
2008-01-28,1202499.9559581797
2008-01-29,1201112.4362856576
2008-01-30,1202253.771202057
2008-01-31,1200871.7214536953
2008-02-01,1199180.0327409834
2008-02-04,1198930.5705055452
2008-02-05,1199758.7836658948
2008-02-06,1200720.465065504
2008-02-07,1201736.1066465587
2008-02-08,1202380.2888387924
2008-02-11,1202600.4135569234
2008-02-12,1200636.0215143354
2008-02-13,1200030.2602265887
2008-02-14,1199668.6440165835
2008-02-15,1200237.3385670576
2008-02-18,1199964.0833155154
2008-02-19,1200980.5645969007
2008-02-20,1202362.8552387669
2008-02-21,1201106.3022838004
2008-02-22,1201596.6290438294
2008-02-25,1200673.2543820457
2008-02-26,1200363.5209435928
2008-02-27,1201545.1959043893
2008-02-28,1203268.1569837634
2008-02-29,1202110.3866405152
2008-03-03,1203396.1251401475
2008-03-04,1201988.429181906
2008-03-05,1204233.847446041
2008-03-06,1204201.809477968
2008-03-07,1203925.8994041951
2008-03-10,1204156.3997798755
2008-03-11,1203194.913860599
2008-03-12,1205553.4387189047
2008-03-13,1206498.5168890443
2008-03-14,1207489.6946334478
2008-03-17,1206597.2368997135
2008-03-18,1204042.5308597004
2008-03-19,1202339.677895551
2008-03-20,1199402.442702035
2008-03-21,1199290.736624713
2008-03-24,1197147.3310095454
2008-03-25,1197887.2580386647
2008-03-26,1200225.1173539436
2008-03-27,1200026.1726864094
2008-03-28,1199753.2691058684
2008-03-31,1198836.6118164787
2008-04-01,1196553.6719979497
2008-04-02,1197006.732860962
2008-04-03,1196921.6872884016
2008-04-04,1197479.6970091993
2008-04-07,1197530.5764008285
2008-04-08,1197237.6849631674
2008-04-09,1198317.7868604031
2008-04-10,1197822.434288493
2008-04-11,1198109.5872367332
2008-04-14,1198431.4963537077
2008-04-15,1198395.096959303
2008-04-16,1198958.8153349108
2008-04-17,1198637.4715291676
2008-04-18,1198649.4686058825
2008-04-21,1199081.273313965
2008-04-22,1199765.8587154318
2008-04-23,1199282.095449616
2008-04-24,1198037.8531297338
2008-04-25,1198318.599986251
2008-04-28,1198447.4719873196
2008-04-29,1197352.2986022618
2008-04-30,1197529.0310600696
2008-05-01,1196336.0637147443
2008-05-02,1197139.3982255305
2008-05-05,1198183.6871032733
2008-05-06,1198688.6186817363
2008-05-07,1198286.1277752735
2008-05-08,1198280.7767703915
2008-05-09,1198465.442864934
2008-05-12,1198200.268412642
2008-05-13,1198621.0039493083
2008-05-14,1198161.2168443932
2008-05-15,1198338.132270455
2008-05-16,1198819.4726662121
2008-05-19,1198846.591431628
2008-05-20,1199496.8072335944
2008-05-21,1200623.9975654883
2008-05-22,1199732.612998707
2008-05-23,1200004.2789847176
2008-05-26,1200302.4555321548
2008-05-27,1199440.1583954142
2008-05-28,1200138.617730385
2008-05-29,1199098.2109659105
2008-05-30,1199366.2855955742
2008-06-02,1198907.267635245
2008-06-03,1198204.9408092212
2008-06-04,1198266.2994241938
2008-06-05,1199793.8661383213
2008-06-06,1200972.5041629667
2008-06-09,1199928.5088192623
2008-06-10,1199159.0182491113
2008-06-11,1199478.853954192
2008-06-12,1199180.5158812334
2008-06-13,1199436.3674971615
2008-06-16,1199921.8418425487
2008-06-17,1200086.0140663935
2008-06-18,1200456.2405249798
2008-06-19,1200403.1422161788
2008-06-20,1200346.5699889415
2008-06-23,1200389.8247887124
2008-06-24,1201068.9697285814
2008-06-25,1201116.7778002382
2008-06-26,1202516.6291917844
2008-06-27,1202767.8786538525
2008-06-30,1201769.8307062301
2008-07-01,1202244.6345602446
2008-07-02,1204696.1916943586
2008-07-03,1204362.7648608552
2008-07-04,1204899.2506175705
2008-07-07,1204226.1791349386
2008-07-08,1202074.788318306
2008-07-09,1202960.8505363085
2008-07-10,1204800.853475773
2008-07-11,1206986.4144030348
2008-07-14,1208010.9138286042
2008-07-15,1207783.903340034
2008-07-16,1204392.542265335
2008-07-17,1203605.4839801914
2008-07-18,1203168.946455616
2008-07-21,1204662.7678785028
2008-07-22,1201804.0448991517
2008-07-23,1199561.8595759608
2008-07-24,1200179.0947987344
2008-07-25,1200468.8810185448
2008-07-28,1201744.6135644775
2008-07-29,1199288.2472258557
2008-07-30,1196753.0555558223
2008-07-31,1197608.2459060117
2008-08-01,1197456.4473671063
2008-08-04,1198508.3920212244
2008-08-05,1195611.6607813952
2008-08-06,1195660.486742533
2008-08-07,1196658.0481178183
2008-08-08,1195496.5833614103
2008-08-11,1194974.7034924263
2008-08-12,1195334.7175833348
2008-08-13,1196598.1175345262
2008-08-14,1196917.3496372437
2008-08-15,1196839.9460342333
2008-08-18,1197217.6894243604
2008-08-19,1197476.4863699595
2008-08-20,1197089.6219239214
2008-08-21,1195652.6754341738
2008-08-22,1195848.8808012677
2008-08-25,1196498.793064185
2008-08-26,1196649.707898506
2008-08-27,1196189.7110034884
2008-08-28,1196158.5909675546
2008-08-29,1197302.1091051803
2008-09-01,1198175.7550535453
2008-09-02,1199827.9667290978
2008-09-03,1200016.6704021902
2008-09-04,1204275.1480366152
2008-09-05,1203064.4151606194
2008-09-08,1202818.9039421794
2008-09-09,1205692.7795794234
2008-09-10,1206235.9160800492
2008-09-11,1204908.1211591186
2008-09-12,1199229.9216640966
2008-09-15,1204503.5901291438
2008-09-16,1206115.0749722763
2008-09-17,1206409.6143133752
2008-09-18,1200604.2882314655
2008-09-19,1191220.96156682
2008-09-22,1192670.0232371134
2008-09-23,1194713.716534774
2008-09-24,1193901.6272221443
2008-09-25,1192303.8769472018
2008-09-26,1193243.5477548437
2008-09-29,1204789.2471725973
2008-09-30,1200575.5815101115
2008-10-01,1201551.0750399898
2008-10-02,1206974.9853466793
2008-10-03,1207926.5615231276
2008-10-06,1221823.0328565612
2008-10-07,1223559.6865766742
2008-10-08,1231800.584388134
2008-10-09,1235013.020680343
2008-10-10,1242507.3257512397
2008-10-13,1227026.7174854903
2008-10-14,1227933.6498578093
2008-10-15,1242962.7818679998
2008-10-16,1234964.739606425
2008-10-17,1236036.0736334529
2008-10-20,1231478.3860168662
2008-10-21,1240261.1804737903
2008-10-22,1249859.3069732187
2008-10-23,1247420.8575991914
2008-10-24,1261248.0760951152
2008-10-27,1268264.7698908157
2008-10-28,1250066.0147105677
2008-10-29,1245266.8855704044
2008-10-30,1241773.8698429838
2008-10-31,1243422.5507107025
2008-11-03,1243022.530234895
2008-11-04,1235164.5858776243
2008-11-05,1241386.9814914197
2008-11-06,1246700.4068126609
2008-11-07,1243733.5929504225
2008-11-10,1244889.886160627
2008-11-11,1248979.5561129511
2008-11-12,1255124.3797335569
2008-11-13,1247157.5822417897
2008-11-14,1252461.694087653
2008-11-17,1252765.2170343697
2008-11-18,1251569.0225893923
2008-11-19,1257134.3635987209
2008-11-20,1263244.4096879538
2008-11-21,1256684.5457581226
2008-11-24,1249109.4950810452
2008-11-25,1249994.5295816204
2008-11-26,1248854.72356146
2008-11-27,1248383.7794936043
2008-11-28,1249355.9820040816
2008-12-01,1257118.2775953873
2008-12-02,1254718.7227905036
2008-12-03,1253688.9507409236
2008-12-04,1256068.4342411396
2008-12-05,1254605.1340632506
2008-12-08,1250140.3041316925
2008-12-09,1251472.1474946423
2008-12-10,1250004.764866618
2008-12-11,1248186.9947186732
2008-12-12,1247833.9196365522
2008-12-15,1247361.060779828
2008-12-16,1243911.5096566565
2008-12-17,1244660.6118734155
2008-12-18,1244743.6386835151
2008-12-19,1244646.410559665
2008-12-22,1245378.943049029
2008-12-23,1245865.3950205063
2008-12-24,1246347.2908618785
2008-12-25,1246289.8345341105
2008-12-26,1246237.5580419386
2008-12-29,1245852.4345042007
2008-12-30,1244864.7981389472
2008-12-31,1243587.7335586632
2009-01-01,1243533.5641756745
2009-01-02,1242750.043123631
2009-01-05,1242479.281977226
2009-01-06,1241936.164452451
2009-01-07,1241158.240346082
2009-01-08,1240904.2533022717
2009-01-09,1240693.383588197
2009-01-12,1241098.7484710875
2009-01-13,1241709.3491565
2009-01-14,1241170.9939646923
2009-01-15,1241100.5810389386
2009-01-16,1240936.2875906161
2009-01-19,1241517.2445419787
2009-01-20,1242436.4944105207
2009-01-21,1242165.3700923228
2009-01-22,1242481.937777005
2009-01-23,1242661.6567524506
2009-01-26,1241920.5581059263
2009-01-27,1241742.566066422
2009-01-28,1241194.0762141764
2009-01-29,1241495.1590604142
2009-01-30,1241294.5454797493
2009-02-02,1241476.9513176475
2009-02-03,1240709.5130630585
2009-02-04,1241095.3098755435
2009-02-05,1240674.925965354
2009-02-06,1239878.6982155982
2009-02-09,1239360.009710118
2009-02-10,1240762.1900638402
2009-02-11,1241488.6967118848
2009-02-12,1241805.0256111284
2009-02-13,1240722.790547994
2009-02-16,1240789.3116495188
2009-02-17,1242141.304202743
2009-02-18,1242501.2306102563
2009-02-19,1241309.0837489576
2009-02-20,1241512.170087418
2009-02-23,1242915.6272315595
2009-02-24,1240059.070966168
2009-02-25,1240611.7944658073
2009-02-26,1240085.3982023792
2009-02-27,1240791.1597859082
2009-03-02,1243595.0136650158
2009-03-03,1244101.5851028494
2009-03-04,1240588.2336712757
2009-03-05,1243618.683619763
2009-03-06,1243163.591811167
2009-03-09,1244930.626681101
2009-03-10,1240397.7561927813
2009-03-11,1239171.7173349503
2009-03-12,1237894.885017504
2009-03-13,1236687.8107904305
2009-03-16,1236682.015395601
2009-03-17,1235579.4258869353
2009-03-18,1234078.8070806155
2009-03-19,1234002.2366105076
2009-03-20,1234206.253676432
2009-03-23,1233139.27506184
2009-03-24,1233428.0269975218
2009-03-25,1233587.0014087458
2009-03-26,1233541.8470675675
2009-03-27,1233778.8317177242
2009-03-30,1234199.8516311038
2009-03-31,1233684.0004118069
2009-04-01,1232953.2500590982
2009-04-02,1231835.172362624
2009-04-03,1231483.8508891414
2009-04-06,1231682.9323651018
2009-04-07,1231547.1005124152
2009-04-08,1231521.636636016
2009-04-09,1231120.4483087838
2009-04-10,1231095.2109006385
2009-04-13,1231095.2109006385
2009-04-14,1231095.2109006385
2009-04-15,1231095.2109006385
2009-04-16,1231095.2109006385
2009-04-17,1231095.2109006385
2009-04-20,1231095.2109006385
2009-04-21,1231095.2109006385
2009-04-22,1231095.2109006385
2009-04-23,1231095.2109006385
2009-04-24,1231095.2109006385
2009-04-27,1231095.2109006385
2009-04-28,1231095.2109006385
2009-04-29,1231095.2109006385
2009-04-30,1231095.2109006385
2009-05-01,1231095.2109006385
2009-05-04,1231095.2109006385
2009-05-05,1231095.2109006385
2009-05-06,1231095.2109006385
2009-05-07,1231095.2109006385
2009-05-08,1231095.2109006385
2009-05-11,1231095.2109006385
2009-05-12,1231095.2109006385
2009-05-13,1231095.2109006385
2009-05-14,1231095.2109006385
2009-05-15,1231095.2109006385
2009-05-18,1231095.2109006385
2009-05-19,1231095.2109006385
2009-05-20,1231095.2109006385
2009-05-21,1231095.2109006385
2009-05-22,1231095.2109006385
2009-05-25,1231095.2109006385
2009-05-26,1231095.2109006385
2009-05-27,1231095.2109006385
2009-05-28,1231095.2109006385
2009-05-29,1231095.2109006385
2009-06-01,1231299.824090365
2009-06-02,1231862.517804465
2009-06-03,1230584.9591994989
2009-06-04,1231137.2779165527
2009-06-05,1230124.8740143473
2009-06-08,1229858.295000733
2009-06-09,1230389.684657687
2009-06-10,1230402.1522180683
2009-06-11,1230985.3638356163
2009-06-12,1230291.090600072
2009-06-15,1228693.9725407255
2009-06-16,1228402.0639397386
2009-06-17,1228402.8231355373
2009-06-18,1228909.1393126193
2009-06-19,1229248.294428039
2009-06-22,1227597.8872702094
2009-06-23,1227691.863765232
2009-06-24,1227956.6798575437
2009-06-25,1228494.620734446
2009-06-26,1228528.08994101
2009-06-29,1228750.3256095664
2009-06-30,1228684.608601741
2009-07-01,1228990.5351377602
2009-07-02,1227695.5521028962
2009-07-03,1228083.193871267
2009-07-06,1227865.7680492755
2009-07-07,1227303.0208038483
2009-07-08,1226484.3458254468
2009-07-09,1226630.634069252
2009-07-10,1226463.9165478155
2009-07-13,1226655.5868184376
2009-07-14,1227029.8664171551
2009-07-15,1227334.6743058132
2009-07-16,1227407.9727068876
2009-07-17,1227313.374566467
2009-07-20,1227979.161846524
2009-07-21,1228372.4194312065
2009-07-22,1228291.402843594
2009-07-23,1228495.130944395
2009-07-24,1229023.3187593208
2009-07-27,1229255.6969686756
2009-07-28,1229397.1687185764
2009-07-29,1229070.8241017212
2009-07-30,1229738.87415171
2009-07-31,1230069.295118519
2009-08-03,1231163.4175822206
2009-08-04,1230915.39108204
2009-08-05,1230189.6283394783
2009-08-06,1229466.98848761
2009-08-07,1229364.5841356572
2009-08-10,1228167.098687298
2009-08-11,1226225.5669309103
2009-08-12,1227855.0162415267
2009-08-13,1228946.5388064086
2009-08-14,1227022.2615186244
2009-08-17,1222238.866120244
2009-08-18,1224668.244210042
2009-08-19,1225583.2264985933
2009-08-20,1226826.0899012226
2009-08-21,1228888.4264461868
2009-08-24,1229097.400982989
2009-08-25,1228596.5258464997
2009-08-26,1227313.82925981
2009-08-27,1228555.5646617482
2009-08-28,1228624.1420456306
2009-08-31,1227747.069331348
2009-09-01,1223646.7588597005
2009-09-02,1223693.4895757406
2009-09-03,1225325.1180164195
2009-09-04,1228247.0953912504
2009-09-07,1229939.3558311057
2009-09-08,1230998.9659755675
2009-09-09,1231874.263842001
2009-09-10,1232916.5839480162
2009-09-11,1232405.4197330053
2009-09-14,1232107.4509232522
2009-09-15,1233232.9406987876
2009-09-16,1236119.5781930457
2009-09-17,1236433.5180091118
2009-09-18,1235986.7366632146
2009-09-21,1235048.4843990565
2009-09-22,1236990.1429745844
2009-09-23,1234953.0618826032
2009-09-24,1232990.0796547001
2009-09-25,1231874.9723244552
2009-09-28,1233174.395145273
2009-09-29,1232422.4834944867
2009-09-30,1233643.3413316829
2009-10-01,1230017.292943892
2009-10-02,1229807.8548408365
2009-10-05,1232150.2594620993
2009-10-06,1235240.9762715085
2009-10-07,1235488.9373728274
2009-10-08,1237390.6633823095
2009-10-09,1237757.460074481
2009-10-12,1238772.3964798755
2009-10-13,1239675.6536394747
2009-10-14,1241338.799716969
2009-10-15,1241379.7981063097
2009-10-16,1240413.7505052863
2009-10-19,1243614.7718220928
2009-10-20,1241182.083270703
2009-10-21,1241995.7099614106
2009-10-22,1242965.9791364663
2009-10-23,1241610.4168601336
2009-10-26,1238875.0419369822
2009-10-27,1238269.2058259887
2009-10-28,1232596.7325662295
2009-10-29,1237557.291141484
2009-10-30,1232239.097492409
2009-11-02,1233176.1380854654
2009-11-03,1234037.6972867483
2009-11-04,1235225.1378453334
2009-11-05,1235483.1862430063
2009-11-06,1235559.3251162928
2009-11-09,1237622.5773903166
2009-11-10,1237489.6060845598
2009-11-11,1237637.5090838808
2009-11-12,1235719.6798809974
2009-11-13,1237388.3481747448
2009-11-16,1239929.2857243475
2009-11-17,1239756.928930743
2009-11-18,1239875.1778570022
2009-11-19,1237459.1869045533
2009-11-20,1236457.4054203334
2009-11-23,1238944.4063331094
2009-11-24,1238458.0535969986
2009-11-25,1241326.2464584878
2009-11-26,1237206.2271390744
2009-11-27,1236694.1772227134
2009-11-30,1237446.8473547674
2009-12-01,1240353.6783669696
2009-12-02,1240795.857675339
2009-12-03,1239320.7599676964
2009-12-04,1237387.6103613812
2009-12-07,1235760.9939869645
2009-12-08,1233264.690860208
2009-12-09,1233616.6146650694
2009-12-10,1234337.9693147722
2009-12-11,1234001.6467629643
2009-12-14,1234978.9900170758
2009-12-15,1233807.5080262595
2009-12-16,1234033.9570525526
2009-12-17,1231792.625789824
2009-12-18,1232323.121070909
2009-12-21,1233277.4111935815
2009-12-22,1234041.6036975568
2009-12-23,1234469.8575228734
2009-12-24,1235111.1740987613
2009-12-25,1235111.1740987613
2009-12-28,1235513.6436987005
2009-12-29,1235939.7638289568
2009-12-30,1235648.1155894562
2009-12-31,1235221.1862264979
2010-01-01,1235221.1862264979
2010-01-04,1237040.3641422132
2010-01-05,1237183.1404727187
2010-01-06,1237159.0590350383
2010-01-07,1236984.3906780337
2010-01-08,1237778.1505012356
2010-01-11,1237277.1642997165
2010-01-12,1234658.0343882104
2010-01-13,1235918.6445938917
2010-01-14,1237075.0651531494
2010-01-15,1234572.4793971172
2010-01-18,1235525.70056129
2010-01-19,1236142.823851413
2010-01-20,1232837.6972660501
2010-01-21,1229283.4100582453
2010-01-22,1226370.9941042573
2010-01-25,1226765.5854265965
2010-01-26,1225864.8752763225
2010-01-27,1225877.7905700775
2010-01-28,1226118.3062209445
2010-01-29,1226357.429292091
2010-02-01,1225785.3113650752
2010-02-02,1225706.4730044156
2010-02-03,1225763.9827748411
2010-02-04,1227382.228849315
2010-02-05,1227655.9073603232
2010-02-08,1228225.7431969983
2010-02-09,1226394.314596061
2010-02-10,1226979.4376008573
2010-02-11,1226845.816498326
2010-02-12,1227171.6016619091
2010-02-15,1227494.9053141265
2010-02-16,1225866.8346791822
2010-02-17,1226842.819207186
2010-02-18,1227565.0317588048
2010-02-19,1227270.411378427
2010-02-22,1227510.7715416092
2010-02-23,1228676.105171027
2010-02-24,1228533.2030754397
2010-02-25,1229359.8417485342
2010-02-26,1228952.2903690573
2010-03-01,1230070.6645509424
2010-03-02,1229873.4350987815
2010-03-03,1229104.0530910282
2010-03-04,1229826.8422426179
2010-03-05,1228671.1394791973
2010-03-08,1228732.6111210475
2010-03-09,1229292.3259374062
2010-03-10,1229214.6936604797
2010-03-11,1228955.9368574822
2010-03-12,1227827.1693203917
2010-03-15,1228780.9669921615
2010-03-16,1228133.4669767837
2010-03-17,1228718.4268789277
2010-03-18,1229781.5490538802
2010-03-19,1230454.2706999942
2010-03-22,1230635.933033991
2010-03-23,1231960.8680397768
2010-03-24,1231919.1263300325
2010-03-25,1232007.9107718053
2010-03-26,1231116.2702466536
2010-03-29,1231059.9484880702
2010-03-30,1230906.8274257123
2010-03-31,1229818.7279199122
2010-04-01,1231782.3741179397
2010-04-02,1232774.181186545
2010-04-05,1233836.9231551453
2010-04-06,1234101.833227606
2010-04-07,1232754.179975566
2010-04-08,1233071.8382419043
2010-04-09,1233809.662610172
2010-04-12,1232101.2981860582
2010-04-13,1232405.1829957208
2010-04-14,1235105.161623168
2010-04-15,1234929.6363251265
2010-04-16,1228878.4389391288
2010-04-19,1228770.205712696
2010-04-20,1232172.2295038847
2010-04-21,1230808.1530997937
2010-04-22,1231534.4238731842
2010-04-23,1233379.9757751236
2010-04-26,1232345.1563120144
2010-04-27,1228219.6700905468
2010-04-28,1230571.881383191
2010-04-29,1232659.314757001
2010-04-30,1230507.6128276756
2010-05-03,1232669.9222099527
2010-05-04,1227491.6979760607
2010-05-05,1226402.3339643995
2010-05-06,1227198.7605620767
2010-05-07,1226302.2269575596
2010-05-10,1224971.1509576398
2010-05-11,1226702.175465411
2010-05-12,1226963.2131315083
2010-05-13,1228353.0814473531
2010-05-14,1229754.1628631726
2010-05-17,1229281.0301951645
2010-05-18,1231443.1425256068
2010-05-19,1228653.9833589285
2010-05-20,1229518.2580656973
2010-05-21,1227936.9938189723
2010-05-24,1229921.4641426583
2010-05-25,1229967.91163724
2010-05-26,1231804.8457197114
2010-05-27,1229569.7266616742
2010-05-28,1230503.374182072
2010-05-31,1229893.3035402624
2010-06-01,1230612.401024249
2010-06-02,1229779.968254473
2010-06-03,1229848.3170998963
2010-06-04,1231992.8811217076
2010-06-07,1232970.4921956016
2010-06-08,1232570.0443952968
2010-06-09,1232191.9543776973
2010-06-10,1230501.0057760463
2010-06-11,1231079.1969412612
2010-06-14,1229788.8157986132
2010-06-15,1229304.3776675318
2010-06-16,1229511.1807244695
2010-06-17,1229415.0433204104
2010-06-18,1229741.5566966902
2010-06-21,1229395.6300494568
2010-06-22,1230002.3578890078
2010-06-23,1229619.970985686
2010-06-24,1229871.0912503256
2010-06-25,1229884.9377740896
2010-06-28,1229919.439408489
2010-06-29,1230684.0236637834
2010-06-30,1230341.5222609458
2010-07-01,1227948.0221395823
2010-07-02,1228266.176673633
2010-07-05,1228063.687007539
2010-07-06,1227417.4160183682
2010-07-07,1227174.160165606
2010-07-08,1226649.7852480249
2010-07-09,1226823.1155156763
2010-07-12,1226413.3699749918
2010-07-13,1226806.431397325
2010-07-14,1226696.6963173882
2010-07-15,1227538.870771748
2010-07-16,1228063.8658784716
2010-07-19,1227497.600498769
2010-07-20,1227140.221906541
2010-07-21,1227749.0809537903
2010-07-22,1227330.083855968
2010-07-23,1226928.4829843878
2010-07-26,1226961.1636325344
2010-07-27,1226585.3313265396
2010-07-28,1226585.4628108917
2010-07-29,1226730.9601763948
2010-07-30,1227083.6344700372
2010-08-02,1226806.9991967585
2010-08-03,1227336.7838171343
2010-08-04,1227389.6632963277
2010-08-05,1227469.0607976518
2010-08-06,1227380.3085731876
2010-08-09,1227213.1384374038
2010-08-10,1227248.8325485485
2010-08-11,1226056.735135816
2010-08-12,1225682.3135708654
2010-08-13,1225565.076890296
2010-08-16,1225860.3623047005
2010-08-17,1226253.860007894
2010-08-18,1225613.7836298686
2010-08-19,1224917.3448701918
2010-08-20,1225228.5523493546
2010-08-23,1225716.2150942914
2010-08-24,1225725.6522371087
2010-08-25,1225495.5342780475
2010-08-26,1225551.7779205884
2010-08-27,1225777.0727075192
2010-08-30,1226020.0035859675
2010-08-31,1226389.4457244663
2010-09-01,1226912.3625161825
2010-09-02,1227116.3771135462
2010-09-03,1227319.1172727202
2010-09-06,1227207.5438221344
2010-09-07,1227517.829819927
2010-09-08,1227836.698549807
2010-09-09,1228306.5894240728
2010-09-10,1228180.3271792575
2010-09-13,1228473.9206166004
2010-09-14,1228713.5518963581
2010-09-15,1227774.5932663858
2010-09-16,1227958.7505777294
2010-09-17,1227686.983413868
2010-09-20,1229339.1004105676
2010-09-21,1229569.2877072159
2010-09-22,1229588.2493528205
2010-09-23,1228637.158990298
2010-09-24,1231113.4487097454
2010-09-27,1230620.90988253
2010-09-28,1231706.7122799554
2010-09-29,1231534.3852713876
2010-09-30,1230826.747303997
2010-10-01,1232028.5324443448
2010-10-04,1230769.9241922996
2010-10-05,1233558.695044501
2010-10-06,1234036.8617332086
2010-10-07,1233742.4582990087
2010-10-08,1234469.24172193
2010-10-11,1234747.469429944
2010-10-12,1235023.835194407
2010-10-13,1236644.1132627113
2010-10-14,1237196.2465319347
2010-10-15,1236365.955326325
2010-10-18,1235595.0861195528
2010-10-19,1231586.8713144166
2010-10-20,1234730.7398846755
2010-10-21,1233369.3059837357
2010-10-22,1233870.6617967396
2010-10-25,1234471.505634814
2010-10-26,1233802.895451946
2010-10-27,1232467.4187791832
2010-10-28,1233802.3223245337
2010-10-29,1234043.4638653034
2010-11-01,1234323.6687234286
2010-11-02,1236581.9463115614
2010-11-03,1237848.3431559403
2010-11-04,1240577.5224761644
2010-11-05,1240431.87955631
2010-11-08,1239464.9569107513
2010-11-09,1236889.1464284647
2010-11-10,1238545.8754217688
2010-11-11,1237622.2664316536
2010-11-12,1233294.692031316
2010-11-15,1232763.6761414246
2010-11-16,1228456.5021758908
2010-11-17,1228221.1583261364
2010-11-18,1232231.7959131054
2010-11-19,1231623.28851039
2010-11-22,1231718.5253071547
2010-11-23,1227732.2375898026
2010-11-24,1230413.0690931964
2010-11-25,1230587.824222077
2010-11-26,1227577.776541152
2010-11-29,1227930.1667915108
2010-11-30,1226844.3779644324
2010-12-01,1229100.6756190744
2010-12-02,1230627.6628366425
2010-12-03,1231331.5325310428
2010-12-06,1231224.0945022749
2010-12-07,1230349.1581184831
2010-12-08,1230530.2251626686
2010-12-09,1230718.6329029049
2010-12-10,1231271.6049327077
2010-12-13,1231728.2737768036
2010-12-14,1232137.0001283118
2010-12-15,1231296.806301919
2010-12-16,1231238.1827445247
2010-12-17,1230739.1901122709
2010-12-20,1231119.4473660092
2010-12-21,1232249.4552817664
2010-12-22,1232892.3168821896
2010-12-23,1232781.84877051
2010-12-24,1232832.0122732671
2010-12-27,1232833.108130789
2010-12-28,1233564.64253568
2010-12-29,1233792.9496013494
2010-12-30,1232496.6547379426
2010-12-31,1233256.6081869341
2011-01-03,1233752.132485363
2011-01-04,1232059.1747661126
2011-01-05,1233357.4698881854
2011-01-06,1232481.1667889243
2011-01-07,1232807.4512461107
2011-01-10,1232803.5883064398
2011-01-11,1233254.328858899
2011-01-12,1234607.3001493881
2011-01-13,1232042.458347446
2011-01-14,1231557.4034074182
2011-01-17,1231359.0742708286
2011-01-18,1233057.0439886462
2011-01-19,1230190.026573188
2011-01-20,1227482.3563410186
2011-01-21,1227208.8071724398
2011-01-24,1228964.4407186643
2011-01-25,1228331.294418608
2011-01-26,1229862.0902418946
2011-01-27,1229605.0181341672
2011-01-28,1226186.5451097973
2011-01-31,1227984.7841781552
2011-02-01,1231222.238129162
2011-02-02,1232092.9888386838
2011-02-03,1231968.4707046777
2011-02-04,1232495.4718073853
2011-02-07,1232483.4989169703
2011-02-08,1233469.6522169032
2011-02-09,1233030.1388218203
2011-02-10,1232268.521645809
2011-02-11,1232598.2128056246
2011-02-14,1232366.6168027266
2011-02-15,1232035.7843950826
2011-02-16,1234116.1958308727
2011-02-17,1235276.3554593143
2011-02-18,1235897.126615764
2011-02-21,1233940.789725403
2011-02-22,1229666.5361096528
2011-02-23,1230342.8685839528
2011-02-24,1229474.7349754074
2011-02-25,1231199.127356799
2011-02-28,1231963.0050383096
2011-03-01,1231325.9896214409
2011-03-02,1232780.6222508582
2011-03-03,1233227.9130279347
2011-03-04,1233984.0667498375
2011-03-07,1233255.4166470908
2011-03-08,1233198.8275304064
2011-03-09,1233407.7804843066
2011-03-10,1229851.4888129109
2011-03-11,1230675.404530327
2011-03-14,1230941.312093357
2011-03-15,1226607.5103977157
2011-03-16,1226400.3083718093
2011-03-17,1228066.2860254091
2011-03-18,1229331.9137429844
2011-03-21,1229960.0620987322
2011-03-22,1230615.7294503239
2011-03-23,1230281.826689956
2011-03-24,1229921.8944125609
2011-03-25,1229610.936632531
2011-03-28,1228773.3830939867
2011-03-29,1229181.376982848
2011-03-30,1230061.1575763542
2011-03-31,1231019.1095623642
2011-04-01,1232426.0666978303
2011-04-04,1232263.2054527742
2011-04-05,1233593.9816202759
2011-04-06,1235942.4355363583
2011-04-07,1236118.872492395
2011-04-08,1239105.0186269998
2011-04-11,1236879.5278272745
2011-04-12,1234224.4755571568
2011-04-13,1235223.6273012648
2011-04-14,1236530.678055525
2011-04-15,1236647.9154386942
2011-04-18,1233747.334719701
2011-04-19,1235316.2025993555
2011-04-20,1239108.470519103
2011-04-21,1239691.2096848032
2011-04-22,1239611.42042002
2011-04-25,1239529.8087717744
2011-04-26,1240365.8942203803
2011-04-27,1243739.8436072094
2011-04-28,1244011.5428793975
2011-04-29,1245944.1834992715
2011-05-02,1244276.2839489
2011-05-03,1241133.038089178
2011-05-04,1238198.6320635148
2011-05-05,1231082.6234039124
2011-05-06,1230148.7187981575
2011-05-09,1231091.960546241
2011-05-10,1232678.9473843311
2011-05-11,1230860.663172519
2011-05-12,1231376.269314744
2011-05-13,1229462.4811060326
2011-05-16,1227641.2741664923
2011-05-17,1228034.779604171
2011-05-18,1229127.0475540701
2011-05-19,1229239.8944187872
2011-05-20,1228229.8728000731
2011-05-23,1226602.2760795515
2011-05-24,1226317.6433486575
2011-05-25,1225893.3651822708
2011-05-26,1226153.640914342
2011-05-27,1226301.849452255
2011-05-30,1226301.849452255
2011-05-31,1226744.3898089603
2011-06-01,1225933.2986526922
2011-06-02,1225999.928386931
2011-06-03,1225808.7229399888
2011-06-06,1225671.5778055813
2011-06-07,1225767.3120096938
2011-06-08,1225353.5807176835
2011-06-09,1225353.5807176835
2011-06-10,1225353.5807176835
2011-06-13,1225353.5807176835
2011-06-14,1225353.5807176835
2011-06-15,1225353.5807176835
2011-06-16,1225353.5807176835
2011-06-17,1225353.5807176835
2011-06-20,1225353.5807176835
2011-06-21,1225353.5807176835
2011-06-22,1225353.5807176835
2011-06-23,1225353.5807176835
2011-06-24,1225353.5807176835
2011-06-27,1225353.5807176835
2011-06-28,1225353.5807176835
2011-06-29,1225353.5807176835
2011-06-30,1225353.5807176835
2011-07-01,1225353.5807176835
2011-07-04,1225353.5807176835
2011-07-05,1225353.5807176835
2011-07-06,1225353.5807176835
2011-07-07,1225353.5807176835
2011-07-08,1225353.5807176835
2011-07-11,1225353.5807176835
2011-07-12,1225353.5807176835
2011-07-13,1225353.5807176835
2011-07-14,1225454.906758029
2011-07-15,1225613.990304036
2011-07-18,1225920.949776356
2011-07-19,1225477.5456002003
2011-07-20,1225827.8657882535
2011-07-21,1225648.9790980038
2011-07-22,1225708.8474079936
2011-07-25,1226366.8014202926
2011-07-26,1226656.8004961002
2011-07-27,1225677.7585747242
2011-07-28,1225782.2095176098
2011-07-29,1225620.5071695107
2011-08-01,1224964.644104194
2011-08-02,1224039.0664265282
2011-08-03,1223825.7219029833
2011-08-04,1221928.899373741
2011-08-05,1222402.2887049958
2011-08-08,1224028.394162564
2011-08-09,1221882.0166923734
2011-08-10,1225523.5467036269
2011-08-11,1222856.4238398746
2011-08-12,1222126.6637872534
2011-08-15,1222076.7049264535
2011-08-16,1222650.6722625494
2011-08-17,1222913.499652374
2011-08-18,1224516.9503936882
2011-08-19,1225452.0985257605
2011-08-22,1226560.7547694212
2011-08-23,1224372.5651841667
2011-08-24,1222441.2805180547
2011-08-25,1222254.8960253766
2011-08-26,1222260.4885137551
2011-08-29,1221992.7855655968
2011-08-30,1221797.9765842347
2011-08-31,1221309.279500981
2011-09-01,1221079.0735576113
2011-09-02,1221657.3685920257
2011-09-05,1221718.9925993558
2011-09-06,1221118.9956739082
2011-09-07,1220753.647466236
2011-09-08,1221001.4842787515
2011-09-09,1222203.5989326423
2011-09-12,1222318.5866430353
2011-09-13,1222199.7592818039
2011-09-14,1222183.1119859298
2011-09-15,1221424.6391102606
2011-09-16,1221370.2464705498
2011-09-19,1222143.7218405278
2011-09-20,1222185.5969790362
2011-09-21,1222833.2731276432
2011-09-22,1223600.7979434608
2011-09-23,1222754.2776715818
2011-09-26,1222268.4894299582
2011-09-27,1221014.6146453856
2011-09-28,1222084.6289216229
2011-09-29,1221089.5366770872
2011-09-30,1222196.6573214235
2011-10-03,1224282.0724139453
2011-10-04,1222920.7203740256
2011-10-05,1222168.0205218464
2011-10-06,1221331.741858216
2011-10-07,1221117.07543881
2011-10-10,1217827.454243773
2011-10-11,1218186.1090105334
2011-10-12,1215284.9973124368
2011-10-13,1215499.0239573966
2011-10-14,1214404.630157354
2011-10-17,1214067.240446755
2011-10-18,1214181.3338996226
2011-10-19,1214095.0082663922
2011-10-20,1214204.4287021467
2011-10-21,1213819.8203154553
2011-10-24,1213834.851460386
2011-10-25,1213884.8962057782
2011-10-26,1213488.521831046
2011-10-27,1214240.6067313731
2011-10-28,1214130.5341732593
2011-10-31,1213177.5991918864
2011-11-01,1212123.6990831061
2011-11-02,1212039.6880084316
2011-11-03,1212301.2937025093
2011-11-04,1212222.0343906637
2011-11-07,1212370.1695936332
2011-11-08,1212528.2789298254
2011-11-09,1211773.3306882656
2011-11-10,1211717.4601698304
2011-11-11,1212059.7227866296
2011-11-14,1211987.8803478582
2011-11-15,1212136.2782909288
2011-11-16,1211726.8948711457
2011-11-17,1211398.1234343722
2011-11-18,1211237.755864648
2011-11-21,1210915.3894200348
2011-11-22,1210964.4372279947
2011-11-23,1210877.6954216207
2011-11-24,1210844.4613393694
2011-11-25,1210914.3680366285
2011-11-28,1210125.361347565
2011-11-29,1210015.288490616
2011-11-30,1209347.8091815026
2011-12-01,1209485.2407256505
2011-12-02,1209291.5571197001
2011-12-05,1209400.2009010182
2011-12-06,1209506.6910967806
2011-12-07,1209118.0075512247
2011-12-08,1209687.1557268614
2011-12-09,1209260.1389854676
2011-12-12,1209534.3595620107
2011-12-13,1209747.3327334642
2011-12-14,1210122.3768612817
2011-12-15,1210097.2132229367
2011-12-16,1210106.595865217
2011-12-19,1210514.0250381595
2011-12-20,1209671.502041888
2011-12-21,1209785.335847528
2011-12-22,1209676.7594405338
2011-12-23,1209539.3957370766
2011-12-26,1209485.5004848195
2011-12-27,1209710.5178520763
2011-12-28,1210322.8351704674
2011-12-29,1210105.2729783503
2011-12-30,1210738.164620306
2012-01-02,1210907.9834570347
2012-01-03,1209725.3080524711
2012-01-04,1210584.025841984
2012-01-05,1211447.304502737
2012-01-06,1212442.8916328836
2012-01-09,1212207.8487686215
2012-01-10,1211833.8753558928
2012-01-11,1212337.59532196
2012-01-12,1211746.8303613686
2012-01-13,1212360.2002152987
2012-01-16,1212681.177844994
2012-01-17,1211917.6098318975
2012-01-18,1210367.2066982302
2012-01-19,1209591.0171411743
2012-01-20,1209731.7445767925
2012-01-23,1209145.8722301105
2012-01-24,1208758.5107045043
2012-01-25,1209121.278164886
2012-01-26,1208923.4389087905
2012-01-27,1208754.3276584537
2012-01-30,1208320.8514881814
2012-01-31,1208032.7519236256
2012-02-01,1209550.3578979548
2012-02-02,1209595.6394537394
2012-02-03,1210754.4225031233
2012-02-06,1210531.8632424355
2012-02-07,1211313.2506284984
2012-02-08,1211460.0703892377
2012-02-09,1211773.79327109
2012-02-10,1210376.5378537963
2012-02-13,1211437.3750376408
2012-02-14,1211182.755668211
2012-02-15,1210529.207731121
2012-02-16,1211991.4120480332
2012-02-17,1212185.3529342785
2012-02-20,1213110.0758370878
2012-02-21,1212206.39388649
2012-02-22,1212185.2880482676
2012-02-23,1213930.1427230143
2012-02-24,1214473.1368302128
2012-02-27,1214174.3707248794
2012-02-28,1214919.2907132357
2012-02-29,1212505.0116403769
2012-03-01,1215165.8720872751
2012-03-02,1213917.394497674
2012-03-05,1212536.4889284428
2012-03-06,1208499.6824582343
2012-03-07,1209951.1417312531
2012-03-08,1212161.8983309993
2012-03-09,1212808.4671937665
2012-03-12,1211740.3622647736
2012-03-13,1214598.325961786
2012-03-14,1213478.8806191129
2012-03-15,1214617.0007003946
2012-03-16,1215654.7587400333
2012-03-19,1216490.742455254
2012-03-20,1214499.449037808
2012-03-21,1213950.2742970502
2012-03-22,1212098.1484028634
2012-03-23,1212627.3408689664
2012-03-26,1215073.2752832798
2012-03-27,1214540.6413336245
2012-03-28,1213232.297005263
2012-03-29,1211814.2172431462
2012-03-30,1212122.5283999294
2012-04-02,1212499.1303410865
2012-04-03,1212340.5700368087
2012-04-04,1209176.2288490424
2012-04-05,1209752.9289729046
2012-04-06,1208355.8868440862
2012-04-09,1207952.0139595717
2012-04-10,1207117.457878953
2012-04-11,1207192.2739336274
2012-04-12,1207535.1338811985
2012-04-13,1207009.8164128303
2012-04-16,1206525.10462859
2012-04-17,1206525.10462859
2012-04-18,1206525.10462859
2012-04-19,1206525.10462859
2012-04-20,1206525.10462859
2012-04-23,1206523.7965247508
2012-04-24,1206598.0381000757
2012-04-25,1206711.3235485575
2012-04-26,1206554.265071838
2012-04-27,1207307.5368782822
2012-04-30,1206735.4878572528
2012-05-01,1206772.629130751
2012-05-02,1206587.5073735
2012-05-03,1206380.997563764
2012-05-04,1205737.5809102727
2012-05-07,1206139.3497025222
2012-05-08,1205732.7121192797
2012-05-09,1205673.4193668151
2012-05-10,1205522.7394908825
2012-05-11,1205431.8678709792
2012-05-14,1206256.241920793
2012-05-15,1206743.5048393994
2012-05-16,1206735.051933428
2012-05-17,1207147.772789925
2012-05-18,1206418.218120128
2012-05-21,1204932.0483695683
2012-05-22,1206868.4561098437
2012-05-23,1208624.9888190988
2012-05-24,1208819.6322186736
2012-05-25,1208657.5907021991
2012-05-28,1207529.7406976798
2012-05-29,1208367.230432706
2012-05-30,1211307.5920294526
2012-05-31,1212054.0331531963
2012-06-01,1212930.4716908624
2012-06-04,1211576.2020218694
2012-06-05,1210799.152091895
2012-06-06,1204672.5608116477
2012-06-07,1204960.6681387068
2012-06-08,1205445.3307697983
2012-06-11,1207940.7832032302
2012-06-12,1204770.719710267
2012-06-13,1205285.1507592052
2012-06-14,1202886.0756368951
2012-06-15,1202792.6763830783
2012-06-18,1202443.0897639873
2012-06-19,1201062.0307190842
2012-06-20,1201318.5824748853
2012-06-21,1202364.0254725758
2012-06-22,1201558.3935169028
2012-06-25,1201923.3278174405
2012-06-26,1201606.979706553
2012-06-27,1201534.3370979135
2012-06-28,1202320.8306707738
2012-06-29,1199914.823379745
2012-07-02,1200475.8801961243
2012-07-03,1199484.9965119283
2012-07-04,1199848.3927781095
2012-07-05,1200360.2058376211
2012-07-06,1200342.9134922714
2012-07-09,1200045.5848120416
2012-07-10,1200174.006185422
2012-07-11,1200587.3063704835
2012-07-12,1199989.669002282
2012-07-13,1200130.792674107
2012-07-16,1200038.4587198566
2012-07-17,1200258.9543531546
2012-07-18,1200465.709287363
2012-07-19,1200639.1255711282
2012-07-20,1201050.1179331513
2012-07-23,1201053.9895481814
2012-07-24,1201463.7139787362
2012-07-25,1200867.633467709
2012-07-26,1199849.8324505065
2012-07-27,1199490.7521777041
2012-07-30,1200182.9377816457
2012-07-31,1199647.0286540962
2012-08-01,1199950.5611042893
2012-08-02,1200221.5167424076
2012-08-03,1199198.3527508131
2012-08-06,1199383.568324771
2012-08-07,1199588.9222070712
2012-08-08,1199972.0865210018
2012-08-09,1200484.736798263
2012-08-10,1200971.9492490378
2012-08-13,1200486.440145258
2012-08-14,1200322.7317262152
2012-08-15,1200712.5485426774
2012-08-16,1200491.7320361997
2012-08-17,1200389.2657314986
2012-08-20,1200324.3025697365
2012-08-21,1199472.2022114152
2012-08-22,1198867.8189500181
2012-08-23,1198046.53668162
2012-08-24,1198128.5705954467
2012-08-27,1198004.9451440182
2012-08-28,1198084.9693714646
2012-08-29,1197844.175477159
2012-08-30,1196684.6264336596
2012-08-31,1197347.4914550555
2012-09-03,1197330.1708045003
2012-09-04,1196725.8498622198
2012-09-05,1196646.911664508
2012-09-06,1199162.314355164
2012-09-07,1201066.1555271803
2012-09-10,1199841.4196286201
2012-09-11,1200656.304765852
2012-09-12,1200916.659674352
2012-09-13,1204215.2373414082
2012-09-14,1205461.1245268695
2012-09-17,1204822.7010055338
2012-09-18,1204971.7479863586
2012-09-19,1204852.0870711629
2012-09-20,1204326.221327157
2012-09-21,1204307.772231439
2012-09-24,1203604.299131081
2012-09-25,1202220.1936362917
2012-09-26,1200610.6854086844
2012-09-27,1202818.7370383837
2012-09-28,1201329.3241168878
2012-10-01,1201572.8262254766
2012-10-02,1201634.8848861628
2012-10-03,1201597.5950582295
2012-10-04,1203534.4606515502
2012-10-05,1202922.2470425884
2012-10-08,1201855.8120989248
2012-10-09,1200277.1717425943
2012-10-10,1199412.5113274264
2012-10-11,1200474.6060938467
2012-10-12,1199754.9681680854
2012-10-15,1199772.2073035683
2012-10-16,1200502.720496372
2012-10-17,1201704.3763400086
2012-10-18,1200161.2010175332
2012-10-19,1198128.0921177838
2012-10-22,1198242.4678154518
2012-10-23,1196581.6475394876
2012-10-24,1196791.0706480294
2012-10-25,1196796.1404927962
2012-10-26,1196865.8585098737
2012-10-29,1197117.1923591953
2012-10-30,1197215.237979244
2012-10-31,1196878.6795713443
2012-11-01,1196986.1762833195
2012-11-02,1197230.2827129022
2012-11-05,1197068.780483871
2012-11-06,1196635.0253623736
2012-11-07,1196500.8973622452
2012-11-08,1195749.5458342144
2012-11-09,1195431.0918403275
2012-11-12,1195827.424293622
2012-11-13,1195745.3228077476
2012-11-14,1195403.3099918782
2012-11-15,1195984.8347548537
2012-11-16,1195859.043864455
2012-11-19,1195795.1765639815
2012-11-20,1195968.0585704523
2012-11-21,1196910.7907086615
2012-11-22,1197286.928918398
2012-11-23,1197694.5443150783
2012-11-26,1197382.4751585051
2012-11-27,1197356.7910451703
2012-11-28,1197609.4667929783
2012-11-29,1197314.8837644977
2012-11-30,1197518.0303994152
2012-12-03,1197157.155365246
2012-12-04,1197028.0710816807
2012-12-05,1197989.7879500154
2012-12-06,1198079.6694603653
2012-12-07,1198126.875187618
2012-12-10,1197967.2669431579
2012-12-11,1198876.776878561
2012-12-12,1200468.6014440786
2012-12-13,1201047.9884026712
2012-12-14,1201618.1700746615
2012-12-17,1202131.3161301108
2012-12-18,1203444.031141369
2012-12-19,1203023.6669818456
2012-12-20,1203378.7828289438
2012-12-21,1200823.294571153
2012-12-24,1201044.987922119
2012-12-26,1202852.092773923
2012-12-27,1203567.4767415281
2012-12-28,1203242.026167127
2012-12-31,1205008.0339435758
2013-01-02,1209020.7794391701
2013-01-03,1205723.7166284805
2013-01-04,1207551.6794186488
2013-01-07,1207510.9062495648
2013-01-08,1205048.337337213
2013-01-09,1206651.4182108438
2013-01-10,1212058.8869398804
2013-01-11,1212709.9262764938
2013-01-14,1214058.8323255726
2013-01-15,1212084.7697195036
2013-01-16,1210540.7963248356
2013-01-17,1214544.3577844433
2013-01-18,1214493.0780757894
2013-01-21,1213542.0591983174
2013-01-22,1213016.9765360877
2013-01-23,1211630.83417107
2013-01-24,1214351.5638440163
2013-01-25,1216800.7011506034
2013-01-28,1216122.501951668
2013-01-29,1218437.5973570861
2013-01-30,1218932.6650651933
2013-01-31,1219727.6962143965
2013-02-01,1223488.7355296763
2013-02-04,1218951.2407303913
2013-02-05,1222635.4536994938
2013-02-06,1221761.2415676117
2013-02-07,1219132.674353354
2013-02-08,1217831.9708385998
2013-02-11,1221799.3937255656
2013-02-12,1221637.3849905299
2013-02-13,1222129.3009845242
2013-02-14,1220157.5959941288
2013-02-15,1220068.76402495
2013-02-18,1220972.4447525388
2013-02-19,1222996.2070321853
2013-02-20,1220958.8835943444
2013-02-21,1217371.6917150165
2013-02-22,1220503.6717415818
2013-02-25,1214260.374259634
2013-02-26,1214156.374929353
2013-02-27,1216413.4488449332
2013-02-28,1217353.0734818473
2013-03-01,1218932.8108014714
2013-03-04,1219371.711020512
2013-03-05,1220960.7486985223
2013-03-06,1222449.5744721652
2013-03-07,1222823.4842978804
2013-03-08,1224493.5951322531
2013-03-11,1225110.1908521452
2013-03-12,1223915.971192849
2013-03-13,1224356.1995269642
2013-03-14,1224448.7883599917
2013-03-15,1223098.241709357
2013-03-18,1222175.6526484326
2013-03-19,1222152.755691733
2013-03-20,1223677.1728625146
2013-03-21,1221262.445190809
2013-03-22,1221697.876388573
2013-03-25,1221207.8500248375
2013-03-26,1222213.1365521196
2013-03-27,1221895.7316713545
2013-03-28,1222042.1791176754
2013-03-29,1222139.7003461847
2013-04-01,1219661.9555718412
2013-04-02,1221993.4581433574
2013-04-03,1220837.994528705
2013-04-04,1224176.4064562127
2013-04-05,1222621.8017934188
2013-04-08,1225780.6480389491
2013-04-09,1225532.4594997563
2013-04-10,1229053.868868564
2013-04-11,1229153.782566396
2013-04-12,1229266.562095033
2013-04-15,1227137.2796188393
2013-04-16,1230165.3627739118
2013-04-17,1227853.2226360452
2013-04-18,1226456.907577272
2013-04-19,1227998.7785526374
2013-04-22,1227594.931088475
2013-04-23,1228878.1585814408
2013-04-24,1228951.4555084042
2013-04-25,1228322.307422174
2013-04-26,1227095.4937686273
2013-04-29,1227731.220410809
2013-04-30,1228298.3476136168
2013-05-01,1227341.3474665084
2013-05-02,1228409.8844804298
2013-05-03,1230881.778591576
2013-05-06,1231172.3136555848
2013-05-07,1231460.3418715661
2013-05-08,1232831.939213101
2013-05-09,1233630.260252749
2013-05-10,1235457.943004139
2013-05-13,1236395.9870023865
2013-05-14,1238612.2253961954
2013-05-15,1239315.7438593842
2013-05-16,1238628.3639545923
2013-05-17,1241792.568108208
2013-05-20,1240959.5900734053
2013-05-21,1242106.9817645575
2013-05-22,1242926.7882981368
2013-05-23,1238015.525656159
2013-05-24,1237314.9569084405
2013-05-27,1237609.184470676
2013-05-28,1239007.4050801708
2013-05-29,1237233.3584507443
2013-05-30,1237255.1662566653
2013-05-31,1236287.1660203333
2013-06-03,1234518.9171019632
2013-06-04,1235529.881910479
2013-06-05,1234889.9560858388
2013-06-06,1233959.8713700608
2013-06-07,1234268.3905259673
2013-06-10,1235102.8438252672
2013-06-11,1234029.9481119188
2013-06-12,1233403.6534029613
2013-06-13,1232202.6831554929
2013-06-14,1232357.3631653907
2013-06-17,1233141.6267750713
2013-06-18,1234363.4297462846
2013-06-19,1234815.4137921717
2013-06-20,1234034.311745935
2013-06-21,1233374.8100790407
2013-06-24,1233991.8703237982
2013-06-25,1233983.313041199
2013-06-26,1234244.2337567108
2013-06-27,1235117.7394422102
2013-06-28,1235446.7163439896
2013-07-01,1235014.4520113708
2013-07-02,1236078.6650290836
2013-07-03,1236347.546369917
2013-07-04,1236165.3881695687
2013-07-05,1238072.0797440228
2013-07-08,1236934.3202369742
2013-07-09,1236720.4077026725
2013-07-10,1235195.6978237538
2013-07-11,1233898.4911580025
2013-07-12,1235603.0801031091
2013-07-15,1235749.555892079
2013-07-16,1234069.821249054
2013-07-17,1234628.954926999
2013-07-18,1234647.5698971488
2013-07-19,1234169.8714277288
2013-07-22,1232632.306740813
2013-07-23,1231865.3124755241
2013-07-24,1232080.5408480146
2013-07-25,1231765.1170430216
2013-07-26,1231543.1090122485
2013-07-29,1231703.9759210916
2013-07-30,1232447.6621340548
2013-07-31,1233837.9618010893
2013-08-01,1235287.417839176
2013-08-02,1235543.580834846
2013-08-05,1235166.1364268383
2013-08-06,1234222.429259693
2013-08-07,1233647.3310615036
2013-08-08,1232678.8715831353
2013-08-09,1231881.0357457437
2013-08-12,1232443.1711048333
2013-08-13,1232737.755351251
2013-08-14,1232143.0573553627
2013-08-15,1231029.1812551713
2013-08-16,1230428.135551779
2013-08-19,1230629.5402351294
2013-08-20,1231002.638140002
2013-08-21,1230830.5315757545
2013-08-22,1230927.4427658652
2013-08-23,1231413.2808108702
2013-08-26,1231371.4540433022
2013-08-27,1232415.4374349008
2013-08-28,1232479.794934291
2013-08-29,1231850.8553271114
2013-08-30,1231692.142106457
2013-09-02,1230225.2578524363
2013-09-03,1229543.2007493891
2013-09-04,1228964.930602923
2013-09-05,1228926.2424551311
2013-09-06,1229432.1977801772
2013-09-09,1229566.1269213902
2013-09-10,1229392.4646315654
2013-09-11,1229680.9502326993
2013-09-12,1229110.4351067443
2013-09-13,1228818.4501154046
2013-09-16,1228464.8742781861
2013-09-17,1229021.3143122871
2013-09-18,1232581.9833157142
2013-09-19,1232625.5170542381
2013-09-20,1231360.6887812
2013-09-23,1230090.900006588
2013-09-24,1229523.7537046485
2013-09-25,1229410.11073471
2013-09-26,1230038.3714094074
2013-09-27,1229706.0175918338
2013-09-30,1229331.6455920006
2013-10-01,1230058.764292036
2013-10-02,1229973.9157470115
2013-10-03,1228966.0058192627
2013-10-04,1228813.7760084872
2013-10-07,1227958.1470642085
2013-10-08,1226882.0606660347
2013-10-09,1225752.6649697877
2013-10-10,1226369.0392883343
2013-10-11,1226626.5136318163
2013-10-14,1226954.718107199
2013-10-15,1226178.1667454704
2013-10-16,1226641.3209593394
2013-10-17,1228203.6975109356
2013-10-18,1228742.3972470725
2013-10-21,1228917.614296882
2013-10-22,1230356.672027208
2013-10-23,1228549.3080220255
2013-10-24,1229556.5012831911
2013-10-25,1229402.6622208888
2013-10-28,1229413.4091246189
2013-10-29,1229652.877214348
2013-10-30,1229366.9255190769
2013-10-31,1227619.1824819816
2013-11-01,1226404.9927088676
2013-11-04,1227605.4516852456
2013-11-05,1227252.803255505
2013-11-06,1227914.6509707083
2013-11-07,1224946.2226715575
2013-11-08,1227013.6861322697
2013-11-11,1227060.338116315
2013-11-12,1227280.6081732183
2013-11-13,1228351.0647353025
2013-11-14,1229163.8820353812
2013-11-15,1230794.1107915882
2013-11-18,1230086.9223506213
2013-11-19,1230435.2308122173
2013-11-20,1229485.0652301596
2013-11-21,1232635.8193388542
2013-11-22,1233120.3431492345
2013-11-25,1232920.4444533924
2013-11-26,1232689.261203819
2013-11-27,1234676.3335769915
2013-11-28,1235322.7918784283
2013-11-29,1235360.831486248
2013-12-02,1235601.6144229984
2013-12-03,1233769.3136270898
2013-12-04,1233316.0094026423
2013-12-05,1231807.7197167994
2013-12-06,1234874.2291690463
2013-12-09,1235985.4149121852
2013-12-10,1234368.6799553442
2013-12-11,1232041.5987610628
2013-12-12,1233816.161452008
2013-12-13,1232444.007532212
2013-12-16,1232652.2326134783
2013-12-17,1232179.503125036
2013-12-18,1237405.7757807965
2013-12-19,1237032.7729986974
2013-12-20,1237103.8938060515
2013-12-23,1237907.1606040052
2013-12-24,1237873.3846126113
2013-12-26,1239930.1985997686
2013-12-27,1241271.024391167
2013-12-30,1240930.3786149947
2013-12-31,1241038.6894400616
2014-01-02,1238236.872576889
2014-01-03,1236695.6361707782
2014-01-06,1235566.4898893894
2014-01-07,1237969.9295313489
2014-01-08,1239260.5160415098
2014-01-09,1239300.11556533
2014-01-10,1238738.2203104761
2014-01-13,1234932.3178924033
2014-01-14,1237968.4544260337
2014-01-15,1238718.1661178584
2014-01-16,1238637.2485371544
2014-01-17,1239180.5542912867
2014-01-20,1238906.5860828916
2014-01-21,1240055.1829314334
2014-01-22,1241692.6104708116
2014-01-23,1239739.0494578276
2014-01-24,1236118.7931559132
2014-01-27,1235865.8108985599
2014-01-28,1235904.906818354
2014-01-29,1236225.3100372218
2014-01-30,1235427.013901651
2014-01-31,1235196.2291520643
2014-02-03,1234531.3751629675
2014-02-04,1232235.7823024457
2014-02-05,1232391.487360768
2014-02-06,1231548.1319332526
2014-02-07,1231462.8303365528
2014-02-10,1231752.4489697707
2014-02-11,1230493.2114802815
2014-02-12,1231139.372625979
2014-02-13,1231550.6683812644
2014-02-14,1231920.2721940842
2014-02-17,1231659.556586605
2014-02-18,1231350.8917270307
2014-02-19,1232340.1921430484
2014-02-20,1232540.8118233096
2014-02-21,1232443.562593638
2014-02-24,1232135.9608571052
2014-02-25,1232658.2118772957
2014-02-26,1233012.6498757796
2014-02-27,1233434.69290412
2014-02-28,1233389.103791086
2014-03-03,1232802.96026112
2014-03-04,1233328.8077012266
2014-03-05,1232230.9035245243
2014-03-06,1231933.6526472813
2014-03-07,1232716.5441749934
2014-03-10,1232022.443330143
2014-03-11,1230834.3550664217
2014-03-12,1231157.9834287204
2014-03-13,1229534.9015020656
2014-03-14,1229345.195450108
2014-03-17,1229825.8436800246
2014-03-18,1231129.8895569337
2014-03-19,1231130.7497861644
2014-03-20,1231595.5732470807
2014-03-21,1230528.5737058183
2014-03-24,1229787.110110557
2014-03-25,1230054.390989172
2014-03-26,1228749.6273439105
2014-03-27,1227968.0599772222
2014-03-28,1228520.048572386
2014-03-31,1229130.3649165803
2014-04-01,1229218.2683705376
2014-04-02,1229525.6652756361
2014-04-03,1229395.4715314254
2014-04-04,1228163.5237920359
2014-04-07,1227423.7706294795
2014-04-08,1227912.2792394375
2014-04-09,1228835.9115814383
2014-04-10,1227725.7343403702
2014-04-11,1226934.194630656
2014-04-14,1227145.8291599897
2014-04-15,1226840.727496334
2014-04-16,1227384.3648156067
2014-04-17,1227233.7340319229
2014-04-18,1227261.8161961832
2014-04-21,1227328.3226828598
2014-04-22,1227659.922183706
2014-04-23,1227030.416632256
2014-04-24,1226860.8196876235
2014-04-25,1226906.4500327823
2014-04-28,1226995.242617086
2014-04-29,1227191.4860761515
2014-04-30,1227286.053187721
2014-05-01,1227274.8860082435
2014-05-02,1227236.8666676437
2014-05-05,1227190.3164791986
2014-05-06,1227770.0896887633
2014-05-07,1227686.5606820488
2014-05-08,1227698.3955657987
2014-05-09,1227425.7986642928
2014-05-12,1227632.4305231634
2014-05-13,1227501.4626422164
2014-05-14,1227136.6111974989
2014-05-15,1226879.2420681762
2014-05-16,1227067.645788443
2014-05-19,1226762.7077142599
2014-05-20,1225892.1690415293
2014-05-21,1226222.2873589895
2014-05-22,1226068.3359212396
2014-05-23,1225880.084153346
2014-05-26,1225856.7156549678
2014-05-27,1226094.1541703423
2014-05-28,1225376.3306347332
2014-05-29,1226111.4658545905
2014-05-30,1225857.8953954712
2014-06-02,1225936.7657791881
2014-06-03,1225941.031855463
2014-06-04,1225873.9302958567
2014-06-05,1226289.4843233374
2014-06-06,1227314.7961938034
2014-06-09,1227825.0159299443
2014-06-10,1227697.401400481
2014-06-11,1227306.9069388285
2014-06-12,1226944.926964909
2014-06-13,1226570.5107440536
2014-06-16,1226679.4824323554
2014-06-17,1226940.8156607295
2014-06-18,1227490.2671872538
2014-06-19,1226935.8452127855
2014-06-20,1227465.0022215287
2014-06-23,1226772.0786715886
2014-06-24,1225692.5935629446
2014-06-25,1226420.7548672226
2014-06-26,1226270.4953770856
2014-06-27,1226259.7287798375
2014-06-30,1226731.2119304964
2014-07-01,1228705.8016887743
2014-07-02,1227993.0111517948
2014-07-03,1227349.0036031166
2014-07-04,1227490.8425169191
2014-07-07,1226098.409254901
2014-07-08,1224714.936381393
2014-07-09,1225165.6434167633
2014-07-10,1223247.250809745
2014-07-11,1223723.9527724464
2014-07-14,1224790.1833502033
2014-07-15,1224855.032215609
2014-07-16,1224797.2323000708
2014-07-17,1222072.3529806186
2014-07-18,1224620.5414873401
2014-07-21,1223850.148194408
2014-07-22,1224996.0734192615
2014-07-23,1226406.9910205158
2014-07-24,1225515.9578018973
2014-07-25,1225088.282576918
2014-07-28,1225538.7780322258
2014-07-29,1225295.5354355036
2014-07-30,1225349.2228161609
2014-07-31,1221946.6699624674
2014-08-01,1221041.9350730274
2014-08-04,1221692.4094416879
2014-08-05,1221038.4197782166
2014-08-06,1219803.3153332514
2014-08-07,1219222.6613433568
2014-08-08,1218584.2904894946
2014-08-11,1218389.0870541295
2014-08-12,1218563.268807188
2014-08-13,1218501.751187945
2014-08-14,1218380.7899132937
2014-08-15,1217927.733200059
2014-08-18,1218212.9912729422
2014-08-19,1219747.0268154556
2014-08-20,1220487.7616580385
2014-08-21,1219914.6148823032
2014-08-22,1220655.3930300656
2014-08-25,1221865.8428560377
2014-08-26,1222028.3331562963
2014-08-27,1220931.3750257026
2014-08-28,1220896.332272072
2014-08-29,1221438.512301784
2014-09-01,1221682.223989569
2014-09-02,1223169.1435037083
2014-09-03,1222139.5145377284
2014-09-04,1224768.7218010614
2014-09-05,1225477.1202615218
2014-09-08,1226340.685128724
2014-09-09,1224847.83448664
2014-09-10,1226233.6529934218
2014-09-11,1226314.1028381533
2014-09-12,1225701.3488381305
2014-09-15,1224368.7584076938
2014-09-16,1223956.3695595772
2014-09-17,1226343.9567817056
2014-09-18,1227052.5800647915
2014-09-19,1228837.2762026903
2014-09-22,1227852.6478007424
2014-09-23,1226075.7742845956
2014-09-24,1227993.233637578
2014-09-25,1226464.4005012605
2014-09-26,1229240.2633325267
2014-09-29,1228862.5726412586
2014-09-30,1230018.9842765501
2014-10-01,1226949.08360546
2014-10-02,1224409.0588148811
2014-10-03,1229109.1901337616
2014-10-06,1224653.2933766344
2014-10-07,1224946.3780826493
2014-10-08,1223040.6750207872
2014-10-09,1225738.1286027697
2014-10-10,1226946.792014269
2014-10-13,1224890.3780788884
2014-10-14,1228406.9660048606
2014-10-15,1226037.6687652292
2014-10-16,1225931.2226866698
2014-10-17,1225347.7168402069
2014-10-20,1224985.335161102
2014-10-21,1223618.5048413456
2014-10-22,1224944.022704164
2014-10-23,1223984.6974877238
2014-10-24,1223508.2253030175
2014-10-27,1223816.6355581777
2014-10-28,1222016.9515522083
2014-10-29,1222780.3241731047
2014-10-30,1222578.175885989
2014-10-31,1223326.1582575322
2014-11-03,1226743.46695487
2014-11-04,1226038.6847356071
2014-11-05,1227954.3433488025
2014-11-06,1229804.6248548431
2014-11-07,1226047.3459129864
2014-11-10,1228772.3732484905
2014-11-11,1229157.4735023119
2014-11-12,1229251.4043736411
2014-11-13,1231527.5412458684
2014-11-14,1230268.342660069
2014-11-17,1230633.6067791802
2014-11-18,1231356.240079885
2014-11-19,1232713.2369191402
2014-11-20,1231911.5142910082
2014-11-21,1231126.6211085792
2014-11-24,1232735.4937759638
2014-11-25,1232886.7763991645
2014-11-26,1232485.9523629337
2014-11-27,1234877.6108107585
2014-11-28,1238092.2076026998
2014-12-01,1235100.6034100766
2014-12-02,1238538.0446505575
2014-12-03,1238996.667588824
2014-12-04,1239306.3281917793
2014-12-05,1242688.2653246901
2014-12-08,1241822.732343536
2014-12-09,1240150.171352238
2014-12-10,1237353.7334840563
2014-12-11,1239221.0363896505
2014-12-12,1239778.31639494
2014-12-15,1240397.0745959145
2014-12-16,1238554.1626065103
2014-12-17,1241211.0716243682
2014-12-18,1240320.7097078636
2014-12-19,1240440.1049205246
2014-12-22,1241955.7871502524
2014-12-23,1242282.9802736684
2014-12-24,1242310.878201765
2014-12-26,1242464.61927407
2014-12-29,1243254.9023499128
2014-12-30,1241427.5729849276
2014-12-31,1241881.5394426098
2015-01-02,1244873.3698929467
2015-01-05,1245637.325283619
2015-01-06,1247246.0433756632
2015-01-07,1247263.6904544379
2015-01-08,1247347.046234025
2015-01-09,1246731.8548919233
2015-01-12,1248887.0743947534
2015-01-13,1248862.7317903067
2015-01-14,1247834.063258285
2015-01-15,1249140.0926193472
2015-01-16,1249107.987645511
2015-01-19,1248992.2487930472
2015-01-20,1251501.3922882439
2015-01-21,1253760.7928843242
2015-01-22,1256765.5401135592
2015-01-23,1259281.0520152708
2015-01-26,1259191.1638608144
2015-01-27,1256834.6310097917
2015-01-28,1259661.1689737372
2015-01-29,1261541.9342990022
2015-01-30,1261659.63955825
2015-02-02,1258927.0072876406
2015-02-03,1254861.0275848587
2015-02-04,1256869.4223973919
2015-02-05,1253715.8398197538
2015-02-06,1255571.3594454976
2015-02-09,1255001.156072657
2015-02-10,1256321.1046742406
2015-02-11,1257088.8879970193
2015-02-12,1255103.6060279391
2015-02-13,1254300.2918691477
2015-02-16,1254528.0544403463
2015-02-17,1253433.7132571053
2015-02-18,1254095.2346483376
2015-02-19,1255155.7751108953
2015-02-20,1255644.959949805
2015-02-23,1256480.943480582
2015-02-24,1256093.7510155446
2015-02-25,1254851.4574441095
2015-02-26,1257205.7343914974
2015-02-27,1256703.1581365112
2015-03-02,1257830.6138981571
2015-03-03,1256153.0341242417
2015-03-04,1255602.1941906698
2015-03-05,1257399.1353249273
2015-03-06,1258932.799860369
2015-03-09,1258908.9645664513
2015-03-10,1258791.9648467624
2015-03-11,1261263.216455887
2015-03-12,1260873.5597367035
2015-03-13,1263510.6134961029
2015-03-16,1263682.0570033665
2015-03-17,1264595.6677938525
2015-03-18,1258599.5419998004
2015-03-19,1261732.1372791436
2015-03-20,1258707.331925447
2015-03-23,1256665.0527649864
2015-03-24,1256543.847104384
2015-03-25,1254455.8803998902
2015-03-26,1253048.7365477483
2015-03-27,1255339.2207924777
2015-03-30,1258175.451331315
2015-03-31,1257451.385169049
2015-04-01,1255917.30639626
2015-04-02,1255524.103014488
2015-04-03,1253675.409972936
2015-04-06,1253691.7542879046
2015-04-07,1254897.421756822
2015-04-08,1255007.9659326696
2015-04-09,1257160.8573056348
2015-04-10,1258279.1850437871
2015-04-13,1258649.0884430136
2015-04-14,1257296.109061303
2015-04-15,1255362.1857039998
2015-04-16,1253606.2667611998
2015-04-17,1251925.1077923155
2015-04-20,1253327.2787586502
2015-04-21,1253773.8974001403
2015-04-22,1253682.50952872
2015-04-23,1253455.905554705
2015-04-24,1253046.351003032
2015-04-27,1252532.6702769515
2015-04-28,1252168.5620419898
2015-04-29,1250591.8508462636
2015-04-30,1248837.8682248383
2015-05-01,1250367.4135672967
2015-05-04,1250488.5940985351
2015-05-05,1248958.6885917867
2015-05-06,1248272.3999743273
2015-05-07,1248399.15213408
2015-05-08,1250132.9612090152
2015-05-11,1249586.1270793756
2015-05-12,1249648.6970845456
2015-05-13,1250192.0944206761
2015-05-14,1251490.5796379664
2015-05-15,1251409.6641603946
2015-05-18,1251495.1345871286
2015-05-19,1250940.0517790536
2015-05-20,1250910.2474757205
2015-05-21,1251456.778996341
2015-05-22,1251441.9869498687
2015-05-25,1251468.3596150319
2015-05-26,1250330.829512862
2015-05-27,1251993.581517996
2015-05-28,1251938.5686468165
2015-05-29,1250857.7974272475
2015-06-01,1251132.6726136606
2015-06-02,1250251.3979746513
2015-06-03,1251031.4822659097
2015-06-04,1249612.8402756308
2015-06-05,1249556.4266889861
2015-06-08,1248092.1155394523
2015-06-09,1247605.6152662255
2015-06-10,1248600.0831020053
2015-06-11,1249369.1924250382
2015-06-12,1248481.1672973316
2015-06-15,1248162.592149279
2015-06-16,1248528.2307970333
2015-06-17,1248285.4574564963
2015-06-18,1249422.21463945
2015-06-19,1248759.964090701
2015-06-22,1250292.6477664888
2015-06-23,1251142.5545567782
2015-06-24,1250316.4974088578
2015-06-25,1250044.4812946364
2015-06-26,1249999.9017211061
2015-06-29,1246699.826460812
2015-06-30,1247131.8202232097
2015-07-01,1248464.3215685221
2015-07-02,1248084.5864860006
2015-07-03,1247950.8658880384
2015-07-06,1247511.7736959828
2015-07-07,1247501.1197108764
2015-07-08,1246595.589836544
2015-07-09,1245592.0580778073
2015-07-10,1244705.523242411
2015-07-13,1245772.61980061
2015-07-14,1244888.9520016147
2015-07-15,1247206.2581857606
2015-07-16,1247349.6139489887
2015-07-17,1248509.0838694384
2015-07-20,1250459.7774216165
2015-07-21,1248969.405002122
2015-07-22,1250524.441200098
2015-07-23,1251252.2748315004
2015-07-24,1251323.6528384818
2015-07-27,1251794.175190807
2015-07-28,1250319.212317821
2015-07-29,1250590.3607011784
2015-07-30,1251378.3368045688
2015-07-31,1251849.6702581348
2015-08-03,1253126.3059456414
2015-08-04,1251497.6938436911
2015-08-05,1252332.7907367651
2015-08-06,1251447.4456725174
2015-08-07,1250866.9245779903
2015-08-10,1250044.2221455532
2015-08-11,1251312.575767545
2015-08-12,1248783.344630228
2015-08-13,1250061.4832758459
2015-08-14,1250075.770851074
2015-08-17,1250045.4342899753
2015-08-18,1250176.715537941
2015-08-19,1250510.8467840143
2015-08-20,1250603.570560843
2015-08-21,1252818.6393483202
2015-08-24,1258395.3386511125
2015-08-25,1257535.711026724
2015-08-26,1256453.6536125427
2015-08-27,1253432.684557905
2015-08-28,1252479.6830320044
2015-08-31,1252993.087267862
2015-09-01,1256405.5071115175
2015-09-02,1255281.5131769578
2015-09-03,1255223.5254122375
2015-09-04,1257926.1081015808
2015-09-07,1257212.4764610315
2015-09-08,1254575.8254230951
2015-09-09,1255291.5587468315
2015-09-10,1253580.5443675886
2015-09-11,1253654.849509463
2015-09-14,1253574.2375687798
2015-09-15,1253353.667260474
2015-09-16,1251324.0106134913
2015-09-17,1251676.5254847019
2015-09-18,1252060.0093323747
2015-09-21,1252589.389838508
2015-09-22,1254038.72694871
2015-09-23,1254875.2977416771
2015-09-24,1255178.4544083402
2015-09-25,1254254.2330143095
2015-09-28,1255929.420234565
2015-09-29,1256013.3098474129
2015-09-30,1254485.9636299657
2015-10-01,1253798.1094239654
2015-10-02,1252234.5310911709
2015-10-05,1250973.2761129804
2015-10-06,1249618.7922448139
2015-10-07,1248626.6563100582
2015-10-08,1247881.5427983932
2015-10-09,1247799.8976891073
2015-10-12,1247679.8596400896
2015-10-13,1248031.2995854702
2015-10-14,1247152.7653646593
2015-10-15,1247195.7324227444
2015-10-16,1247296.7097018242
2015-10-19,1247201.14619625
2015-10-20,1247279.7062427744
2015-10-21,1247390.0331032046
2015-10-22,1247480.84659241
2015-10-23,1247762.5034154227
2015-10-26,1247652.3766158703
2015-10-27,1247962.290655988
2015-10-28,1248272.244981165
2015-10-29,1247777.5192546064
2015-10-30,1247093.2187864473
2015-11-02,1247355.3600100381
2015-11-03,1247740.2424032798
2015-11-04,1248370.2932403344
2015-11-05,1248896.638558578
2015-11-06,1250255.0996043987
2015-11-09,1249486.4300507554
2015-11-10,1249655.3286037247
2015-11-11,1249233.8975495414
2015-11-12,1248510.4826346766
2015-11-13,1248146.6166540731
2015-11-16,1248893.9312297616
2015-11-17,1249806.0547837517
2015-11-18,1250323.1536324788
2015-11-19,1249273.7120179832
2015-11-20,1250672.545168187
2015-11-23,1250847.8886807356
2015-11-24,1250539.736224602
2015-11-25,1250499.0947369034
2015-11-26,1251132.295874546
2015-11-27,1251820.007534605
2015-11-30,1251506.807744454
2015-12-01,1251421.8345604686
2015-12-02,1252628.8593462708
2015-12-03,1248643.292780441
2015-12-04,1249199.1622248348
2015-12-07,1250570.0880460513
2015-12-08,1250346.9128669098
2015-12-09,1248760.451139503
2015-12-10,1249633.1974028414
2015-12-11,1249212.8333723869
2015-12-14,1249842.2747679895
2015-12-15,1250283.8171225272
2015-12-16,1250916.8024517281
2015-12-17,1252538.8496695561
2015-12-18,1251856.5326942913
2015-12-21,1251888.7062841954
2015-12-22,1251966.551757377
2015-12-23,1251173.5766413233
2015-12-24,1250697.8810153562
2015-12-28,1251784.6298837056
2015-12-29,1251895.7426595944
2015-12-30,1252231.3691585737
2015-12-31,1251850.4534111517
2016-01-01,1251806.6852392408
2016-01-04,1251323.2885982064
2016-01-05,1252432.9976177171
2016-01-06,1254040.2072609928
2016-01-07,1254583.9039776404
2016-01-08,1256446.20134189
2016-01-11,1256059.2379041405
2016-01-12,1256735.9348983974
2016-01-13,1258493.2732295399
2016-01-14,1256744.7110370048
2016-01-15,1262497.0885704486
2016-01-18,1262656.4791407532
2016-01-19,1261817.81110691
2016-01-20,1264123.2879907994
2016-01-21,1260064.0887162273
2016-01-22,1255454.0923265049
2016-01-25,1259368.6330318814
2016-01-26,1256178.0625945104
2016-01-27,1255541.8441049536
2016-01-28,1253146.7748255262
2016-01-29,1249514.453926416
2016-02-01,1249834.6416123873
2016-02-02,1252448.0014103632
2016-02-03,1250444.0727602239
2016-02-04,1250812.8499757124
2016-02-05,1251720.981287759
2016-02-08,1253059.658530114
2016-02-09,1254082.8268536332
2016-02-10,1255254.9408600144
2016-02-11,1256584.5722748656
2016-02-12,1254273.4847413762
2016-02-15,1252167.652598473
2016-02-16,1251831.7649870482
2016-02-17,1249273.6625575903
2016-02-18,1250460.894821636
2016-02-19,1250925.8906348313
2016-02-22,1249274.836548609
2016-02-23,1251642.213238259
2016-02-24,1250939.72698983
2016-02-25,1249047.4889660424
2016-02-26,1249090.8202199163
2016-02-29,1250292.3169781112
2016-03-01,1247842.7074029993
2016-03-02,1247291.6421137627
2016-03-03,1246494.1859220495
2016-03-04,1245496.7592733924
2016-03-07,1245917.2548813953
2016-03-08,1246393.9671783997
2016-03-09,1245864.3640001859
2016-03-10,1245473.5833262245
2016-03-11,1244207.3800614937
2016-03-14,1244270.3308572355
2016-03-15,1244879.658626808
2016-03-16,1245168.7406737332
2016-03-17,1244718.4738638902
2016-03-18,1244832.9899551573
2016-03-21,1244590.2674094287
2016-03-22,1244660.2603939485
2016-03-23,1244014.5210081148
2016-03-24,1243758.5883523908
2016-03-25,1243682.3416394417
2016-03-28,1243453.3616921392
2016-03-29,1244071.7780113288
2016-03-30,1243675.4950716773
2016-03-31,1243828.8939102332
2016-04-01,1243750.0916365
2016-04-04,1243478.067281372
2016-04-05,1243737.316660352
2016-04-06,1243719.8950998422
2016-04-07,1243900.0759366136
2016-04-08,1243895.0303643658
2016-04-11,1244226.2838331787
2016-04-12,1244362.512626072
2016-04-13,1244269.875693028
2016-04-14,1243917.7426837313
2016-04-15,1243929.8583060584
2016-04-18,1244154.7105543532
2016-04-19,1244935.4348938174
2016-04-20,1244908.7855010487
2016-04-21,1243838.9376251467
2016-04-22,1243354.0774819597
2016-04-25,1243475.8903709669
2016-04-26,1243606.5519862103
2016-04-27,1243130.2781301958
2016-04-28,1243271.3028087025
2016-04-29,1243084.0092157545
2016-05-02,1243995.9845084988
2016-05-03,1241302.72501683
2016-05-04,1239823.9449251464
2016-05-05,1239216.8831381602
2016-05-06,1239466.8920152423
2016-05-09,1238403.9884922546
2016-05-10,1238446.3485355356
2016-05-11,1239024.706089751
2016-05-12,1238405.3555099575
2016-05-13,1237777.7972113627
2016-05-16,1238145.2590401275
2016-05-17,1237726.913049794
2016-05-18,1236275.3187364438
2016-05-19,1236132.9891340137
2016-05-20,1236243.0487165283
2016-05-23,1236344.6934015283
2016-05-24,1236328.9787160726
2016-05-25,1236100.7717444766
2016-05-26,1235936.1771929103
2016-05-27,1236261.3215695599
2016-05-30,1236173.9596644745
2016-05-31,1235789.2575644418
2016-06-01,1236074.9122264716
2016-06-02,1236527.698670985
2016-06-03,1236209.8343408732
2016-06-06,1235964.738219659
2016-06-07,1236047.2776272686
2016-06-08,1236594.6263122824
2016-06-09,1236675.6732886815
2016-06-10,1236360.9169218587
2016-06-13,1236296.732613735
2016-06-14,1237102.9013151878
2016-06-15,1236421.3941044956
2016-06-16,1237412.1867611203
2016-06-17,1237422.8968824137
2016-06-20,1237369.5905308202
2016-06-21,1236501.3615852592
2016-06-22,1235399.179313986
2016-06-23,1234083.3331506723
2016-06-24,1235507.1594499846
2016-06-27,1235957.0336265212
2016-06-28,1234601.037000645
2016-06-29,1233740.0112790084
2016-06-30,1234061.2999697884
2016-07-01,1234481.1272183778
2016-07-04,1234249.5443998985
2016-07-05,1235798.8702443943
2016-07-06,1236129.4682013195
2016-07-07,1236581.1177948306
2016-07-08,1236639.2721012712
2016-07-11,1234245.8467976649
2016-07-12,1232138.5246956719
2016-07-13,1232762.315915261
2016-07-14,1231761.8587789594
2016-07-15,1231277.1999389026
2016-07-18,1231357.493179475
2016-07-19,1231672.9875632708
2016-07-20,1231536.033323181
2016-07-21,1231392.6719347115
2016-07-22,1231820.5665611648
2016-07-25,1231441.7303913098
2016-07-26,1231766.967347864
2016-07-27,1232402.682124146
2016-07-28,1232535.9689298754
2016-07-29,1232595.8253163341
2016-08-01,1232571.5976046436
2016-08-02,1231977.430700196
2016-08-03,1232028.6331412562
2016-08-04,1233017.386740326
2016-08-05,1233158.686582801
2016-08-08,1233219.849917705
2016-08-09,1233598.0006261033
2016-08-10,1233565.8873699834
2016-08-11,1233929.018332308
2016-08-12,1233642.9945014603
2016-08-15,1234246.7899761908
2016-08-16,1233777.1726656267
2016-08-17,1233666.2809631217
2016-08-18,1233680.1616708082
2016-08-19,1233083.0001904285
2016-08-22,1232910.2328085627
2016-08-23,1232846.2103583943
2016-08-24,1231843.710842265
2016-08-25,1231837.863935619
2016-08-26,1231378.2306284395
2016-08-29,1231876.180988604
2016-08-30,1231077.7558007282
2016-08-31,1230661.9873482767
2016-09-01,1230691.210270923
2016-09-02,1231799.9736084992
2016-09-05,1231783.8779098555
2016-09-06,1233066.5897395134
2016-09-07,1232816.3870244008
2016-09-08,1232107.7649311374
2016-09-09,1228833.5051632943
2016-09-12,1228841.2252095384
2016-09-13,1227838.4065033686
2016-09-14,1227975.2810188942
2016-09-15,1228067.813386315
2016-09-16,1227791.1539366273
2016-09-19,1228158.019392603
2016-09-20,1228296.7730646122
2016-09-21,1229277.0306270558
2016-09-22,1229796.532949257
2016-09-23,1229363.9736344246
2016-09-26,1229025.9347161574
2016-09-27,1229410.855320863
2016-09-28,1229516.02540465
2016-09-29,1228853.418403408
2016-09-30,1229112.1781174517
2016-10-03,1229127.4569316108
2016-10-04,1229016.48500313
2016-10-05,1229273.4045368824
2016-10-06,1229779.5276697746
2016-10-07,1230117.8673111459
2016-10-10,1231142.1655659932
2016-10-11,1231163.0599807077
2016-10-12,1230529.1076583809
2016-10-13,1229804.6030504203
2016-10-14,1230146.7122125106
2016-10-17,1229606.1856727062
2016-10-18,1230206.148019074
2016-10-19,1230968.404431197
2016-10-20,1231280.9762439793
2016-10-21,1232197.6748615233
2016-10-24,1232573.0592523422
2016-10-25,1232313.8947345382
2016-10-26,1231470.0737079715
2016-10-27,1231528.5700549334
2016-10-28,1230224.3200477087
2016-10-31,1229507.9354683186
2016-11-01,1228275.3883996413
2016-11-02,1226892.0485221818
2016-11-03,1226124.7926412704
2016-11-04,1225654.4624716428
2016-11-07,1226801.4681071418
2016-11-08,1226793.7246044858
2016-11-09,1225610.3722244997
2016-11-10,1225433.4634364194
2016-11-11,1225084.3005152293
2016-11-14,1225032.5290050975
2016-11-15,1224920.696663117
2016-11-16,1224422.6496623293
2016-11-17,1225742.4305993703
2016-11-18,1225561.7304472353
2016-11-21,1224923.558441573
2016-11-22,1225515.1088730108
2016-11-23,1226543.143996983
2016-11-24,1226678.2950908022
2016-11-25,1226604.0647880172
2016-11-28,1225469.568824682
2016-11-29,1225561.6484490314
2016-11-30,1226313.0486742482
2016-12-01,1224874.8576494725
2016-12-02,1224479.4500926745
2016-12-05,1224172.8438226099
2016-12-06,1224682.0496969242
2016-12-07,1225110.6386492723
2016-12-08,1226335.480877804
2016-12-09,1227863.5058548916
2016-12-12,1227291.4274136715
2016-12-13,1228092.4186188541
2016-12-14,1227993.103013715
2016-12-15,1229717.7663481608
2016-12-16,1228702.3336187664
2016-12-19,1228963.118088358
2016-12-20,1230139.7376927533
2016-12-21,1229044.9747640616
2016-12-22,1228974.6522606
2016-12-23,1229010.2534582529
2016-12-27,1229226.6012581168
2016-12-28,1228578.6231606475
2016-12-29,1226818.2852404695
2016-12-30,1226406.0084786473
2017-01-03,1227876.4661498982
2017-01-04,1228270.2392333667
2017-01-05,1226281.2573098466
2017-01-06,1228324.0464145811
2017-01-09,1226767.719388046
2017-01-10,1226461.5619913286
2017-01-11,1227006.3724857934
2017-01-12,1226664.5905885869
2017-01-13,1226881.9918472543
2017-01-16,1226391.6676686662
2017-01-17,1224613.8132471303
2017-01-18,1225546.3885924404
2017-01-19,1225550.5106343897
2017-01-20,1225963.9716046476
2017-01-23,1224499.494914209
2017-01-24,1225858.523342359
2017-01-25,1226500.351529835
2017-01-26,1227440.8292575034
2017-01-27,1227534.4770896656
2017-01-30,1225611.783467175
2017-01-31,1225059.1935730265
2017-02-01,1225695.56239146
2017-02-02,1225782.4599429388
2017-02-03,1226677.0022532726
2017-02-06,1225380.5514861033
2017-02-07,1225084.8818924667
2017-02-08,1225486.3798631786
2017-02-09,1227074.6453790765
2017-02-10,1228204.3488050608
2017-02-13,1228892.473944767
2017-02-14,1229458.472343707
2017-02-15,1230409.5457586697
2017-02-16,1229308.631557311
2017-02-17,1228815.661077363
2017-02-20,1229679.8142692703
2017-02-21,1230268.913783052
2017-02-22,1230450.4015237032
2017-02-23,1230039.014933715
2017-02-24,1229024.7065991685
2017-02-27,1229363.3644229588
2017-02-28,1229113.9396188632
2017-03-01,1231863.641385041
2017-03-02,1229898.3865374264
2017-03-03,1230103.2795622468
2017-03-06,1229249.1843737406
2017-03-07,1228894.378024669
2017-03-08,1227344.604170123
2017-03-09,1227484.9482305883
2017-03-10,1228536.0689884475
2017-03-13,1229393.6698581483
2017-03-14,1228597.5767337861
2017-03-15,1230746.3584641344
2017-03-16,1230444.0247897455
2017-03-17,1230352.9894575286
2017-03-20,1230433.3339256593
2017-03-21,1227478.3704760522
2017-03-22,1226965.9525097725
2017-03-23,1226499.1442586356
2017-03-24,1227033.6112222332
2017-03-27,1226387.617430475
2017-03-28,1227443.527390006
2017-03-29,1227921.5184242344
2017-03-30,1227817.9501916324
2017-03-31,1226958.9824676658
2017-04-03,1226658.013184634
2017-04-04,1226582.7705701706
2017-04-05,1225843.0818144558
2017-04-06,1225505.9994312814
2017-04-07,1225414.3640415296
2017-04-10,1225426.102497228
2017-04-11,1225442.0333723053
2017-04-12,1225367.4506965824
2017-04-13,1225332.8737122482
2017-04-14,1225653.345846571
2017-04-17,1225440.806841306
2017-04-18,1224922.0176847246
2017-04-19,1224452.1415965506
2017-04-20,1224617.9705815343
2017-04-21,1224644.6932236105
2017-04-24,1223223.7345086723
2017-04-25,1223107.8572249585
2017-04-26,1223476.9320151564
2017-04-27,1223784.3553534737
2017-04-28,1223999.918056733
2017-05-01,1224128.2461329522
2017-05-02,1224233.5292897774
2017-05-03,1223614.5498573696
2017-05-04,1223872.8793957713
2017-05-05,1223389.8777752132
2017-05-08,1224032.2362773335
2017-05-09,1224402.2838572469
2017-05-10,1224096.209990318
2017-05-11,1224049.5108287847
2017-05-12,1224077.9956036014
2017-05-15,1224069.0329603152
2017-05-16,1224359.1651398526
2017-05-17,1220764.6584988665
2017-05-18,1221535.5013324656
2017-05-19,1221607.5430969466
2017-05-22,1222106.8014442022
2017-05-23,1221970.5644375384
2017-05-24,1221511.9465769269
2017-05-25,1222361.0605330998
2017-05-26,1221803.0800162894
2017-05-29,1221296.6060608574
2017-05-30,1221036.8801407744
2017-05-31,1222127.3802832323
2017-06-01,1223634.2138727126
2017-06-02,1225344.3949788897
2017-06-05,1224727.2556797802
2017-06-06,1223376.877517331
2017-06-07,1223557.4246135885
2017-06-08,1223073.7689450565
2017-06-09,1221110.169593365
2017-06-12,1220785.3560179216
2017-06-13,1221395.422616114
2017-06-14,1220810.2985595437
2017-06-15,1220233.2365106284
2017-06-16,1221393.201550168
2017-06-19,1222352.131336057
2017-06-20,1221389.6347978734
2017-06-21,1221680.032849152
2017-06-22,1221182.8193900445
2017-06-23,1221476.8912423283
2017-06-26,1222034.4608901497
2017-06-27,1223104.4125378572
2017-06-28,1224497.698723972
2017-06-29,1224288.0466241739
2017-06-30,1224059.2485955239
2017-07-03,1223675.6668991982
2017-07-04,1222274.8171197877
2017-07-05,1222877.316178839
2017-07-06,1222418.1041980463
2017-07-07,1224458.2722597304
2017-07-10,1224548.5086606725
2017-07-11,1225403.3483185833
2017-07-12,1226314.916388928
2017-07-13,1227135.8337748093
2017-07-14,1229179.2469121472
2017-07-17,1228623.7938688607
2017-07-18,1231224.4461758768
2017-07-19,1231268.3649261924
2017-07-20,1232784.3692700812
2017-07-21,1231594.354601861
2017-07-24,1231655.0461889373
2017-07-25,1233353.0958093435
2017-07-26,1235902.0671514557
2017-07-27,1233029.491026372
2017-07-28,1234486.6278150035
2017-07-31,1234937.9150232573
2017-08-01,1234640.7513977808
2017-08-02,1235361.3946079263
2017-08-03,1233420.6551504405
2017-08-04,1231956.8184018785
2017-08-07,1232333.1703204834
2017-08-08,1230506.6976104383
2017-08-09,1229323.4445886791
2017-08-10,1225348.3671549596
2017-08-11,1227152.4684494054
2017-08-14,1227331.8219197332
2017-08-15,1226503.3312389627
2017-08-16,1228318.535672238
2017-08-17,1224360.3156372695
2017-08-18,1225645.8410011102
2017-08-21,1226375.3798963313
2017-08-22,1226488.627208306
2017-08-23,1226376.8127580986
2017-08-24,1226798.8636104686
2017-08-25,1228541.4158348348
2017-08-28,1228799.0204466174
2017-08-29,1229154.5447967285
2017-08-30,1227938.1546122513
2017-08-31,1230254.3560588325
2017-09-01,1230475.5192404212
2017-09-04,1230561.2720146105
2017-09-05,1230845.302031076
2017-09-06,1232008.4183501964
2017-09-07,1234468.1777985056
2017-09-08,1233717.3095372177
2017-09-11,1233421.1720898547
2017-09-12,1233745.9509370942
2017-09-13,1231855.1705141035
2017-09-14,1233034.4978205422
2017-09-15,1234638.7070569862
2017-09-18,1233114.7001013586
2017-09-19,1234406.6334144755
2017-09-20,1233430.6848740615
2017-09-21,1232124.0222650229
2017-09-22,1231444.789769341
2017-09-25,1228533.911065106
2017-09-26,1227806.6781139043
2017-09-27,1227155.1997241485
2017-09-28,1226832.9830577753
2017-09-29,1227580.2446829427
2017-10-02,1226301.9963537117
2017-10-03,1226543.9191459124
2017-10-04,1226885.4089312272
2017-10-05,1226830.2567460083
2017-10-06,1225568.1584652064
2017-10-09,1225659.240994057
2017-10-10,1227114.3988699103
2017-10-11,1228205.0874981151
2017-10-12,1227795.000510462
2017-10-13,1228985.7511422744
2017-10-16,1229746.6773232534
2017-10-17,1229671.4743416444
2017-10-18,1230979.1643254436
2017-10-19,1230276.0286919216
2017-10-20,1231758.4741454858
2017-10-23,1231002.9349809452
2017-10-24,1232444.6113891283
2017-10-25,1231145.970064839
2017-10-26,1231366.5452475757
2017-10-27,1233368.7598853128
2017-10-30,1232636.4661501418
2017-10-31,1234391.4508283406
2017-11-01,1235140.541136485
2017-11-02,1235985.3217701346
2017-11-03,1236464.77740245
2017-11-06,1237278.9844731097
2017-11-07,1237886.063692875
2017-11-08,1238435.0570624713
2017-11-09,1237225.271360451
2017-11-10,1236581.204170358
2017-11-13,1236357.1760699789
2017-11-14,1235809.4589253552
2017-11-15,1234138.4811425093
2017-11-16,1235358.8910752223
2017-11-17,1234940.9474580784
2017-11-20,1234983.155366963
2017-11-21,1236105.6735862945
2017-11-22,1236277.5173852528
2017-11-23,1236693.9128199136
2017-11-24,1237823.0369057849
2017-11-27,1236940.227233467
2017-11-28,1237573.2172443834
2017-11-29,1236796.7325541957
2017-11-30,1238342.180208558
2017-12-01,1238439.5809360906
2017-12-04,1237174.5295871228
2017-12-05,1236854.6046649811
2017-12-06,1236175.8107769527
2017-12-07,1237232.4072335314
2017-12-08,1238263.7260899725
2017-12-11,1239237.2240106117
2017-12-12,1238408.6421478665
2017-12-13,1237306.347195877
2017-12-14,1236244.127783978
2017-12-15,1238026.4087361076
2017-12-18,1238698.6449107786
2017-12-19,1238805.8223363564
2017-12-20,1239179.5349966846
2017-12-21,1239246.658055353
2017-12-22,1238987.081803047
2017-12-26,1239523.7115271266
2017-12-27,1239719.2717768166
2017-12-28,1240002.065459098
2017-12-29,1239783.4416211084
2018-01-02,1241856.292059065
2018-01-03,1242849.1014868792
2018-01-04,1245070.4477652009
2018-01-05,1245802.842755719
2018-01-08,1245544.0501148496
2018-01-09,1244640.9660519583
2018-01-10,1243248.0083317226
2018-01-11,1246473.728678287
2018-01-12,1252055.7787618355
2018-01-15,1253888.0742252208
2018-01-16,1252366.3796385133
2018-01-17,1253474.0227771623
2018-01-18,1253788.749614846
2018-01-19,1253540.6740506615
2018-01-22,1257138.871979162
2018-01-23,1258196.267348594
2018-01-24,1261339.0048847795
2018-01-25,1259245.8861921476
2018-01-26,1263212.571579848
2018-01-29,1259768.480064052
2018-01-30,1256779.4516551283
2018-01-31,1257832.9015469097
2018-02-01,1260431.5160214212
2018-02-02,1252961.8854203185
2018-02-05,1248563.0258725984
2018-02-06,1248582.4011039457
2018-02-07,1244953.5718143242
2018-02-08,1243854.5383274152
2018-02-09,1243148.0298336847
2018-02-12,1243452.1675195885
2018-02-13,1243976.0023874973
2018-02-14,1244455.5102289575
2018-02-15,1244858.1364452129
2018-02-16,1244285.963655785
2018-02-19,1244268.017003116
2018-02-20,1243962.1164402186
2018-02-21,1243709.429301442
2018-02-22,1244077.2487545318
2018-02-23,1243553.8387277804
2018-02-26,1243871.478511242
2018-02-27,1243453.8998964012
2018-02-28,1243310.4940884132
2018-03-01,1244176.0052818628
2018-03-02,1244806.5559546154
2018-03-05,1244829.2866266067
2018-03-06,1244879.6550343013
2018-03-07,1245027.0682397266
2018-03-08,1244360.6469738241
2018-03-09,1243478.8833118589
2018-03-12,1243820.446426635
2018-03-13,1244178.8588888496
2018-03-14,1243865.7018841098
2018-03-15,1244018.6882555096
2018-03-16,1244499.8375496329
2018-03-19,1244267.0310121682
2018-03-20,1243492.2651819189
2018-03-21,1243544.1422456487
2018-03-22,1243307.3448858599
2018-03-23,1243719.9719767433
2018-03-26,1243371.575430861
2018-03-27,1243514.0586656658
2018-03-28,1241771.948999484
2018-03-29,1241453.0153458924
2018-03-30,1241662.3974391052
2018-04-02,1241800.8549892164
2018-04-03,1241172.459152569
2018-04-04,1240721.3611545207
2018-04-05,1239722.6567009406
2018-04-06,1240310.7419348557
2018-04-09,1240550.0064978998
2018-04-10,1240175.4311155654
2018-04-11,1240502.6793728815
2018-04-12,1240011.8896506978
2018-04-13,1239996.4413281926
2018-04-16,1240066.7503732855
2018-04-17,1239979.1777269428
2018-04-18,1240221.4934790472
2018-04-19,1238872.6430799211
2018-04-20,1237850.9608935604
2018-04-23,1237207.7447341483
2018-04-24,1236679.431678573
2018-04-25,1237093.7562776937
2018-04-26,1237194.7302145183
2018-04-27,1236830.2856532754
2018-04-30,1237465.6459253894
2018-05-01,1237475.972222604
2018-05-02,1237494.2694267686
2018-05-03,1237412.7577099963
2018-05-04,1237763.974972421
2018-05-07,1238042.374318623
2018-05-08,1238601.3370527134
2018-05-09,1238933.2988259152
2018-05-10,1238334.3896440964
2018-05-11,1237923.100358349
2018-05-14,1238452.0763088337
2018-05-15,1238702.9129175213
2018-05-16,1238751.5375230487
2018-05-17,1239141.6771687823
2018-05-18,1238867.2883290432
2018-05-21,1239385.5968330717
2018-05-22,1239099.7226582507
2018-05-23,1238183.7982637726
2018-05-24,1236800.455538513
2018-05-25,1235959.5823720247
2018-05-28,1235915.7845129806
2018-05-29,1235937.164976408
2018-05-30,1234855.9572943007
2018-05-31,1234759.2513354453
2018-06-01,1234534.9734580137
2018-06-04,1234030.1582496793
2018-06-05,1233935.8981573323
2018-06-06,1234040.5528801891
2018-06-07,1233688.6602496456
2018-06-08,1233927.7546763718
2018-06-11,1234309.0642717206
2018-06-12,1234536.383455729
2018-06-13,1234185.0341582457
2018-06-14,1235846.5337513268
2018-06-15,1235587.6617519404
2018-06-18,1235743.2162670996
2018-06-19,1235827.7807855052
2018-06-20,1236424.9087750118
2018-06-21,1235243.9489040805
2018-06-22,1234261.7810086592
2018-06-25,1233337.379475101
2018-06-26,1234314.9728561048
2018-06-27,1234800.5868163232
2018-06-28,1235314.4463736762
2018-06-29,1233637.7380954847
2018-07-02,1235633.8380299415
2018-07-03,1233674.9277126412
2018-07-04,1233499.0859580312
2018-07-05,1233852.0585118283
2018-07-06,1234218.3587575415
2018-07-09,1234865.1630151847
2018-07-10,1235034.878833251
2018-07-11,1235671.629463821
2018-07-12,1235748.70759009
2018-07-13,1235855.2798772932
2018-07-16,1234542.2698071476
2018-07-17,1236815.5849042998
2018-07-18,1236666.014126027
2018-07-19,1237643.4239864056
2018-07-20,1235495.9593458492
2018-07-23,1236813.5998672347
2018-07-24,1236283.7659050298
2018-07-25,1235809.059580736
2018-07-26,1236906.566607528
2018-07-27,1235487.7386589
2018-07-30,1234580.8643207937
2018-07-31,1234924.622159134
2018-08-01,1235166.0259869688
2018-08-02,1237146.9049607066
2018-08-03,1236925.959216917
2018-08-06,1237925.1960082515
2018-08-07,1237849.5974495157
2018-08-08,1237610.9072869322
2018-08-09,1238448.4631366797
2018-08-10,1238956.0042103105
2018-08-13,1239629.8722732589
2018-08-14,1241022.1168398727
2018-08-15,1241488.977794781
2018-08-16,1241128.7224564387
2018-08-17,1239584.766840551
2018-08-20,1238582.4033344728
2018-08-21,1236840.1440317756
2018-08-22,1237058.8378427627
2018-08-23,1239427.1348838122
2018-08-24,1237259.636351777
2018-08-27,1237102.0123308804
2018-08-28,1237877.7183380704
2018-08-29,1237749.4285842185
2018-08-30,1237923.0118094143
2018-08-31,1239772.3981303452
2018-09-03,1239736.4338966853
2018-09-04,1240097.9710697546
2018-09-05,1238338.1552367317
2018-09-06,1237463.0386279735
2018-09-07,1238557.559519419
2018-09-10,1238464.7575654055
2018-09-11,1238924.9273462915
2018-09-12,1237511.67174146
2018-09-13,1238525.7895412545
2018-09-14,1239807.1321071417
2018-09-17,1238224.8413168276
2018-09-18,1239307.4468793941
2018-09-19,1238397.5936172062
2018-09-20,1238830.2633819447
2018-09-21,1238695.2738379794
2018-09-24,1239146.2397508037
2018-09-25,1239287.2982251982
2018-09-26,1239255.4990387203
2018-09-27,1241166.190165401
2018-09-28,1240863.1313623032
2018-10-01,1242322.8685021014
2018-10-02,1241380.7415612778
2018-10-03,1242760.4672261607
2018-10-04,1240391.530280381
2018-10-05,1239043.6695727955
2018-10-08,1239261.6289049336
2018-10-09,1238834.4970361458
2018-10-10,1237286.9113449142
2018-10-11,1235556.8655203115
2018-10-12,1235472.1274145874
2018-10-15,1235326.2577959672
2018-10-16,1235203.121305732
2018-10-17,1234789.6397180585
2018-10-18,1235119.1292061808
2018-10-19,1234793.0605166454
2018-10-22,1235040.6975872994
2018-10-23,1235230.4428518119
2018-10-24,1235933.7083360385
2018-10-25,1235340.863686167
2018-10-26,1235453.765191474
2018-10-29,1235539.3809221268
2018-10-30,1234638.8384363442
2018-10-31,1234756.9764150162
2018-11-01,1233759.457790722
2018-11-02,1233821.1556930786
2018-11-05,1233785.2979062258
2018-11-06,1233784.960468391
2018-11-07,1233269.0365119325
2018-11-08,1233271.7537116809
2018-11-09,1233126.9065969198
2018-11-12,1233251.3149793244
2018-11-13,1232941.6120472976
2018-11-14,1232965.2790649224
2018-11-15,1232253.4889323663
2018-11-16,1231890.0468948486
2018-11-19,1231835.6246804416
2018-11-20,1233314.83905204
2018-11-21,1232024.6529994411
2018-11-22,1232169.1586568092
2018-11-23,1233780.6959383797
2018-11-26,1233074.6918266972
2018-11-27,1233565.262556879
2018-11-28,1233532.9776387438
2018-11-29,1233308.9339793115
2018-11-30,1234163.1251552047
2018-12-03,1232539.420192001
2018-12-04,1233892.6085896143
2018-12-05,1234351.9247847416
2018-12-06,1235071.607123573
2018-12-07,1234639.2070903715
2018-12-10,1235582.4670302372
2018-12-11,1235545.9333486618
2018-12-12,1234454.6268981267
2018-12-13,1234091.050124633
2018-12-14,1235487.7723595384
2018-12-17,1236151.1605028424
2018-12-18,1237459.9555800955
2018-12-19,1237624.167002262
2018-12-20,1238046.915526254
2018-12-21,1241428.1056063753
2018-12-24,1243872.9185928942
2018-12-25,1243872.9185928942
2018-12-26,1239006.792337926
2018-12-27,1238789.6394291488
2018-12-28,1239135.010141622
2018-12-31,1238889.2502746473
2019-01-02,1242238.644236337
2019-01-03,1242132.960587958
2019-01-04,1234914.7269406328
2019-01-07,1232110.8977278224
2019-01-08,1231744.9739202808
2019-01-09,1229701.0950574062
2019-01-10,1229337.4874207724
2019-01-11,1229230.8217416517
2019-01-14,1230209.3796151723
2019-01-15,1229232.4323803408
2019-01-16,1229206.9571715915
2019-01-17,1228874.0029452785
2019-01-18,1227558.252664409
2019-01-21,1228013.6616061185
2019-01-22,1229353.0553481868
2019-01-23,1228943.098527718
2019-01-24,1229717.02868303
2019-01-25,1228541.6689728326
2019-01-28,1229081.2712122574
2019-01-29,1228801.0315256645
2019-01-30,1228150.8142874248
2019-01-31,1228316.0429330496
2019-02-01,1227386.2779879607
2019-02-04,1226945.8596443231
2019-02-05,1227330.6413491047
2019-02-06,1227030.4126232003
2019-02-07,1227188.217019908
2019-02-08,1227424.336273227
2019-02-11,1226960.8449717911
2019-02-12,1226801.1054754634
2019-02-13,1226747.4714170564
2019-02-14,1227193.886719787
2019-02-15,1227694.9731562815
2019-02-18,1227660.2855107402
2019-02-19,1228036.2256385111
2019-02-20,1227878.2801792873
2019-02-21,1227192.757660144
2019-02-22,1227435.029136851
2019-02-25,1227114.9128970336
2019-02-26,1227033.578999995
2019-02-27,1226621.9322494606
2019-02-28,1226294.1390245012
2019-03-01,1225647.781306084
2019-03-04,1225647.781306084
2019-03-05,1225647.781306084
2019-03-06,1225647.781306084
2019-03-07,1225647.781306084
2019-03-08,1225286.549591208
2019-03-11,1225167.2643959506
2019-03-12,1224836.1316824853
2019-03-13,1224806.1166062518
2019-03-14,1224881.4184423569
2019-03-15,1225098.8718744095
2019-03-18,1225362.6970626279
2019-03-19,1225255.1670488743
2019-03-20,1224483.2629809855
2019-03-21,1225791.5293396947
2019-03-22,1223959.8335936544
2019-03-25,1223986.4026715923
2019-03-26,1224364.8947136234
2019-03-27,1223771.1663497996
2019-03-28,1224165.4048627028
2019-03-29,1224757.415347842
2019-04-01,1225744.8529743187
2019-04-02,1225756.3224468092
2019-04-03,1226322.2754125888
2019-04-04,1226278.7944157652
2019-04-05,1226778.9404091772
2019-04-08,1226774.9272006652
2019-04-09,1226107.3032471274
2019-04-10,1226557.6502531546
2019-04-11,1226473.0444963693
2019-04-12,1227092.0349735394
2019-04-15,1226989.6185962902
2019-04-16,1227180.053209824
2019-04-17,1227164.1892012905
2019-04-18,1227511.8521345048
2019-04-19,1227511.8521345048
2019-04-22,1227677.559366259
2019-04-23,1228915.1743719378
2019-04-24,1228394.4990240012
2019-04-25,1227816.6057614714
2019-04-26,1226916.9986815688
2019-04-29,1226857.5987333215
2019-04-30,1226426.0410414266
2019-05-01,1224672.7357755394
2019-05-02,1224508.1671838195
2019-05-03,1225696.8396758575
2019-05-06,1224644.1708993514
2019-05-07,1221561.8973683987
2019-05-08,1221220.060385645
2019-05-09,1219953.0780638643
2019-05-10,1218843.1751309927
2019-05-13,1221002.1683437033
2019-05-14,1220602.7866928864
2019-05-15,1220811.4465354763
2019-05-16,1222144.3852467004
2019-05-17,1223022.3105919552
2019-05-20,1221725.7719618147
2019-05-21,1221587.3589156081
2019-05-22,1222544.7371570128
2019-05-23,1222872.5479425867
2019-05-24,1221905.9836824469
2019-05-27,1222204.3656766464
2019-05-28,1223244.7111682852
2019-05-29,1224002.3256405904
2019-05-30,1224190.2419571455
2019-05-31,1224772.6762775185
2019-06-03,1221967.8840019742
2019-06-04,1220343.0181771256
2019-06-05,1221178.7711169752
2019-06-06,1219461.7848587397
2019-06-07,1217228.4013664343
2019-06-10,1217228.1295224782
2019-06-11,1216763.942830466
2019-06-12,1218626.904775531
2019-06-13,1219240.515856247
2019-06-14,1220367.4046388508
2019-06-17,1220783.6826908018
2019-06-18,1220023.6350814523
2019-06-19,1220115.857246847
2019-06-20,1219830.494589555
2019-06-21,1219010.949396749
2019-06-24,1218960.2145085125
2019-06-25,1219635.8377319465
2019-06-26,1217519.2583477094
2019-06-27,1217268.029847541
2019-06-28,1216624.0522909516
2019-07-01,1215726.4526362258
2019-07-02,1217942.4517978535
2019-07-03,1218237.240524102
2019-07-04,1218035.0039979592
2019-07-05,1216865.1068846686
2019-07-08,1215912.0349931263
2019-07-09,1216695.5973725948
2019-07-10,1218000.8919433043
2019-07-11,1217077.563739471
2019-07-12,1217771.6552325918
2019-07-15,1218178.0120505493
2019-07-16,1217826.3323728943
2019-07-17,1218209.621880224
2019-07-18,1219294.881725921
2019-07-19,1217179.729750566
2019-07-22,1217638.6442295527
2019-07-23,1218192.22012649
2019-07-24,1219021.0294353236
2019-07-25,1217346.351422576
2019-07-26,1219085.4363084245
2019-07-29,1220654.4446268415
2019-07-30,1221120.1757660673
2019-07-31,1218977.2772742927
2019-08-01,1221671.7719255355
2019-08-02,1219765.3808796324
2019-08-05,1220696.1144162407
2019-08-06,1219002.098880267
2019-08-07,1220881.2452152553
2019-08-08,1220308.5021276798
2019-08-09,1221412.3001392502
2019-08-12,1223385.397775549
2019-08-13,1219770.9829000805
2019-08-14,1224895.6559481411
2019-08-15,1224203.9069900028
2019-08-16,1222744.7223090827
2019-08-19,1222179.3261894959
2019-08-20,1222739.56349022
2019-08-21,1221721.6949171633
2019-08-22,1222064.0697251281
2019-08-23,1224357.9684249787
2019-08-26,1223181.6255331344
2019-08-27,1224932.17982766
2019-08-28,1225241.6250218966
2019-08-29,1224261.0428545948
2019-08-30,1225524.1128502104
2019-09-02,1227497.7955931197
2019-09-03,1227710.9477036828
2019-09-04,1223885.509272589
2019-09-05,1220439.654143523
2019-09-06,1219912.6673436272
2019-09-09,1218513.6142190185
2019-09-10,1217810.3243811901
2019-09-11,1218777.5189811501
2019-09-12,1217624.575670226
2019-09-13,1217534.8054018463
2019-09-16,1218480.957991769
2019-09-17,1218107.5121537994
2019-09-18,1218273.6363975585
2019-09-19,1218542.9101673742
2019-09-20,1219578.9852306019
2019-09-23,1219792.3392767336
2019-09-24,1219830.7911419638
2019-09-25,1219625.1340356993
2019-09-26,1219911.8918662844
2019-09-27,1219044.4396001238
2019-09-30,1218156.2639747274
2019-10-01,1218394.4684405841
2019-10-02,1218070.9408882733
2019-10-03,1217513.6249515847
2019-10-04,1217162.340176
2019-10-07,1217673.2006905612
2019-10-08,1217878.8219040933
2019-10-09,1217771.0460355773
2019-10-10,1216963.0017931755
2019-10-11,1216324.4570398869
2019-10-14,1216650.7855510393
2019-10-15,1216865.408689952
2019-10-16,1216463.9443142766
2019-10-17,1215070.3507473152
2019-10-18,1214850.5796534568
2019-10-21,1215281.7083685691
2019-10-22,1215119.5362282128
2019-10-23,1215513.677966236
2019-10-24,1215304.4823472726
2019-10-25,1215442.5753563424
2019-10-28,1216040.4797654345
2019-10-29,1215563.383596757
2019-10-30,1215656.4346336839
2019-10-31,1214815.9632905694
2019-11-01,1216239.6805754413
2019-11-04,1216716.844869838
2019-11-05,1216950.5286813425
2019-11-06,1216716.6954871968
2019-11-07,1217455.8076986067
2019-11-08,1216832.2227942934
2019-11-11,1216433.4115144424
2019-11-12,1216603.3089369035
2019-11-13,1216340.3057155113
2019-11-14,1215916.3536996753
2019-11-15,1216695.1720450257
2019-11-18,1216762.542338807
2019-11-19,1216657.046003529
2019-11-20,1216330.0120574308
2019-11-21,1216001.1646809953
2019-11-22,1216327.7657468726
2019-11-25,1217450.5367756682
2019-11-26,1217637.2195862848
2019-11-27,1218317.2101569353
2019-11-28,1217992.4803537966
2019-11-29,1217486.5485431943
2019-12-02,1216359.884605295
2019-12-03,1215634.770233924
2019-12-04,1216282.2977598445
2019-12-05,1216657.7011083122
2019-12-06,1217718.0361834015
2019-12-09,1217007.047293687
2019-12-10,1217342.1094545105
2019-12-11,1217840.9961359727
2019-12-12,1218898.4101331558
2019-12-13,1220157.379434259
2019-12-16,1221109.945803798
2019-12-17,1219898.707719115
2019-12-18,1219991.5354982142
2019-12-19,1220099.8943447005
2019-12-20,1220087.6530472701
2019-12-23,1220127.5850359017
2019-12-24,1220218.7340582295
2019-12-26,1221243.250636697
2019-12-27,1220709.7783239866
2019-12-30,1219393.4036681973
2019-12-31,1219509.832921748
2020-01-02,1221177.5240119
2020-01-03,1220943.7054970677
2020-01-06,1221834.4705653342
2020-01-07,1221466.6145223547
2020-01-08,1220369.561484068
2020-01-09,1220509.0898643383
2020-01-10,1220250.8489936409
2020-01-13,1220342.1094946167
2020-01-14,1219999.533092361
2020-01-15,1220675.1503324907
2020-01-16,1221200.625272798
2020-01-17,1221632.0602181882
2020-01-20,1221886.6041163604
2020-01-21,1221195.3741021394
2020-01-22,1220512.8631174704
2020-01-23,1220786.4903162527
2020-01-24,1220118.278269076
2020-01-27,1218338.1930460087
2020-01-28,1219055.5189081444
2020-01-29,1219189.9044983785
2020-01-30,1219998.082036406
2020-01-31,1219515.5413421101
2020-02-03,1219357.0961454432
2020-02-04,1218160.23465104
2020-02-05,1217501.3568621636
2020-02-06,1218513.732498012
2020-02-07,1219523.1937158494
2020-02-10,1220901.7448932535
2020-02-11,1220135.287523061
2020-02-12,1220024.2151562546
2020-02-13,1221338.4022307317
2020-02-14,1221845.8495802123
2020-02-17,1221696.51034077
2020-02-18,1223690.7422413174
2020-02-19,1222030.520894853
2020-02-20,1222195.5642662263
2020-02-21,1221330.6492244464
2020-02-24,1221278.0844673961
2020-02-25,1220697.9136267721
2020-02-26,1222516.7730721224
2020-02-27,1222349.4202317384
2020-02-28,1222484.3303397456
2020-03-02,1220284.1920554899
2020-03-03,1220712.3079472731
2020-03-04,1219527.662611861
2020-03-05,1221166.9804374787
2020-03-06,1222492.220987381
2020-03-09,1231530.3037144342
2020-03-10,1229681.2432353692
2020-03-11,1232588.2230253879
2020-03-12,1239652.6632029642
2020-03-13,1236064.7128477087
2020-03-16,1245309.846621327
2020-03-17,1247755.4382952354
2020-03-18,1257879.9363930046
2020-03-19,1256394.6460140643
2020-03-20,1253602.6972988453
2020-03-23,1253853.389796847
2020-03-24,1246100.0964229105
2020-03-25,1242082.0746183996
2020-03-26,1237781.2759313385
2020-03-27,1236921.1945458294
2020-03-30,1237430.7117933342
2020-03-31,1238654.5149367098
2020-04-01,1243085.0993558594
2020-04-02,1241416.1617288957
2020-04-03,1241973.3706947775
2020-04-06,1238227.1162524885
2020-04-07,1236643.0309505388
2020-04-08,1234037.5129830185
2020-04-09,1233467.427833646
2020-04-10,1233481.2512255553
2020-04-13,1234648.493490273
2020-04-14,1234490.5504224002
2020-04-15,1235084.1415776652
2020-04-16,1235522.6911715942
2020-04-17,1235050.8415707496
2020-04-20,1236117.837614949
2020-04-21,1237372.679433356
2020-04-22,1237818.72699181
2020-04-23,1238419.1405048112
2020-04-24,1238172.9071456417
2020-04-27,1238607.0026456045
2020-04-28,1238923.9934754728
2020-04-29,1238902.960408753
2020-04-30,1236406.9392513246
2020-05-01,1235634.7487249915
2020-05-04,1236187.890807305
2020-05-05,1236103.214564282
2020-05-06,1236567.9525037687
2020-05-07,1236774.614058768
2020-05-08,1236101.2346410102
2020-05-11,1235865.3972248535
2020-05-12,1235422.2227726185
2020-05-13,1235770.131909426
