day,0
2005-01-04,1200000.0
2005-01-05,1200000.0
2005-01-06,1200000.0
2005-01-07,1200000.0
2005-01-10,1200000.0
2005-01-11,1200000.0
2005-01-12,1200000.0
2005-01-13,1200000.0
2005-01-14,1200000.0
2005-01-17,1200000.0
2005-01-18,1200000.0
2005-01-19,1200000.0
2005-01-20,1200000.0
2005-01-21,1200000.0
2005-01-24,1200000.0
2005-01-25,1200000.0
2005-01-26,1200000.0
2005-01-27,1200000.0
2005-01-28,1200000.0
2005-01-31,1200000.0
2005-02-01,1200000.0
2005-02-02,1200000.0
2005-02-03,1200000.0
2005-02-04,1200000.0
2005-02-07,1200000.0
2005-02-08,1200000.0
2005-02-09,1200000.0
2005-02-10,1200000.0
2005-02-11,1200000.0
2005-02-14,1200000.0
2005-02-15,1200000.0
2005-02-16,1200000.0
2005-02-17,1200000.0
2005-02-18,1200000.0
2005-02-21,1200000.0
2005-02-22,1200000.0
2005-02-23,1200000.0
2005-02-24,1200000.0
2005-02-25,1200000.0
2005-02-28,1200000.0
2005-03-01,1200000.0
2005-03-02,1200000.0
2005-03-03,1200000.0
2005-03-04,1200000.0
2005-03-07,1200000.0
2005-03-08,1200000.0
2005-03-09,1200000.0
2005-03-10,1200000.0
2005-03-11,1200000.0
2005-03-14,1200000.0
2005-03-15,1200000.0
2005-03-16,1200000.0
2005-03-17,1200000.0
2005-03-18,1200000.0
2005-03-21,1200000.0
2005-03-22,1200000.0
2005-03-23,1199912.6107891449
2005-03-24,1199896.0759746255
2005-03-25,1199896.0759746255
2005-03-28,1199882.914443911
2005-03-29,1199936.9597177024
2005-03-30,1199696.0974958716
2005-03-31,1199780.2338832105
2005-04-01,1199898.23324517
2005-04-04,1199820.8740922066
2005-04-05,1199789.6563631855
2005-04-06,1199758.4383785855
2005-04-07,1199582.7754326956
2005-04-08,1199755.940706663
2005-04-11,1199828.0405381066
2005-04-12,1199742.6561104003
2005-04-13,1199996.3148050373
2005-04-14,1200339.2504383659
2005-04-15,1200795.4248390368
2005-04-18,1200698.2191064102
2005-04-19,1200257.4994833255
2005-04-20,1200854.2707312705
2005-04-21,1200114.7425532208
2005-04-22,1200351.7030699765
2005-04-25,1200100.3671826068
2005-04-26,1200493.7806147216
2005-04-27,1200369.697966999
2005-04-28,1200833.9461992853
2005-04-29,1200359.1230019089
2005-05-02,1200125.5512572692
2005-05-03,1199928.0088950398
2005-05-04,1199451.0040940295
2005-05-05,1199386.0019357149
2005-05-06,1199364.9953692304
2005-05-09,1198758.5658797957
2005-05-10,1199087.244498638
2005-05-11,1199220.3596406383
2005-05-12,1199541.332437237
2005-05-13,1199910.2222545983
2005-05-16,1200205.3308264157
2005-05-17,1199854.6473013272
2005-05-18,1198937.096384752
2005-05-19,1198994.588928141
2005-05-20,1199624.244543337
2005-05-23,1199282.7574511596
2005-05-24,1199251.3988409678
2005-05-25,1199068.1935914066
2005-05-26,1199795.6192786815
2005-05-27,1198896.8970127623
2005-05-30,1199596.0367083475
2005-05-31,1200503.6178053343
2005-06-01,1201158.1936818585
2005-06-02,1200734.7468513001
2005-06-03,1200813.9411775128
2005-06-06,1200367.7556261134
2005-06-07,1200276.228330526
2005-06-08,1200669.5157429224
2005-06-09,1200839.6420433507
2005-06-10,1201276.0137135934
2005-06-13,1201356.9678882342
2005-06-14,1201628.9767634692
2005-06-15,1200107.2442662052
2005-06-16,1200401.7644733666
2005-06-17,1199997.5227904678
2005-06-20,1200805.2318101516
2005-06-21,1200633.830236577
2005-06-22,1200991.4838131822
2005-06-23,1201591.4342742597
2005-06-24,1200771.5614836363
2005-06-27,1200098.3710388937
2005-06-28,1200618.634130036
2005-06-29,1200659.807990535
2005-06-30,1200861.610683017
2005-07-01,1202055.996054326
2005-07-04,1202569.1260066137
2005-07-05,1202322.4103273528
2005-07-06,1202794.6333173204
2005-07-07,1201714.2855638382
2005-07-08,1201626.7308971225
2005-07-11,1200775.9567502248
2005-07-12,1200081.7555797424
2005-07-13,1200827.5278113717
2005-07-14,1200901.0552155082
2005-07-15,1201047.995628313
2005-07-18,1200925.369634699
2005-07-19,1201433.0798248127
2005-07-20,1201232.4402172735
2005-07-21,1200050.1527947104
2005-07-22,1201082.1575974415
2005-07-25,1200941.180814681
2005-07-26,1201329.6535007549
2005-07-27,1201109.1683823352
2005-07-28,1201248.3280448318
2005-07-29,1200789.5223760186
2005-08-01,1201050.1682819638
2005-08-02,1201198.5296403705
2005-08-03,1200829.6304220846
2005-08-04,1200134.9838775927
2005-08-05,1199715.372262648
2005-08-08,1199900.9512562603
2005-08-09,1200261.7947019562
2005-08-10,1200748.2715776558
2005-08-11,1201586.8938624577
2005-08-12,1200878.3439567364
2005-08-15,1201175.4508818637
2005-08-16,1200244.5735193815
2005-08-17,1199152.1758112917
2005-08-18,1198683.8992608872
2005-08-19,1199508.3792137364
2005-08-22,1200222.1856827345
2005-08-23,1199961.238801225
2005-08-24,1199706.7124918767
2005-08-25,1199680.1648229517
2005-08-26,1198767.9543101075
2005-08-29,1199089.3890635383
2005-08-30,1199626.5936162656
2005-08-31,1199665.0550696293
2005-09-01,1199975.829484491
2005-09-02,1199654.6959114603
2005-09-05,1199893.5754354952
2005-09-06,1199616.7889813622
2005-09-07,1199442.6182190515
2005-09-08,1199340.8369906754
2005-09-09,1200007.642983712
2005-09-12,1199943.8038098621
2005-09-13,1199818.956151805
2005-09-14,1200048.798678595
2005-09-15,1200313.4709552934
2005-09-16,1200562.6611439714
2005-09-19,1201117.292512358
2005-09-20,1201165.806552093
2005-09-21,1200966.283816163
2005-09-22,1200851.5370656492
2005-09-23,1200946.6185875232
2005-09-26,1201821.9753809886
2005-09-27,1201571.2661261302
2005-09-28,1202275.0200448933
2005-09-29,1203119.5136400093
2005-09-30,1203003.2139891356
2005-10-03,1202993.7839891864
2005-10-04,1202918.2926777387
2005-10-05,1200764.6128705335
2005-10-06,1199104.8074790388
2005-10-07,1199426.8569566826
2005-10-10,1199840.523440105
2005-10-11,1199823.2432631822
2005-10-12,1199751.1302676068
2005-10-13,1199352.0965400073
2005-10-14,1199053.2806294349
2005-10-17,1199506.9129480263
2005-10-18,1199813.4728714167
2005-10-19,1199820.9415931848
2005-10-20,1199793.9006481061
2005-10-21,1199735.6040759857
2005-10-24,1199657.7498545724
2005-10-25,1199720.270875023
2005-10-26,1200231.3096007663
2005-10-27,1200105.8473071242
2005-10-28,1199736.203710112
2005-10-31,1199971.0678658476
2005-11-01,1200208.3823845428
2005-11-02,1200377.427437737
2005-11-03,1200450.6602967952
2005-11-04,1200931.68345428
2005-11-07,1200463.8888487015
2005-11-08,1200187.4986759578
2005-11-09,1200216.2959651933
2005-11-10,1200782.9982906836
2005-11-11,1200798.862108585
2005-11-14,1200916.4461996644
2005-11-15,1200750.0585524205
2005-11-16,1201168.0421105241
2005-11-17,1201688.5638534704
2005-11-18,1201904.963494391
2005-11-21,1202505.1769006946
2005-11-22,1202435.2470488262
2005-11-23,1202769.4064591874
2005-11-24,1202513.983260335
2005-11-25,1203357.555045932
2005-11-28,1202123.0690916874
2005-11-29,1202710.9091740923
2005-11-30,1201940.9087401829
2005-12-01,1203860.7423125857
2005-12-02,1204256.5549166847
2005-12-05,1204409.1019068328
2005-12-06,1204927.7785352308
2005-12-07,1204281.1196905319
2005-12-08,1203114.0385227904
2005-12-09,1203982.0058985536
2005-12-12,1204058.3927941709
2005-12-13,1204552.9352001294
2005-12-14,1202456.3309414133
2005-12-15,1201263.230522442
2005-12-16,1201144.0392974906
2005-12-19,1200574.0345276552
2005-12-20,1200949.4910190043
2005-12-21,1201381.0574727696
2005-12-22,1201639.1721887111
2005-12-23,1201553.9335766044
2005-12-26,1201578.2996666133
2005-12-27,1200877.24001986
2005-12-28,1201632.9795579195
2005-12-29,1201418.128526532
2005-12-30,1200690.4353701042
2006-01-02,1200712.276155617
2006-01-03,1201682.072378532
2006-01-04,1202055.845207095
2006-01-05,1201517.5858473657
2006-01-06,1202140.4198445824
2006-01-09,1202156.9403667387
2006-01-10,1201728.8035282732
2006-01-11,1202573.1561178374
2006-01-12,1202206.5243254236
2006-01-13,1202020.0965125605
2006-01-16,1202252.1141308919
2006-01-17,1200707.4627603034
2006-01-18,1199590.9534015674
2006-01-19,1200435.0758585278
2006-01-20,1199624.1278694358
2006-01-23,1199563.92850558
2006-01-24,1199396.192088362
2006-01-25,1199574.3136987207
2006-01-26,1199990.316038995
2006-01-27,1200667.291277608
2006-01-30,1200853.2181719923
2006-01-31,1200475.897931127
2006-02-01,1200663.3538427134
2006-02-02,1199678.0337981095
2006-02-03,1199815.517631264
2006-02-06,1199854.8901902111
2006-02-07,1198824.025657915
2006-02-08,1198735.3162099633
2006-02-09,1199265.2158143343
2006-02-10,1198523.3020882949
2006-02-13,1198253.3760477796
2006-02-14,1198704.7602397979
2006-02-15,1198252.0945836052
2006-02-16,1198606.9749435904
2006-02-17,1198489.3715382784
2006-02-20,1198594.3216414836
2006-02-21,1198499.7782998893
2006-02-22,1198584.2764393024
2006-02-23,1198312.603412015
2006-02-24,1198552.5597411422
2006-02-27,1198767.5278600913
2006-02-28,1198369.94956229
2006-03-01,1198785.2364319083
2006-03-02,1198726.8601759456
2006-03-03,1198923.3288089712
2006-03-06,1198907.7840633453
2006-03-07,1198376.993881184
2006-03-08,1198122.3530093397
2006-03-09,1198252.9025047405
2006-03-10,1198499.9765395275
2006-03-13,1198639.3813897
2006-03-14,1198716.1152881486
2006-03-15,1198785.2007692992
2006-03-16,1199018.4554291377
2006-03-17,1199011.114743159
2006-03-20,1199202.1507907007
2006-03-21,1199267.3945405323
2006-03-22,1199340.7758623697
2006-03-23,1199323.1743000837
2006-03-24,1199829.734370833
2006-03-27,1199508.6967094324
2006-03-28,1199174.9821534753
2006-03-29,1199489.098968472
2006-03-30,1199350.4021325298
2006-03-31,1198886.3811053399
2006-04-03,1199631.5032332975
2006-04-04,1199543.1549601161
2006-04-05,1199610.6678048645
2006-04-06,1199382.393573948
2006-04-07,1198769.0081694904
2006-04-10,1199205.966087126
2006-04-11,1198501.1272418085
2006-04-12,1198292.969190476
2006-04-13,1198417.169562265
2006-04-14,1198464.2943111332
2006-04-17,1198364.1780698556
2006-04-18,1199764.5498521572
2006-04-19,1200179.815731228
2006-04-20,1199745.4502915372
2006-04-21,1200150.662074991
2006-04-24,1198718.8807183013
2006-04-25,1198708.1670191195
2006-04-26,1198835.9477959834
2006-04-27,1198743.402364878
2006-04-28,1199035.6668965018
2006-05-01,1198760.9116500705
2006-05-02,1200066.0826420663
2006-05-03,1199308.1403533567
2006-05-04,1199576.6766665636
2006-05-05,1200264.7398679066
2006-05-08,1199345.0796702434
2006-05-09,1200340.105520186
2006-05-10,1199845.7820616507
2006-05-11,1199383.8391963318
2006-05-12,1198642.7782186333
2006-05-15,1197485.9580512852
2006-05-16,1198035.7784799987
2006-05-17,1196816.4129599389
2006-05-18,1197477.9787342597
2006-05-19,1196889.2985315546
2006-05-22,1197423.0014363164
2006-05-23,1196935.5896723578
2006-05-24,1196620.3195294433
2006-05-25,1197682.4447475278
2006-05-26,1197113.01063699
2006-05-29,1197145.2127022455
2006-05-30,1198241.1661546172
2006-05-31,1197653.4465724558
2006-06-01,1197398.908138878
2006-06-02,1198262.7906213885
2006-06-05,1197888.0070769067
2006-06-06,1197266.7374465193
2006-06-07,1196884.8883684683
2006-06-08,1195927.8778609524
2006-06-09,1196508.733855409
2006-06-12,1196313.4243040292
2006-06-13,1195442.8351480977
2006-06-14,1195812.2106270995
2006-06-15,1195718.5899686145
2006-06-16,1195588.8118777475
2006-06-19,1195258.610256153
2006-06-20,1195322.2975714488
2006-06-21,1195877.0517065567
2006-06-22,1195369.5969926696
2006-06-23,1194986.8829684395
2006-06-26,1195226.6221968518
2006-06-27,1195484.2337053267
2006-06-28,1195383.2617251
2006-06-29,1195511.2502964681
2006-06-30,1195585.8406849634
2006-07-03,1195790.7206430854
2006-07-04,1195907.2755103689
2006-07-05,1196319.0640125538
2006-07-06,1196258.9525125807
2006-07-07,1195942.7065917468
2006-07-10,1195552.8034543642
2006-07-11,1195341.3715305529
2006-07-12,1195954.7148986517
2006-07-13,1196495.130510617
2006-07-14,1196626.138630021
2006-07-17,1196307.1597094196
2006-07-18,1196057.9539878406
2006-07-19,1195906.578368275
2006-07-20,1196096.4116174313
2006-07-21,1196269.5837363496
2006-07-24,1196018.3642537054
2006-07-25,1195876.4182526362
2006-07-26,1196126.289317188
2006-07-27,1195911.942807509
2006-07-28,1195216.5001033081
2006-07-31,1195399.062958808
2006-08-01,1195843.6554429233
2006-08-02,1195757.4571288729
2006-08-03,1195626.1844910479
2006-08-04,1195655.8088512998
2006-08-07,1196304.004130728
2006-08-08,1196207.3217545776
2006-08-09,1196569.6304014055
2006-08-10,1195846.892335386
2006-08-11,1196254.7434324268
2006-08-14,1195982.3608275224
2006-08-15,1195740.8157438247
2006-08-16,1195646.0530105305
2006-08-17,1195095.7790151464
2006-08-18,1194958.311750436
2006-08-21,1195298.7596163903
2006-08-22,1195515.0372201826
2006-08-23,1195312.112169519
2006-08-24,1195023.5882679594
2006-08-25,1195315.1544773425
2006-08-28,1195543.5198906863
2006-08-29,1195716.5534424968
2006-08-30,1196044.2664271668
2006-08-31,1196292.946276744
2006-09-01,1196584.2567019248
2006-09-04,1196425.664971938
2006-09-05,1196093.1369991833
2006-09-06,1195352.522428694
2006-09-07,1194237.5194553428
2006-09-08,1194094.9956548375
2006-09-11,1194232.599324582
2006-09-12,1194879.8672314745
2006-09-13,1194819.4328168167
2006-09-14,1195091.8223941328
2006-09-15,1194768.2274847669
2006-09-18,1195389.1935164116
2006-09-19,1194446.6309323828
2006-09-20,1194917.380955265
2006-09-21,1194819.0715751434
2006-09-22,1194061.4040492414
2006-09-25,1194201.3831466502
2006-09-26,1194523.1411227616
2006-09-27,1195052.9740932765
2006-09-28,1195228.7655329024
2006-09-29,1195197.2874854077
2006-10-02,1195425.0609598737
2006-10-03,1195618.643357306
2006-10-04,1195718.4976942567
2006-10-05,1195734.5497677145
2006-10-06,1195572.0871101224
2006-10-09,1195591.574810687
2006-10-10,1196002.1659835817
2006-10-11,1196117.5481196493
2006-10-12,1196610.134076665
2006-10-13,1196900.4957787208
2006-10-16,1196734.6065283308
2006-10-17,1196144.042420701
2006-10-18,1196561.8769072092
2006-10-19,1196488.6990317216
2006-10-20,1196794.655283811
2006-10-23,1197503.9149379714
2006-10-24,1197538.2957950507
2006-10-25,1197621.5957247587
2006-10-26,1197931.7514531706
2006-10-27,1196905.3283877354
2006-10-30,1196800.9672004634
2006-10-31,1196811.6632071896
2006-11-01,1196471.0663739399
2006-11-02,1196681.4463869806
2006-11-03,1196430.277160204
2006-11-06,1197586.2325761316
2006-11-07,1197822.62774214
2006-11-08,1197425.4490773608
2006-11-09,1196993.6439349705
2006-11-10,1197049.21117988
2006-11-13,1196990.4596431707
2006-11-14,1197356.9975213963
2006-11-15,1197810.5975102156
2006-11-16,1198435.582675674
2006-11-17,1198182.887612093
2006-11-20,1198522.816958631
2006-11-21,1198607.8703671764
2006-11-22,1198526.9709166593
2006-11-23,1197958.3176132592
2006-11-24,1198839.382309466
2006-11-27,1198309.8635045106
2006-11-28,1199465.5643040114
2006-11-29,1199233.005243414
2006-11-30,1200518.4842111287
2006-12-01,1200890.7530745426
2006-12-04,1201393.0319628743
2006-12-05,1200549.2906854767
2006-12-06,1199909.65930869
2006-12-07,1199930.3636048674
2006-12-08,1199368.213624054
2006-12-11,1200301.392314975
2006-12-12,1200761.5305409546
2006-12-13,1200761.0691083919
2006-12-14,1200476.359926395
2006-12-15,1199734.726340092
2006-12-18,1199378.0893056185
2006-12-19,1200790.1115311629
2006-12-20,1200639.8064891652
2006-12-21,1200340.2739793584
2006-12-22,1199998.3166901178
2006-12-25,1200261.9646893574
2006-12-26,1200215.7255758252
2006-12-27,1200843.0425980024
2006-12-28,1201820.8226169047
2006-12-29,1201978.5014918665
2007-01-01,1202056.6834906116
2007-01-02,1203938.9783588622
2007-01-03,1202211.647322028
2007-01-04,1201048.076375091
2007-01-05,1197750.6735932522
2007-01-08,1198012.9453174928
2007-01-09,1198390.3924422327
2007-01-10,1198437.1475284945
2007-01-11,1199591.227759814
2007-01-12,1199751.6003194293
2007-01-15,1199965.9420938622
2007-01-16,1200015.0555826344
2007-01-17,1199763.2198087075
2007-01-18,1199832.7856343365
2007-01-19,1199794.0383727918
2007-01-22,1199792.0288424487
2007-01-23,1200122.4474090426
2007-01-24,1199614.8994705924
2007-01-25,1197820.0818744597
2007-01-26,1197410.0037796656
2007-01-29,1198208.3026314208
2007-01-30,1197811.7400780036
2007-01-31,1197261.1642965726
2007-02-01,1198034.2874473948
2007-02-02,1197959.4999641846
2007-02-05,1197241.233596297
2007-02-06,1197630.5889043512
2007-02-07,1198252.7711585762
2007-02-08,1198362.175171632
2007-02-09,1198308.3373086478
2007-02-12,1197787.3418525392
2007-02-13,1198345.817859686
2007-02-14,1199459.459477866
2007-02-15,1198882.278743049
2007-02-16,1198853.1601600575
2007-02-19,1199259.7982382393
2007-02-20,1199265.097933624
2007-02-21,1199658.339471269
2007-02-22,1200307.309444203
2007-02-23,1200155.9161816246
2007-02-26,1200238.6513510766
2007-02-27,1195823.0097547113
2007-02-28,1195892.072355412
2007-03-01,1195348.7881748644
2007-03-02,1194852.3571094088
2007-03-05,1194852.3571094088
2007-03-06,1194852.3571094088
2007-03-07,1194852.3571094088
2007-03-08,1194852.3571094088
2007-03-09,1194852.3571094088
2007-03-12,1194852.3571094088
2007-03-13,1194852.3571094088
2007-03-14,1194852.3571094088
2007-03-15,1194852.3571094088
2007-03-16,1194852.3571094088
2007-03-19,1194807.876922438
2007-03-20,1194903.5476220842
2007-03-21,1195320.5605207202
2007-03-22,1195044.2747145947
2007-03-23,1194841.6039905134
2007-03-26,1195191.5410283767
2007-03-27,1195208.9125016332
2007-03-28,1194968.9514285037
2007-03-29,1195091.2613216727
2007-03-30,1195209.6479575005
2007-04-02,1195581.779482326
2007-04-03,1195297.40610858
2007-04-04,1195789.6807710538
2007-04-05,1196087.630127089
2007-04-06,1195811.861725797
2007-04-09,1195783.743437434
2007-04-10,1196573.1700827451
2007-04-11,1196707.9252770361
2007-04-12,1197122.4046632638
2007-04-13,1197738.4433638877
2007-04-16,1198018.3727258886
2007-04-17,1198509.5983179905
2007-04-18,1198688.4250543586
2007-04-19,1198166.2456620603
2007-04-20,1198743.0068777
2007-04-23,1198104.2589883017
2007-04-24,1197878.7060630666
2007-04-25,1199075.1969819851
2007-04-26,1197857.6458357107
2007-04-27,1198880.1839312804
2007-04-30,1198451.689198306
2007-05-01,1197981.2297295227
2007-05-02,1198307.5860515498
2007-05-03,1198736.7323333938
2007-05-04,1199382.3378739925
2007-05-07,1199755.133147877
2007-05-08,1199060.206181894
2007-05-09,1199074.17598161
2007-05-10,1196840.2541698245
2007-05-11,1198712.9557164782
2007-05-14,1198700.7235788296
2007-05-15,1199444.436183764
2007-05-16,1198195.0256361049
2007-05-17,1198183.5903691165
2007-05-18,1199206.6429733073
2007-05-21,1199137.8484705873
2007-05-22,1198804.8153199411
2007-05-23,1199401.568570624
2007-05-24,1198059.1053897236
2007-05-25,1198515.1515456121
2007-05-28,1198650.9874470204
2007-05-29,1199038.8763302588
2007-05-30,1199662.270541761
2007-05-31,1200502.7430740069
2007-06-01,1201727.499411307
2007-06-04,1202171.2413422198
2007-06-05,1201736.7731691722
2007-06-06,1200997.5731150822
2007-06-07,1198935.1247719042
2007-06-08,1199494.0671460314
2007-06-11,1199751.9218445818
2007-06-12,1198348.7920402484
2007-06-13,1199559.1869387855
2007-06-14,1200260.8007690676
2007-06-15,1201914.5872548888
2007-06-18,1202019.6928790554
2007-06-19,1202424.4808367381
2007-06-20,1201521.1211442128
2007-06-21,1201716.223105453
2007-06-22,1201588.9962489095
2007-06-25,1201640.1961406935
2007-06-26,1200752.6592524408
2007-06-27,1200331.0793690921
2007-06-28,1201807.1935000503
2007-06-29,1202438.8313867534
2007-07-02,1203712.55557837
2007-07-03,1203421.8718507204
2007-07-04,1203927.199561796
2007-07-05,1203876.4763584957
2007-07-06,1204965.913714131
2007-07-09,1205360.930486326
2007-07-10,1204229.5929097114
2007-07-11,1204995.9246570412
2007-07-12,1206628.4043812498
2007-07-13,1207149.0568260618
2007-07-16,1207268.5645201388
2007-07-17,1207577.28513237
2007-07-18,1207817.888119182
2007-07-19,1208548.1282166347
2007-07-20,1207398.4150565942
2007-07-23,1207692.0587237154
2007-07-24,1206005.8557265464
2007-07-25,1205715.7548685733
2007-07-26,1201949.666129901
2007-07-27,1200688.951230683
2007-07-30,1200685.902914316
2007-07-31,1200817.1044820386
2007-08-01,1200608.1948637469
2007-08-02,1200725.9457149836
2007-08-03,1200684.2997446703
2007-08-06,1200257.1985441048
2007-08-07,1199952.5616998756
2007-08-08,1200136.5753693986
2007-08-09,1199712.9315365658
2007-08-10,1199755.2141448513
2007-08-13,1199436.775314323
2007-08-14,1199327.9290710613
2007-08-15,1199327.9290710613
2007-08-16,1199327.9290710613
2007-08-17,1199327.9290710613
2007-08-20,1199327.9290710613
2007-08-21,1199327.9290710613
2007-08-22,1199327.9290710613
2007-08-23,1199327.9290710613
2007-08-24,1199327.9290710613
2007-08-27,1199327.9290710613
2007-08-28,1199327.9290710613
2007-08-29,1199327.9290710613
2007-08-30,1199327.9290710613
2007-08-31,1199327.9290710613
2007-09-03,1199327.9290710613
2007-09-04,1199327.9290710613
2007-09-05,1199327.9290710613
2007-09-06,1199327.9290710613
2007-09-07,1199461.6659084738
2007-09-10,1199529.6790765435
2007-09-11,1199790.7217089636
2007-09-12,1199760.884470279
2007-09-13,1199575.2518434399
2007-09-14,1199428.4866908533
2007-09-17,1199960.4805459285
2007-09-18,1201040.0421652205
2007-09-19,1200858.2641937567
2007-09-20,1201966.6316249361
2007-09-21,1201883.0118583788
2007-09-24,1201659.250650303
2007-09-25,1201635.833521202
2007-09-26,1201739.7275436085
2007-09-27,1202403.9980023566
2007-09-28,1202997.5520594523
2007-10-01,1203053.4834915067
2007-10-02,1201899.6853335758
2007-10-03,1201475.8646597848
2007-10-04,1202274.0617507752
2007-10-05,1203279.164429477
2007-10-08,1202265.983433571
2007-10-09,1203194.0793875484
2007-10-10,1203410.4311789477
2007-10-11,1203886.9051518377
2007-10-12,1204669.9122852113
2007-10-15,1204674.2589547003
2007-10-16,1204118.6355560245
2007-10-17,1204361.667043909
2007-10-18,1205202.411584916
2007-10-19,1203539.452113516
2007-10-22,1201788.5811617498
2007-10-23,1203393.6567619676
2007-10-24,1203805.7636787079
2007-10-25,1204980.8274619232
2007-10-26,1206483.4899198983
2007-10-29,1207794.3221673206
2007-10-30,1206970.3911133327
2007-10-31,1209600.6825405885
2007-11-01,1206932.4689180283
2007-11-02,1209292.2413192082
2007-11-05,1208364.22154923
2007-11-06,1210577.0401373862
2007-11-07,1209422.0962096862
2007-11-08,1208930.3359134565
2007-11-09,1207110.0257546518
2007-11-12,1203197.4465167893
2007-11-13,1203289.1041839994
2007-11-14,1203646.6624803846
2007-11-15,1203033.54246465
2007-11-16,1203301.473215469
2007-11-19,1203541.2092278292
2007-11-20,1204177.819098189
2007-11-21,1204479.451775374
2007-11-22,1204228.399592117
2007-11-23,1204286.6976516366
2007-11-26,1204277.6690205191
2007-11-27,1203480.3586343778
2007-11-28,1202825.347358666
2007-11-29,1202445.3062772325
2007-11-30,1201587.3369391176
2007-12-03,1201684.5848313286
2007-12-04,1202129.4139991654
2007-12-05,1201333.091631719
2007-12-06,1201260.4163125283
2007-12-07,1201311.4013992562
2007-12-10,1201467.1421477655
2007-12-11,1201298.7375558661
2007-12-12,1201447.3938009432
2007-12-13,1201231.1666792012
2007-12-14,1200702.2696275818
2007-12-17,1200702.2696275818
2007-12-18,1200702.2696275818
2007-12-19,1200702.2696275818
2007-12-20,1200702.2696275818
2007-12-21,1200702.2696275818
2007-12-24,1200702.2696275818
2007-12-25,1200702.2696275818
2007-12-26,1200702.2696275818
2007-12-27,1200702.2696275818
2007-12-28,1200702.2696275818
2007-12-31,1200702.2696275818
2008-01-01,1200702.2696275818
2008-01-02,1200702.2696275818
2008-01-03,1200807.2978673424
2008-01-04,1200715.100302971
2008-01-07,1200688.6301577142
2008-01-08,1201010.0743707241
2008-01-09,1200860.411635153
2008-01-10,1201049.397091702
2008-01-11,1201178.9252331909
2008-01-14,1201066.4679693542
2008-01-15,1201576.0764716854
2008-01-16,1201528.782633599
2008-01-17,1202310.0629439303
2008-01-18,1202316.79144913
2008-01-21,1204026.8942603515
2008-01-22,1202749.3056487013
2008-01-23,1202724.0716458298
2008-01-24,1201748.583838703
2008-01-25,1201751.2953742729
2008-01-28,1202029.0027517774
2008-01-29,1201331.9981615515
2008-01-30,1201905.9414767213
2008-01-31,1201209.3607039354
2008-02-01,1200363.9749558144
2008-02-04,1200239.5085145198
2008-02-05,1200648.638954701
2008-02-06,1201125.867415817
2008-02-07,1201647.6516554798
2008-02-08,1201964.7674079686
2008-02-11,1202079.2428835928
2008-02-12,1201092.09993807
2008-02-13,1200787.526271582
2008-02-14,1200632.5716992868
2008-02-15,1200874.5420429935
2008-02-18,1200680.0812471756
2008-02-19,1201176.8720259988
2008-02-20,1201851.7756971507
2008-02-21,1201257.241542333
2008-02-22,1201480.3339401397
2008-02-25,1200942.3964464706
2008-02-26,1200778.4578984866
2008-02-27,1201363.2409488552
2008-02-28,1202239.3999087356
2008-02-29,1201823.3685404737
2008-03-03,1202467.9354647982
2008-03-04,1201756.7585901278
2008-03-05,1202881.6048347258
2008-03-06,1202857.6289760638
2008-03-07,1202718.1893410347
2008-03-10,1202829.0638866795
2008-03-11,1202363.1651829453
2008-03-12,1203538.73174455
2008-03-13,1204016.6816912405
2008-03-14,1204502.8075827933
2008-03-17,1204046.6455766885
2008-03-18,1202789.6482170536
2008-03-19,1201920.2486280508
2008-03-20,1200455.468128077
2008-03-21,1200400.457627702
2008-03-24,1199356.7813107516
2008-03-25,1199713.9343519956
2008-03-26,1200923.6170094332
2008-03-27,1200869.7012711102
2008-03-28,1200763.729465592
2008-03-31,1200289.6484626865
2008-04-01,1198962.5666807222
2008-04-02,1199184.2216548794
2008-04-03,1199129.9091679298
2008-04-04,1199407.197071446
2008-04-07,1199450.1771165442
2008-04-08,1199332.3612884863
2008-04-09,1199913.9927731738
2008-04-10,1199603.0845195258
2008-04-11,1199889.8882609436
2008-04-14,1200083.4431982315
2008-04-15,1200079.0810398136
2008-04-16,1200362.527637397
2008-04-17,1200195.3955388016
2008-04-18,1200140.55328597
2008-04-21,1200330.5787611192
2008-04-22,1200677.41839185
2008-04-23,1200386.7026193424
2008-04-24,1199767.4072870929
2008-04-25,1199935.6466889777
2008-04-28,1199979.9769381497
2008-04-29,1199474.3153190073
2008-04-30,1199503.1985643455
2008-05-01,1198949.53094742
2008-05-02,1199276.6127582025
2008-05-05,1199746.2682093817
2008-05-06,1199986.9297115346
2008-05-07,1199840.683490939
2008-05-08,1199882.8311202142
2008-05-09,1200025.9245803533
2008-05-12,1199809.52442247
2008-05-13,1200016.8886812208
2008-05-14,1199809.9703207305
2008-05-15,1199870.8948696668
2008-05-16,1200046.7407022954
2008-05-19,1200060.1989125097
2008-05-20,1200391.5627781057
2008-05-21,1200963.8467395788
2008-05-22,1200490.646876452
2008-05-23,1200651.7697509897
2008-05-26,1200792.153527867
2008-05-27,1200316.3514984732
2008-05-28,1200629.13459846
2008-05-29,1200106.3654153077
2008-05-30,1200240.7305274385
2008-06-02,1200013.2800258521
2008-06-03,1199660.028256018
2008-06-04,1199690.2161195136
2008-06-05,1200453.7747089874
2008-06-06,1201045.676336161
2008-06-09,1200519.0661212702
2008-06-10,1200132.0066444594
2008-06-11,1200292.9560012969
2008-06-12,1200140.8713685707
2008-06-13,1200268.440244048
2008-06-16,1200509.7599318468
2008-06-17,1200592.3507536915
2008-06-18,1200777.931699965
2008-06-19,1200750.8774635217
2008-06-20,1200723.4990127394
2008-06-23,1200743.3182358916
2008-06-24,1201084.524357178
2008-06-25,1201105.9525444885
2008-06-26,1201825.3198923275
2008-06-27,1201954.294623067
2008-06-30,1201450.155747339
2008-07-01,1201690.8956824758
2008-07-02,1202930.0204259593
2008-07-03,1202756.7643028537
2008-07-04,1203029.2940242502
2008-07-07,1202691.5895944922
2008-07-08,1201603.4537975707
2008-07-09,1202060.4034118783
2008-07-10,1202976.6478714435
2008-07-11,1204080.1788591826
2008-07-14,1204596.0124058174
2008-07-15,1204490.3851886485
2008-07-16,1202793.209190867
2008-07-17,1202389.8261826385
2008-07-18,1202161.7871130963
2008-07-21,1202911.6217306058
2008-07-22,1201478.321182652
2008-07-23,1200360.4521703348
2008-07-24,1200682.2424592145
2008-07-25,1200824.6383497396
2008-07-28,1201468.587506778
2008-07-29,1200232.6217622305
2008-07-30,1198959.294413167
2008-07-31,1199392.933731015
2008-08-01,1199319.9892734562
2008-08-04,1199845.9498676779
2008-08-05,1198387.8798939998
2008-08-06,1198411.6223017552
2008-08-07,1198915.9529554106
2008-08-08,1198331.9194324384
2008-08-11,1198010.7405448924
2008-08-12,1198255.583794975
2008-08-13,1198941.7675396383
2008-08-14,1199042.871291349
2008-08-15,1198984.4003844804
2008-08-18,1199270.1964479685
2008-08-19,1199473.7280691387
2008-08-20,1199318.8115192186
2008-08-21,1198587.8468300242
2008-08-22,1198695.5846666202
2008-08-25,1199016.8940408737
2008-08-26,1199102.1753314051
2008-08-27,1198871.7197076138
2008-08-28,1198858.834557273
2008-08-29,1199434.0942542714
2008-09-01,1199881.5632436487
2008-09-02,1200711.9996966727
2008-09-03,1200807.6517514444
2008-09-04,1202934.543766078
2008-09-05,1202326.1285937722
2008-09-08,1202215.0749968798
2008-09-09,1203644.0150724377
2008-09-10,1203922.8012466452
2008-09-11,1203249.5282027905
2008-09-12,1200398.4332536045
2008-09-15,1203017.0432764231
2008-09-16,1203829.8095440269
2008-09-17,1203968.9671872787
2008-09-18,1201056.6239083423
2008-09-19,1196354.0154551088
2008-09-22,1197080.943028019
2008-09-23,1198111.1302853713
2008-09-24,1197709.66781369
2008-09-25,1196904.3447761931
2008-09-26,1197373.1779776395
2008-09-29,1203174.2550446782
2008-09-30,1201047.6529374383
2008-10-01,1201532.7600932457
2008-10-02,1204253.7278601683
2008-10-03,1204734.0115629039
2008-10-06,1211686.2436737134
2008-10-07,1212572.7017538962
2008-10-08,1216694.9893819632
2008-10-09,1218318.407145135
2008-10-10,1222070.0706951204
2008-10-13,1214284.8749041485
2008-10-14,1214757.8331677925
2008-10-15,1222308.5122612203
2008-10-16,1218287.6949792164
2008-10-17,1218823.9160575853
2008-10-20,1216540.8891319162
2008-10-21,1220940.3148560787
2008-10-22,1225755.739473837
2008-10-23,1224535.4396936279
2008-10-24,1231453.3005233384
2008-10-27,1234971.458358947
2008-10-28,1225845.1243832796
2008-10-29,1223435.30024634
2008-10-30,1221685.147317395
2008-10-31,1222507.525337429
2008-11-03,1222310.0972218334
2008-11-04,1218375.9953353212
2008-11-05,1221508.4104949846
2008-11-06,1224184.6932682982
2008-11-07,1222684.2112849304
2008-11-10,1223272.1704832406
2008-11-11,1225327.2068061659
2008-11-12,1228417.4519920177
2008-11-13,1224416.3175195202
2008-11-14,1227089.7648742034
2008-11-17,1227240.9444854532
2008-11-18,1226635.4283909213
2008-11-19,1229443.698852971
2008-11-20,1232515.891684469
2008-11-21,1229206.1245405371
2008-11-24,1225332.5607676366
2008-11-25,1225760.4712882328
2008-11-26,1225208.2943252581
2008-11-27,1224957.7746183847
2008-11-28,1225433.7937342487
2008-12-01,1229503.7495997893
2008-12-02,1228243.1335208903
2008-12-03,1227746.9825512795
2008-12-04,1228966.7155821358
2008-12-05,1228237.7503316745
2008-12-08,1225989.997242224
2008-12-09,1226655.677875925
2008-12-10,1225920.0918506237
2008-12-11,1224972.2804285856
2008-12-12,1225015.9039601856
2008-12-15,1224600.5886194715
2008-12-16,1222748.9567890055
2008-12-17,1223030.8552028844
2008-12-18,1223345.8694024521
2008-12-19,1223579.4547794035
2008-12-22,1223846.8467664113
2008-12-23,1224047.2800503883
2008-12-24,1224257.1747429601
2008-12-25,1224233.671032506
2008-12-26,1224161.8142796012
2008-12-29,1224063.4897135366
2008-12-30,1223481.245798646
2008-12-31,1222947.2926239795
2009-01-01,1222822.944945761
2009-01-02,1222146.3631675334
2009-01-05,1221910.1835740148
2009-01-06,1221607.8981688805
2009-01-07,1221440.2806999781
2009-01-08,1221322.6979951183
2009-01-09,1221371.9739205486
2009-01-12,1221695.1123809158
2009-01-13,1221998.6822829123
2009-01-14,1221894.649154959
2009-01-15,1221858.9103867041
2009-01-16,1221775.5216422013
2009-01-19,1222070.3920176118
2009-01-20,1222536.9662675578
2009-01-21,1222403.7494131422
2009-01-22,1222560.9256589187
2009-01-23,1222651.0894479034
2009-01-26,1222283.233395017
2009-01-27,1222191.2517183786
2009-01-28,1221919.7048893736
2009-01-29,1222064.1233727117
2009-01-30,1221957.0559939337
2009-02-02,1222047.9248563806
2009-02-03,1221664.9350097121
2009-02-04,1221854.3929248268
2009-02-05,1221647.9722520309
2009-02-06,1221252.0876885874
2009-02-09,1220988.5811817572
2009-02-10,1221692.902534529
2009-02-11,1222061.5036541172
2009-02-12,1222223.3741239493
2009-02-13,1221694.3750320873
2009-02-16,1221729.6609920836
2009-02-17,1222398.5214265895
2009-02-18,1222581.666695243
2009-02-19,1221992.639001026
2009-02-20,1222086.7877627057
2009-02-23,1222836.5619069636
2009-02-24,1221248.9421743008
2009-02-25,1221542.0854006037
2009-02-26,1221181.9532583063
2009-02-27,1221623.996554993
2009-03-02,1223195.7073607077
2009-03-03,1223356.9386892975
2009-03-04,1221379.4637584116
2009-03-05,1223055.5531238692
2009-03-06,1222689.7725749258
2009-03-09,1223446.501613199
2009-03-10,1221288.4695438084
2009-03-11,1220907.0057004944
2009-03-12,1219891.4030750317
2009-03-13,1219348.6548422223
2009-03-16,1219200.4790034476
2009-03-17,1218440.9169386446
2009-03-18,1217300.7067682787
2009-03-19,1217111.0859193138
2009-03-20,1217200.0000795673
2009-03-23,1216491.158176188
2009-03-24,1216686.136669485
2009-03-25,1216837.2463024952
2009-03-26,1216765.8241176454
2009-03-27,1217161.6049120685
2009-03-30,1217649.9479600333
2009-03-31,1217367.1106086595
2009-04-01,1217060.7410683944
2009-04-02,1216435.8920192309
2009-04-03,1216254.7001060408
2009-04-06,1216375.9098386406
2009-04-07,1216345.0007750085
2009-04-08,1216332.356120098
2009-04-09,1216163.8233625751
2009-04-10,1216163.8233625751
2009-04-13,1216163.8233625751
2009-04-14,1216163.8233625751
2009-04-15,1216163.8233625751
2009-04-16,1216163.8233625751
2009-04-17,1216163.8233625751
2009-04-20,1216163.8233625751
2009-04-21,1216163.8233625751
2009-04-22,1216163.8233625751
2009-04-23,1216163.8233625751
2009-04-24,1216163.8233625751
2009-04-27,1216163.8233625751
2009-04-28,1216163.8233625751
2009-04-29,1216163.8233625751
2009-04-30,1216163.8233625751
2009-05-01,1216163.8233625751
2009-05-04,1216163.8233625751
2009-05-05,1216163.8233625751
2009-05-06,1216163.8233625751
2009-05-07,1216163.8233625751
2009-05-08,1216163.8233625751
2009-05-11,1216163.8233625751
2009-05-12,1216163.8233625751
2009-05-13,1216163.8233625751
2009-05-14,1216163.8233625751
2009-05-15,1216163.8233625751
2009-05-18,1216163.8233625751
2009-05-19,1216163.8233625751
2009-05-20,1216163.8233625751
2009-05-21,1216163.8233625751
2009-05-22,1216163.8233625751
2009-05-25,1216163.8233625751
2009-05-26,1216163.8233625751
2009-05-27,1216163.8233625751
2009-05-28,1216163.8233625751
2009-05-29,1216163.8233625751
2009-06-01,1216262.6386350712
2009-06-02,1216543.7639831293
2009-06-03,1215903.8365337034
2009-06-04,1216184.4898718111
2009-06-05,1215672.7629527166
2009-06-08,1215538.9831068688
2009-06-09,1215802.9611391078
2009-06-10,1215809.2914876426
2009-06-11,1216096.824760313
2009-06-12,1215747.9515576249
2009-06-15,1214969.004397405
2009-06-16,1214837.3683076133
2009-06-17,1214843.1728020867
2009-06-18,1215080.7689424346
2009-06-19,1215245.8951767539
2009-06-22,1214440.0258531084
2009-06-23,1214481.6598463315
2009-06-24,1214608.1824770987
2009-06-25,1214867.542693088
2009-06-26,1214886.1439983617
2009-06-29,1214990.8849262167
2009-06-30,1214958.4382086857
2009-07-01,1215105.625616766
2009-07-02,1214481.3365620838
2009-07-03,1214668.4287866931
2009-07-06,1214565.4805851164
2009-07-07,1214295.0027886124
2009-07-08,1213901.642903594
2009-07-09,1213973.8905146874
2009-07-10,1213891.5534632753
2009-07-13,1213986.2139692039
2009-07-14,1214171.0600387505
2009-07-15,1214321.596002715
2009-07-16,1214357.7960023652
2009-07-17,1214311.076666064
2009-07-20,1214640.4335449631
2009-07-21,1214835.6536086067
2009-07-22,1214795.5076955173
2009-07-23,1214896.9983341673
2009-07-24,1215158.9525641648
2009-07-27,1215273.7702553298
2009-07-28,1215343.6964964438
2009-07-29,1215182.553476574
2009-07-30,1215507.9308004472
2009-07-31,1215670.4014388295
2009-08-03,1216204.9953515904
2009-08-04,1216081.5677106236
2009-08-05,1215730.9645370825
2009-08-06,1215361.946964517
2009-08-07,1215298.3457824998
2009-08-10,1214705.7716126062
2009-08-11,1213759.1044171725
2009-08-12,1214562.031016394
2009-08-13,1215101.9665536575
2009-08-14,1214154.0620455444
2009-08-17,1211800.2547822325
2009-08-18,1212998.9785693432
2009-08-19,1213459.5662771235
2009-08-20,1214071.0841645878
2009-08-21,1215094.9619146306
2009-08-24,1215189.7031133368
2009-08-25,1214947.2756766644
2009-08-26,1214311.073303278
2009-08-27,1214930.2846619827
2009-08-28,1214959.8964476422
2009-08-31,1214531.4032526975
2009-09-01,1212501.97941587
2009-09-02,1212526.770285502
2009-09-03,1213342.2161660034
2009-09-04,1214786.5480972503
2009-09-07,1215627.985918029
2009-09-08,1216155.3784882105
2009-09-09,1216593.2868134668
2009-09-10,1217114.6677507148
2009-09-11,1216877.6502886715
2009-09-14,1216735.6488101925
2009-09-15,1217301.74956596
2009-09-16,1218741.5813371374
2009-09-17,1218891.7640790401
2009-09-18,1218671.220294212
2009-09-21,1218198.6564220171
2009-09-22,1219169.0428398785
2009-09-23,1218152.4935332537
2009-09-24,1217165.8639736238
2009-09-25,1216627.5594450363
2009-09-28,1217285.9058477317
2009-09-29,1216918.788124705
2009-09-30,1217535.7449723075
2009-10-01,1215715.7429431058
2009-10-02,1215612.11065895
2009-10-05,1216790.6603050013
2009-10-06,1218349.540319034
2009-10-07,1218474.6987949794
2009-10-08,1219429.0176478387
2009-10-09,1219610.876251935
2009-10-12,1220122.4187914713
2009-10-13,1220576.1082914528
2009-10-14,1221409.7384519293
2009-10-15,1221413.6197705374
2009-10-16,1220928.2115236935
2009-10-19,1222521.368334242
2009-10-20,1221310.8770855993
2009-10-21,1221700.078169209
2009-10-22,1222185.75455038
2009-10-23,1221509.190020069
2009-10-26,1220138.4483314147
2009-10-27,1219836.5376749244
2009-10-28,1217026.8836242654
2009-10-29,1219485.5618907444
2009-10-30,1216857.6442804658
2009-11-02,1217340.5110955168
2009-11-03,1217778.164682814
2009-11-04,1218371.8772697272
2009-11-05,1218505.4343105913
2009-11-06,1218553.0401030674
2009-11-09,1219586.1742979074
2009-11-10,1219520.8443275453
2009-11-11,1219598.4476408544
2009-11-12,1218644.2867722171
2009-11-13,1219486.3912789242
2009-11-16,1220760.5686110894
2009-11-17,1220674.403878054
2009-11-18,1220734.687941074
2009-11-19,1219533.0339893778
2009-11-20,1219035.6687792258
2009-11-23,1220288.865829461
2009-11-24,1220055.02299154
2009-11-25,1221493.207305487
2009-11-26,1219435.0908360803
2009-11-27,1219174.7479998183
2009-11-30,1219542.0377947171
2009-12-01,1221005.8276542947
2009-12-02,1221243.5330577912
2009-12-03,1220501.7466557324
2009-12-04,1219512.4144256879
2009-12-07,1218693.223998913
2009-12-08,1217445.0603695873
2009-12-09,1217623.939013659
2009-12-10,1217983.5424423944
2009-12-11,1217818.6650740113
2009-12-14,1218308.4643716044
2009-12-15,1217723.005540452
2009-12-16,1217839.9130562167
2009-12-17,1216714.7435178738
2009-12-18,1216978.5895204325
2009-12-21,1217457.7612716693
2009-12-22,1217841.7917274854
2009-12-23,1218056.1433317955
2009-12-24,1218372.1633778224
2009-12-25,1218372.1633778224
2009-12-28,1218566.8212345904
2009-12-29,1218777.1695984036
2009-12-30,1218633.4881344233
2009-12-31,1218420.5137185298
2010-01-01,1218420.5137185298
2010-01-04,1219320.3886337979
2010-01-05,1219397.4229884797
2010-01-06,1219386.006306292
2010-01-07,1219304.0871795
2010-01-08,1219693.1624783927
2010-01-11,1219448.144779127
2010-01-12,1218166.0865626596
2010-01-13,1218788.8566213215
2010-01-14,1219356.0650023115
2010-01-15,1218125.1303959622
2010-01-18,1218595.0435497866
2010-01-19,1218901.8433811315
2010-01-20,1217274.9932609098
2010-01-21,1215515.5846848434
2010-01-22,1214084.4564125373
2010-01-25,1214274.0354347175
2010-01-26,1213838.9920042679
2010-01-27,1213829.571703103
2010-01-28,1213924.4287068641
2010-01-29,1213997.626413671
2010-02-01,1213826.4133865742
2010-02-02,1213828.1509581083
2010-02-03,1213795.6719251568
2010-02-04,1214455.806746788
2010-02-05,1214627.0897448089
2010-02-08,1214867.4808587749
2010-02-09,1214070.7641121484
2010-02-10,1214405.3079136948
2010-02-11,1214418.0613943243
2010-02-12,1214579.7701600567
2010-02-15,1214741.7960943733
2010-02-16,1213930.813927054
2010-02-17,1214422.1311643103
2010-02-18,1214787.3372279257
2010-02-19,1214643.416948553
2010-02-22,1214760.803054798
2010-02-23,1215337.1864222176
2010-02-24,1215266.9701303407
2010-02-25,1215679.3865680436
2010-02-26,1215478.7050034779
2010-03-01,1216043.6420418948
2010-03-02,1215946.1158680434
2010-03-03,1215558.6224591457
2010-03-04,1215920.7222760217
2010-03-05,1215347.577620866
2010-03-08,1215381.087147472
2010-03-09,1215659.9729857258
2010-03-10,1215624.6869356465
2010-03-11,1215492.4549434439
2010-03-12,1214927.3020065993
2010-03-15,1215405.5562131684
2010-03-16,1215078.0442920038
2010-03-17,1215368.5922068155
2010-03-18,1215895.7432185742
2010-03-19,1216237.6023559803
2010-03-22,1216322.7301594305
2010-03-23,1216986.7731115401
2010-03-24,1216971.4314670998
2010-03-25,1217019.2334520728
2010-03-26,1216574.3418271663
2010-03-29,1216547.097781196
2010-03-30,1216468.7406640667
2010-03-31,1215888.1558262561
2010-04-01,1216743.9278960372
2010-04-02,1217223.670532404
2010-04-05,1217790.4430263045
2010-04-06,1218054.7888282442
2010-04-07,1217485.3781721694
2010-04-08,1217614.89429225
2010-04-09,1217893.5174073158
2010-04-12,1216981.666975682
2010-04-13,1217113.0088000558
2010-04-14,1218405.9314669343
2010-04-15,1218396.933561588
2010-04-16,1215577.2068384218
2010-04-19,1215603.7015413088
2010-04-20,1217291.4419627937
2010-04-21,1216619.6300617682
2010-04-22,1216977.1377359997
2010-04-23,1217892.922286261
2010-04-26,1217377.8903132584
2010-04-27,1215340.1962702994
2010-04-28,1216494.669920283
2010-04-29,1217526.3458298834
2010-04-30,1216455.5337417722
2010-05-03,1217530.3888134914
2010-05-04,1214948.539307274
2010-05-05,1214340.4283630457
2010-05-06,1214472.406591795
2010-05-07,1214083.7148381434
2010-05-10,1213544.235348791
2010-05-11,1214427.5892100614
2010-05-12,1214570.4196549766
2010-05-13,1215249.4305360042
2010-05-14,1215864.6068121283
2010-05-17,1215650.8984313272
2010-05-18,1216675.2656908184
2010-05-19,1215269.6861397317
2010-05-20,1215518.3954927595
2010-05-21,1214803.682009519
2010-05-24,1215773.4528489602
2010-05-25,1215778.974927676
2010-05-26,1216669.901617704
2010-05-27,1215680.564510636
2010-05-28,1216119.269300466
2010-05-31,1215883.6684842617
2010-06-01,1216170.87517242
2010-06-02,1215839.4393908437
2010-06-03,1215872.1467296453
2010-06-04,1216943.2521199011
2010-06-07,1217430.8110532225
2010-06-08,1217231.8020043601
2010-06-09,1217040.5753806746
2010-06-10,1216193.1516750916
2010-06-11,1216487.0051228362
2010-06-14,1215839.4462040453
2010-06-15,1215606.6118623144
2010-06-16,1215772.0916610863
2010-06-17,1215653.1596547025
2010-06-18,1215809.0194425993
2010-06-21,1215679.0172012588
2010-06-22,1215946.742500248
2010-06-23,1215636.9010569607
2010-06-24,1215789.3455119831
2010-06-25,1215693.309094097
2010-06-28,1215681.2166913073
2010-06-29,1216086.4465075373
2010-06-30,1216003.9309125259
2010-07-01,1214640.2264898615
2010-07-02,1214724.8798850123
2010-07-05,1214691.9681945145
2010-07-06,1214278.03916824
2010-07-07,1214137.1839395682
2010-07-08,1213832.9409063281
2010-07-09,1214046.4394467897
2010-07-12,1213915.7656650972
2010-07-13,1213872.1015200405
2010-07-14,1213740.5968183763
2010-07-15,1213876.4808708346
2010-07-16,1214143.7004836448
2010-07-19,1213881.1398653872
2010-07-20,1213717.4816122036
2010-07-21,1214118.5800736737
2010-07-22,1213819.1773164002
2010-07-23,1213556.6165121975
2010-07-26,1213512.5670908694
2010-07-27,1213258.271916675
2010-07-28,1213309.0374538125
2010-07-29,1213317.243927522
2010-07-30,1213520.2000767947
2010-08-02,1213198.4522572472
2010-08-03,1213430.8036231205
2010-08-04,1213510.1971326275
2010-08-05,1213554.4833634284
2010-08-06,1213423.982330153
2010-08-09,1213379.1553701689
2010-08-10,1213507.5201559968
2010-08-11,1213103.1218981557
2010-08-12,1212946.2438546978
2010-08-13,1212884.9950949133
2010-08-16,1213039.6557122888
2010-08-17,1213237.2786955384
2010-08-18,1212921.8426347603
2010-08-19,1212574.5271267674
2010-08-20,1212725.601951198
2010-08-23,1212964.5546054773
2010-08-24,1212962.2056828374
2010-08-25,1212849.4682349777
2010-08-26,1212875.1401116606
2010-08-27,1212995.043150908
2010-08-30,1213113.3368290982
2010-08-31,1213291.0108081277
2010-09-01,1213559.2793479706
2010-09-02,1213661.577080561
2010-09-03,1213764.730827283
2010-09-06,1213711.1132619693
2010-09-07,1213857.8573765606
2010-09-08,1214016.2595962856
2010-09-09,1214250.5559563027
2010-09-10,1214192.2841813704
2010-09-13,1214340.3254820223
2010-09-14,1214456.3845775465
2010-09-15,1213815.011545721
2010-09-16,1213915.8542401271
2010-09-17,1213790.600167457
2010-09-20,1214545.226613192
2010-09-21,1214679.687532639
2010-09-22,1214715.068811684
2010-09-23,1214334.7112574836
2010-09-24,1215415.755017963
2010-09-27,1215183.4231432527
2010-09-28,1215682.2588344775
2010-09-29,1215594.61093268
2010-09-30,1215318.8648109967
2010-10-01,1215849.00262709
2010-10-04,1215323.9756719875
2010-10-05,1216654.0869041174
2010-10-06,1216875.0566556717
2010-10-07,1216767.8090692011
2010-10-08,1217157.7128546534
2010-10-11,1217312.9656713072
2010-10-12,1217504.9655890362
2010-10-13,1218313.5661214946
2010-10-14,1218585.85503021
2010-10-15,1218171.3320520115
2010-10-18,1217791.4510418894
2010-10-19,1215800.073688669
2010-10-20,1217355.1672119694
2010-10-21,1216678.8817579497
2010-10-22,1216923.2670413132
2010-10-25,1217220.9842360623
2010-10-26,1216891.3109845284
2010-10-27,1216231.529884341
2010-10-28,1216888.6568621437
2010-10-29,1217006.9125703669
2010-11-01,1217148.4097037714
2010-11-02,1218265.2272922336
2010-11-03,1218888.119377613
2010-11-04,1220244.837848613
2010-11-05,1220176.9735637556
2010-11-08,1219699.8409897294
2010-11-09,1218423.9264026633
2010-11-10,1219248.5828871198
2010-11-11,1218797.0469647218
2010-11-12,1216650.3204373647
2010-11-15,1216389.6907460894
2010-11-16,1214242.485953839
2010-11-17,1214125.1252363545
2010-11-18,1216117.3123336772
2010-11-19,1215816.3644032953
2010-11-22,1215858.2731456272
2010-11-23,1213879.1046123265
2010-11-24,1215207.8516696934
2010-11-25,1215295.4842346525
2010-11-26,1213799.9428933302
2010-11-29,1213976.588728578
2010-11-30,1213459.7944139545
2010-12-01,1214690.0102001873
2010-12-02,1215529.4828439683
2010-12-03,1215879.0016403198
2010-12-06,1215825.1018756493
2010-12-07,1215387.0159531406
2010-12-08,1215476.4571760609
2010-12-09,1215570.986422069
2010-12-10,1215844.5954815708
2010-12-13,1216071.65278809
2010-12-14,1216272.943804658
2010-12-15,1215858.8318432341
2010-12-16,1215828.5467839232
2010-12-17,1215580.1301477416
2010-12-20,1215769.0382123692
2010-12-21,1216326.2283406744
2010-12-22,1216649.5783581957
2010-12-23,1216599.1389000535
2010-12-24,1216623.9947839307
2010-12-27,1216624.1778439798
2010-12-28,1216991.7427904317
2010-12-29,1217104.4700484101
2010-12-30,1216465.449030165
2010-12-31,1216844.6065964438
2011-01-03,1217092.4679230745
2011-01-04,1216258.3799931654
2011-01-05,1216901.7544899285
2011-01-06,1216465.4077409115
2011-01-07,1216624.109580434
2011-01-10,1216623.959725792
2011-01-11,1216856.3341819325
2011-01-12,1217529.7356291446
2011-01-13,1216264.5753312616
2011-01-14,1216012.7614874525
2011-01-17,1216016.2758009783
2011-01-18,1216789.1941279296
2011-01-19,1215372.6113221026
2011-01-20,1213898.5109822918
2011-01-21,1213580.0597594504
2011-01-24,1214416.587567835
2011-01-25,1214064.5045549548
2011-01-26,1214781.7192567105
2011-01-27,1214511.2388475363
2011-01-28,1213144.5539445938
2011-01-31,1213995.6426439648
2011-02-01,1215481.6749495969
2011-02-02,1215918.7636686165
2011-02-03,1215850.082981927
2011-02-04,1216106.9863117486
2011-02-07,1216099.9426988054
2011-02-08,1216584.149275532
2011-02-09,1216369.064505838
2011-02-10,1215994.2481256041
2011-02-11,1216158.2986817039
2011-02-14,1216042.3355411042
2011-02-15,1215884.4007480396
2011-02-16,1216908.5048290372
2011-02-17,1217481.3498822902
2011-02-18,1217789.5690526497
2011-02-21,1216824.9826265976
2011-02-22,1214713.319009016
2011-02-23,1215052.005061531
2011-02-24,1214616.507111953
2011-02-25,1215470.2357744179
2011-02-28,1215853.7741721182
2011-03-01,1215542.9561412486
2011-03-02,1216265.6014273688
2011-03-03,1216484.1623969607
2011-03-04,1216863.2945977873
2011-03-07,1216500.5409406037
2011-03-08,1216473.0810593471
2011-03-09,1216577.607195645
2011-03-10,1214807.7445503867
2011-03-11,1215207.033376035
2011-03-14,1215351.2427328848
2011-03-15,1213195.5862386115
2011-03-16,1213091.4121502456
2011-03-17,1213927.3682106184
2011-03-18,1214558.5365523275
2011-03-21,1214873.6829692994
2011-03-22,1215204.7304705759
2011-03-23,1215037.037400098
2011-03-24,1214851.2237576505
2011-03-25,1214692.9229864068
2011-03-28,1214273.140617625
2011-03-29,1214474.5636307376
2011-03-30,1214910.834108441
2011-03-31,1215385.7829392373
2011-04-01,1216080.7747143153
2011-04-04,1216000.5389758581
2011-04-05,1216670.8699243148
2011-04-06,1217829.345548703
2011-04-07,1217919.598285634
2011-04-08,1219401.3117013685
2011-04-11,1218294.8539335015
2011-04-12,1216973.4553422865
2011-04-13,1217467.263695749
2011-04-14,1218121.926747566
2011-04-15,1218183.638245067
2011-04-18,1216750.6153405253
2011-04-19,1217531.050636922
2011-04-20,1219406.612875991
2011-04-21,1219700.8807040318
2011-04-22,1219660.7455681406
2011-04-25,1219620.136832811
2011-04-26,1220031.4508434972
2011-04-27,1221704.4779489345
2011-04-28,1221840.8351202235
2011-04-29,1222806.2107154694
2011-05-02,1221973.7419824898
2011-05-03,1220413.714374458
2011-05-04,1218957.2946659287
2011-05-05,1215428.3967815489
2011-05-06,1214969.827275093
2011-05-09,1215437.5457660996
2011-05-10,1216223.1953881644
2011-05-11,1215325.1224852025
2011-05-12,1215569.525887042
2011-05-13,1214623.114829281
2011-05-16,1213727.6459332237
2011-05-17,1213964.8683369455
2011-05-18,1214536.7042020697
2011-05-19,1214655.4142325954
2011-05-20,1214160.6519303839
2011-05-23,1213358.6441599883
2011-05-24,1213222.5250097187
2011-05-25,1213018.097976713
2011-05-26,1213148.6306587325
2011-05-27,1213222.9597473417
2011-05-30,1213222.9597473417
2011-05-31,1213444.9012214963
2011-06-01,1213038.1252875766
2011-06-02,1213071.541226294
2011-06-03,1212975.648460543
2011-06-06,1212906.8678559219
2011-06-07,1212954.8801785626
2011-06-08,1212747.386937638
2011-06-09,1212747.386937638
2011-06-10,1212747.386937638
2011-06-13,1212747.386937638
2011-06-14,1212747.386937638
2011-06-15,1212747.386937638
2011-06-16,1212747.386937638
2011-06-17,1212747.386937638
2011-06-20,1212747.386937638
2011-06-21,1212747.386937638
2011-06-22,1212747.386937638
2011-06-23,1212747.386937638
2011-06-24,1212747.386937638
2011-06-27,1212747.386937638
2011-06-28,1212747.386937638
2011-06-29,1212747.386937638
2011-06-30,1212747.386937638
2011-07-01,1212747.386937638
2011-07-04,1212747.386937638
2011-07-05,1212747.386937638
2011-07-06,1212747.386937638
2011-07-07,1212747.386937638
2011-07-08,1212747.386937638
2011-07-11,1212747.386937638
2011-07-12,1212747.386937638
2011-07-13,1212747.386937638
2011-07-14,1212797.73493499
2011-07-15,1212876.7821169961
2011-07-18,1213029.3075156684
2011-07-19,1212808.9839718796
2011-07-20,1212983.054919884
2011-07-21,1212895.8169325576
2011-07-22,1212922.921829044
2011-07-25,1213246.2009798058
2011-07-26,1213393.5925678667
2011-07-27,1212911.3944402218
2011-07-28,1212962.8104678397
2011-07-29,1212879.5053660588
2011-08-01,1212559.022971244
2011-08-02,1212118.962555741
2011-08-03,1212016.5021576947
2011-08-04,1210881.820210009
2011-08-05,1211110.1353814034
2011-08-08,1211771.476186709
2011-08-09,1210811.7879740137
2011-08-10,1212499.714062054
2011-08-11,1211243.1571643774
2011-08-12,1210859.7101497925
2011-08-15,1210885.255037545
2011-08-16,1211153.0180632952
2011-08-17,1211296.7509769974
2011-08-18,1212010.9450323416
2011-08-19,1212478.256005289
2011-08-22,1213027.8086168512
2011-08-23,1211964.440617323
2011-08-24,1211000.4961461967
2011-08-25,1210899.0356612476
2011-08-26,1210956.8264843917
2011-08-29,1210844.9096972477
2011-08-30,1210742.5039470396
2011-08-31,1210501.2620330686
2011-09-01,1210383.87055369
2011-09-02,1210667.9317790284
2011-09-05,1210690.8291608698
2011-09-06,1210388.235270804
2011-09-07,1210210.333988253
2011-09-08,1210331.0147138839
2011-09-09,1210922.281172646
2011-09-12,1210980.170323049
2011-09-13,1210922.7356143328
2011-09-14,1210914.0195389194
2011-09-15,1210541.0081556027
2011-09-16,1210516.1901508966
2011-09-19,1210897.0078335581
2011-09-20,1210917.219635548
2011-09-21,1211235.504570699
2011-09-22,1211613.1552959536
2011-09-23,1211191.808930849
2011-09-26,1210944.886953679
2011-09-27,1210324.1119707355
2011-09-28,1210853.4234017124
2011-09-29,1210362.9109608005
2011-09-30,1210907.9132934704
2011-10-03,1211946.2336393353
2011-10-04,1211273.7777386545
2011-10-05,1210896.3279750347
2011-10-06,1210486.9933629998
2011-10-07,1210374.077311629
2011-10-10,1208743.7526595136
2011-10-11,1208925.1309504365
2011-10-12,1207565.1504564271
2011-10-13,1207721.1830445023
2011-10-14,1206741.265249406
2011-10-17,1207078.2909213165
2011-10-18,1207083.2893430158
2011-10-19,1206980.9987064633
2011-10-20,1207065.8471876194
2011-10-21,1206574.439082816
2011-10-24,1206397.6439865008
2011-10-25,1206561.4011547326
2011-10-26,1206450.910939499
2011-10-27,1206206.3169647711
2011-10-28,1206132.6589863135
2011-10-31,1205863.0880926317
2011-11-01,1205722.432724992
2011-11-02,1205770.9921236818
2011-11-03,1205926.003506357
2011-11-04,1205887.5002219933
2011-11-07,1205965.191201242
2011-11-08,1206051.8146877368
2011-11-09,1205742.1452621238
2011-11-10,1205714.9425050449
2011-11-11,1205881.586507691
2011-11-14,1205846.6071936523
2011-11-15,1205918.8605628605
2011-11-16,1205719.5361600742
2011-11-17,1205559.4608684983
2011-11-18,1205481.3796162617
2011-11-21,1205324.422846774
2011-11-22,1205348.4101219813
2011-11-23,1205307.7299156128
2011-11-24,1205291.4029694428
2011-11-25,1205325.746113762
2011-11-28,1204938.1298816432
2011-11-29,1204884.054261423
2011-11-30,1204556.140926337
2011-12-01,1204623.6570805793
2011-12-02,1204528.5059106306
2011-12-05,1204581.8794672068
2011-12-06,1204634.1950293067
2011-12-07,1204443.2460126467
2011-12-08,1204722.8520976335
2011-12-09,1204513.071087352
2011-12-12,1204647.7877483417
2011-12-13,1204752.4153255287
2011-12-14,1204937.0498535405
2011-12-15,1204924.4262567733
2011-12-16,1204928.8002184732
2011-12-19,1205129.3091028938
2011-12-20,1204714.738313165
2011-12-21,1204770.9294791024
2011-12-22,1204717.5563351796
2011-12-23,1204650.1105279266
2011-12-26,1204623.491349927
2011-12-27,1204733.9485452194
2011-12-28,1205035.7728188308
2011-12-29,1204929.2691070517
2011-12-30,1205242.8944377615
2012-01-02,1205327.039507645
2012-01-03,1204743.2036462005
2012-01-04,1205168.2790796903
2012-01-05,1205595.4675495117
2012-01-06,1206087.1036145296
2012-01-09,1205970.7412571155
2012-01-10,1205786.616333863
2012-01-11,1206036.1343104246
2012-01-12,1205742.523042463
2012-01-13,1206048.2789327733
2012-01-16,1206206.2003035154
2012-01-17,1205827.9120354713
2012-01-18,1205068.1669638755
2012-01-19,1204572.8063341745
2012-01-20,1204589.7951102036
2012-01-23,1204284.6760614319
2012-01-24,1204079.6562442915
2012-01-25,1204200.6223365932
2012-01-26,1204115.2844860135
2012-01-27,1203938.6409008582
2012-01-30,1203842.9676243619
2012-01-31,1203668.2981500246
2012-02-01,1204235.2181739293
2012-02-02,1204301.624814093
2012-02-03,1204824.3265771833
2012-02-06,1204727.2966162448
2012-02-07,1204938.9397075216
2012-02-08,1205061.6091305076
2012-02-09,1205188.2725314766
2012-02-10,1204646.9418271156
2012-02-13,1205141.9530075635
2012-02-14,1205077.8121914011
2012-02-15,1204750.91032487
2012-02-16,1205458.625099799
2012-02-17,1205510.925506507
2012-02-20,1205968.4205319032
2012-02-21,1205524.8858641458
2012-02-22,1205474.2585339374
2012-02-23,1206331.5746570644
2012-02-24,1206556.8765583066
2012-02-27,1206449.668765959
2012-02-28,1206739.249508011
2012-02-29,1205576.7654713595
2012-03-01,1206873.2922682262
2012-03-02,1206247.7436804913
2012-03-05,1205600.6510329288
2012-03-06,1203673.8192095114
2012-03-07,1204359.7975628856
2012-03-08,1205374.2162002278
2012-03-09,1205627.465331105
2012-03-12,1205101.9773861733
2012-03-13,1206518.3819305792
2012-03-14,1205961.7661782627
2012-03-15,1206521.277264755
2012-03-16,1207034.4659890041
2012-03-19,1207445.4550855255
2012-03-20,1206459.9514637683
2012-03-21,1206190.1965396455
2012-03-22,1205277.072843483
2012-03-23,1205540.502235556
2012-03-26,1206748.8854902186
2012-03-27,1206478.440012116
2012-03-28,1205826.7024656918
2012-03-29,1205120.5035970376
2012-03-30,1205271.9067225617
2012-04-02,1205462.3620735556
2012-04-03,1205382.2205196482
2012-04-04,1203826.7657297156
2012-04-05,1204111.4655102508
2012-04-06,1203423.9844573424
2012-04-09,1203222.9003356763
2012-04-10,1202809.4973415625
2012-04-11,1202846.269378416
2012-04-12,1203014.784795095
2012-04-13,1202756.5916386826
2012-04-16,1202518.356146701
2012-04-17,1202518.356146701
2012-04-18,1202518.356146701
2012-04-19,1202518.356146701
2012-04-20,1202518.356146701
2012-04-23,1202517.6721149941
2012-04-24,1202556.4944087313
2012-04-25,1202615.733466333
2012-04-26,1202535.1081035861
2012-04-27,1202926.0585745226
2012-04-30,1202630.4038949718
2012-05-01,1202648.972856427
2012-05-02,1202552.8469873173
2012-05-03,1202445.8272034905
2012-05-04,1202113.247979342
2012-05-07,1202321.7643492504
2012-05-08,1202107.5004124518
2012-05-09,1202115.07266834
2012-05-10,1202026.672453273
2012-05-11,1202021.0405634178
2012-05-14,1202387.9593081716
2012-05-15,1202550.2313966178
2012-05-16,1202436.0163392941
2012-05-17,1202519.8859237705
2012-05-18,1202116.4431807129
2012-05-21,1201451.2450315268
2012-05-22,1202341.5186698784
2012-05-23,1203143.0723631491
2012-05-24,1203220.9368905781
2012-05-25,1203122.1685353916
2012-05-28,1202611.9705504563
2012-05-29,1203029.4145944305
2012-05-30,1204435.3414172393
2012-05-31,1204773.6982227056
2012-06-01,1205232.5822379736
2012-06-04,1204559.7559269562
2012-06-05,1204176.6678148997
2012-06-06,1201125.3379581543
2012-06-07,1201264.6303841197
2012-06-08,1201501.4077039128
2012-06-11,1202748.316143076
2012-06-12,1201166.2521167141
2012-06-13,1201428.9812853227
2012-06-14,1200232.8198616037
2012-06-15,1200089.9757381435
2012-06-18,1200032.5604759182
2012-06-19,1199043.594020536
2012-06-20,1199150.5617128892
2012-06-21,1200117.5701458692
2012-06-22,1199552.8697920535
2012-06-25,1200261.0703582028
2012-06-26,1200010.6751142554
2012-06-27,1199822.6841313695
2012-06-28,1200316.6081510433
2012-06-29,1198374.2571044632
2012-07-02,1198700.3657214243
2012-07-03,1198021.9139940897
2012-07-04,1198234.187476812
2012-07-05,1198485.372733509
2012-07-06,1198736.364611413
2012-07-09,1198667.1578890204
2012-07-10,1198817.3742386857
2012-07-11,1198838.723313283
2012-07-12,1198943.79176965
2012-07-13,1198819.4165507471
2012-07-16,1198767.786759912
2012-07-17,1198716.399177858
2012-07-18,1198737.2566492518
2012-07-19,1198755.6741590032
2012-07-20,1199038.1860641828
2012-07-23,1199247.230937961
2012-07-24,1199508.9743616781
2012-07-25,1199155.3116166333
2012-07-26,1198593.2514061567
2012-07-27,1198355.5205674535
2012-07-30,1198693.1384398022
2012-07-31,1198427.366896451
2012-08-01,1198598.0890670295
2012-08-02,1198733.334514105
2012-08-03,1198150.3135421313
2012-08-06,1198242.8859325
2012-08-07,1198345.9689857971
2012-08-08,1198526.2797419026
2012-08-09,1198776.2562580116
2012-08-10,1199016.353304405
2012-08-13,1198809.9540969292
2012-08-14,1198751.1400107362
2012-08-15,1198932.0078827066
2012-08-16,1198824.4319290847
2012-08-17,1198801.3073701425
2012-08-20,1198764.3781489194
2012-08-21,1198260.6591717436
2012-08-22,1197931.3032143207
2012-08-23,1197456.9604257937
2012-08-24,1197591.747110641
2012-08-27,1197545.1049973224
2012-08-28,1197476.567920102
2012-08-29,1197401.990979513
2012-08-30,1196890.2494871363
2012-08-31,1197105.6082026
2012-09-03,1197091.18353602
2012-09-04,1196806.02118986
2012-09-05,1196697.2860164302
2012-09-06,1197825.4323442618
2012-09-07,1198542.0575088349
2012-09-10,1198018.653549642
2012-09-11,1198361.7411571324
2012-09-12,1198407.5492534984
2012-09-13,1199993.9223885778
2012-09-14,1200376.6773500065
2012-09-17,1200048.641815129
2012-09-18,1200187.9681572947
2012-09-19,1200156.6982706592
2012-09-20,1199979.4792135805
2012-09-21,1199962.2315208744
2012-09-24,1199681.2102679159
2012-09-25,1199019.7409421161
2012-09-26,1198253.1405610838
2012-09-27,1199386.3047227454
2012-09-28,1198626.9658993548
2012-10-01,1198751.143882218
2012-10-02,1198778.4670542083
2012-10-03,1198745.074504585
2012-10-04,1199737.71083804
2012-10-05,1199431.2821750469
2012-10-08,1198892.7356732434
2012-10-09,1198104.9923109366
2012-10-10,1197665.6152955166
2012-10-11,1198210.9807392554
2012-10-12,1197852.1952716962
2012-10-15,1197864.5845289095
2012-10-16,1198228.7787825344
2012-10-17,1198849.0933075862
2012-10-18,1198053.5035454575
2012-10-19,1196962.4691972875
2012-10-22,1197051.653682605
2012-10-23,1196200.5831303517
2012-10-24,1196274.8680206405
2012-10-25,1196270.3920782267
2012-10-26,1196255.0624881743
2012-10-29,1196293.026405813
2012-10-30,1196388.2125359655
2012-10-31,1196193.9811179966
2012-11-01,1196329.8865587716
2012-11-02,1196469.9346134528
2012-11-05,1196379.8167876808
2012-11-06,1196257.1663123926
2012-11-07,1196244.000479601
2012-11-08,1195863.7208641816
2012-11-09,1195704.9581901184
2012-11-12,1195903.6079349837
2012-11-13,1195860.8040689016
2012-11-14,1195681.7674576873
2012-11-15,1195971.400631632
2012-11-16,1195908.3133765853
2012-11-19,1195897.9075231382
2012-11-20,1196120.1249442731
2012-11-21,1196589.287305498
2012-11-22,1196776.7176405438
2012-11-23,1196979.2098058842
2012-11-26,1196824.0094903244
2012-11-27,1196811.3535258644
2012-11-28,1196937.3308732973
2012-11-29,1196790.4245705567
2012-11-30,1196891.1471753686
2012-12-03,1196754.5690505968
2012-12-04,1196718.34534651
2012-12-05,1197220.8814127413
2012-12-06,1197291.7328115667
2012-12-07,1197315.3900838238
2012-12-10,1197236.348599856
2012-12-11,1197688.3302657537
2012-12-12,1198477.6511322493
2012-12-13,1198767.93317971
2012-12-14,1199047.5559927102
2012-12-17,1199303.3569537748
2012-12-18,1199953.461362529
2012-12-19,1199747.7956912443
2012-12-20,1199929.30650468
2012-12-21,1198647.7355891033
2012-12-24,1198753.3127354109
2012-12-26,1199647.859314384
2012-12-27,1200009.473538763
2012-12-28,1199881.213213474
2012-12-31,1200735.5936033472
2013-01-02,1202637.8037992183
2013-01-03,1200983.4781419423
2013-01-04,1201884.2488476308
2013-01-07,1201852.529179294
2013-01-08,1200623.2062233142
2013-01-09,1201411.0237318198
2013-01-10,1204049.913594276
2013-01-11,1204387.2250104386
2013-01-14,1205022.1964201871
2013-01-15,1204088.2170257044
2013-01-16,1203275.874851106
2013-01-17,1205204.5662249983
2013-01-18,1205188.1680275635
2013-01-21,1204713.9501968005
2013-01-22,1204431.6545398566
2013-01-23,1203782.3619492424
2013-01-24,1205141.3161621792
2013-01-25,1206359.8686539547
2013-01-28,1206013.0404442034
2013-01-29,1207139.6025763683
2013-01-30,1207384.4708422928
2013-01-31,1207771.9876090519
2013-02-01,1209650.2608581968
2013-02-04,1207382.5959343256
2013-02-05,1209213.3255239546
2013-02-06,1208790.4038166774
2013-02-07,1207475.1439387687
2013-02-08,1206827.2340597275
2013-02-11,1208801.7341997726
2013-02-12,1208731.9098988392
2013-02-13,1208985.874101951
2013-02-14,1208011.679574345
2013-02-15,1207958.7308776611
2013-02-18,1208414.5869181585
2013-02-19,1209433.6129460507
2013-02-20,1208456.1658014457
2013-02-21,1206663.3873672746
2013-02-22,1208247.530282734
2013-02-25,1205140.5107937898
2013-02-26,1205099.6422515332
2013-02-27,1206214.0109367818
2013-02-28,1206697.427545693
2013-03-01,1207490.5435797246
2013-03-04,1207690.8811345908
2013-03-05,1208481.223401502
2013-03-06,1209252.7138103715
2013-03-07,1209432.8129666033
2013-03-08,1210277.3530795386
2013-03-11,1210576.8077632945
2013-03-12,1209986.8307426285
2013-03-13,1210204.762582677
2013-03-14,1210216.6898488603
2013-03-15,1209527.903011366
2013-03-18,1209071.3950954482
2013-03-19,1209082.7954216385
2013-03-20,1209820.692476684
2013-03-21,1208607.1522072176
2013-03-22,1208804.1278912444
2013-03-25,1208623.7950359206
2013-03-26,1209122.778371888
2013-03-27,1208999.9185633257
2013-03-28,1209005.240375052
2013-03-29,1209042.3053244099
2013-04-01,1207791.0408443448
2013-04-02,1209083.4165544484
2013-04-03,1208527.107798642
2013-04-04,1210132.3145388549
2013-04-05,1209336.186893823
2013-04-08,1210882.9713672954
2013-04-09,1210755.2762242565
2013-04-10,1212478.5082267902
2013-04-11,1212526.3895147275
2013-04-12,1212596.4938033898
2013-04-15,1211579.9648332645
2013-04-16,1213060.5183683673
2013-04-17,1211930.4227725544
2013-04-18,1211248.3267583458
2013-04-19,1212005.5509790545
2013-04-22,1211806.8837854047
2013-04-23,1212442.7857276483
2013-04-24,1212478.603353168
2013-04-25,1212169.309230056
2013-04-26,1211567.5114943096
2013-04-29,1211880.565034953
2013-04-30,1212157.2641037498
2013-05-01,1211686.2368759287
2013-05-02,1212210.9868874287
2013-05-03,1213422.5417140026
2013-05-06,1213564.6357859815
2013-05-07,1213708.5874140423
2013-05-08,1214387.645285579
2013-05-09,1214777.7017228664
2013-05-10,1215682.8061482967
2013-05-13,1216143.5970197404
2013-05-14,1217243.0788234898
2013-05-15,1217593.7912019792
2013-05-16,1217248.2512309456
2013-05-17,1218814.8366772067
2013-05-20,1218408.173007803
2013-05-21,1218981.2839912544
2013-05-22,1219381.9920714959
2013-05-23,1216932.6124680368
2013-05-24,1216585.666803149
2013-05-27,1216734.006543105
2013-05-28,1217443.4093599673
2013-05-29,1216546.4787926734
2013-05-30,1216543.019612166
2013-05-31,1216069.673642019
2013-06-03,1215184.0086181492
2013-06-04,1215690.8122424507
2013-06-05,1215379.3393042474
2013-06-06,1214908.034772611
2013-06-07,1215038.3737038672
2013-06-10,1215440.9982225155
2013-06-11,1214922.6926389614
2013-06-12,1214623.4134344987
2013-06-13,1214024.1439479114
2013-06-14,1214104.5621555953
2013-06-17,1214490.9633840134
2013-06-18,1215096.327976369
2013-06-19,1215330.4060150234
2013-06-20,1214964.026052873
2013-06-21,1214655.8352934883
2013-06-24,1214971.970109321
2013-06-25,1214971.5949511111
2013-06-26,1215087.7076569167
2013-06-27,1215518.4155139695
2013-06-28,1215690.8813662713
2013-07-01,1215482.1269760323
2013-07-02,1216021.0443843321
2013-07-03,1216149.4896361907
2013-07-04,1216063.6245510634
2013-07-05,1217019.05565368
2013-07-08,1216446.6380456216
2013-07-09,1216351.4179684361
2013-07-10,1215560.435237743
2013-07-11,1214889.2252971185
2013-07-12,1215746.7071441042
2013-07-15,1215827.751995163
2013-07-16,1214984.6750239
2013-07-17,1215257.7852384255
2013-07-18,1215267.117163003
2013-07-19,1215027.6642488507
2013-07-22,1214250.2083617926
2013-07-23,1213861.0746653785
2013-07-24,1213955.8072711616
2013-07-25,1213802.4925906314
2013-07-26,1213688.0699357642
2013-07-29,1213767.2232991864
2013-07-30,1214123.4469022504
2013-07-31,1214811.5625166646
2013-08-01,1215528.214553749
2013-08-02,1215648.4733273932
2013-08-05,1215462.3726127064
2013-08-06,1214999.9524661105
2013-08-07,1214712.5428376426
2013-08-08,1214238.5032478706
2013-08-09,1213861.7619811783
2013-08-12,1214137.7440149076
2013-08-13,1214285.084996827
2013-08-14,1213999.4822878253
2013-08-15,1213460.022185144
2013-08-16,1213170.6217970166
2013-08-19,1213264.1463917282
2013-08-20,1213436.0754556756
2013-08-21,1213344.4406603738
2013-08-22,1213399.4829033285
2013-08-23,1213641.851604924
2013-08-26,1213619.104955744
2013-08-27,1214141.3259931838
2013-08-28,1214174.474094995
2013-08-29,1213858.4566030018
2013-08-30,1213777.705458624
2013-09-02,1213060.926635299
2013-09-03,1212737.5299786734
2013-09-04,1212383.8166713505
2013-09-05,1212362.5938909547
2013-09-06,1212656.5408939447
2013-09-09,1212641.192611995
2013-09-10,1212266.7976343723
2013-09-11,1212418.26865419
2013-09-12,1212340.2518075893
2013-09-13,1212249.5366718785
2013-09-16,1211895.9802308038
2013-09-17,1212068.96303925
2013-09-18,1213624.1591193753
2013-09-19,1213583.8549790378
2013-09-20,1213047.6671193608
2013-09-23,1212422.2492373134
2013-09-24,1212208.2609626069
2013-09-25,1212234.935602401
2013-09-26,1212477.3471067767
2013-09-27,1212495.386204949
2013-09-30,1212317.6465014396
2013-10-01,1212673.1684137878
2013-10-02,1212642.28924658
2013-10-03,1212137.2691187824
2013-10-04,1212028.295151919
2013-10-07,1211631.0027369752
2013-10-08,1211106.7893604806
2013-10-09,1210527.5113444112
2013-10-10,1210830.290143945
2013-10-11,1210951.525094383
2013-10-14,1211116.9251402451
2013-10-15,1210743.0784044496
2013-10-16,1210957.3721241548
2013-10-17,1211765.1953342257
2013-10-18,1212027.0525178507
2013-10-21,1212106.0533045596
2013-10-22,1212828.9024328983
2013-10-23,1211937.3404059296
2013-10-24,1212445.3900805009
2013-10-25,1212372.7309079163
2013-10-28,1212361.2307647977
2013-10-29,1212505.4672739827
2013-10-30,1212366.9295623228
2013-10-31,1211603.1055529201
2013-11-01,1210984.5084623706
2013-11-04,1211585.3644469997
2013-11-05,1211421.2524145995
2013-11-06,1211753.2968005168
2013-11-07,1210295.522475436
2013-11-08,1211300.9477704049
2013-11-11,1211316.803719145
2013-11-12,1211401.0819048996
2013-11-13,1211948.2215573527
2013-11-14,1212347.5325171468
2013-11-15,1213142.0397486286
2013-11-18,1212803.8814678392
2013-11-19,1212969.8859546364
2013-11-20,1212506.564710952
2013-11-21,1214043.4940102943
2013-11-22,1214283.2292849973
2013-11-25,1214168.786008531
2013-11-26,1214066.2022620605
2013-11-27,1215035.9898519593
2013-11-28,1215356.5798207417
2013-11-29,1215384.9654929468
2013-12-02,1215486.4239709747
2013-12-03,1214523.4358315726
2013-12-04,1214270.8923676964
2013-12-05,1213532.5831523573
2013-12-06,1214957.609067848
2013-12-09,1215557.1449715751
2013-12-10,1214669.1599183097
2013-12-11,1213597.181315301
2013-12-12,1214457.322758271
2013-12-13,1213829.1246753829
2013-12-16,1213886.0570906708
2013-12-17,1213651.668553234
2013-12-18,1216192.457033868
2013-12-19,1215939.7236774373
2013-12-20,1215923.4778221627
2013-12-23,1216332.3809637218
2013-12-24,1216295.511220477
2013-12-26,1217259.8698339607
2013-12-27,1217912.167044762
2013-12-30,1217793.3511269898
2013-12-31,1217901.0975971203
2014-01-02,1216652.934688007
2014-01-03,1215883.2210408882
2014-01-06,1215353.529219673
2014-01-07,1216550.520968289
2014-01-08,1217200.974215027
2014-01-09,1217241.4847213924
2014-01-10,1216995.3279469213
2014-01-13,1215153.6647365582
2014-01-14,1216786.6971579501
2014-01-15,1217162.9588467628
2014-01-16,1217122.7005227976
2014-01-17,1217409.3357193097
2014-01-20,1217290.8334296313
2014-01-21,1217924.7538539
2014-01-22,1218800.5597331352
2014-01-23,1217899.0526622916
2014-01-24,1216052.254927556
2014-01-27,1215966.194335281
2014-01-28,1215998.4488866176
2014-01-29,1216154.7335984446
2014-01-30,1215747.2648656666
2014-01-31,1215612.5168639105
2014-02-03,1215254.8499704679
2014-02-04,1214137.0608230634
2014-02-05,1214208.9441294088
2014-02-06,1213798.5027683885
2014-02-07,1213762.9515662794
2014-02-10,1213909.3558469173
2014-02-11,1213294.3752896301
2014-02-12,1213638.5966873486
2014-02-13,1213844.7816035855
2014-02-14,1214043.6007910995
2014-02-17,1213902.3984889137
2014-02-18,1213739.1491350224
2014-02-19,1214266.114865445
2014-02-20,1214363.0105368425
2014-02-21,1214311.4896732955
2014-02-24,1214149.0063647856
2014-02-25,1214417.3706119596
2014-02-26,1214604.170688965
2014-02-27,1214807.6335298805
2014-02-28,1214779.3211482256
2014-03-03,1214483.1852165773
2014-03-04,1214729.6480624867
2014-03-05,1214167.9000950651
2014-03-06,1214019.4558678546
2014-03-07,1214436.1239633583
2014-03-10,1214076.5507375924
2014-03-11,1213482.2546543072
2014-03-12,1213639.3275577684
2014-03-13,1212836.685122419
2014-03-14,1212763.1684032201
2014-03-17,1212977.9298566477
2014-03-18,1213625.2278836744
2014-03-19,1213648.313068581
2014-03-20,1213868.2119358855
2014-03-21,1213344.062193986
2014-03-24,1212976.7667394592
2014-03-25,1213105.1838336145
2014-03-26,1212461.521275841
2014-03-27,1212066.1831335642
2014-03-28,1212351.6838681279
2014-03-31,1212654.1228991242
2014-04-01,1212683.1162357219
2014-04-02,1212834.7545347663
2014-04-03,1212766.437392274
2014-04-04,1212138.6726255268
2014-04-07,1211778.5969539993
2014-04-08,1212041.5911918231
2014-04-09,1212503.9301564707
2014-04-10,1211957.2879833686
2014-04-11,1211557.4136281435
2014-04-14,1211660.6994612415
2014-04-15,1211510.794726675
2014-04-16,1211792.1060015191
2014-04-17,1211717.1221178344
2014-04-18,1211729.7980472797
2014-04-21,1211763.5457786005
2014-04-22,1211933.184183385
2014-04-23,1211613.951062869
2014-04-24,1211534.3722568003
2014-04-25,1211557.1564633437
2014-04-28,1211601.7760699578
2014-04-29,1211702.0158606058
2014-04-30,1211758.1801927222
2014-05-01,1211755.066433391
2014-05-02,1211733.6351042786
2014-05-05,1211709.3089853777
2014-05-06,1212015.3873341542
2014-05-07,1211970.6342690014
2014-05-08,1211971.8919506138
2014-05-09,1211822.3743805713
2014-05-12,1211926.7265965752
2014-05-13,1211854.2930419217
2014-05-14,1211662.935977727
2014-05-15,1211536.98113574
2014-05-16,1211637.46760983
2014-05-19,1211483.6081532477
2014-05-20,1211045.9976396507
2014-05-21,1211226.8136688264
2014-05-22,1211144.2154542068
2014-05-23,1211043.7378608293
2014-05-26,1211032.1817489562
2014-05-27,1211148.767345979
2014-05-28,1210765.1479375777
2014-05-29,1211135.9522668093
2014-05-30,1211000.0163731002
2014-06-02,1211036.5120652327
2014-06-03,1211035.694768778
2014-06-04,1210993.351307903
2014-06-05,1211193.999566687
2014-06-06,1211708.836353306
2014-06-09,1211972.8373010936
2014-06-10,1211908.7251105155
2014-06-11,1211712.8344480812
2014-06-12,1211556.3016324183
2014-06-13,1211360.3345523921
2014-06-16,1211410.0779378242
2014-06-17,1211541.246115962
2014-06-18,1211812.2351587748
2014-06-19,1211546.9343006748
2014-06-20,1211801.398948366
2014-06-23,1211466.6737744813
2014-06-24,1210912.0059899
2014-06-25,1211268.8043595084
2014-06-26,1211196.886813813
2014-06-27,1211213.5589712022
2014-06-30,1211446.9568286666
2014-07-01,1212407.055633644
2014-07-02,1212063.0212355817
2014-07-03,1211754.4307706102
2014-07-04,1211821.39576043
2014-07-07,1211130.940246691
2014-07-08,1210435.3581335272
2014-07-09,1210628.8424682403
2014-07-10,1209705.7373225996
2014-07-11,1209926.1706869393
2014-07-14,1210425.5294776543
2014-07-15,1210468.6083010961
2014-07-16,1210437.987699331
2014-07-17,1209114.2016237353
2014-07-18,1210342.8157544867
2014-07-21,1209968.6616355223
2014-07-22,1210518.1102944973
2014-07-23,1211197.2680745511
2014-07-24,1210753.3432991172
2014-07-25,1210533.9859047842
2014-07-28,1210744.9596388703
2014-07-29,1210613.8656034924
2014-07-30,1210622.0392608163
2014-07-31,1208988.9865467467
2014-08-01,1208552.6737560893
2014-08-04,1208863.2930900173
2014-08-05,1208568.7159179137
2014-08-06,1207969.4802821311
2014-08-07,1207685.9494101733
2014-08-08,1207386.3743272766
2014-08-11,1207277.4190688008
2014-08-12,1207363.0648234647
2014-08-13,1207330.1468423782
2014-08-14,1207267.5445009773
2014-08-15,1207042.7962671572
2014-08-18,1207180.0817589604
2014-08-19,1207953.4975836785
2014-08-20,1208319.3441208138
2014-08-21,1208024.8827428855
2014-08-22,1208394.239829726
2014-08-25,1208998.5935612617
2014-08-26,1209065.965944081
2014-08-27,1208504.8426634267
2014-08-28,1208478.9345366822
2014-08-29,1208740.6525697291
2014-09-01,1208861.301019411
2014-09-02,1209625.4727430078
2014-09-03,1209101.7875415918
2014-09-04,1210397.7888361055
2014-09-05,1210753.7894005643
2014-09-08,1211189.4468455731
2014-09-09,1210459.678920652
2014-09-10,1211145.2676736356
2014-09-11,1211181.793675621
2014-09-12,1210903.673823033
2014-09-15,1210236.8304760982
2014-09-16,1209988.6184868424
2014-09-17,1211164.6260995727
2014-09-18,1211474.0433878726
2014-09-19,1212367.2272218878
2014-09-22,1211910.469772916
2014-09-23,1211019.2366258008
2014-09-24,1211921.1872675025
2014-09-25,1211219.1392352083
2014-09-26,1212554.344935661
2014-09-29,1212370.6897090734
2014-09-30,1212985.3879930917
2014-10-01,1211524.3325783578
2014-10-02,1210306.722520953
2014-10-03,1212646.8856829717
2014-10-06,1210405.4098766102
2014-10-07,1210572.5280781125
2014-10-08,1209616.968866914
2014-10-09,1210993.3445876923
2014-10-10,1211584.324109464
2014-10-13,1210581.8937358805
2014-10-14,1212373.6458708853
2014-10-15,1211215.8601875675
2014-10-16,1211157.67627636
2014-10-17,1210855.5422848
2014-10-20,1210594.0402603652
2014-10-21,1209856.4583574468
2014-10-22,1210627.9537981676
2014-10-23,1210210.9580250282
2014-10-24,1209989.5209811013
2014-10-27,1210199.9039549492
2014-10-28,1209250.8980415235
2014-10-29,1209701.0117702272
2014-10-30,1209605.8044643432
2014-10-31,1209978.6149358037
2014-11-03,1211685.4163356046
2014-11-04,1211381.5532433046
2014-11-05,1212287.1130244897
2014-11-06,1213235.7627419375
2014-11-07,1211370.1943646106
2014-11-10,1212729.7494840566
2014-11-11,1212873.235456911
2014-11-12,1212951.4318384326
2014-11-13,1214106.2346155366
2014-11-14,1213454.989666119
2014-11-17,1213656.9156244216
2014-11-18,1214006.9221138624
2014-11-19,1214663.2541807038
2014-11-20,1214249.6078880576
2014-11-21,1213844.5360823295
2014-11-24,1214634.5352200633
2014-11-25,1214712.5714575704
2014-11-26,1214503.9939008218
2014-11-27,1215747.6595419885
2014-11-28,1217372.0290382144
2014-12-01,1215839.9137212662
2014-12-02,1217558.0336728634
2014-12-03,1217754.2986128058
2014-12-04,1217916.8031286635
2014-12-05,1219595.9534698925
2014-12-08,1219206.91719202
2014-12-09,1218380.0645581472
2014-12-10,1217063.3706219662
2014-12-11,1217990.5314027758
2014-12-12,1218301.5307002622
2014-12-15,1218687.5534937608
2014-12-16,1217759.407649769
2014-12-17,1219072.435383989
2014-12-18,1218610.7038642536
2014-12-19,1218656.614965999
2014-12-22,1219431.0438768654
2014-12-23,1219583.4133527162
2014-12-24,1219601.9653536705
2014-12-26,1219684.328547772
2014-12-29,1220091.098478541
2014-12-30,1219186.172313039
2014-12-31,1219410.047453578
2015-01-02,1220961.0564012795
2015-01-05,1221356.8788831448
2015-01-06,1222195.1938524647
2015-01-07,1222194.8000250545
2015-01-08,1222240.9407487316
2015-01-09,1221949.6352640323
2015-01-12,1223051.9775486724
2015-01-13,1223029.7575050988
2015-01-14,1222492.6401391895
2015-01-15,1223155.5563694204
2015-01-16,1223131.1385078514
2015-01-19,1223077.4689611602
2015-01-20,1224354.7848205434
2015-01-21,1225519.4297331746
2015-01-22,1227016.8720676932
2015-01-23,1228257.9445699633
2015-01-26,1228216.466769383
2015-01-27,1227022.5583713765
2015-01-28,1228459.3863443069
2015-01-29,1229413.809621641
2015-01-30,1229472.289864212
2015-02-02,1228078.442732422
2015-02-03,1226021.553171255
2015-02-04,1227274.476143314
2015-02-05,1225722.0635327601
2015-02-06,1226747.9739219104
2015-02-09,1226487.7216816994
2015-02-10,1227117.1242524416
2015-02-11,1227523.484803903
2015-02-12,1226341.105570512
2015-02-13,1225914.9818739544
2015-02-16,1226066.881534552
2015-02-17,1225527.0330488503
2015-02-18,1225758.060963978
2015-02-19,1226302.2470834272
2015-02-20,1226565.1071283906
2015-02-23,1226911.0308280815
2015-02-24,1226703.1984639904
2015-02-25,1226006.3361180555
2015-02-26,1227485.2151995515
2015-02-27,1227177.6075930763
2015-03-02,1227888.8632473361
2015-03-03,1227059.67817378
2015-03-04,1226797.4699671434
2015-03-05,1227696.5672513407
2015-03-06,1228454.2879790966
2015-03-09,1228433.1985674766
2015-03-10,1228365.5358971606
2015-03-11,1229571.284642539
2015-03-12,1229379.6865195557
2015-03-13,1230694.4981562742
2015-03-16,1230777.3080730196
2015-03-17,1231248.6105195237
2015-03-18,1228286.0647093293
2015-03-19,1229875.638444214
2015-03-20,1228333.935659138
2015-03-23,1227329.4678296028
2015-03-24,1227275.9024806395
2015-03-25,1226256.6996782655
2015-03-26,1225547.0662207203
2015-03-27,1226689.2396547524
2015-03-30,1228110.3404703615
2015-03-31,1227726.8891363004
2015-04-01,1226961.6193398363
2015-04-02,1226761.1514429797
2015-04-03,1225823.4770284598
2015-04-06,1225831.8133719102
2015-04-07,1226383.106529813
2015-04-08,1226564.1517850377
2015-04-09,1227673.483730082
2015-04-10,1228182.4504461729
2015-04-13,1228328.7272056593
2015-04-14,1227562.0540140623
2015-04-15,1226441.593076606
2015-04-16,1225533.9713926294
2015-04-17,1224779.6752466413
2015-04-20,1225504.4699706594
2015-04-21,1225777.4298627963
2015-04-22,1225602.8954545788
2015-04-23,1225411.851390196
2015-04-24,1225073.6635108634
2015-04-27,1224809.8323049329
2015-04-28,1224192.6656495333
2015-04-29,1223177.0129636554
2015-04-30,1222346.2180447404
2015-05-01,1223251.9185686936
2015-05-04,1223373.6764193538
2015-05-05,1222297.7971882292
2015-05-06,1221826.2389659549
2015-05-07,1221983.9619958478
2015-05-08,1222823.358463001
2015-05-11,1222560.1530456652
2015-05-12,1222282.8339036144
2015-05-13,1222285.5139365287
2015-05-14,1222916.9423070636
2015-05-15,1222910.5715228573
2015-05-18,1223071.6747201968
2015-05-19,1223043.2601544946
2015-05-20,1223076.8280428837
2015-05-21,1223285.209324149
2015-05-22,1223386.2160796102
2015-05-25,1223420.6614270203
2015-05-26,1222855.1139923467
2015-05-27,1223674.5461991075
2015-05-28,1223652.8429949172
2015-05-29,1223121.6485601394
2015-06-01,1223237.5280939408
2015-06-02,1222807.6529082172
2015-06-03,1223181.3451805245
2015-06-04,1222474.5254509668
2015-06-05,1222434.412948386
2015-06-08,1221726.1265020187
2015-06-09,1221501.2839488364
2015-06-10,1221988.253012564
2015-06-11,1222344.7005926988
2015-06-12,1221916.7686555574
2015-06-15,1221759.459778854
2015-06-16,1221942.4521977198
2015-06-17,1221830.4369330197
2015-06-18,1222386.8513760646
2015-06-19,1222063.9215321643
2015-06-22,1222787.4219147647
2015-06-23,1223181.2258358647
2015-06-24,1222785.2028204354
2015-06-25,1222652.7183545711
2015-06-26,1222626.6999653259
2015-06-29,1221060.5128260625
2015-06-30,1221262.182864862
2015-07-01,1221892.630594582
2015-07-02,1221709.1973701925
2015-07-03,1221647.5425935993
2015-07-06,1221437.876278489
2015-07-07,1221427.5382624415
2015-07-08,1221020.6877312548
2015-07-09,1220527.029233527
2015-07-10,1220086.386882042
2015-07-13,1220606.7652251567
2015-07-14,1220177.5526003237
2015-07-15,1221310.563600255
2015-07-16,1221382.6350183415
2015-07-17,1221951.074682671
2015-07-20,1222916.8824676266
2015-07-21,1222192.435055403
2015-07-22,1222954.4929076477
2015-07-23,1223310.146820801
2015-07-24,1223342.8125954324
2015-07-27,1223578.0080900707
2015-07-28,1222855.3487925625
2015-07-29,1222983.3409609373
2015-07-30,1223370.191606098
2015-07-31,1223601.7809953245
2015-08-03,1224229.194553714
2015-08-04,1223436.5908203223
2015-08-05,1223841.2059484145
2015-08-06,1223409.5768426387
2015-08-07,1223129.8261681623
2015-08-10,1222717.8772902712
2015-08-11,1223334.5258018684
2015-08-12,1222100.3918666085
2015-08-13,1222728.6141564865
2015-08-14,1222736.8089459413
2015-08-17,1222720.6080099994
2015-08-18,1222782.8388492975
2015-08-19,1222881.6501314174
2015-08-20,1222743.9328194293
2015-08-21,1223800.4712417512
2015-08-24,1226585.5664194282
2015-08-25,1226220.23940786
2015-08-26,1225723.7239579926
2015-08-27,1224209.6974820462
2015-08-28,1223694.4153941346
2015-08-31,1223939.469308542
2015-09-01,1225643.4142393973
2015-09-02,1225090.1158926915
2015-09-03,1225102.0253463567
2015-09-04,1226495.7339754484
2015-09-07,1226126.3876161189
2015-09-08,1224798.5111545685
2015-09-09,1225154.2746580003
2015-09-10,1224302.186525874
2015-09-11,1224345.576669761
2015-09-14,1224324.8887346603
2015-09-15,1224208.2955062527
2015-09-16,1223176.701063434
2015-09-17,1223352.317092103
2015-09-18,1223560.2069817032
2015-09-21,1223813.670983903
2015-09-22,1224554.2367189783
2015-09-23,1224945.5102553393
2015-09-24,1225094.3934765288
2015-09-25,1224628.9617206887
2015-09-28,1225483.2134981358
2015-09-29,1225525.613521643
2015-09-30,1224743.2109760547
2015-10-01,1224399.9656727964
2015-10-02,1223596.1677304765
2015-10-05,1222959.8670412372
2015-10-06,1222288.2661505796
2015-10-07,1221793.0274492786
2015-10-08,1221426.819144266
2015-10-09,1221389.7128391806
2015-10-12,1221326.257068279
2015-10-13,1221512.038933631
2015-10-14,1221047.6189709513
2015-10-15,1221070.3326672874
2015-10-16,1221123.7123343179
2015-10-19,1221073.1945529487
2015-10-20,1221114.7237876793
2015-10-21,1221173.0459283425
2015-10-22,1221221.0527063012
2015-10-23,1221369.9450865106
2015-10-26,1221310.4861075946
2015-10-27,1221468.6386283117
2015-10-28,1221625.6456125572
2015-10-29,1221384.7989422916
2015-10-30,1221035.6072063507
2015-11-02,1221166.167478907
2015-11-03,1221346.36955157
2015-11-04,1221646.2937782407
2015-11-05,1221932.9856789662
2015-11-06,1222601.4538714814
2015-11-09,1222216.5970033742
2015-11-10,1222295.6153234069
2015-11-11,1222078.7271142234
2015-11-12,1221732.5419525637
2015-11-13,1221549.3053067625
2015-11-16,1221908.70401335
2015-11-17,1222348.7495247785
2015-11-18,1222594.397849988
2015-11-19,1222084.4016940314
2015-11-20,1222767.4331614687
2015-11-23,1222868.6003258314
2015-11-24,1222722.1438298032
2015-11-25,1222694.5259648531
2015-11-26,1223000.7543711409
2015-11-27,1223352.889155353
2015-11-30,1223194.2090662573
2015-12-01,1223148.5911784165
2015-12-02,1223763.9433048978
2015-12-03,1221842.6869104784
2015-12-04,1222104.2285723353
2015-12-07,1222781.6586639744
2015-12-08,1222693.7768393
2015-12-09,1221911.139983223
2015-12-10,1222334.792025148
2015-12-11,1222127.069263919
2015-12-14,1222452.3950470353
2015-12-15,1222684.153614011
2015-12-16,1222993.913886198
2015-12-17,1223805.5926097147
2015-12-18,1223469.0034632853
2015-12-21,1223482.636402756
2015-12-22,1223532.0234192046
2015-12-23,1223140.812870843
2015-12-24,1222899.080281129
2015-12-28,1223436.1439909216
2015-12-29,1223500.7389504986
2015-12-30,1223665.88518121
2015-12-31,1223493.2765526783
2016-01-01,1223471.5993528864
2016-01-04,1223235.1266678295
2016-01-05,1223775.5831565824
2016-01-06,1224546.943169686
2016-01-07,1224702.7229795114
2016-01-08,1225660.5533092713
2016-01-11,1225547.5769661695
2016-01-12,1225945.2998318705
2016-01-13,1226763.6124162641
2016-01-14,1226031.2469444463
2016-01-15,1228754.944290941
2016-01-18,1228839.315168329
2016-01-19,1228454.7832454643
2016-01-20,1229469.9523808025
2016-01-21,1227486.6587260142
2016-01-22,1225248.0318685528
2016-01-25,1227088.1812621974
2016-01-26,1225410.3599941786
2016-01-27,1225094.113400067
2016-01-28,1223986.3830169505
2016-01-29,1222190.6700718626
2016-02-01,1222248.2605316616
2016-02-02,1223541.1602946194
2016-02-03,1222443.8810849937
2016-02-04,1222512.3721902892
2016-02-05,1223125.948527439
2016-02-08,1223709.5862181876
2016-02-09,1224370.2862731342
2016-02-10,1224896.4507595396
2016-02-11,1225355.244985088
2016-02-12,1224234.9741153095
2016-02-15,1223315.5267066497
2016-02-16,1223172.1538891608
2016-02-17,1221863.42586067
2016-02-18,1222361.8606179894
2016-02-19,1222605.5568735965
2016-02-22,1221858.5073969287
2016-02-23,1222948.3113006228
2016-02-24,1222609.8932522894
2016-02-25,1221655.7128271807
2016-02-26,1221750.3959828657
2016-02-29,1222308.7810879238
2016-03-01,1220930.482928646
2016-03-02,1220619.5275409508
2016-03-03,1220097.8153545917
2016-03-04,1219614.1379359008
2016-03-07,1219814.0741716889
2016-03-08,1220140.576244774
2016-03-09,1219835.5283897212
2016-03-10,1219643.1178021713
2016-03-11,1218843.928739257
2016-03-14,1218880.1685428245
2016-03-15,1219201.005535569
2016-03-16,1219257.9908306093
2016-03-17,1218955.0984984876
2016-03-18,1218988.6364233666
2016-03-21,1218832.7941154395
2016-03-22,1218842.7138696986
2016-03-23,1218600.3535558057
2016-03-24,1218468.0436541103
2016-03-25,1218431.3249750538
2016-03-28,1218337.7221863084
2016-03-29,1218522.6212350477
2016-03-30,1218292.867325846
2016-03-31,1218382.6471236288
2016-04-01,1218261.3464932435
2016-04-04,1218180.6584460398
2016-04-05,1218360.4927712767
2016-04-06,1218254.7769025937
2016-04-07,1218463.4258344476
2016-04-08,1218447.964718023
2016-04-11,1218653.4590582522
2016-04-12,1218631.3392758162
2016-04-13,1218480.5382853649
2016-04-14,1218311.3783260826
2016-04-15,1218316.718692463
2016-04-18,1218429.1431727593
2016-04-19,1218807.7201911558
2016-04-20,1218796.0196534826
2016-04-21,1218275.7147870318
2016-04-22,1218038.9017060588
2016-04-25,1218098.149848408
2016-04-26,1218156.0725765019
2016-04-27,1217937.8569508074
2016-04-28,1217997.9302378641
2016-04-29,1217905.1791169958
2016-05-02,1218349.4951332868
2016-05-03,1217054.3519100652
2016-05-04,1216336.854584244
2016-05-05,1216053.1691128714
2016-05-06,1216179.5185886256
2016-05-09,1215699.6993881618
2016-05-10,1215765.5385727065
2016-05-11,1216089.293459028
2016-05-12,1215845.418999523
2016-05-13,1215552.5205176221
2016-05-16,1215731.9199387752
2016-05-17,1215523.1438379167
2016-05-18,1214833.6286536255
2016-05-19,1214692.2818901706
2016-05-20,1214735.3080689425
2016-05-23,1214758.1717103375
2016-05-24,1214768.7610030426
2016-05-25,1214759.8170559418
2016-05-26,1214724.9101277338
2016-05-27,1214838.2693396138
2016-05-30,1214772.9177732912
2016-05-31,1214544.632236423
2016-06-01,1214699.936976916
2016-06-02,1214908.270466557
2016-06-03,1214901.6009300211
2016-06-06,1214805.7947956107
2016-06-07,1214840.849606873
2016-06-08,1215106.6375763547
2016-06-09,1215148.5133239562
2016-06-10,1214995.4546356103
2016-06-13,1214960.7326789454
2016-06-14,1215380.141800791
2016-06-15,1215045.1513501084
2016-06-16,1215523.4904916757
2016-06-17,1215501.4810250103
2016-06-20,1215444.8962848184
2016-06-21,1214983.8445554913
2016-06-22,1214447.5842878711
2016-06-23,1213805.550829627
2016-06-24,1214472.0876444224
2016-06-27,1214710.8837347482
2016-06-28,1214055.9018856047
2016-06-29,1213635.3070842556
2016-06-30,1213801.573272376
2016-07-01,1214003.6890556696
2016-07-04,1213892.4940396545
2016-07-05,1214657.3651427077
2016-07-06,1214822.4702201125
2016-07-07,1215038.647577482
2016-07-08,1215067.1320549473
2016-07-11,1213920.4209981018
2016-07-12,1212892.8974152624
2016-07-13,1213204.2113249719
2016-07-14,1212710.641158487
2016-07-15,1212478.0008494842
2016-07-18,1212529.590106714
2016-07-19,1212725.855684754
2016-07-20,1212589.0802924794
2016-07-21,1212599.973274256
2016-07-22,1212810.2328803756
2016-07-25,1212633.6261789727
2016-07-26,1212844.8604730428
2016-07-27,1213092.212837333
2016-07-28,1213177.0008129906
2016-07-29,1213313.3660044882
2016-08-01,1213293.5715935673
2016-08-02,1212984.4069133508
2016-08-03,1213010.27302159
2016-08-04,1213531.1045259081
2016-08-05,1213612.6065087877
2016-08-08,1213648.532101139
2016-08-09,1213841.5230824745
2016-08-10,1213826.0851373207
2016-08-11,1214026.6081784104
2016-08-12,1213892.7782257842
2016-08-15,1214196.1833845961
2016-08-16,1213941.2670288032
2016-08-17,1213890.3164765649
2016-08-18,1213884.7323795229
2016-08-19,1213598.3739007714
2016-08-22,1213504.6401248667
2016-08-23,1213474.469636336
2016-08-24,1212968.4452273329
2016-08-25,1212966.4651993273
2016-08-26,1212745.3453987774
2016-08-29,1212993.892415478
2016-08-30,1212610.5730226573
2016-08-31,1212394.4633782043
2016-09-01,1212394.09548248
2016-09-02,1212981.0989522107
2016-09-05,1212961.6741479584
2016-09-06,1213517.5734849232
2016-09-07,1213436.945409017
2016-09-08,1213108.7739212716
2016-09-09,1211483.6625146137
2016-09-12,1211442.9116685707
2016-09-13,1211023.9566563615
2016-09-14,1211100.9954992398
2016-09-15,1211142.3643412942
2016-09-16,1211008.3747717808
2016-09-19,1211184.8262695065
2016-09-20,1211251.771839328
2016-09-21,1211727.3861668396
2016-09-22,1211983.044922627
2016-09-23,1211771.3175080414
2016-09-26,1211602.746858511
2016-09-27,1211790.1689677942
2016-09-28,1211840.0223199504
2016-09-29,1211518.2587483192
2016-09-30,1211643.5246976586
2016-10-03,1211649.359657058
2016-10-04,1211616.343564254
2016-10-05,1211736.6515567258
2016-10-06,1212000.888078987
2016-10-07,1212201.074396335
2016-10-10,1212719.9334980922
2016-10-11,1212760.1855904204
2016-10-12,1212428.0458799924
2016-10-13,1212052.8010187682
2016-10-14,1212232.511121371
2016-10-17,1211955.103066217
2016-10-18,1212241.20772029
2016-10-19,1212614.1024204434
2016-10-20,1212776.4014233854
2016-10-21,1213220.0883856975
2016-10-24,1213396.4024312224
2016-10-25,1213279.0483507875
2016-10-26,1212841.1153744855
2016-10-27,1212890.5531788932
2016-10-28,1212258.6497191414
2016-10-31,1211897.800071493
2016-11-01,1211293.2061637386
2016-11-02,1210596.2716032744
2016-11-03,1210180.8796141688
2016-11-04,1209933.1503247295
2016-11-07,1210598.1274551454
2016-11-08,1210607.9758071678
2016-11-09,1210032.518977433
2016-11-10,1209793.0192636296
2016-11-11,1209572.0069799728
2016-11-14,1209646.734365324
2016-11-15,1209613.91814563
2016-11-16,1209385.101134642
2016-11-17,1210036.0895256093
2016-11-18,1210003.2243264765
2016-11-21,1209696.3835759384
2016-11-22,1209981.6842695966
2016-11-23,1210467.9415176397
2016-11-24,1210535.2569522858
2016-11-25,1210506.196807183
2016-11-28,1209956.0625755915
2016-11-29,1210003.2970719854
2016-11-30,1210353.8712305357
2016-12-01,1209663.5387801975
2016-12-02,1209474.3101831183
2016-12-05,1209338.883341027
2016-12-06,1209582.8052560936
2016-12-07,1209799.2387289936
2016-12-08,1210378.3936364911
2016-12-09,1211116.6217404741
2016-12-12,1210849.2763644687
2016-12-13,1211240.056002844
2016-12-14,1211176.8515610641
2016-12-15,1212009.4091731787
2016-12-16,1211511.3396570005
2016-12-19,1211623.0258070717
2016-12-20,1212200.5685560387
2016-12-21,1211668.0613847757
2016-12-22,1211632.276443014
2016-12-23,1211645.2681400366
2016-12-27,1211752.0931967383
2016-12-28,1211422.983326598
2016-12-29,1210579.4697570323
2016-12-30,1210374.7678029886
2017-01-03,1211084.5795939525
2017-01-04,1211288.9303203656
2017-01-05,1210344.9002423473
2017-01-06,1211396.1922417083
2017-01-09,1210600.5779775248
2017-01-10,1210413.7428577042
2017-01-11,1210677.3574930907
2017-01-12,1210498.0504568839
2017-01-13,1210598.217559549
2017-01-16,1210319.4320999922
2017-01-17,1209308.3582795202
2017-01-18,1209980.093965065
2017-01-19,1209915.271694958
2017-01-20,1210018.2880681346
2017-01-23,1209165.397037427
2017-01-24,1209941.2787608686
2017-01-25,1210294.6873227607
2017-01-26,1210917.7309397557
2017-01-27,1210952.6003760074
2017-01-30,1210002.0014103896
2017-01-31,1209591.762725738
2017-02-01,1209937.501137692
2017-02-02,1210014.603587579
2017-02-03,1210434.304458201
2017-02-06,1209848.6889612365
2017-02-07,1209806.3566293702
2017-02-08,1209984.2406440119
2017-02-09,1210842.5531067722
2017-02-10,1211459.1864639148
2017-02-13,1211802.0430368148
2017-02-14,1212089.1318607933
2017-02-15,1212576.1895716456
2017-02-16,1212027.2273252679
2017-02-17,1211799.1805959835
2017-02-20,1212217.8187916377
2017-02-21,1212500.195831061
2017-02-22,1212598.4646560522
2017-02-23,1212387.9492327406
2017-02-24,1211893.1711413697
2017-02-27,1212061.5218860884
2017-02-28,1211936.657619939
2017-03-01,1213323.600428232
2017-03-02,1212358.3191892854
2017-03-03,1212455.613773017
2017-03-06,1212035.3601642135
2017-03-07,1211850.6235401127
2017-03-08,1211091.091578776
2017-03-09,1211160.2676990766
2017-03-10,1211683.6771219866
2017-03-13,1212110.258236505
2017-03-14,1211717.2898113292
2017-03-15,1212784.453966078
2017-03-16,1212645.2859258757
2017-03-17,1212602.7422736092
2017-03-20,1212638.9106237902
2017-03-21,1211161.1788064968
2017-03-22,1210903.8552208182
2017-03-23,1210676.585458886
2017-03-24,1210935.2781597916
2017-03-27,1210609.631832288
2017-03-28,1211141.2470381288
2017-03-29,1211381.5051255508
2017-03-30,1211326.0407296475
2017-03-31,1210906.024849085
2017-04-03,1210750.470648905
2017-04-04,1210728.1110330138
2017-04-05,1210355.3368628076
2017-04-06,1210198.0914126278
2017-04-07,1210170.8303526558
2017-04-10,1210175.0576936952
2017-04-11,1210193.0300587392
2017-04-12,1210143.952307103
2017-04-13,1210114.0962704273
2017-04-14,1210268.1373307242
2017-04-17,1210169.416789339
2017-04-18,1209890.2694481304
2017-04-19,1209657.6451569372
2017-04-20,1209745.3959003873
2017-04-21,1209758.0012662269
2017-04-24,1209077.6988683352
2017-04-25,1209018.9743598555
2017-04-26,1209200.1130089012
2017-04-27,1209351.9285887242
2017-04-28,1209458.310041154
2017-05-01,1209518.776118545
2017-05-02,1209569.3932367463
2017-05-03,1209258.092055144
2017-05-04,1209385.548067581
2017-05-05,1209151.9375857713
2017-05-08,1209459.3527069509
2017-05-09,1209640.5889575044
2017-05-10,1209490.3728035076
2017-05-11,1209470.8158334037
2017-05-12,1209490.0457163039
2017-05-15,1209479.3502572016
2017-05-16,1209650.8912269778
2017-05-17,1207877.8030284564
2017-05-18,1208257.7439018812
2017-05-19,1208295.6297139667
2017-05-22,1208542.8623818157
2017-05-23,1208478.0649256327
2017-05-24,1208259.4739985252
2017-05-25,1208671.0227041491
2017-05-26,1208418.8810222207
2017-05-29,1208177.7896963728
2017-05-30,1208041.5863489476
2017-05-31,1208563.9995033345
2017-06-01,1209313.6755041066
2017-06-02,1210129.4547834762
2017-06-05,1209823.210884345
2017-06-06,1209161.8613425477
2017-06-07,1209236.065121175
2017-06-08,1208997.9873983741
2017-06-09,1208061.682600931
2017-06-12,1207911.5104911232
2017-06-13,1208196.6991987997
2017-06-14,1207911.092633287
2017-06-15,1207609.5979990761
2017-06-16,1208191.8449027145
2017-06-19,1208677.0804826783
2017-06-20,1208179.9293052333
2017-06-21,1208309.1536832445
2017-06-22,1208058.6245521756
2017-06-23,1208200.467113065
2017-06-26,1208478.294611783
2017-06-27,1208957.2114184597
2017-06-28,1209642.6776943733
2017-06-29,1209511.6224233448
2017-06-30,1209399.9624204182
2017-07-03,1209220.7924473288
2017-07-04,1208539.1909666613
2017-07-05,1208832.277793873
2017-07-06,1208600.2136954207
2017-07-07,1209601.5905115958
2017-07-10,1209646.867358511
2017-07-11,1210052.9901265483
2017-07-12,1210510.962810261
2017-07-13,1210921.5298722698
2017-07-14,1211923.6344251158
2017-07-17,1211638.0315468076
2017-07-18,1212904.964699821
2017-07-19,1212933.776941964
2017-07-20,1213647.6407022644
2017-07-21,1213063.8522181346
2017-07-24,1213104.0213127027
2017-07-25,1213933.5535785048
2017-07-26,1215187.1229876701
2017-07-27,1213778.2640596859
2017-07-28,1214495.4440992274
2017-07-31,1214717.4337221363
2017-08-01,1214569.1637395646
2017-08-02,1214918.2449217208
2017-08-03,1213950.07826011
2017-08-04,1213228.2763778006
2017-08-07,1213408.6051928282
2017-08-08,1212516.7786311165
2017-08-09,1211945.1018213881
2017-08-10,1209989.4443404684
2017-08-11,1210970.4796892307
2017-08-14,1210996.6833377434
2017-08-15,1210531.0799480139
2017-08-16,1211600.40584206
2017-08-17,1209664.0542011147
2017-08-18,1210288.0336502446
2017-08-21,1210637.5632510216
2017-08-22,1210698.717559819
2017-08-23,1210639.2562363506
2017-08-24,1210845.994168352
2017-08-25,1211680.431839011
2017-08-28,1211799.1967140404
2017-08-29,1211967.066976992
2017-08-30,1211381.6159712218
2017-08-31,1212517.468339265
2017-09-01,1212636.0394453988
2017-09-04,1212679.8546535156
2017-09-05,1212820.764329144
2017-09-06,1213384.7613208122
2017-09-07,1214583.4673941294
2017-09-08,1214213.8790264744
2017-09-11,1214066.690933226
2017-09-12,1214224.4012477463
2017-09-13,1213286.2434226938
2017-09-14,1213904.5190692872
2017-09-15,1214719.301984958
2017-09-18,1213945.6890142327
2017-09-19,1214574.119994392
2017-09-20,1214095.5442985338
2017-09-21,1213458.048460184
2017-09-22,1213110.7403832262
2017-09-25,1211692.3197385783
2017-09-26,1211339.9958553351
2017-09-27,1211006.942479997
2017-09-28,1210856.4914979856
2017-09-29,1211207.3548402018
2017-10-02,1210563.0817585003
2017-10-03,1210663.6437585473
2017-10-04,1210830.645580919
2017-10-05,1210791.9934103074
2017-10-06,1210175.09364885
2017-10-09,1210216.8119037787
2017-10-10,1210923.2031814135
2017-10-11,1211450.2691231894
2017-10-12,1211249.6195859632
2017-10-13,1211823.0462024345
2017-10-16,1212189.0009498564
2017-10-17,1212151.373289379
2017-10-18,1212789.1847371282
2017-10-19,1212450.9447679832
2017-10-20,1213166.8565834784
2017-10-23,1212789.5065494059
2017-10-24,1213480.179511109
2017-10-25,1212847.6248857998
2017-10-26,1212951.5535291585
2017-10-27,1213927.2178309476
2017-10-30,1213575.3717519103
2017-10-31,1214416.5549405853
2017-11-01,1214764.1202516577
2017-11-02,1215175.1423442203
2017-11-03,1215412.3758071994
2017-11-06,1215815.700443474
2017-11-07,1216095.428374278
2017-11-08,1216359.4664552466
2017-11-09,1215783.4362217747
2017-11-10,1215477.3345080356
2017-11-13,1215374.482269164
2017-11-14,1215105.0322196535
2017-11-15,1214302.5285684986
2017-11-16,1214903.9833469396
2017-11-17,1214700.4679999957
2017-11-20,1214722.402231558
2017-11-21,1215275.3745011177
2017-11-22,1215360.6381642912
2017-11-23,1215565.0172411904
2017-11-24,1216116.1382534793
2017-11-27,1215685.2009081133
2017-11-28,1216000.6211353918
2017-11-29,1215619.9354247835
2017-11-30,1216376.98038725
2017-12-01,1216426.6062518882
2017-12-04,1215806.365802266
2017-12-05,1215648.0146903233
2017-12-06,1215316.3562643474
2017-12-07,1215834.4889228537
2017-12-08,1216341.59367076
2017-12-11,1216821.5818286636
2017-12-12,1216418.5423554317
2017-12-13,1215882.6274241982
2017-12-14,1215368.3527643357
2017-12-15,1216294.4942377596
2017-12-18,1216578.164573759
2017-12-19,1216628.9193874677
2017-12-20,1216799.71930434
2017-12-21,1216750.2653001368
2017-12-22,1216601.6543552638
2017-12-26,1216827.0254340125
2017-12-27,1216824.4826176073
2017-12-28,1216900.104413244
2017-12-29,1216793.4060646198
2018-01-02,1217730.3004214498
2018-01-03,1218217.164249441
2018-01-04,1219250.495463267
2018-01-05,1219626.8270220687
2018-01-08,1219529.5639393681
2018-01-09,1219125.0297928895
2018-01-10,1218432.4783014448
2018-01-11,1219954.2163902149
2018-01-12,1222703.5927839268
2018-01-15,1223607.7957564816
2018-01-16,1222834.1503690288
2018-01-17,1223377.4958293424
2018-01-18,1223537.632875877
2018-01-19,1223428.3409647283
2018-01-22,1225205.5319897106
2018-01-23,1225723.4771649376
2018-01-24,1227278.2147345087
2018-01-25,1226229.7435239134
2018-01-26,1228194.263799173
2018-01-29,1226483.813241083
2018-01-30,1225012.7488219778
2018-01-31,1225526.780268956
2018-02-01,1226793.047751846
2018-02-02,1223129.1087517175
2018-02-05,1220976.1694132702
2018-02-06,1220969.5320994584
2018-02-07,1219199.844347212
2018-02-08,1218649.4719177159
2018-02-09,1218316.1181716546
2018-02-12,1218462.071213207
2018-02-13,1218686.3424368352
2018-02-14,1219051.1402307295
2018-02-15,1219257.370001932
2018-02-16,1218882.1243427088
2018-02-19,1218869.4899206096
2018-02-20,1218602.373796281
2018-02-21,1218404.2417498452
2018-02-22,1218572.6711316898
2018-02-23,1218426.927410991
2018-02-26,1218505.0290581658
2018-02-27,1218185.096584537
2018-02-28,1218036.095644337
2018-03-01,1218408.2169265158
2018-03-02,1218676.5405722654
2018-03-05,1218619.6131258835
2018-03-06,1218692.340678577
2018-03-07,1218738.1321370923
2018-03-08,1218444.455227909
2018-03-09,1218069.0951928145
2018-03-12,1218208.0395452627
2018-03-13,1218294.8881631866
2018-03-14,1218144.044651109
2018-03-15,1218169.0997214348
2018-03-16,1218384.6160259587
2018-03-19,1218279.774524671
2018-03-20,1217922.9784535705
2018-03-21,1218056.5753781162
2018-03-22,1217947.0390441988
2018-03-23,1218174.0751816218
2018-03-26,1217983.1732668888
2018-03-27,1218093.8446616563
2018-03-28,1217224.5588449717
2018-03-29,1217052.995824226
2018-03-30,1217152.5903238163
2018-04-02,1217229.4027385446
2018-04-03,1216930.208454583
2018-04-04,1216685.7892208032
2018-04-05,1216169.253888663
2018-04-06,1216453.370623333
2018-04-09,1216560.8434854082
2018-04-10,1216363.7047726465
2018-04-11,1216524.4066893256
2018-04-12,1216288.2238007975
2018-04-13,1216283.1288295744
2018-04-16,1216306.911920732
2018-04-17,1216289.372350202
2018-04-18,1216335.5398249242
2018-04-19,1215728.0540327248
2018-04-20,1215285.892736564
2018-04-23,1214958.2242922187
2018-04-24,1214692.5807674387
2018-04-25,1214887.7345354834
2018-04-26,1214965.274824546
2018-04-27,1214811.364656625
2018-04-30,1215119.12767519
2018-05-01,1215125.3516021762
2018-05-02,1215134.0297141927
2018-05-03,1215093.5865597308
2018-05-04,1215262.657506386
2018-05-07,1215397.5972823019
2018-05-08,1215668.8280229338
2018-05-09,1215828.6054882128
2018-05-10,1215537.77218344
2018-05-11,1215337.8202826243
2018-05-14,1215585.0791135728
2018-05-15,1215716.8136392834
2018-05-16,1215747.9599219959
2018-05-17,1215947.453444353
2018-05-18,1215816.1244577242
2018-05-21,1216087.4811388701
2018-05-22,1215954.3572125572
2018-05-23,1215500.363072798
2018-05-24,1214824.8204419622
2018-05-25,1214406.5728285993
2018-05-28,1214383.052665715
2018-05-29,1214368.2416554089
2018-05-30,1213885.7376950742
2018-05-31,1213830.4209544049
2018-06-01,1213729.7809996211
2018-06-04,1213413.690124339
2018-06-05,1213412.2594200897
2018-06-06,1213377.363171068
2018-06-07,1213286.8421764537
2018-06-08,1213465.1268691663
2018-06-11,1213649.6763285522
2018-06-12,1213804.951795627
2018-06-13,1213627.5753069296
2018-06-14,1214602.667600669
2018-06-15,1214437.9038001068
2018-06-18,1214508.1654631745
2018-06-19,1214519.650113378
2018-06-20,1214806.7848919786
2018-06-21,1214221.900755821
2018-06-22,1213737.1993098434
2018-06-25,1213298.782937177
2018-06-26,1213791.9407178992
2018-06-27,1214062.7286396758
2018-06-28,1214321.8001685662
2018-06-29,1213471.0408308276
2018-07-02,1214465.4719746956
2018-07-03,1213496.8098917298
2018-07-04,1213395.343609466
2018-07-05,1213566.7965855799
2018-07-06,1213725.5138514366
2018-07-09,1214038.163949354
2018-07-10,1214118.6692090807
2018-07-11,1214462.8215108623
2018-07-12,1214488.9915586507
2018-07-13,1214538.2880504269
2018-07-16,1213906.0015780393
2018-07-17,1215046.7949122826
2018-07-18,1214983.4230553901
2018-07-19,1215478.3607920683
2018-07-20,1214400.3153955145
2018-07-23,1215052.1197591114
2018-07-24,1214785.2927455923
2018-07-25,1214531.254590318
2018-07-26,1215093.3091693772
2018-07-27,1214410.0857604865
2018-07-30,1213970.2920433015
2018-07-31,1214133.0148473934
2018-08-01,1214257.721274535
2018-08-02,1215246.3012434596
2018-08-03,1215137.1196054628
2018-08-06,1215638.8454246924
2018-08-07,1215597.1441697697
2018-08-08,1215492.2595213002
2018-08-09,1215913.6727266202
2018-08-10,1216175.9681271433
2018-08-13,1216525.3724535336
2018-08-14,1217197.7091814363
2018-08-15,1217458.7711424732
2018-08-16,1217275.9785988876
2018-08-17,1216511.703745294
2018-08-20,1216017.557520997
2018-08-21,1215150.6045510503
2018-08-22,1215254.1170899735
2018-08-23,1216436.828078212
2018-08-24,1215352.163989305
2018-08-27,1215260.2380962677
2018-08-28,1215651.6516853995
2018-08-29,1215541.415376826
2018-08-30,1215668.6751298164
2018-08-31,1216583.8524692014
2018-09-03,1216583.8020913377
2018-09-04,1216777.8829342257
2018-09-05,1215916.2188727204
2018-09-06,1215499.6865727755
2018-09-07,1216051.010376275
2018-09-10,1215973.1398207652
2018-09-11,1216168.3662006056
2018-09-12,1215474.0778920911
2018-09-13,1215944.3293568108
2018-09-14,1216567.5667534557
2018-09-17,1215797.103295664
2018-09-18,1216282.9965625664
2018-09-19,1215833.0990502597
2018-09-20,1216025.1362130933
2018-09-21,1215970.7059012752
2018-09-24,1216189.2280764547
2018-09-25,1216251.247683163
2018-09-26,1216243.601407525
2018-09-27,1217169.9624889726
2018-09-28,1217009.837945532
2018-10-01,1217712.0459818947
2018-10-02,1217248.6095564025
2018-10-03,1217922.3793184771
2018-10-04,1216796.0879404433
2018-10-05,1216149.7338182547
2018-10-08,1216272.1878990633
2018-10-09,1216068.0730481143
2018-10-10,1215325.5550427162
2018-10-11,1214500.415451791
2018-10-12,1214437.3702662976
2018-10-15,1214365.6972429827
2018-10-16,1214286.8511681047
2018-10-17,1214090.9555202324
2018-10-18,1214269.9424757035
2018-10-19,1214099.224602049
2018-10-22,1214213.5512433634
2018-10-23,1214322.5897127944
2018-10-24,1214704.984466814
2018-10-25,1214378.9364545827
2018-10-26,1214452.1134059085
2018-10-29,1214481.3761209154
2018-10-30,1214003.630799515
2018-10-31,1214051.7377878192
2018-11-01,1213485.7870667216
2018-11-02,1213532.8408239156
2018-11-05,1213483.217331815
2018-11-06,1213417.2177774261
2018-11-07,1213074.9244404025
2018-11-08,1213124.0238407694
2018-11-09,1213120.995306216
2018-11-12,1213318.5972091071
2018-11-13,1213086.4677316393
2018-11-14,1213075.6262454938
2018-11-15,1212614.847848069
2018-11-16,1212343.4806326355
2018-11-19,1212422.813236437
2018-11-20,1213331.6166572517
2018-11-21,1212552.987227264
2018-11-22,1212676.309484289
2018-11-23,1213505.9323571841
2018-11-26,1213148.2142388942
2018-11-27,1213377.2022709465
2018-11-28,1213188.007535709
2018-11-29,1213063.4882161394
2018-11-30,1213501.4102698325
2018-12-03,1212563.1619492564
2018-12-04,1213299.4868723222
2018-12-05,1213603.702895975
2018-12-06,1214082.1498961833
2018-12-07,1213878.5679179966
2018-12-10,1214331.9158386895
2018-12-11,1214302.6076106536
2018-12-12,1213742.1194897252
2018-12-13,1213558.1703703904
2018-12-14,1214260.795665938
2018-12-17,1214616.505200068
2018-12-18,1215257.6789982072
2018-12-19,1215343.8575520962
2018-12-20,1215610.1342377379
2018-12-21,1217356.5861236297
2018-12-24,1218442.1897422196
2018-12-25,1218442.1897422196
2018-12-26,1216213.6121882643
2018-12-27,1216135.173238604
2018-12-28,1216268.0869080303
2018-12-31,1216144.1170576913
2019-01-02,1217778.770060596
2019-01-03,1217743.587633743
2019-01-04,1214183.8391657837
2019-01-07,1212831.6401171878
2019-01-08,1212639.265930897
2019-01-09,1211667.3957861883
2019-01-10,1211396.4552511142
2019-01-11,1211377.63856509
2019-01-14,1211902.5250754305
2019-01-15,1211411.0283382493
2019-01-16,1211423.51445052
2019-01-17,1211161.3378698467
2019-01-18,1210413.7899333353
2019-01-21,1210630.0394238497
2019-01-22,1211405.8368937122
2019-01-23,1211138.991995901
2019-01-24,1211552.6004956195
2019-01-25,1210921.459734313
2019-01-28,1211204.663734038
2019-01-29,1211087.3985662793
2019-01-30,1210720.2323959586
2019-01-31,1210789.9767755822
2019-02-01,1210363.3067567772
2019-02-04,1210081.2761965247
2019-02-05,1210216.426330263
2019-02-06,1210151.3667499062
2019-02-07,1210345.8565744234
2019-02-08,1210498.3911081643
2019-02-11,1210272.0581245373
2019-02-12,1210163.9228230354
2019-02-13,1210086.8034864261
2019-02-14,1210275.1672803594
2019-02-15,1210482.4997416583
2019-02-18,1210501.15223975
2019-02-19,1210739.5961924458
2019-02-20,1210596.4946947743
2019-02-21,1210306.6558559134
2019-02-22,1210421.8492033256
2019-02-25,1210291.6705148353
2019-02-26,1210320.8217164248
2019-02-27,1210113.579583925
2019-02-28,1209948.553218792
2019-03-01,1209623.1466614746
2019-03-04,1209623.1466614746
2019-03-05,1209623.1466614746
2019-03-06,1209623.1466614746
2019-03-07,1209623.1466614746
2019-03-08,1209451.7315908729
2019-03-11,1209395.1272581832
2019-03-12,1209237.995048802
2019-03-13,1209225.4992259403
2019-03-14,1209260.4447870099
2019-03-15,1209365.6434071676
2019-03-18,1209491.5989393082
2019-03-19,1209440.9163232467
2019-03-20,1209074.9434730571
2019-03-21,1209700.0014867082
2019-03-22,1208825.0470995896
2019-03-25,1208837.7071561373
2019-03-26,1209018.176814697
2019-03-27,1208734.5147510238
2019-03-28,1208922.6304940793
2019-03-29,1209205.4409716807
2019-04-01,1209676.9506407843
2019-04-02,1209682.8001764852
2019-04-03,1209953.3903363843
2019-04-04,1209932.3015270208
2019-04-05,1210171.2257065752
2019-04-08,1210162.1295463706
2019-04-09,1209826.667231099
2019-04-10,1210037.2422413288
2019-04-11,1210005.8894298987
2019-04-12,1210311.6774700962
2019-04-15,1210258.1127098186
2019-04-16,1210353.9715807855
2019-04-17,1210357.7675627896
2019-04-18,1210527.676836612
2019-04-19,1210527.676836612
2019-04-22,1210607.0145194551
2019-04-23,1211215.9905059026
2019-04-24,1210946.9915744541
2019-04-25,1210656.4894453445
2019-04-26,1210205.592509106
2019-04-29,1210188.083371735
2019-04-30,1209966.0385973672
2019-05-01,1209097.5233225673
2019-05-02,1209006.857661774
2019-05-03,1209586.3122663782
2019-05-06,1209094.2235603898
2019-05-07,1207583.5759420441
2019-05-08,1207435.6273297654
2019-05-09,1206835.297617948
2019-05-10,1206292.1726538981
2019-05-13,1207360.484836523
2019-05-14,1207159.9629615678
2019-05-15,1207263.9984075972
2019-05-16,1207924.8945736997
2019-05-17,1208371.3144386455
2019-05-20,1207732.1413373693
2019-05-21,1207668.8676578638
2019-05-22,1208146.933294816
2019-05-23,1208313.4316735433
2019-05-24,1207830.9409771962
2019-05-27,1207982.6579538675
2019-05-28,1208491.34017306
2019-05-29,1208862.1910378002
2019-05-30,1208959.4460151505
2019-05-31,1209249.023169205
2019-06-03,1207883.898303018
2019-06-04,1207089.7227512407
2019-06-05,1207647.743810607
2019-06-06,1206693.298023108
2019-06-07,1205497.3906970248
2019-06-10,1205666.883655866
2019-06-11,1205397.3512301107
2019-06-12,1206475.3998320918
2019-06-13,1206824.6745079348
2019-06-14,1207571.14760905
2019-06-17,1207765.2858172958
2019-06-18,1207441.7018003375
2019-06-19,1207482.2530569006
2019-06-20,1207335.2250543307
2019-06-21,1207061.3432471938
2019-06-24,1207039.1437629156
2019-06-25,1207433.8044558312
2019-06-26,1206380.830439427
2019-06-27,1206261.0691231927
2019-06-28,1205936.3809037416
2019-07-01,1205651.6488898557
2019-07-02,1206767.1766846199
2019-07-03,1206932.081767074
2019-07-04,1206822.8377337295
2019-07-05,1206242.2109483941
2019-07-08,1205776.125930637
2019-07-09,1206170.3148174435
2019-07-10,1206803.3043253715
2019-07-11,1206328.452758193
2019-07-12,1206639.6277937905
2019-07-15,1206858.7826797864
2019-07-16,1206722.891850063
2019-07-17,1206918.896322531
2019-07-18,1207406.8190539249
2019-07-19,1206389.7108918582
2019-07-22,1206613.5249703429
2019-07-23,1206903.7991161852
2019-07-24,1207280.3286327575
2019-07-25,1206448.2249202596
2019-07-26,1207381.6710963326
2019-07-29,1208266.1405872393
2019-07-30,1208519.1327833056
2019-07-31,1207367.9002011472
2019-08-01,1208669.9345373907
2019-08-02,1207707.6018647787
2019-08-05,1208208.3846778325
2019-08-06,1207248.740278347
2019-08-07,1208100.871640454
2019-08-08,1207891.399960895
2019-08-09,1208470.6794152607
2019-08-12,1209416.2273044966
2019-08-13,1207655.0216513295
2019-08-14,1210066.660484869
2019-08-15,1209727.739251755
2019-08-16,1209047.452540673
2019-08-19,1208701.8910951545
2019-08-20,1208979.5170515126
2019-08-21,1208516.9504553503
2019-08-22,1208650.7119967893
2019-08-23,1209797.1778963162
2019-08-26,1209265.3756649557
2019-08-27,1210086.7363355637
2019-08-28,1210230.5691193698
2019-08-29,1209772.9972428367
2019-08-30,1210358.7742137942
2019-09-02,1211340.2406665527
2019-09-03,1211432.0606595138
2019-09-04,1209647.9696297655
2019-09-05,1207833.6496872236
2019-09-06,1207411.69131425
2019-09-09,1206445.437576394
2019-09-10,1206008.1595722141
2019-09-11,1206491.518691121
2019-09-12,1205963.9978168125
2019-09-13,1205600.1259024965
2019-09-16,1206264.269021764
2019-09-17,1205958.6309741952
2019-09-18,1206202.8955127369
2019-09-19,1206459.1992696638
2019-09-20,1207149.5175968197
2019-09-23,1207305.9850272574
2019-09-24,1207287.7232431024
2019-09-25,1207285.243836642
2019-09-26,1207447.0819310779
2019-09-27,1207072.569512951
2019-09-30,1206635.7526768837
2019-10-01,1206753.247832693
2019-10-02,1206596.4418597769
2019-10-03,1206324.846236824
2019-10-04,1206153.6035555478
2019-10-07,1206402.6361608577
2019-10-08,1206502.3771930202
2019-10-09,1206450.428462125
2019-10-10,1206057.4243046565
2019-10-11,1205746.867097569
2019-10-14,1205905.5755747322
2019-10-15,1206010.566691687
2019-10-16,1205815.862472537
2019-10-17,1205133.9733437859
2019-10-18,1204946.4576986553
2019-10-21,1205130.033425097
2019-10-22,1205088.7243408875
2019-10-23,1205282.1418706337
2019-10-24,1205280.6548483165
2019-10-25,1205339.775202995
2019-10-28,1205582.8812777835
2019-10-29,1205284.4106980069
2019-10-30,1205212.845988477
2019-10-31,1204836.4609323475
2019-11-01,1205460.3122797739
2019-11-04,1205771.3106924298
2019-11-05,1205858.6201374065
2019-11-06,1205769.878532157
2019-11-07,1206085.000273635
2019-11-08,1205892.8070898356
2019-11-11,1205727.0109870825
2019-11-12,1205859.2502857633
2019-11-13,1205694.4673051208
2019-11-14,1205497.423456931
2019-11-15,1205924.1681900334
2019-11-18,1205992.3602945674
2019-11-19,1205815.7415078
2019-11-20,1205584.395634479
2019-11-21,1205468.8830604707
2019-11-22,1205590.5599638873
2019-11-25,1206132.19335232
2019-11-26,1206278.107324498
2019-11-27,1206583.3705983146
2019-11-28,1206430.3181267197
2019-11-29,1206195.526196245
2019-12-02,1205594.0037636242
2019-12-03,1205276.6397009818
2019-12-04,1205670.0211218651
2019-12-05,1205863.656360343
2019-12-06,1206364.9728469504
2019-12-09,1206025.726693075
2019-12-10,1206189.4282293543
2019-12-11,1206438.4646710039
2019-12-12,1206938.6203188426
2019-12-13,1207581.599361718
2019-12-16,1208037.3972005122
2019-12-17,1207407.1030114414
2019-12-18,1207458.339273199
2019-12-19,1207501.096089433
2019-12-20,1207487.280018941
2019-12-23,1207507.6169846626
2019-12-24,1207561.2260117696
2019-12-26,1208055.5574464414
2019-12-27,1207800.4627359528
2019-12-30,1207145.20475657
2019-12-31,1207186.2651623033
2020-01-02,1208015.7772401082
2020-01-03,1207913.8803097624
2020-01-06,1208350.7835484147
2020-01-07,1208164.007514136
2020-01-08,1207611.502583714
2020-01-09,1207682.4760324233
2020-01-10,1207543.3499552608
2020-01-13,1207590.3777119752
2020-01-14,1207425.609520864
2020-01-15,1207757.9736472017
2020-01-16,1208006.2855824486
2020-01-17,1208235.3974969669
2020-01-20,1208351.2524369278
2020-01-21,1207991.3655129105
2020-01-22,1207642.556104718
2020-01-23,1207765.6792943561
2020-01-24,1207452.5784932177
2020-01-27,1206541.498810136
2020-01-28,1206877.830540459
2020-01-29,1206947.2457824901
2020-01-30,1207333.4947961313
2020-01-31,1207129.7186913274
2020-02-03,1207046.7176083087
2020-02-04,1206435.158201139
2020-02-05,1206101.239956667
2020-02-06,1206596.386577535
2020-02-07,1207114.5284623164
2020-02-10,1207775.0333107484
2020-02-11,1207392.1247069347
2020-02-12,1207312.756489628
2020-02-13,1207961.836006104
2020-02-14,1208206.8491461063
2020-02-17,1208130.6348160952
2020-02-18,1209112.0347466813
2020-02-19,1208293.9413648904
2020-02-20,1208394.120363305
2020-02-21,1207994.7464187164
2020-02-24,1208019.1652478513
2020-02-25,1207743.9133373934
2020-02-26,1208647.3935388862
2020-02-27,1208582.2496250411
2020-02-28,1208670.570177304
2020-03-02,1207570.1411020327
2020-03-03,1207791.8675990233
2020-03-04,1207200.8373488234
2020-03-05,1208025.004309286
2020-03-06,1208694.0554720643
2020-03-09,1213227.3675548916
2020-03-10,1212284.2219236013
2020-03-11,1213780.6509662361
2020-03-12,1217381.6925851563
2020-03-13,1215549.3742808122
2020-03-16,1220231.1180523576
2020-03-17,1221428.8009367941
2020-03-18,1226490.4448713076
2020-03-19,1225752.264026523
2020-03-20,1224374.769324328
2020-03-23,1224531.2757348272
2020-03-24,1220630.261199107
2020-03-25,1218595.7077300542
2020-03-26,1216420.5313741425
2020-03-27,1216041.1990182793
2020-03-30,1216270.8954752872
2020-03-31,1216862.945907172
2020-04-01,1219063.927698579
2020-04-02,1218211.1324707002
2020-04-03,1218487.6249481665
2020-04-06,1216619.6897930934
2020-04-07,1215850.1140300853
2020-04-08,1214548.0036867808
2020-04-09,1214076.1755017554
2020-04-10,1214046.7303895869
2020-04-13,1214660.4720241218
2020-04-14,1214515.0615774076
2020-04-15,1215247.193308134
2020-04-16,1215197.781988869
2020-04-17,1214867.581861463
2020-04-20,1215565.5089273914
2020-04-21,1216407.9969310558
2020-04-22,1216403.263487464
2020-04-23,1216612.5697643554
2020-04-24,1216412.8554911327
2020-04-27,1216416.9823077433
2020-04-28,1216550.3579057085
2020-04-29,1216237.2027228056
2020-04-30,1215246.1024325262
2020-05-01,1215209.5549087669
2020-05-04,1215433.1414195222
2020-05-05,1215364.0729727834
2020-05-06,1215736.8126006126
2020-05-07,1215759.795032154
2020-05-08,1215385.837867003
2020-05-11,1215251.8154096915
2020-05-12,1215127.3360371327
2020-05-13,1215344.837167122
