day,0
2005-01-04,1200000.0
2005-01-05,1200000.0
2005-01-06,1200000.0
2005-01-07,1200000.0
2005-01-10,1200000.0
2005-01-11,1200000.0
2005-01-12,1200000.0
2005-01-13,1200000.0
2005-01-14,1200000.0
2005-01-17,1200000.0
2005-01-18,1200000.0
2005-01-19,1200000.0
2005-01-20,1200000.0
2005-01-21,1200000.0
2005-01-24,1200000.0
2005-01-25,1200000.0
2005-01-26,1200000.0
2005-01-27,1200000.0
2005-01-28,1200000.0
2005-01-31,1200000.0
2005-02-01,1200000.0
2005-02-02,1200000.0
2005-02-03,1200000.0
2005-02-04,1200000.0
2005-02-07,1200000.0
2005-02-08,1200000.0
2005-02-09,1200000.0
2005-02-10,1200000.0
2005-02-11,1200000.0
2005-02-14,1200000.0
2005-02-15,1200000.0
2005-02-16,1200000.0
2005-02-17,1200000.0
2005-02-18,1200000.0
2005-02-21,1200000.0
2005-02-22,1200000.0
2005-02-23,1200000.0
2005-02-24,1200000.0
2005-02-25,1200000.0
2005-02-28,1200000.0
2005-03-01,1200000.0
2005-03-02,1200000.0
2005-03-03,1200000.0
2005-03-04,1200000.0
2005-03-07,1200000.0
2005-03-08,1200000.0
2005-03-09,1200000.0
2005-03-10,1200000.0
2005-03-11,1200000.0
2005-03-14,1200000.0
2005-03-15,1200000.0
2005-03-16,1200000.0
2005-03-17,1200000.0
2005-03-18,1200000.0
2005-03-21,1200000.0
2005-03-22,1200000.0
2005-03-23,1199912.6107891449
2005-03-24,1199896.0759746255
2005-03-25,1199896.0759746255
2005-03-28,1199882.914443911
2005-03-29,1199936.9597177024
2005-03-30,1199696.0974958716
2005-03-31,1199780.2338832105
2005-04-01,1199898.23324517
2005-04-04,1199820.8740922066
2005-04-05,1199789.6563631855
2005-04-06,1199758.4383785855
2005-04-07,1199582.7754326956
2005-04-08,1199755.940706663
2005-04-11,1199828.0405381066
2005-04-12,1199742.6561104003
2005-04-13,1199996.3148050373
2005-04-14,1200339.2504383659
2005-04-15,1200795.4248390368
2005-04-18,1200698.2191064102
2005-04-19,1200257.4994833255
2005-04-20,1200854.2707312705
2005-04-21,1200114.7425532208
2005-04-22,1200351.7030699765
2005-04-25,1200100.3671826068
2005-04-26,1200493.7806147216
2005-04-27,1200369.697966999
2005-04-28,1200833.9461992853
2005-04-29,1200359.1230019089
2005-05-02,1200125.5512572692
2005-05-03,1199928.0088950398
2005-05-04,1199451.0040940295
2005-05-05,1199386.0019357149
2005-05-06,1199364.9953692304
2005-05-09,1198758.5658797957
2005-05-10,1199087.244498638
2005-05-11,1199220.3596406383
2005-05-12,1199541.332437237
2005-05-13,1199907.3948551686
2005-05-16,1200243.6906580967
2005-05-17,1199951.2472021235
2005-05-18,1199123.528842255
2005-05-19,1199296.9962082724
2005-05-20,1199946.4741274572
2005-05-23,1199696.7926503574
2005-05-24,1199646.2522202334
2005-05-25,1199453.4475239385
2005-05-26,1200258.5984854947
2005-05-27,1199384.7611340648
2005-05-30,1200111.0333049162
2005-05-31,1200897.630192697
2005-06-01,1201679.889928831
2005-06-02,1201314.5416238166
2005-06-03,1201277.9464356084
2005-06-06,1200809.653185145
2005-06-07,1200705.3919367678
2005-06-08,1201040.0325752199
2005-06-09,1201259.9600576197
2005-06-10,1201668.7833607611
2005-06-13,1201788.9579759343
2005-06-14,1202077.1038988421
2005-06-15,1200568.6217821343
2005-06-16,1200920.244087739
2005-06-17,1200678.8583966868
2005-06-20,1201464.436886423
2005-06-21,1201345.0039147781
2005-06-22,1201691.7626178432
2005-06-23,1202006.2990484696
2005-06-24,1201058.3122758463
2005-06-27,1200379.9974839364
2005-06-28,1200795.6198467098
2005-06-29,1200836.7937072087
2005-06-30,1201041.4539550762
2005-07-01,1202205.6196275922
2005-07-04,1202608.8336554472
2005-07-05,1202403.088778306
2005-07-06,1202977.0599529387
2005-07-07,1201896.1617694371
2005-07-08,1201856.8611985252
2005-07-11,1201091.0105334027
2005-07-12,1200501.0508901936
2005-07-13,1201182.9966446774
2005-07-14,1201313.56970128
2005-07-15,1201377.86606498
2005-07-18,1201244.8582904777
2005-07-19,1201848.6615367425
2005-07-20,1201827.2824543803
2005-07-21,1200463.1401283713
2005-07-22,1201503.270104125
2005-07-25,1201371.3402750376
2005-07-26,1201807.2991894977
2005-07-27,1201612.1667359825
2005-07-28,1201776.9566756731
2005-07-29,1201339.7821311203
2005-08-01,1201628.2904849385
2005-08-02,1201718.8399165522
2005-08-03,1201417.7281474508
2005-08-04,1200860.0938657664
2005-08-05,1200433.1259916003
2005-08-08,1200663.3051291616
2005-08-09,1201085.2867438465
2005-08-10,1201583.1074540776
2005-08-11,1202631.988338031
2005-08-12,1201872.9593235913
2005-08-15,1202038.1769407513
2005-08-16,1201076.9607624214
2005-08-17,1199876.689460169
2005-08-18,1199291.9535294494
2005-08-19,1200128.660899307
2005-08-22,1200900.5686612679
2005-08-23,1200634.5557386277
2005-08-24,1200380.2233910365
2005-08-25,1200370.6656474962
2005-08-26,1199438.7439255074
2005-08-29,1199717.856069259
2005-08-30,1200194.309941844
2005-08-31,1200232.7713952076
2005-09-01,1200543.5458100694
2005-09-02,1200222.4122370388
2005-09-05,1200461.2917610737
2005-09-06,1200184.5053069405
2005-09-07,1200010.3345446298
2005-09-08,1199908.553316254
2005-09-09,1200575.3593092905
2005-09-12,1200511.5201354404
2005-09-13,1200386.6724773832
2005-09-14,1200616.5150041734
2005-09-15,1200881.187280872
2005-09-16,1201130.3774695497
2005-09-19,1201685.0088379364
2005-09-20,1201733.5228776713
2005-09-21,1201534.0001417412
2005-09-22,1201419.2533912275
2005-09-23,1201514.3349131017
2005-09-26,1202389.6917065668
2005-09-27,1202138.9824517088
2005-09-28,1202842.7363704718
2005-09-29,1203687.2299655876
2005-09-30,1203570.930314714
2005-10-03,1203561.5003147647
2005-10-04,1203486.016400504
2005-10-05,1201332.4002665947
2005-10-06,1199672.712551273
2005-10-07,1199994.7224960425
2005-10-10,1200408.348800351
2005-10-11,1200391.0139051406
2005-10-12,1200318.9285806983
2005-10-13,1199919.89344559
2005-10-14,1199620.4637526304
2005-10-17,1199992.0059533007
2005-10-18,1200274.3145697874
2005-10-19,1200261.130101356
2005-10-20,1200182.4807046815
2005-10-21,1200124.137677196
2005-10-24,1199992.5670781578
2005-10-25,1199936.7757005861
2005-10-26,1200448.1087384277
2005-10-27,1200323.0657525319
2005-10-28,1199952.9021677738
2005-10-31,1200187.699638445
2005-11-01,1200425.7491340905
2005-11-02,1200595.6339460837
2005-11-03,1200667.5998615008
2005-11-04,1201148.0393942704
2005-11-07,1200679.390161504
2005-11-08,1200306.267182293
2005-11-09,1200364.8662220214
2005-11-10,1200980.698829795
2005-11-11,1200982.0089182144
2005-11-14,1201139.9090177245
2005-11-15,1200970.761048081
2005-11-16,1201402.3576144646
2005-11-17,1201848.8124602116
2005-11-18,1202081.114446933
2005-11-21,1202609.1420239278
2005-11-22,1202511.1016289103
2005-11-23,1202845.4129222021
2005-11-24,1202590.022025589
2005-11-25,1203433.6539379777
2005-11-28,1202198.9676896657
2005-11-29,1202786.368231796
2005-11-30,1202016.0518115915
2005-12-01,1203937.3023916997
2005-12-02,1204376.8844434433
2005-12-05,1204602.4149066065
2005-12-06,1205151.7189216001
2005-12-07,1204397.3895648264
2005-12-08,1203271.7411223508
2005-12-09,1204178.5399375986
2005-12-12,1204536.2325419001
2005-12-13,1204948.3083448734
2005-12-14,1202955.5236044507
2005-12-15,1201535.1226372742
2005-12-16,1201443.781576481
2005-12-19,1200778.9456859196
2005-12-20,1200875.39850354
2005-12-21,1201089.2813909797
2005-12-22,1201400.4984856436
2005-12-23,1201307.3120586278
2005-12-26,1201319.4874765615
2005-12-27,1200684.907360123
2005-12-28,1201343.716303076
2005-12-29,1201120.56072266
2005-12-30,1200313.1391318182
2006-01-02,1200334.9864059105
2006-01-03,1201306.6782609047
2006-01-04,1201681.477821596
2006-01-05,1201143.5440682538
2006-01-06,1201767.3439754418
2006-01-09,1201784.0188956053
2006-01-10,1201356.0678317344
2006-01-11,1202200.748712223
2006-01-12,1201833.8813982697
2006-01-13,1201647.3011566442
2006-01-16,1201879.4613315563
2006-01-17,1200333.7205530822
2006-01-18,1199216.9774363586
2006-01-19,1199880.5775225344
2006-01-20,1199055.9639167788
2006-01-23,1198995.7834383305
2006-01-24,1198828.0684131808
2006-01-25,1199006.1938443992
2006-01-26,1199422.2345129636
2006-01-27,1200099.2738770035
2006-01-30,1200285.194536577
2006-01-31,1199907.8172405087
2006-02-01,1200095.319002447
2006-02-02,1199109.9061409342
2006-02-03,1199247.347487017
2006-02-06,1199286.740812029
2006-02-07,1198255.7946522725
2006-02-08,1198167.0852043205
2006-02-09,1198696.9848086913
2006-02-10,1197955.0710826523
2006-02-13,1197685.145042137
2006-02-14,1198136.529234155
2006-02-15,1197683.8635779626
2006-02-16,1198038.7439379478
2006-02-17,1197921.1405326359
2006-02-20,1198026.090635841
2006-02-21,1197931.5472942465
2006-02-22,1198016.0454336598
2006-02-23,1197744.3724063723
2006-02-24,1197984.3287354994
2006-02-27,1198199.2968544485
2006-02-28,1197801.7185566474
2006-03-01,1198217.0054262658
2006-03-02,1198158.6291703028
2006-03-03,1198355.0978033284
2006-03-06,1198339.5530577025
2006-03-07,1197808.762875541
2006-03-08,1197554.122003697
2006-03-09,1197684.671499098
2006-03-10,1197931.745533885
2006-03-13,1198071.1503840575
2006-03-14,1198147.884282506
2006-03-15,1198216.9697636566
2006-03-16,1198450.2438142921
2006-03-17,1198442.907863987
2006-03-20,1198633.463267933
2006-03-21,1198698.4087827052
2006-03-22,1198771.9670518057
2006-03-23,1198754.1032253662
2006-03-24,1199260.247132477
2006-03-27,1198939.0211134397
2006-03-28,1198605.2072590734
2006-03-29,1198919.448377925
2006-03-30,1198781.298861746
2006-03-31,1198317.4068178835
2006-04-03,1199062.4692142752
2006-04-04,1198974.5122686834
2006-04-05,1199042.7236637312
2006-04-06,1198814.4171683271
2006-04-07,1198200.2750968083
2006-04-10,1198637.4684451895
2006-04-11,1197932.7624508927
2006-04-12,1197724.4722231035
2006-04-13,1197848.7363206334
2006-04-14,1197896.0205014236
2006-04-17,1197796.4182236248
2006-04-18,1199197.1981994137
2006-04-19,1199612.8368759933
2006-04-20,1199178.0621766895
2006-04-21,1199582.7075201923
2006-04-24,1198149.5428037865
2006-04-25,1198139.287304796
2006-04-26,1198267.199975569
2006-04-27,1198173.6909132367
2006-04-28,1198464.8706460337
2006-05-01,1198189.0784144085
2006-05-02,1199492.2433478935
2006-05-03,1198734.9861509034
2006-05-04,1199003.7089582435
2006-05-05,1199690.203185414
2006-05-08,1198771.5697164824
2006-05-09,1199762.5030662932
2006-05-10,1199268.3013325795
2006-05-11,1198806.5281933527
2006-05-12,1198066.4504347385
2006-05-15,1196911.3408597547
2006-05-16,1197459.308641209
2006-05-17,1196242.8388248584
2006-05-18,1196904.9323662065
2006-05-19,1196316.1823390413
2006-05-22,1196848.6569881598
2006-05-23,1196364.3600323834
2006-05-24,1196047.8583409674
2006-05-25,1197106.044246793
2006-05-26,1196537.1369188565
2006-05-29,1196569.2049340955
2006-05-30,1197662.5244521003
2006-05-31,1197075.8513988615
2006-06-01,1196821.6945226071
2006-06-02,1197684.7728332623
2006-06-05,1197311.4444045215
2006-06-06,1196692.5129031513
2006-06-07,1196310.7220253823
2006-06-08,1195357.051149855
2006-06-09,1195933.845349609
2006-06-12,1195737.3714873518
2006-06-13,1194870.642234796
2006-06-14,1195239.0220108626
2006-06-15,1195144.0202690398
2006-06-16,1195017.6658414393
2006-06-19,1194687.4791509467
2006-06-20,1194750.2345840205
2006-06-21,1195301.4789792008
2006-06-22,1194797.687468991
2006-06-23,1194416.5170917397
2006-06-26,1194656.9292095331
2006-06-27,1194915.0195688894
2006-06-28,1194813.6504935194
2006-06-29,1194936.712336792
2006-06-30,1195013.7986535034
2006-07-03,1195217.7664590934
2006-07-04,1195333.6004746656
2006-07-05,1195747.5514502306
2006-07-06,1195687.3171855249
2006-07-07,1195370.8556251405
2006-07-10,1194983.3205729173
2006-07-11,1194774.708509315
2006-07-12,1195389.450046187
2006-07-13,1195930.3495641386
2006-07-14,1196062.0986562346
2006-07-17,1195742.7652096916
2006-07-18,1195493.5795689349
2006-07-19,1195342.2063622584
2006-07-20,1195532.9647836834
2006-07-21,1195706.4036702032
2006-07-24,1195454.1512360354
2006-07-25,1195312.3981643068
2006-07-26,1195562.6406162633
2006-07-27,1195347.5910989838
2006-07-28,1194650.813785362
2006-07-31,1194833.5765901548
2006-08-01,1195279.2462899024
2006-08-02,1195192.3810403224
2006-08-03,1195061.3036532176
2006-08-04,1195091.2001453328
2006-08-07,1195740.003424373
2006-08-08,1195643.5550837142
2006-08-09,1196006.4315174555
2006-08-10,1195282.7589659777
2006-08-11,1195691.1647933892
2006-08-14,1195419.0094415697
2006-08-15,1195176.5308248398
2006-08-16,1195233.4478154986
2006-08-17,1194678.6029399242
2006-08-18,1194575.6892853845
2006-08-21,1194855.219519981
2006-08-22,1195054.1522221835
2006-08-23,1194810.8495420793
2006-08-24,1194529.656691091
2006-08-25,1194830.0519273109
2006-08-28,1195108.8737871514
2006-08-29,1195299.5145295055
2006-08-30,1195668.5050496296
2006-08-31,1195907.311031459
2006-09-01,1196226.0751158015
2006-09-04,1196087.92648201
2006-09-05,1195792.6040125564
2006-09-06,1194923.8001245705
2006-09-07,1193773.4142955488
2006-09-08,1193649.6699450507
2006-09-11,1193841.9338343383
2006-09-12,1194627.8278604168
2006-09-13,1194587.0240153498
2006-09-14,1194864.0994009408
2006-09-15,1194555.3366263392
2006-09-18,1195175.1733163025
2006-09-19,1194217.5646964381
2006-09-20,1194726.8572129514
2006-09-21,1194608.532078653
2006-09-22,1193822.4028517178
2006-09-25,1194011.7398570387
2006-09-26,1194349.5135681122
2006-09-27,1194889.2167905783
2006-09-28,1195067.9064639267
2006-09-29,1195017.4679323237
2006-10-02,1195189.9181122603
2006-10-03,1195407.0296374229
2006-10-04,1195593.2365516871
2006-10-05,1195621.5253769557
2006-10-06,1195460.0253691797
2006-10-09,1195479.848147653
2006-10-10,1195890.5151558635
2006-10-11,1196005.9452779223
2006-10-12,1196500.6426828161
2006-10-13,1196791.2204407773
2006-10-16,1196624.8883848384
2006-10-17,1196032.5368209386
2006-10-18,1196450.1548957645
2006-10-19,1196377.8145880087
2006-10-20,1196683.9996007113
2006-10-23,1197394.390964134
2006-10-24,1197428.1977870064
2006-10-25,1197512.866117236
2006-10-26,1197824.1253339788
2006-10-27,1196795.610981092
2006-10-30,1196691.210864756
2006-10-31,1196702.3305751486
2006-11-01,1196359.809950098
2006-11-02,1196570.4612999249
2006-11-03,1196319.6978824788
2006-11-06,1197477.73962249
2006-11-07,1197714.7170011357
2006-11-08,1197318.939674438
2006-11-09,1196887.0297861865
2006-11-10,1196943.0331490282
2006-11-13,1196885.9709933419
2006-11-14,1197253.5176478326
2006-11-15,1197708.0526700474
2006-11-16,1198333.4375708888
2006-11-17,1198080.2184098335
2006-11-20,1198420.603424687
2006-11-21,1198506.1322069215
2006-11-22,1198425.1165051244
2006-11-23,1197856.2235059657
2006-11-24,1198736.5134377794
2006-11-27,1198204.226255464
2006-11-28,1199360.196159598
2006-11-29,1199144.716049586
2006-11-30,1200467.120393383
2006-12-01,1200881.8807215202
2006-12-04,1201322.1864828623
2006-12-05,1200487.3718707403
2006-12-06,1199839.4924493628
2006-12-07,1199888.9145042347
2006-12-08,1199283.3964784537
2006-12-11,1200178.7580069094
2006-12-12,1200617.8309913697
2006-12-13,1200652.3759134845
2006-12-14,1200447.366344441
2006-12-15,1199752.7417034481
2006-12-18,1199359.2842482028
2006-12-19,1200815.3092148318
2006-12-20,1200675.0625547888
2006-12-21,1200311.8584853983
2006-12-22,1199940.3403431256
2006-12-25,1200204.013895948
2006-12-26,1200079.0719989797
2006-12-27,1200664.3307978255
2006-12-28,1201641.9401610794
2006-12-29,1201798.4220360236
2007-01-01,1201876.557853668
2007-01-02,1203759.647492322
2007-01-03,1202029.8132287813
2007-01-04,1200867.6127886202
2007-01-05,1197570.02219371
2007-01-08,1197832.1651360895
2007-01-09,1198209.4708267439
2007-01-10,1198259.1180539175
2007-01-11,1199412.5324936374
2007-01-12,1199575.9527036157
2007-01-15,1199791.1923063616
2007-01-16,1199837.0342145956
2007-01-17,1199585.1740548036
2007-01-18,1199651.0995071034
2007-01-19,1199613.1115179302
2007-01-22,1199607.2911372932
2007-01-23,1199937.651208293
2007-01-24,1199432.8998743081
2007-01-25,1197634.451802867
2007-01-26,1197224.994157627
2007-01-29,1198023.3103644305
2007-01-30,1197628.468689669
2007-01-31,1197079.225083365
2007-02-01,1197852.1770149602
2007-02-02,1197775.6716567874
2007-02-05,1197056.5048761386
2007-02-06,1197446.79181165
2007-02-07,1198070.1692393243
2007-02-08,1198180.585999372
2007-02-09,1198128.814735479
2007-02-12,1197605.616828209
2007-02-13,1198167.389011765
2007-02-14,1199283.7178275108
2007-02-15,1198706.1949670052
2007-02-16,1198677.0068489308
2007-02-19,1199083.8593370463
2007-02-20,1199088.6164876667
2007-02-21,1199486.4481968705
2007-02-22,1200136.0037967658
2007-02-23,1199985.0078855124
2007-02-26,1200066.8846750031
2007-02-27,1195643.175386285
2007-02-28,1195712.870868225
2007-03-01,1195168.2032401697
2007-03-02,1194671.7721747144
2007-03-05,1194671.7721747144
2007-03-06,1194671.7721747144
2007-03-07,1194671.7721747144
2007-03-08,1194671.7721747144
2007-03-09,1194671.7721747144
2007-03-12,1194671.7721747144
2007-03-13,1194671.7721747144
2007-03-14,1194671.7721747144
2007-03-15,1194671.7721747144
2007-03-16,1194671.7721747144
2007-03-19,1194627.388261481
2007-03-20,1194722.8677214142
2007-03-21,1195139.0850855277
2007-03-22,1194863.352582277
2007-03-23,1194661.0997147146
2007-03-26,1195010.384261375
2007-03-27,1195027.6777154065
2007-03-28,1194788.1870484944
2007-03-29,1194910.2687356218
2007-03-30,1195028.426204304
2007-04-02,1195399.9290157862
2007-04-03,1195116.0879794476
2007-04-04,1195607.7264385563
2007-04-05,1195905.1663072149
2007-04-06,1195629.9810684195
2007-04-09,1195601.9919429806
2007-04-10,1196390.3110389374
2007-04-11,1196525.329818069
2007-04-12,1196939.3390136668
2007-04-13,1197555.336970168
2007-04-16,1197835.7276428202
2007-04-17,1198326.015058391
2007-04-18,1198504.3224717986
2007-04-19,1197982.3841138373
2007-04-20,1198559.305918495
2007-04-23,1197920.790734534
2007-04-24,1197695.5665069579
2007-04-25,1198894.0408272224
2007-04-26,1197680.114943581
2007-04-27,1198701.1804556309
2007-04-30,1198268.012057394
2007-05-01,1197799.1737322488
2007-05-02,1198126.213008282
2007-05-03,1198556.1521507904
2007-05-04,1199202.0742588288
2007-05-07,1199572.7161858047
2007-05-08,1198878.382420384
2007-05-09,1198893.052851024
2007-05-10,1196658.8151306484
2007-05-11,1198533.2411804807
2007-05-14,1198518.2229191205
2007-05-15,1199258.4173275654
2007-05-16,1198013.3597209502
2007-05-17,1198000.4413480829
2007-05-18,1199021.3629761196
2007-05-21,1198952.5916358607
2007-05-22,1198620.6848877007
2007-05-23,1199215.269034953
2007-05-24,1197871.0059591548
2007-05-25,1198327.1874012176
2007-05-28,1198462.8158928466
2007-05-29,1198849.7983193097
2007-05-30,1199474.6843882846
2007-05-31,1200314.516745887
2007-06-01,1201536.3393734738
2007-06-04,1201978.9946098446
2007-06-05,1201545.9249930053
2007-06-06,1200802.6550865362
2007-06-07,1198739.5640398832
2007-06-08,1199299.7978769785
2007-06-11,1199556.9909997932
2007-06-12,1198154.5191960807
2007-06-13,1199367.6086663685
2007-06-14,1200071.1072458853
2007-06-15,1201726.8970551095
2007-06-18,1201832.795110296
2007-06-19,1202234.9590834754
2007-06-20,1201331.3119124004
2007-06-21,1201530.1009419153
2007-06-22,1201400.3725885001
2007-06-25,1201451.5741027514
2007-06-26,1200562.6855460291
2007-06-27,1200143.0021915322
2007-06-28,1201616.0068191632
2007-06-29,1202249.8432943176
2007-07-02,1203521.4536886765
2007-07-03,1203233.3809834882
2007-07-04,1203738.1620391181
2007-07-05,1203687.9093222737
2007-07-06,1204776.6150453028
2007-07-09,1205171.5052382855
2007-07-10,1204039.8092864046
2007-07-11,1204808.1927918086
2007-07-12,1206439.7338415422
2007-07-13,1206961.232804273
2007-07-16,1207079.7484918302
2007-07-17,1207388.4904052173
2007-07-18,1207629.4903984428
2007-07-19,1208359.3759185215
2007-07-20,1207210.2198852012
2007-07-23,1207502.7087068676
2007-07-24,1205811.0614801878
2007-07-25,1205522.261542704
2007-07-26,1201756.2231423268
2007-07-27,1200499.2025914944
2007-07-30,1200529.0829391954
2007-07-31,1200685.9270810816
2007-08-01,1200276.415799053
2007-08-02,1200334.449777503
2007-08-03,1200366.1428080401
2007-08-06,1199827.2385963716
2007-08-07,1199597.8077508018
2007-08-08,1199634.5974485741
2007-08-09,1199211.8705582696
2007-08-10,1199254.0616492976
2007-08-13,1198936.3120536492
2007-08-14,1198827.7013992048
2007-08-15,1198827.7013992048
2007-08-16,1198827.7013992048
2007-08-17,1198827.7013992048
2007-08-20,1198827.7013992048
2007-08-21,1198827.7013992048
2007-08-22,1198827.7013992048
2007-08-23,1198827.7013992048
2007-08-24,1198827.7013992048
2007-08-27,1198827.7013992048
2007-08-28,1198827.7013992048
2007-08-29,1198827.7013992048
2007-08-30,1198827.7013992048
2007-08-31,1198827.7013992048
2007-09-03,1198827.7013992048
2007-09-04,1198827.7013992048
2007-09-05,1198827.7013992048
2007-09-06,1198827.7013992048
2007-09-07,1198961.438236617
2007-09-10,1199029.451404687
2007-09-11,1199290.494037107
2007-09-12,1199260.6567984226
2007-09-13,1199075.2671310643
2007-09-14,1198928.5526224654
2007-09-17,1199459.8727147253
2007-09-18,1200534.475834694
2007-09-19,1200352.9899991972
2007-09-20,1201456.8713424155
2007-09-21,1201372.969516783
2007-09-24,1201149.7522361025
2007-09-25,1201126.5195666647
2007-09-26,1201231.0897511472
2007-09-27,1201894.6278158845
2007-09-28,1202484.5592968455
2007-10-01,1202541.6467048847
2007-10-02,1201390.9154078118
2007-10-03,1200966.5506227806
2007-10-04,1201763.8097929151
2007-10-05,1202766.585549508
2007-10-08,1201756.567155634
2007-10-09,1202683.1492475173
2007-10-10,1202899.549513838
2007-10-11,1203371.763518094
2007-10-12,1204155.7230902056
2007-10-15,1204160.1668079665
2007-10-16,1203605.659654114
2007-10-17,1203847.3936478016
2007-10-18,1204687.5440530444
2007-10-19,1203018.5253107378
2007-10-22,1201273.5861945762
2007-10-23,1202875.4174279817
2007-10-24,1203288.0467659826
2007-10-25,1204461.3601495954
2007-10-26,1205962.830271509
2007-10-29,1207271.4164796686
2007-10-30,1206448.2312118353
2007-10-31,1209076.9406881114
2007-11-01,1206409.3131190753
2007-11-02,1208764.372299135
2007-11-05,1207835.5514076476
2007-11-06,1210045.1054551953
2007-11-07,1208887.704820542
2007-11-08,1208393.9814133006
2007-11-09,1206575.7634478414
2007-11-12,1202669.2918101815
2007-11-13,1202760.7355458545
2007-11-14,1203117.7458937224
2007-11-15,1202504.9511760105
2007-11-16,1202772.4335025006
2007-11-19,1203012.0508204098
2007-11-20,1203647.1992873014
2007-11-21,1203948.831905384
2007-11-22,1203697.928980948
2007-11-23,1203756.1483975644
2007-11-26,1203747.0823141893
2007-11-27,1202950.2755435563
2007-11-28,1202295.5336788818
2007-11-29,1201916.1546989977
2007-11-30,1201059.1683288424
2007-12-03,1201156.2969609934
2007-12-04,1201600.5513550306
2007-12-05,1200805.1711130599
2007-12-06,1200732.332482974
2007-12-07,1200783.2072166393
2007-12-10,1200938.6108769993
2007-12-11,1200770.5707831054
2007-12-12,1200918.9052738629
2007-12-13,1200703.146158093
2007-12-14,1200175.3938610102
2007-12-17,1200175.3938610102
2007-12-18,1200175.3938610102
2007-12-19,1200175.3938610102
2007-12-20,1200175.3938610102
2007-12-21,1200175.3938610102
2007-12-24,1200175.3938610102
2007-12-25,1200175.3938610102
2007-12-26,1200175.3938610102
2007-12-27,1200175.3938610102
2007-12-28,1200175.3938610102
2007-12-31,1200175.3938610102
2008-01-01,1200175.3938610102
2008-01-02,1200175.3938610102
2008-01-03,1200280.4221007708
2008-01-04,1200188.2245363994
2008-01-07,1200161.7543911426
2008-01-08,1200483.1986041525
2008-01-09,1200333.4850397164
2008-01-10,1200522.4563516928
2008-01-11,1200652.015436477
2008-01-14,1200539.5203411377
2008-01-15,1201049.2634707298
2008-01-16,1201001.9554959652
2008-01-17,1201783.338665052
2008-01-18,1201790.1149157523
2008-01-21,1203500.389927307
2008-01-22,1202222.7092740731
2008-01-23,1202197.3513757046
2008-01-24,1201221.8275225149
2008-01-25,1201224.6193121306
2008-01-28,1201502.271186449
2008-01-29,1200805.2447925876
2008-01-30,1201379.2290474365
2008-01-31,1200682.5675960502
2008-02-01,1199837.1035284991
2008-02-04,1199712.4898699962
2008-02-05,1200121.9766909794
2008-02-06,1200599.2490054085
2008-02-07,1201121.062527961
2008-02-08,1201438.136964788
2008-02-11,1201552.3449157071
2008-02-12,1200565.2226205717
2008-02-13,1200260.871218384
2008-02-14,1200084.5666785836
2008-02-15,1200375.8767875708
2008-02-18,1200239.3522385857
2008-02-19,1200747.1558053333
2008-02-20,1201438.7900206766
2008-02-21,1200805.9468826547
2008-02-22,1201053.2072484458
2008-02-25,1200592.3821312634
2008-02-26,1200429.3731462117
2008-02-27,1201020.507980339
2008-02-28,1201879.041596125
2008-02-29,1201299.758988707
2008-03-03,1201944.436109923
2008-03-04,1201234.6391075193
2008-03-05,1202356.3692003728
2008-03-06,1202332.4390816574
2008-03-07,1202194.3875387637
2008-03-10,1202306.8181003802
2008-03-11,1201836.1535903462
2008-03-12,1203010.5712914977
2008-03-13,1203485.7209028814
2008-03-14,1203974.707359598
2008-03-17,1203522.3186977394
2008-03-18,1202260.781453477
2008-03-19,1201399.1189660842
2008-03-20,1199937.1441535284
2008-03-21,1199882.1111988765
2008-03-24,1198819.7685984767
2008-03-25,1199190.0217217677
2008-03-26,1200353.891248593
2008-03-27,1200256.4546596534
2008-03-28,1200119.2400652317
2008-03-31,1199661.4280273486
2008-04-01,1198530.3038037103
2008-04-02,1198759.963822105
2008-04-03,1198717.4382265462
2008-04-04,1198996.3634778347
2008-04-07,1199024.2391369094
2008-04-08,1198879.1592691783
2008-04-09,1199416.850590746
2008-04-10,1199170.180994419
2008-04-11,1199311.9778371314
2008-04-14,1199472.995434523
2008-04-15,1199456.5168480335
2008-04-16,1199739.1671523978
2008-04-17,1199579.4368132544
2008-04-18,1199586.504026718
2008-04-21,1199801.2317233104
2008-04-22,1200142.9243004378
2008-04-23,1199901.3889526345
2008-04-24,1199280.9509442933
2008-04-25,1199422.4802747015
2008-04-28,1199486.3862682409
2008-04-29,1198939.7835441371
2008-04-30,1199026.7976120254
2008-05-01,1198431.9850336583
2008-05-02,1198833.5319663952
2008-05-05,1199354.6470083871
2008-05-06,1199606.8419000732
2008-05-07,1199408.040041974
2008-05-08,1199406.0014554881
2008-05-09,1199499.1633091862
2008-05-12,1199365.2300033642
2008-05-13,1199575.7920867575
2008-05-14,1199345.9673358642
2008-05-15,1199434.131700934
2008-05-16,1199674.1477742912
2008-05-19,1199687.3571020153
2008-05-20,1200013.8893026835
2008-05-21,1200579.0827846436
2008-05-22,1200131.3710809848
2008-05-23,1200268.211088323
2008-05-26,1200417.5610887099
2008-05-27,1199985.0398152363
2008-05-28,1200334.7136290034
2008-05-29,1199812.4791665722
2008-05-30,1199946.765950638
2008-06-02,1199718.6714733941
2008-06-03,1199365.951633596
2008-06-04,1199396.520383417
2008-06-05,1200160.1122695517
2008-06-06,1200748.2806006728
2008-06-09,1200222.653719198
2008-06-10,1199835.554029646
2008-06-11,1199994.0650388126
2008-06-12,1199842.7887104962
2008-06-13,1199972.048915476
2008-06-16,1200214.633218381
2008-06-17,1200296.9893545785
2008-06-18,1200481.4157054473
2008-06-19,1200456.2128420821
2008-06-20,1200426.3748536063
2008-06-23,1200445.2369438945
2008-06-24,1200786.5474934273
2008-06-25,1200808.835372305
2008-06-26,1201526.9367774401
2008-06-27,1201655.2373358123
2008-06-30,1201150.7324582082
2008-07-01,1201391.4750935924
2008-07-02,1202630.9909368602
2008-07-03,1202457.8645476305
2008-07-04,1202730.7042994725
2008-07-07,1202393.5517487822
2008-07-08,1201305.7495301443
2008-07-09,1201762.4296590814
2008-07-10,1202679.0463051598
2008-07-11,1203782.3791671942
2008-07-14,1204298.183473493
2008-07-15,1204191.0107219012
2008-07-16,1202494.3718523183
2008-07-17,1202092.9482870563
2008-07-18,1201866.0336968326
2008-07-21,1202615.3097045436
2008-07-22,1201183.0503288137
2008-07-23,1200065.573059406
2008-07-24,1200386.616936046
2008-07-25,1200529.680391971
2008-07-28,1201173.2695939797
2008-07-29,1199937.7399865352
2008-07-30,1198664.026203285
2008-07-31,1199097.2494550585
2008-08-01,1199023.306244999
2008-08-04,1199549.7674370531
2008-08-05,1198091.4225427888
2008-08-06,1198116.102777755
2008-08-07,1198618.1391045114
2008-08-08,1198030.5828741742
2008-08-11,1197772.183277792
2008-08-12,1197954.8143009346
2008-08-13,1198594.6627629953
2008-08-14,1198754.851874006
2008-08-15,1198720.6664571192
2008-08-18,1198910.6494923048
2008-08-19,1199035.2018952603
2008-08-20,1198843.0854747281
2008-08-21,1198117.7016787922
2008-08-22,1198224.5552820307
2008-08-25,1198544.6553744457
2008-08-26,1198630.6915866032
2008-08-27,1198400.5823287137
2008-08-28,1198386.3630812576
2008-08-29,1198957.302266278
2008-09-01,1199403.42711703
2008-09-02,1200234.22072936
2008-09-03,1200332.1897842488
2008-09-04,1202457.1308706738
2008-09-05,1201851.2346069394
2008-09-08,1201738.6242930747
2008-09-09,1203166.6416940244
2008-09-10,1203443.8277629006
2008-09-11,1202769.4948197172
2008-09-12,1199921.7787809814
2008-09-15,1202543.6039226037
2008-09-16,1203355.1497583322
2008-09-17,1203497.7083135545
2008-09-18,1200586.6465307497
2008-09-19,1195884.4255097501
2008-09-22,1196618.799616341
2008-09-23,1197649.8636280538
2008-09-24,1197247.5909886905
2008-09-25,1196441.9382256866
2008-09-26,1196911.349061948
2008-09-29,1202721.086923347
2008-09-30,1200591.3171495995
2008-10-01,1201077.8646750455
2008-10-02,1203802.6862870685
2008-10-03,1204283.844924165
2008-10-06,1211239.3877538964
2008-10-07,1212127.4784495581
2008-10-08,1216248.7539860613
2008-10-09,1217866.8366914922
2008-10-10,1221612.7342621253
2008-10-13,1213825.910681899
2008-10-14,1214297.6119374617
2008-10-15,1221849.4877662992
2008-10-16,1217825.5315695517
2008-10-17,1218361.570698151
2008-10-20,1216074.7294160589
2008-10-21,1220473.5733613928
2008-10-22,1225283.3923636805
2008-10-23,1224065.5135854476
2008-10-24,1230982.433987095
2008-10-27,1234498.8222232354
2008-10-28,1225367.2603640687
2008-10-29,1222969.9510734745
2008-10-30,1221221.6562604741
2008-10-31,1222044.8681373517
2008-11-03,1221846.424581453
2008-11-04,1217909.892558499
2008-11-05,1221047.177876686
2008-11-06,1223724.85571733
2008-11-07,1222222.589068869
2008-11-10,1222811.8379696188
2008-11-11,1224868.6130281198
2008-11-12,1227963.256696153
2008-11-13,1223956.7316407587
2008-11-14,1226633.5668289508
2008-11-17,1226785.1349670107
2008-11-18,1226178.6671671483
2008-11-19,1228990.8042697432
2008-11-20,1232066.1051296715
2008-11-21,1228764.542367103
2008-11-24,1224950.7017501006
2008-11-25,1225381.7057513522
2008-11-26,1224802.3343811526
2008-11-27,1224562.2713749614
2008-11-28,1225045.0364613517
2008-12-01,1228967.748224717
2008-12-02,1227747.1721167832
2008-12-03,1227224.1000449997
2008-12-04,1228423.8191677465
2008-12-05,1227676.502393742
2008-12-08,1225427.3872478676
2008-12-09,1226093.2339128829
2008-12-10,1225357.2234388536
2008-12-11,1224456.5002610895
2008-12-12,1224269.1139311746
2008-12-15,1224033.126634682
2008-12-16,1222283.0905659467
2008-12-17,1222661.3928847357
2008-12-18,1222713.369552869
2008-12-19,1222667.3772740192
2008-12-22,1223038.6150070413
2008-12-23,1223286.5711497823
2008-12-24,1223524.615169293
2008-12-25,1223495.9005060578
2008-12-26,1223473.0192737908
2008-12-29,1223282.0622432665
2008-12-30,1222776.6680848028
2008-12-31,1222140.848095296
2009-01-01,1222113.1257400545
2009-01-02,1221718.631066961
2009-01-05,1221581.2074722196
2009-01-06,1221309.3748005996
2009-01-07,1220915.974899788
2009-01-08,1220788.4737454068
2009-01-09,1220682.7076725014
2009-01-12,1220890.1149008002
2009-01-13,1221200.0451458357
2009-01-14,1220926.1004439816
2009-01-15,1220890.3631364775
2009-01-16,1220806.9778003232
2009-01-19,1221101.836123496
2009-01-20,1221568.391303152
2009-01-21,1221434.927046832
2009-01-22,1221592.2982726062
2009-01-23,1221682.5190334863
2009-01-26,1221314.2007472566
2009-01-27,1221222.317186091
2009-01-28,1220950.3876797121
2009-01-29,1221095.2834691876
2009-01-30,1220988.5221607073
2009-02-02,1221079.669034261
2009-02-03,1220696.359934381
2009-02-04,1220886.1304858772
2009-02-05,1220679.2411353574
2009-02-06,1220282.929905879
2009-02-09,1220019.590815578
2009-02-10,1220724.1341036248
2009-02-11,1221092.5297471783
2009-02-12,1221254.2544353274
2009-02-13,1220725.277508454
2009-02-16,1220760.7558215118
2009-02-17,1221429.3934860253
2009-02-18,1221612.0091634153
2009-02-19,1221022.5968197451
2009-02-20,1221116.1482631331
2009-02-23,1221815.2697263628
2009-02-24,1220402.637176726
2009-02-25,1220686.6699962749
2009-02-26,1220428.6204557947
2009-02-27,1220780.0859752158
2009-03-02,1222167.5524251042
2009-03-03,1222423.9957477625
2009-03-04,1220689.5572470196
2009-03-05,1222195.7526190667
2009-03-06,1221971.357301293
2009-03-09,1222846.7248462106
2009-03-10,1220600.2568653938
2009-03-11,1219997.801717238
2009-03-12,1219355.3603094197
2009-03-13,1218764.3378964837
2009-03-16,1218758.3374430966
2009-03-17,1218206.638686579
2009-03-18,1217456.7552592645
2009-03-19,1217415.9587681761
2009-03-20,1217517.387101512
2009-03-23,1216976.3449066293
2009-03-24,1217121.063223805
2009-03-25,1217202.4949067736
2009-03-26,1217176.218330096
2009-03-27,1217298.0653931475
2009-03-30,1217513.5493737492
2009-03-31,1217250.5698903622
2009-04-01,1216884.7220803725
2009-04-02,1216326.5490563381
2009-04-03,1216151.8690315378
2009-04-06,1216248.6621334266
2009-04-07,1216181.5470343982
2009-04-08,1216169.107260083
2009-04-09,1215972.4799344807
2009-04-10,1215959.89094827
2009-04-13,1215959.89094827
2009-04-14,1215959.89094827
2009-04-15,1215959.89094827
2009-04-16,1215959.89094827
2009-04-17,1215959.89094827
2009-04-20,1215959.89094827
2009-04-21,1215959.89094827
2009-04-22,1215959.89094827
2009-04-23,1215959.89094827
2009-04-24,1215959.89094827
2009-04-27,1215959.89094827
2009-04-28,1215959.89094827
2009-04-29,1215959.89094827
2009-04-30,1215959.89094827
2009-05-01,1215959.89094827
2009-05-04,1215959.89094827
2009-05-05,1215959.89094827
2009-05-06,1215959.89094827
2009-05-07,1215959.89094827
2009-05-08,1215959.89094827
2009-05-11,1215959.89094827
2009-05-12,1215959.89094827
2009-05-13,1215959.89094827
2009-05-14,1215959.89094827
2009-05-15,1215959.89094827
2009-05-18,1215959.89094827
2009-05-19,1215959.89094827
2009-05-20,1215959.89094827
2009-05-21,1215959.89094827
2009-05-22,1215959.89094827
2009-05-25,1215959.89094827
2009-05-26,1215959.89094827
2009-05-27,1215959.89094827
2009-05-28,1215959.89094827
2009-05-29,1215959.89094827
2009-06-01,1216057.9827061172
2009-06-02,1216338.1341512345
2009-06-03,1215700.2390796961
2009-06-04,1215980.4466974007
2009-06-05,1215469.8305422137
2009-06-08,1215336.447621475
2009-06-09,1215599.3426634555
2009-06-10,1215605.6624227636
2009-06-11,1215891.7701047582
2009-06-12,1215543.5670969358
2009-06-15,1214764.9185985872
2009-06-16,1214632.5203675881
2009-06-17,1214637.8912331746
2009-06-18,1214875.8518162435
2009-06-19,1215040.6677542918
2009-06-22,1214235.2879239076
2009-06-23,1214276.5187610148
2009-06-24,1214403.2354926341
2009-06-25,1214662.5405344071
2009-06-26,1214680.6660661455
2009-06-29,1214785.8454407987
2009-06-30,1214753.5515448996
2009-07-01,1214900.7670887923
2009-07-02,1214276.5978590054
2009-07-03,1214463.6126670302
2009-07-06,1214360.3263840233
2009-07-07,1214089.7448534684
2009-07-08,1213696.2098059538
2009-07-09,1213768.1133713415
2009-07-10,1213686.1684119103
2009-07-13,1213780.3781411275
2009-07-14,1213964.3439670862
2009-07-15,1214114.1630734114
2009-07-16,1214150.19068737
2009-07-17,1214103.6938302177
2009-07-20,1214432.532370491
2009-07-21,1214628.757576923
2009-07-22,1214588.5436843375
2009-07-23,1214691.241970577
2009-07-24,1214954.0689648248
2009-07-27,1215068.441700755
2009-07-28,1215138.1457846384
2009-07-29,1214977.8267930318
2009-07-30,1215302.7235665019
2009-07-31,1215464.020513402
2009-08-03,1215999.4610198378
2009-08-04,1215877.4764006943
2009-08-05,1215524.783067438
2009-08-06,1215158.121694235
2009-08-07,1215096.0221257964
2009-08-10,1214505.0144322612
2009-08-11,1213559.9078985122
2009-08-12,1214361.716572046
2009-08-13,1214901.386901041
2009-08-14,1213954.6218733466
2009-08-17,1211601.0418909127
2009-08-18,1212798.376463048
2009-08-19,1213258.4206849406
2009-08-20,1213869.3565256721
2009-08-21,1214892.7069949526
2009-08-24,1214986.8732398285
2009-08-25,1214746.5866474824
2009-08-26,1214113.3129284338
2009-08-27,1214730.3887780807
2009-08-28,1214760.6643800174
2009-08-31,1214331.6966314015
2009-09-01,1212303.531854191
2009-09-02,1212328.2787546478
2009-09-03,1213143.375952288
2009-09-04,1214586.0381317916
2009-09-07,1215425.35425589
2009-09-08,1215953.5387853908
2009-09-09,1216391.9160953185
2009-09-10,1216913.6291422576
2009-09-11,1216675.6784853167
2009-09-14,1216535.3357848062
2009-09-15,1217099.600606805
2009-09-16,1218538.3330973685
2009-09-17,1218688.7425923573
2009-09-18,1218468.82450385
2009-09-21,1217999.3168121697
2009-09-22,1218967.5441080306
2009-09-23,1217952.4626822986
2009-09-24,1216967.335137737
2009-09-25,1216428.7244799053
2009-09-28,1217084.893570617
2009-09-29,1216717.286083703
2009-09-30,1217330.2482791743
2009-10-01,1215512.798458884
2009-10-02,1215408.833124319
2009-10-05,1216584.632117334
2009-10-06,1218140.6508407425
2009-10-07,1218266.4480329498
2009-10-08,1219217.6418714626
2009-10-09,1219397.972233388
2009-10-12,1219907.5821344936
2009-10-13,1220361.599709159
2009-10-14,1221193.3721626191
2009-10-15,1221200.022007919
2009-10-16,1220715.2284296374
2009-10-19,1222308.005519771
2009-10-20,1221100.9722459444
2009-10-21,1221490.8440786335
2009-10-22,1221977.8989188895
2009-10-23,1221302.3009486778
2009-10-26,1219934.2437312831
2009-10-27,1219629.7893512547
2009-10-28,1216820.5042555272
2009-10-29,1219281.5320021848
2009-10-30,1216649.8962153294
2009-11-02,1217131.243099222
2009-11-03,1217568.896590364
2009-11-04,1218162.8593647836
2009-11-05,1218295.8068958113
2009-11-06,1218341.4736033282
2009-11-09,1219374.338149207
2009-11-10,1219308.94969239
2009-11-11,1219387.35818317
2009-11-12,1218431.6262398178
2009-11-13,1219272.710334389
2009-11-16,1220547.0475076044
2009-11-17,1220461.3358997363
2009-11-18,1220522.2288744447
2009-11-19,1219320.2007867915
2009-11-20,1218823.2393676424
2009-11-23,1220075.935674429
2009-11-24,1219841.7200908689
2009-11-25,1221279.4837962815
2009-11-26,1219221.9963580146
2009-11-27,1218962.5850537815
2009-11-30,1219330.5476942465
2009-12-01,1220793.16265618
2009-12-02,1221029.5222000023
2009-12-03,1220288.059104484
2009-12-04,1219300.1449406985
2009-12-07,1218480.6870061595
2009-12-08,1217233.0292717696
2009-12-09,1217412.1960378706
2009-12-10,1217771.2210078943
2009-12-11,1217605.4706914763
2009-12-14,1218095.1237814918
2009-12-15,1217510.2701897135
2009-12-16,1217627.1062987954
2009-12-17,1216504.7673542087
2009-12-18,1216769.4917873815
2009-12-21,1217249.0073856423
2009-12-22,1217633.2775466756
2009-12-23,1217848.0260551209
2009-12-24,1218164.6503997832
2009-12-25,1218164.6503997832
2009-12-28,1218359.5974780223
2009-12-29,1218569.5566118143
2009-12-30,1218426.3462874473
2009-12-31,1218212.9877645695
2010-01-01,1218212.9877645695
2010-01-04,1219113.0674561628
2010-01-05,1219189.6273025451
2010-01-06,1219177.802358237
2010-01-07,1219096.0378419464
2010-01-08,1219484.5396280338
2010-01-11,1219239.3688494128
2010-01-12,1217955.8224207887
2010-01-13,1218577.6765021542
2010-01-14,1219143.640937063
2010-01-15,1217911.5465973841
2010-01-18,1218381.639144196
2010-01-19,1218690.3844669696
2010-01-20,1217065.4404321995
2010-01-21,1215305.047330975
2010-01-22,1213872.7805159765
2010-01-25,1214062.3248715547
2010-01-26,1213624.6852809396
2010-01-27,1213631.1286104044
2010-01-28,1213749.318612367
2010-01-29,1213866.9649750043
2010-02-01,1213585.4620852584
2010-02-02,1213546.5019305767
2010-02-03,1213575.1299671337
2010-02-04,1214370.1941613015
2010-02-05,1214509.430423148
2010-02-08,1214795.005312925
2010-02-09,1213882.667495044
2010-02-10,1214178.1958092668
2010-02-11,1214108.214335948
2010-02-12,1214270.5472891617
2010-02-15,1214432.6851535318
2010-02-16,1213620.0134473536
2010-02-17,1214111.5564740875
2010-02-18,1214476.2782996232
2010-02-19,1214331.0370070483
2010-02-22,1214449.1433102142
2010-02-23,1215027.4372158367
2010-02-24,1214956.733267557
2010-02-25,1215369.2200592551
2010-02-26,1215167.3258030391
2010-03-01,1215731.293491324
2010-03-02,1215633.1705329497
2010-03-03,1215245.8474313817
2010-03-04,1215608.4744306412
2010-03-05,1215034.0548613567
2010-03-08,1215066.8970991329
2010-03-09,1215346.1778187528
2010-03-10,1215309.9835139543
2010-03-11,1215178.4670722953
2010-03-12,1214613.0402365546
2010-03-15,1215091.5283669482
2010-03-16,1214763.2028990998
2010-03-17,1215053.6612276952
2010-03-18,1215583.8312690177
2010-03-19,1215925.1500076992
2010-03-22,1216012.1004411175
2010-03-23,1216676.0419614362
2010-03-24,1216662.337704665
2010-03-25,1216709.1509491222
2010-03-26,1216264.0863548273
2010-03-29,1216235.1874635841
2010-03-30,1216157.864878957
2010-03-31,1215613.8405127625
2010-04-01,1216569.8812793405
2010-04-02,1217064.6012849119
2010-04-05,1217589.067341688
2010-04-06,1217728.5100983114
2010-04-07,1217066.936676563
2010-04-08,1217223.906627623
2010-04-09,1217582.848062937
2010-04-12,1216737.9282935383
2010-04-13,1216888.5404003211
2010-04-14,1218216.5107509599
2010-04-15,1218135.2362482876
2010-04-16,1215164.3141722083
2010-04-19,1215111.4563223007
2010-04-20,1216796.0712935287
2010-04-21,1216124.0939362065
2010-04-22,1216484.2521029068
2010-04-23,1217400.1016788157
2010-04-26,1216884.9950079427
2010-04-27,1214851.5885690642
2010-04-28,1216004.7793948785
2010-04-29,1217037.5933453413
2010-04-30,1215968.4658390319
2010-05-03,1217043.0824788536
2010-05-04,1214491.3392578685
2010-05-05,1213959.1412602104
2010-05-06,1214377.9748761358
2010-05-07,1213934.2698601964
2010-05-10,1213272.0218791368
2010-05-11,1214134.9250579027
2010-05-12,1214268.6279239326
2010-05-13,1214964.3541578858
2010-05-14,1215663.1494382357
2010-05-17,1215427.540830641
2010-05-18,1216507.7760554042
2010-05-19,1215111.058998811
2010-05-20,1215538.5663134684
2010-05-21,1214748.6089379857
2010-05-24,1215740.8573071808
2010-05-25,1215764.5037493259
2010-05-26,1216681.2921835457
2010-05-27,1215565.5565725488
2010-05-28,1216033.4861636884
2010-05-31,1215728.0990004716
2010-06-01,1216084.759647363
2010-06-02,1215671.595500999
2010-06-03,1215705.0693422197
2010-06-04,1216777.1618414985
2010-06-07,1217265.2806402328
2010-06-08,1217065.7034431526
2010-06-09,1216874.9829401362
2010-06-10,1216027.5914153578
2010-06-11,1216320.1232553385
2010-06-14,1215672.8555088262
2010-06-15,1215431.2788480576
2010-06-16,1215534.615586611
2010-06-17,1215486.5172467341
2010-06-18,1215650.0498133595
2010-06-21,1215476.0261885251
2010-06-22,1215777.7079455417
2010-06-23,1215584.4342677696
2010-06-24,1215710.1808991479
2010-06-25,1215716.5582394367
2010-06-28,1215732.409078239
2010-06-29,1216111.7282607334
2010-06-30,1215939.8146926065
2010-07-01,1214743.566280404
2010-07-02,1214903.6442162937
2010-07-05,1214802.0354074447
2010-07-06,1214483.8385470572
2010-07-07,1214370.871041705
2010-07-08,1214113.888491952
2010-07-09,1214200.311072505
2010-07-12,1213991.8689417806
2010-07-13,1214196.909771471
2010-07-14,1214145.6694554004
2010-07-15,1214563.3379060628
2010-07-16,1214809.5687760403
2010-07-19,1214526.6878136136
2010-07-20,1214352.818182809
2010-07-21,1214646.8931116022
2010-07-22,1214445.3752953704
2010-07-23,1214252.6025443343
2010-07-26,1214270.5798498
2010-07-27,1214088.6431425721
2010-07-28,1214089.157355778
2010-07-29,1214161.246046899
2010-07-30,1214333.3273319828
2010-08-02,1214203.783412596
2010-08-03,1214464.5117271924
2010-08-04,1214488.3243757375
2010-08-05,1214526.983308559
2010-08-06,1214483.6805147913
2010-08-09,1214402.0386628911
2010-08-10,1214416.630660958
2010-08-11,1213814.9839168692
2010-08-12,1213631.9021242834
2010-08-13,1213575.8112565167
2010-08-16,1213719.0136679972
2010-08-17,1213915.3459816864
2010-08-18,1213600.2296136084
2010-08-19,1213254.3087859123
2010-08-20,1213405.4007566692
2010-08-23,1213645.0044614305
2010-08-24,1213644.4070203635
2010-08-25,1213531.0880646086
2010-08-26,1213556.6345705611
2010-08-27,1213674.1081003842
2010-08-30,1213793.8270553937
2010-08-31,1213971.614953822
2010-09-01,1214236.8211461692
2010-09-02,1214338.911653663
2010-09-03,1214440.9483661777
2010-09-06,1214387.4886746043
2010-09-07,1214535.9634711368
2010-09-08,1214693.2454646793
2010-09-09,1214926.8449810226
2010-09-10,1214868.0280971655
2010-09-13,1215014.4487544936
2010-09-14,1215130.2822393442
2010-09-15,1214672.286406842
2010-09-16,1214765.8626763003
2010-09-17,1214629.8329982485
2010-09-20,1215446.1107197746
2010-09-21,1215558.6721060781
2010-09-22,1215568.1042576947
2010-09-23,1215096.4824209705
2010-09-24,1216324.9968732507
2010-09-27,1216078.5109797786
2010-09-28,1216617.636594037
2010-09-29,1216531.0330667458
2010-09-30,1216181.4524007
2010-10-01,1216778.7051303815
2010-10-04,1216155.2719234824
2010-10-05,1217545.7648405246
2010-10-06,1217783.3693040048
2010-10-07,1217632.7316772582
2010-10-08,1217995.0441715044
2010-10-11,1218135.0674794556
2010-10-12,1218271.6864737868
2010-10-13,1219079.7854293538
2010-10-14,1219352.5377673346
2010-10-15,1218939.7738072097
2010-10-18,1218559.5003274807
2010-10-19,1216571.6057646954
2010-10-20,1218126.2702038588
2010-10-21,1217451.1532179231
2010-10-22,1217696.5359500458
2010-10-25,1217992.5780225948
2010-10-26,1217663.278081949
2010-10-27,1217004.9030456885
2010-10-28,1217662.3291089959
2010-10-29,1217779.8481897018
2010-11-01,1217919.5037129677
2010-11-02,1219036.2224599977
2010-11-03,1219660.5452737282
2010-11-04,1221016.6601016372
2010-11-05,1220946.5023045472
2010-11-08,1220468.1202669702
2010-11-09,1219191.5960769616
2010-11-10,1220015.8634475106
2010-11-11,1219563.5221194546
2010-11-12,1217417.1847864105
2010-11-15,1217154.2666989146
2010-11-16,1215008.979161235
2010-11-17,1214891.11234007
2010-11-18,1216883.9565786102
2010-11-19,1216582.1247231306
2010-11-22,1216625.187896872
2010-11-23,1214645.807923079
2010-11-24,1215973.288459016
2010-11-25,1216060.9025786323
2010-11-26,1214568.4081493688
2010-11-29,1214744.2671431599
2010-11-30,1214206.316134376
2010-12-01,1215327.114509269
2010-12-02,1216087.6255989461
2010-12-03,1216437.2035155096
2010-12-06,1216383.1870791828
2010-12-07,1215946.8337170156
2010-12-08,1216037.134223215
2010-12-09,1216131.3418541327
2010-12-10,1216405.3557598884
2010-12-13,1216632.2227139804
2010-12-14,1216833.9318945506
2010-12-15,1216418.9698022946
2010-12-16,1216389.52094312
2010-12-17,1216142.3592972571
2010-12-20,1216332.583933353
2010-12-21,1216890.8250035606
2010-12-22,1217213.3090347718
2010-12-23,1217162.146132093
2010-12-24,1217186.806921473
2010-12-27,1217186.2135514978
2010-12-28,1217552.2778860019
2010-12-29,1217664.845402132
2010-12-30,1217024.587945057
2010-12-31,1217404.1657278568
2011-01-03,1217652.4837710462
2011-01-04,1216818.560110888
2011-01-05,1217463.730659091
2011-01-06,1217028.4805064846
2011-01-07,1217187.3830437218
2011-01-10,1217187.301361777
2011-01-11,1217419.2895111658
2011-01-12,1218088.600939579
2011-01-13,1216819.703627048
2011-01-14,1216588.4518620141
2011-01-17,1216485.664420911
2011-01-18,1217323.2910626114
2011-01-19,1215901.7971830687
2011-01-20,1214565.8031046921
2011-01-21,1214434.7567691256
2011-01-24,1215295.8901173428
2011-01-25,1214979.3068568157
2011-01-26,1215738.602843495
2011-01-27,1215611.058068098
2011-01-28,1213924.0299493317
2011-01-31,1214817.0852747802
2011-02-01,1216413.0788331325
2011-02-02,1216845.079760509
2011-02-03,1216773.6211741343
2011-02-04,1217029.0012084502
2011-02-07,1217021.9457568119
2011-02-08,1217508.3342364994
2011-02-09,1217294.6654531101
2011-02-10,1216919.6076705987
2011-02-11,1217080.6207670444
2011-02-14,1216963.5829623402
2011-02-15,1216806.826705345
2011-02-16,1217830.8231385706
2011-02-17,1218403.718942094
2011-02-18,1218713.860994219
2011-02-21,1217747.8689381583
2011-02-22,1215635.827117553
2011-02-23,1215975.9136098255
2011-02-24,1215538.4855380587
2011-02-25,1216389.5501319857
2011-02-28,1216772.5996052828
2011-03-01,1216464.5660023903
2011-03-02,1217188.9977785277
2011-03-03,1217408.980798005
2011-03-04,1217789.9520134274
2011-03-07,1217427.2375125247
2011-03-08,1217398.4587431138
2011-03-09,1217502.6023908008
2011-03-10,1215733.2196638228
2011-03-11,1216131.5468224655
2011-03-14,1216276.9922651628
2011-03-15,1214127.9476294105
2011-03-16,1214022.8183095034
2011-03-17,1214861.9067893608
2011-03-18,1215495.9307969871
2011-03-21,1215811.7693210414
2011-03-22,1216143.369510737
2011-03-23,1215973.9361307325
2011-03-24,1215789.4728608222
2011-03-25,1215629.1752971488
2011-03-28,1215208.936272857
2011-03-29,1215410.7130513468
2011-03-30,1215847.4173323768
2011-03-31,1216324.3262943036
2011-04-01,1217021.686840029
2011-04-04,1216942.6067995897
2011-04-05,1217612.6261945197
2011-04-06,1218772.860885235
2011-04-07,1218861.8117883005
2011-04-08,1220346.4710334064
2011-04-11,1219237.8849719297
2011-04-12,1217916.8526417639
2011-04-13,1218410.7534528954
2011-04-14,1219065.0878568888
2011-04-15,1219124.1620756323
2011-04-18,1217686.1595636825
2011-04-19,1218466.3521582726
2011-04-20,1220345.799859868
2011-04-21,1220639.7424984227
2011-04-22,1220600.6599831413
2011-04-25,1220560.1055512817
2011-04-26,1220971.09567633
2011-04-27,1222648.208020624
2011-04-28,1222783.323085083
2011-04-29,1223745.571047915
2011-05-02,1222915.6408361148
2011-05-03,1221355.0781119983
2011-05-04,1219900.5948546599
2011-05-05,1216365.3724201536
2011-05-06,1215902.4365881798
2011-05-09,1216369.044713223
2011-05-10,1217152.6223331094
2011-05-11,1216255.3329603728
2011-05-12,1216501.4242265862
2011-05-13,1215555.89282684
2011-05-16,1214661.7242050434
2011-05-17,1214852.8151906722
2011-05-18,1215389.7452592112
2011-05-19,1215445.4078397069
2011-05-20,1214950.0091059047
2011-05-23,1214147.6563054186
2011-05-24,1214010.7189897783
2011-05-25,1213805.5284746424
2011-05-26,1213935.7645756705
2011-05-27,1214009.924782476
2011-05-30,1214009.924782476
2011-05-31,1214231.361987344
2011-06-01,1213825.5102818082
2011-06-02,1213858.8502967637
2011-06-03,1213763.175407265
2011-06-06,1213694.5510778355
2011-06-07,1213742.4543125299
2011-06-08,1213535.4325133173
2011-06-09,1213535.4325133173
2011-06-10,1213535.4325133173
2011-06-13,1213535.4325133173
2011-06-14,1213535.4325133173
2011-06-15,1213535.4325133173
2011-06-16,1213535.4325133173
2011-06-17,1213535.4325133173
2011-06-20,1213535.4325133173
2011-06-21,1213535.4325133173
2011-06-22,1213535.4325133173
2011-06-23,1213535.4325133173
2011-06-24,1213535.4325133173
2011-06-27,1213535.4325133173
2011-06-28,1213535.4325133173
2011-06-29,1213535.4325133173
2011-06-30,1213535.4325133173
2011-07-01,1213535.4325133173
2011-07-04,1213535.4325133173
2011-07-05,1213535.4325133173
2011-07-06,1213535.4325133173
2011-07-07,1213535.4325133173
2011-07-08,1213535.4325133173
2011-07-11,1213535.4325133173
2011-07-12,1213535.4325133173
2011-07-13,1213535.4325133173
2011-07-14,1213585.7255352568
2011-07-15,1213664.6864049626
2011-07-18,1213817.0452598357
2011-07-19,1213596.9622892255
2011-07-20,1213770.84316766
2011-07-21,1213682.8329066786
2011-07-22,1213711.2985740744
2011-07-25,1214035.062645019
2011-07-26,1214180.7672123415
2011-07-27,1213697.327297572
2011-07-28,1213749.2208209175
2011-07-29,1213667.951920898
2011-08-01,1213347.2759524346
2011-08-02,1212908.1070745334
2011-08-03,1212804.9700677607
2011-08-04,1211874.958373737
2011-08-05,1212109.9990916387
2011-08-08,1212918.6991366688
2011-08-09,1211850.2516828042
2011-08-10,1213658.8998734422
2011-08-11,1212332.5542492392
2011-08-12,1211967.043758573
2011-08-15,1211941.6054020142
2011-08-16,1212226.3479669627
2011-08-17,1212354.7346755897
2011-08-18,1213143.4277145793
2011-08-19,1213602.40741555
2011-08-22,1214153.707589731
2011-08-23,1213073.2453695538
2011-08-24,1212107.1015837966
2011-08-25,1212011.059938033
2011-08-26,1212018.218194884
2011-08-29,1211890.6652211961
2011-08-30,1211788.1723235117
2011-08-31,1211546.9990893544
2011-09-01,1211429.5710980212
2011-09-02,1211713.5251702913
2011-09-05,1211736.2758135218
2011-09-06,1211433.6486007136
2011-09-07,1211255.8436371286
2011-09-08,1211376.459024036
2011-09-09,1211969.1244392067
2011-09-12,1212027.5338703853
2011-09-13,1211970.2542886361
2011-09-14,1211961.3656238134
2011-09-15,1211587.4853588426
2011-09-16,1211563.165629656
2011-09-19,1211944.9936279152
2011-09-20,1211965.1425300566
2011-09-21,1212284.100525025
2011-09-22,1212662.6849568568
2011-09-23,1212240.3172714883
2011-09-26,1211993.2653897884
2011-09-27,1211371.0345601435
2011-09-28,1211902.048095641
2011-09-29,1211410.5556647438
2011-09-30,1211956.971540805
2011-10-03,1212997.444410738
2011-10-04,1212321.622667822
2011-10-05,1211945.951917218
2011-10-06,1211535.3078411983
2011-10-07,1211422.7365184429
2011-10-10,1209788.4149510497
2011-10-11,1209969.3272835035
2011-10-12,1208523.336850851
2011-10-13,1208630.0506108261
2011-10-14,1208081.9023594644
2011-10-17,1207914.552388463
2011-10-18,1207972.1688791772
2011-10-19,1207927.2824445444
2011-10-20,1207979.987262152
2011-10-21,1207784.9808392935
2011-10-24,1207794.5005517101
2011-10-25,1207818.2944218253
2011-10-26,1207621.1103954404
2011-10-27,1207997.2936050182
2011-10-28,1207944.6393436147
2011-10-31,1207475.675022449
2011-11-01,1206953.6819833417
2011-11-02,1206913.2071627036
2011-11-03,1207039.0660739255
2011-11-04,1207000.226820056
2011-11-07,1207072.811229348
2011-11-08,1207150.2790049922
2011-11-09,1206780.274361334
2011-11-10,1206752.8963265063
2011-11-11,1206920.6140800803
2011-11-14,1206885.4093809673
2011-11-15,1206958.1283062173
2011-11-16,1206757.5195802085
2011-11-17,1206596.4128624178
2011-11-18,1206517.828502864
2011-11-21,1206359.8604009904
2011-11-22,1206383.9020702376
2011-11-23,1206341.4976384358
2011-11-24,1206325.2025560695
2011-11-25,1206359.478676023
2011-11-28,1205972.6189189653
2011-11-29,1205918.648833175
2011-11-30,1205591.37545648
2011-12-01,1205658.7598456342
2011-12-02,1205563.7943735002
2011-12-05,1205617.0637657994
2011-12-06,1205669.2772284134
2011-12-07,1205478.7008694417
2011-12-08,1205757.7612728686
2011-12-09,1205548.3896729508
2011-12-12,1205682.843419785
2011-12-13,1205787.2668049224
2011-12-14,1205972.3974400938
2011-12-15,1205959.2186821888
2011-12-16,1205963.061900435
2011-12-19,1206163.9572181818
2011-12-20,1205748.7238988027
2011-12-21,1205805.3995553025
2011-12-22,1205752.0580823356
2011-12-23,1205684.8260038844
2011-12-26,1205657.9438573096
2011-12-27,1205767.9917615429
2011-12-28,1206071.4679508226
2011-12-29,1205965.0949625708
2011-12-30,1206279.524379544
2012-01-02,1206364.2443445318
2012-01-03,1205778.5083659396
2012-01-04,1206205.8822248813
2012-01-05,1206635.9104376715
2012-01-06,1207128.8391197193
2012-01-09,1207011.6183460501
2012-01-10,1206827.463558313
2012-01-11,1207078.52703631
2012-01-12,1206782.5058055834
2012-01-13,1207091.199187831
2012-01-16,1207249.4791553232
2012-01-17,1206869.7456249045
2012-01-18,1206091.5940791408
2012-01-19,1205699.9565173895
2012-01-20,1205762.8323030327
2012-01-23,1205471.0081873406
2012-01-24,1205273.5637737634
2012-01-25,1205445.0479618239
2012-01-26,1205342.216849781
2012-01-27,1205255.2151820108
2012-01-30,1205043.503901153
2012-01-31,1204894.5988508207
2012-02-01,1205645.957479655
2012-02-02,1205666.9986875865
2012-02-03,1206239.0373642936
2012-02-06,1206129.962065328
2012-02-07,1206516.3848301168
2012-02-08,1206587.293678129
2012-02-09,1206743.7822974126
2012-02-10,1206049.1960032217
2012-02-13,1206576.6828441322
2012-02-14,1206448.731659079
2012-02-15,1206121.5269919066
2012-02-16,1206846.8483566183
2012-02-17,1206944.9416682802
2012-02-20,1207403.2005598987
2012-02-21,1206958.167476869
2012-02-22,1206947.9234550567
2012-02-23,1207812.232086363
2012-02-24,1208081.7949935454
2012-02-27,1207929.8316041422
2012-02-28,1208295.0336074955
2012-02-29,1207112.9760144022
2012-03-01,1208430.628392479
2012-03-02,1207811.7550154757
2012-03-05,1207131.1530633338
2012-03-06,1205129.0967854725
2012-03-07,1205851.3389622956
2012-03-08,1206949.0706818094
2012-03-09,1207273.4619413146
2012-03-12,1206750.1422276592
2012-03-13,1208169.8751184864
2012-03-14,1207614.1883560885
2012-03-15,1208174.2038527778
2012-03-16,1208688.0129767125
2012-03-19,1209100.3396007237
2012-03-20,1208114.3916311876
2012-03-21,1207843.9943530997
2012-03-22,1206928.5602733537
2012-03-23,1207192.7117082474
2012-03-26,1208405.5297761953
2012-03-27,1208135.3346975734
2012-03-28,1207481.7498374435
2012-03-29,1206773.3703449457
2012-03-30,1206925.093404127
2012-04-02,1207115.9304338861
2012-04-03,1207035.8283323983
2012-04-04,1205473.467913332
2012-04-05,1205759.6564729093
2012-04-06,1205069.8585761073
2012-04-09,1204868.0684945453
2012-04-10,1204453.8367262636
2012-04-11,1204490.8456993888
2012-04-12,1204660.4469252308
2012-04-13,1204400.5901317424
2012-04-16,1204160.8195975358
2012-04-17,1204160.8195975358
2012-04-18,1204160.8195975358
2012-04-19,1204160.8195975358
2012-04-20,1204160.8195975358
2012-04-23,1204160.1346667747
2012-04-24,1204199.0079864338
2012-04-25,1204258.3249046467
2012-04-26,1204178.7748189578
2012-04-27,1204567.9218543603
2012-04-30,1204274.6131054254
2012-05-01,1204292.5363462947
2012-05-02,1204196.8166259695
2012-05-03,1204090.4167579936
2012-05-04,1203760.4452168094
2012-05-07,1203967.9974030987
2012-05-08,1203756.2256651788
2012-05-09,1203720.9518428086
2012-05-10,1203645.3195212844
2012-05-11,1203594.3784895716
2012-05-14,1204008.6624276256
2012-05-15,1204235.7717277063
2012-05-16,1204220.22924471
2012-05-17,1204435.4347951193
2012-05-18,1204072.7703990696
2012-05-21,1203326.8740133625
2012-05-22,1204281.4635690814
2012-05-23,1205159.1945656377
2012-05-24,1205256.031669456
2012-05-25,1205179.5626312487
2012-05-28,1204622.061631471
2012-05-29,1205032.657821158
2012-05-30,1206499.541846116
2012-05-31,1206868.8272736236
2012-06-01,1207326.3824390348
2012-06-04,1206650.4161284615
2012-06-05,1206266.9229591987
2012-06-06,1203211.1936170312
2012-06-07,1203351.169379174
2012-06-08,1203590.8569778244
2012-06-11,1204839.8942151146
2012-06-12,1203255.9393475903
2012-06-13,1203517.0894725947
2012-06-14,1202319.1284796211
2012-06-15,1202271.1214773564
2012-06-18,1202103.192021868
2012-06-19,1201399.0732756397
2012-06-20,1201530.608186257
2012-06-21,1202066.3448749383
2012-06-22,1201659.7462909254
2012-06-25,1201848.191543473
2012-06-26,1201684.349262416
2012-06-27,1201648.466283066
2012-06-28,1202050.8467125755
2012-06-29,1200820.9832403734
2012-07-02,1201102.2485585264
2012-07-03,1200599.6415989224
2012-07-04,1200782.5269296335
2012-07-05,1201036.6132877104
2012-07-06,1201032.979803712
2012-07-09,1200885.31532369
2012-07-10,1200951.064957048
2012-07-11,1201154.2292233421
2012-07-12,1200862.8669783114
2012-07-13,1200929.0831689448
2012-07-16,1200882.4365242792
2012-07-17,1200989.4355350405
2012-07-18,1201090.9647099061
2012-07-19,1201176.2964371725
2012-07-20,1201383.4648821924
2012-07-23,1201388.7910172027
2012-07-24,1201594.2672706454
2012-07-25,1201295.0631086673
2012-07-26,1200785.3562925938
2012-07-27,1200604.7069408393
2012-07-30,1200950.0219083694
2012-07-31,1200683.2290238515
2012-08-01,1200835.93664687
2012-08-02,1200972.0963666383
2012-08-03,1200456.3610322883
2012-08-06,1200546.7422005306
2012-08-07,1200646.2855488884
2012-08-08,1200837.3513636545
2012-08-09,1201090.6285457923
2012-08-10,1201334.2913921108
2012-08-13,1201089.470548806
2012-08-14,1201011.5099911154
2012-08-15,1201203.1795043312
2012-08-16,1201088.9320364567
2012-08-17,1201039.1886705577
2012-08-20,1201003.9466969334
2012-08-21,1200578.0461723462
2012-08-22,1200272.1383838812
2012-08-23,1199864.574698234
2012-08-24,1199902.7124458633
2012-08-27,1199840.5942016656
2012-08-28,1199880.930078061
2012-08-29,1199759.1899618125
2012-08-30,1199182.6281724065
2012-08-31,1199510.043142012
2012-09-03,1199505.3824861257
2012-09-04,1199197.63656355
2012-09-05,1199157.0824560607
2012-09-06,1200412.7515049968
2012-09-07,1201367.0635945867
2012-09-10,1200763.3944551162
2012-09-11,1201176.7428103483
2012-09-12,1201299.5314535138
2012-09-13,1202961.0105972898
2012-09-14,1203584.48870707
2012-09-17,1203265.4845404578
2012-09-18,1203336.1244013496
2012-09-19,1203277.018824367
2012-09-20,1203007.4585450133
2012-09-21,1202998.4905522233
2012-09-24,1202645.8361587308
2012-09-25,1201952.2448812444
2012-09-26,1201139.192780097
2012-09-27,1202251.7025087494
2012-09-28,1201492.7318979327
2012-10-01,1201615.881649178
2012-10-02,1201643.8985647294
2012-10-03,1201611.5250511954
2012-10-04,1202602.5914072413
2012-10-05,1202295.0382310678
2012-10-08,1201754.78598481
2012-10-09,1200966.3572338913
2012-10-10,1200528.4645764031
2012-10-11,1201072.5895007288
2012-10-12,1200714.8177852316
2012-10-15,1200727.1839529385
2012-10-16,1201092.207878
2012-10-17,1201710.0014745179
2012-10-18,1200916.440339341
2012-10-19,1199890.251032402
2012-10-22,1199950.9069406565
2012-10-23,1199101.4275408522
2012-10-24,1199206.8091952412
2012-10-25,1199210.8707573111
2012-10-26,1199247.5978894955
2012-10-29,1199374.336414497
2012-10-30,1199426.7027823566
2012-10-31,1199253.5151953066
2012-11-01,1199312.305303387
2012-11-02,1199431.8187761523
2012-11-05,1199351.750932856
2012-11-06,1199136.763142073
2012-11-07,1199060.28674281
2012-11-08,1198678.8904367588
2012-11-09,1198519.372119654
2012-11-12,1198718.9579032687
2012-11-13,1198676.2346161697
2012-11-14,1198498.1958981575
2012-11-15,1198789.5796157594
2012-11-16,1198726.4700062969
2012-11-19,1198694.2918708709
2012-11-20,1198780.9411051269
2012-11-21,1199252.814115029
2012-11-22,1199441.1667695916
2012-11-23,1199645.071448082
2012-11-26,1199488.913131401
2012-11-27,1199476.11926477
2012-11-28,1199602.7591684444
2012-11-29,1199455.022471554
2012-11-30,1199556.54005217
2012-12-03,1199376.4237826336
2012-12-04,1199312.4748214805
2012-12-05,1199792.676761626
2012-12-06,1199837.4608382909
2012-12-07,1199861.3099398348
2012-12-10,1199781.786770786
2012-12-11,1200236.2078247434
2012-12-12,1201029.647122756
2012-12-13,1201321.764069002
2012-12-14,1201602.1888578061
2012-12-17,1201859.4113588578
2012-12-18,1202514.1546802947
2012-12-19,1202308.2790546068
2012-12-20,1202490.5695855962
2012-12-21,1201203.8339489237
2012-12-24,1201311.0463111189
2012-12-26,1202211.0157151758
2012-12-27,1202560.5455839345
2012-12-28,1202410.4118296443
2012-12-31,1203306.8395768725
2013-01-02,1205300.0360501404
2013-01-03,1203632.3087036866
2013-01-04,1204547.4938056183
2013-01-07,1204528.5585000468
2013-01-08,1203287.115475061
2013-01-09,1204080.0494372908
2013-01-10,1206772.4002910345
2013-01-11,1207103.0100229613
2013-01-14,1207771.335271187
2013-01-15,1206789.4228355964
2013-01-16,1206015.8758524908
2013-01-17,1208020.3073223
2013-01-18,1208004.9386443144
2013-01-21,1207531.2125931846
2013-01-22,1207265.1979804328
2013-01-23,1206583.0802657641
2013-01-24,1207961.5476766357
2013-01-25,1209187.7124508498
2013-01-28,1208852.9110959007
2013-01-29,1210003.8879521682
2013-01-30,1210253.7919240005
2013-01-31,1210644.528813975
2013-02-01,1212530.600222468
2013-02-04,1210253.7672397455
2013-02-05,1212093.8089458316
2013-02-06,1211667.081865999
2013-02-07,1210345.2401397282
2013-02-08,1209692.6084836011
2013-02-11,1211677.038647155
2013-02-12,1211605.6695918413
2013-02-13,1211859.7477706347
2013-02-14,1210879.1443591614
2013-02-15,1210826.917453237
2013-02-18,1211284.726776444
2013-02-19,1212305.9575487913
2013-02-20,1211318.336381164
2013-02-21,1209519.262025002
2013-02-22,1211106.898710013
2013-02-25,1207988.5000485426
2013-02-26,1207946.0908589961
2013-02-27,1209062.2907897604
2013-02-28,1209543.1880923063
2013-03-01,1210339.8467613691
2013-03-04,1210540.9243751494
2013-03-05,1211332.9387419426
2013-03-06,1212104.5437344993
2013-03-07,1212285.7996747906
2013-03-08,1213132.719091532
2013-03-11,1213434.2441110022
2013-03-12,1212843.0920107
2013-03-13,1213060.6734918754
2013-03-14,1213075.6856761056
2013-03-15,1212387.08135446
2013-03-18,1211929.8567893638
2013-03-19,1211938.8289988919
2013-03-20,1212680.722336218
2013-03-21,1211465.4321871847
2013-03-22,1211669.8484538
2013-03-25,1211428.4928333014
2013-03-26,1211916.5378850203
2013-03-27,1211761.123963234
2013-03-28,1211832.2233162853
2013-03-29,1211880.974207875
2013-04-01,1210655.6118012946
2013-04-02,1211819.1012190082
2013-04-03,1211229.9204521393
2013-04-04,1212846.353426881
2013-04-05,1212051.9915079542
2013-04-08,1213605.4048183654
2013-04-09,1213478.3181154653
2013-04-10,1215206.9546309095
2013-04-11,1215254.8335990047
2013-04-12,1215318.7959870186
2013-04-15,1214288.0002255198
2013-04-16,1215774.9408103703
2013-04-17,1214641.6876133152
2013-04-18,1213957.5750991488
2013-04-19,1214718.300576725
2013-04-22,1214519.612046331
2013-04-23,1215155.9096108836
2013-04-24,1215193.4133798238
2013-04-25,1214884.8625445003
2013-04-26,1214280.8519073867
2013-04-29,1214594.2401031381
2013-04-30,1214872.0837285803
2013-05-01,1214399.9999411195
2013-05-02,1214926.4368027574
2013-05-03,1216142.4678180667
2013-05-06,1216285.0212208205
2013-05-07,1216428.8997881424
2013-05-08,1217109.6745098392
2013-05-09,1217501.8941813447
2013-05-10,1218408.9113085947
2013-05-13,1218870.8622719725
2013-05-14,1219971.955963107
2013-05-15,1220323.3185621668
2013-05-16,1219976.472095188
2013-05-17,1221546.5244050848
2013-05-20,1221138.8883228018
2013-05-21,1221713.1410329884
2013-05-22,1222115.172614398
2013-05-23,1219660.612184421
2013-05-24,1219311.2229838725
2013-05-27,1219459.273386246
2013-05-28,1220167.210847178
2013-05-29,1219271.6610458223
2013-05-30,1219270.2675343803
2013-05-31,1218794.8067498521
2013-06-03,1217910.8764078987
2013-06-04,1218416.429409602
2013-06-05,1218103.52611033
2013-06-06,1217633.8135112645
2013-06-07,1217767.6093353867
2013-06-10,1218171.7938496703
2013-06-11,1217650.8766546284
2013-06-12,1217349.7391534734
2013-06-13,1216753.2136996044
2013-06-14,1216831.7190635253
2013-06-17,1217219.607369124
2013-06-18,1217826.6033589952
2013-06-19,1218055.0298312714
2013-06-20,1217680.1242096196
2013-06-21,1217366.9999903888
2013-06-24,1217682.4492796585
2013-06-25,1217680.808066979
2013-06-26,1217795.440102805
2013-06-27,1218227.3932333945
2013-06-28,1218398.4123530234
2013-07-01,1218192.4217056234
2013-07-02,1218728.8285686108
2013-07-03,1218859.2286183394
2013-07-04,1218772.908974354
2013-07-05,1219727.8950188663
2013-07-08,1219155.8495637355
2013-07-09,1219062.0045046918
2013-07-10,1218274.1788610735
2013-07-11,1217604.1254540444
2013-07-12,1218462.211242991
2013-07-15,1218542.941958128
2013-07-16,1217700.7375041624
2013-07-17,1217973.5482725503
2013-07-18,1217983.5220264713
2013-07-19,1217744.230021661
2013-07-22,1216967.273199941
2013-07-23,1216579.362800805
2013-07-24,1216673.8297379555
2013-07-25,1216520.553226993
2013-07-26,1216406.2027299237
2013-07-29,1216485.3650056494
2013-07-30,1216841.6917077415
2013-07-31,1217531.204549564
2013-08-01,1218249.770541659
2013-08-02,1218370.3362816304
2013-08-05,1218184.001508923
2013-08-06,1217720.6543257302
2013-08-07,1217432.6096483348
2013-08-08,1216956.9404147568
2013-08-09,1216579.7174148902
2013-08-12,1216856.0688049828
2013-08-13,1217003.1409839254
2013-08-14,1216717.0117902274
2013-08-15,1216177.223357949
2013-08-16,1215886.9491523942
2013-08-19,1215981.0861817226
2013-08-20,1216153.8637603438
2013-08-21,1216059.7151222315
2013-08-22,1216115.1760125353
2013-08-23,1216359.2869863943
2013-08-26,1216336.4129491518
2013-08-27,1216860.6368457514
2013-08-28,1216892.460105319
2013-08-29,1216573.2082139791
2013-08-30,1216491.6193330402
2013-09-02,1215771.637561423
2013-09-03,1215446.2956300837
2013-09-04,1215159.851167349
2013-09-05,1215142.6968625728
2013-09-06,1215401.2768342823
2013-09-09,1215462.674710781
2013-09-10,1215368.1564877494
2013-09-11,1215514.3619091043
2013-09-12,1215242.5566565092
2013-09-13,1215099.1625397527
2013-09-16,1214907.9105854551
2013-09-17,1215176.2194938872
2013-09-18,1216985.255459176
2013-09-19,1216972.950288584
2013-09-20,1216345.725292497
2013-09-23,1215724.899960316
2013-09-24,1215438.2500737777
2013-09-25,1215396.40556909
2013-09-26,1215694.491071739
2013-09-27,1215556.301283415
2013-09-30,1215378.0671773711
2013-10-01,1215734.2821553783
2013-10-02,1215704.5353047492
2013-10-03,1215199.7248382396
2013-10-04,1215089.6344340215
2013-10-07,1214691.2658696023
2013-10-08,1214164.9105277825
2013-10-09,1213583.2273473945
2013-10-10,1213887.1698914352
2013-10-11,1214009.421012674
2013-10-14,1214175.527937268
2013-10-15,1213799.5107467386
2013-10-16,1214015.7120146898
2013-10-17,1214829.824949767
2013-10-18,1215093.23908782
2013-10-21,1215172.8544145327
2013-10-22,1215900.5823610136
2013-10-23,1215004.1206664157
2013-10-24,1215513.9696105954
2013-10-25,1215432.3922727043
2013-10-28,1215431.9966183288
2013-10-29,1215536.011093994
2013-10-30,1215389.7115104503
2013-10-31,1214526.875705626
2013-11-01,1213904.8000558976
2013-11-04,1214507.056874087
2013-11-05,1214342.6835107063
2013-11-06,1214675.59595727
2013-11-07,1213212.6516624286
2013-11-08,1214219.5349279516
2013-11-11,1214235.2860698234
2013-11-12,1214320.5761386044
2013-11-13,1214869.6535721412
2013-11-14,1215270.4814822564
2013-11-15,1216067.9377250273
2013-11-18,1215727.584873535
2013-11-19,1215895.4129461087
2013-11-20,1215428.1290663998
2013-11-21,1216969.3303610103
2013-11-22,1217209.4283599427
2013-11-25,1217096.0517470413
2013-11-26,1216992.6187580798
2013-11-27,1217965.791046968
2013-11-28,1218288.4984035944
2013-11-29,1218316.464568189
2013-12-02,1218417.7046930424
2013-12-03,1217524.5045498607
2013-12-04,1217313.1360917906
2013-12-05,1216577.1541097427
2013-12-06,1218045.041533609
2013-12-09,1218597.424091991
2013-12-10,1217811.9556917083
2013-12-11,1216659.925662721
2013-12-12,1217515.5594832778
2013-12-13,1216820.4852299725
2013-12-16,1216934.2820273808
2013-12-17,1216700.4977698107
2013-12-18,1219270.9690880238
2013-12-19,1219080.2338868636
2013-12-20,1219097.6907851996
2013-12-23,1219476.6696161414
2013-12-24,1219476.687002169
2013-12-26,1220478.9367428438
2013-12-27,1221162.941057154
2013-12-30,1220981.3894514309
2013-12-31,1221040.1751603726
2014-01-02,1219675.4731611996
2014-01-03,1218905.1171595203
2014-01-06,1218372.6662172908
2014-01-07,1219568.6286549955
2014-01-08,1220218.3583743172
2014-01-09,1220257.4375919555
2014-01-10,1220009.0618637488
2014-01-13,1218142.5144249848
2014-01-14,1219648.9123628656
2014-01-15,1219986.2899744087
2014-01-16,1219946.169077044
2014-01-17,1220232.0260807904
2014-01-20,1220101.6005169046
2014-01-21,1220674.1250965307
2014-01-22,1221527.7600188903
2014-01-23,1220605.8824569327
2014-01-24,1218759.2536247955
2014-01-27,1218670.0503326235
2014-01-28,1218700.9043442626
2014-01-29,1218856.9871122334
2014-01-30,1218449.5365322689
2014-01-31,1218316.0385589772
2014-02-03,1217958.8052096567
2014-02-04,1216836.7739857207
2014-02-05,1216909.3082493297
2014-02-06,1216496.9652625616
2014-02-07,1216462.1056850133
2014-02-10,1216608.1887760046
2014-02-11,1215991.707303261
2014-02-12,1216336.3881504028
2014-02-13,1216544.705254158
2014-02-14,1216743.208642568
2014-02-17,1216602.6450278363
2014-02-18,1216439.5446009417
2014-02-19,1216962.4687849027
2014-02-20,1217059.1881457218
2014-02-21,1217007.4245958612
2014-02-24,1216846.1499541611
2014-02-25,1217114.5551093272
2014-02-26,1217300.31944226
2014-02-27,1217505.357460848
2014-02-28,1217479.6727103195
2014-03-03,1217182.6952393968
2014-03-04,1217427.1260481537
2014-03-05,1216864.964438498
2014-03-06,1216716.947983391
2014-03-07,1217130.4973526087
2014-03-10,1216769.155422857
2014-03-11,1216173.3250009473
2014-03-12,1216330.2897299237
2014-03-13,1215527.6767878155
2014-03-14,1215452.3183736773
2014-03-17,1215669.1609193976
2014-03-18,1216315.5256289034
2014-03-19,1216334.990381948
2014-03-20,1216555.3238720899
2014-03-21,1216029.9977605026
2014-03-24,1215662.8132152883
2014-03-25,1215792.1545479484
2014-03-26,1215149.070395016
2014-03-27,1214755.039473254
2014-03-28,1215039.6212865056
2014-03-31,1215342.9389462469
2014-04-01,1215372.7429922873
2014-04-02,1215524.7854358305
2014-04-03,1215455.9205078732
2014-04-04,1214830.6229828747
2014-04-07,1214470.270162013
2014-04-08,1214733.1442789524
2014-04-09,1215195.8374832561
2014-04-10,1214649.4648197363
2014-04-11,1214250.04979025
2014-04-14,1214354.2859729188
2014-04-15,1214203.1040974709
2014-04-16,1214485.3751580825
2014-04-17,1214409.8510323016
2014-04-18,1214422.748391499
2014-04-21,1214456.6752964116
2014-04-22,1214627.079878789
2014-04-23,1214306.1322850795
2014-04-24,1214225.4963540626
2014-04-25,1214248.4377823793
2014-04-28,1214293.3370650294
2014-04-29,1214394.044520306
2014-04-30,1214449.7062347473
2014-05-01,1214446.3259521765
2014-05-02,1214424.9903015296
2014-05-05,1214400.6040599179
2014-05-06,1214707.1439788742
2014-05-07,1214662.3851514051
2014-05-08,1214664.114439397
2014-05-09,1214514.8990693933
2014-05-12,1214619.8542814676
2014-05-13,1214547.6213533492
2014-05-14,1214355.8463842461
2014-05-15,1214229.0763276303
2014-05-16,1214329.3672852083
2014-05-19,1214174.889513326
2014-05-20,1213735.689783705
2014-05-21,1213915.605204339
2014-05-22,1213833.051561247
2014-05-23,1213732.6602715096
2014-05-26,1213721.000639736
2014-05-27,1213837.1632437008
2014-05-28,1213452.2683176287
2014-05-29,1213822.8003639695
2014-05-30,1213685.8507822044
2014-06-02,1213721.2817187943
2014-06-03,1213721.252505839
2014-06-04,1213678.8822854003
2014-06-05,1213881.0446116787
2014-06-06,1214396.1231360706
2014-06-09,1214661.4900974848
2014-06-10,1214597.669007646
2014-06-11,1214402.3721525783
2014-06-12,1214248.3857489116
2014-06-13,1214052.86171455
2014-06-16,1214102.5171488377
2014-06-17,1214233.5030235245
2014-06-18,1214504.6380105321
2014-06-19,1214240.3592049342
2014-06-20,1214495.7794543232
2014-06-23,1214159.760261345
2014-06-24,1213605.6549799864
2014-06-25,1213964.1042184331
2014-06-26,1213891.0741270706
2014-06-27,1213907.0602106855
2014-06-30,1214141.039525499
2014-07-01,1215102.9417130083
2014-07-02,1214756.5287704817
2014-07-03,1214445.7193033113
2014-07-04,1214512.717047913
2014-07-07,1213820.770112678
2014-07-08,1213124.5681979787
2014-07-09,1213319.3762381936
2014-07-10,1212392.8440523858
2014-07-11,1212614.457143456
2014-07-14,1213116.3038415466
2014-07-15,1213159.0441444383
2014-07-16,1213128.1233293363
2014-07-17,1211799.6128097286
2014-07-18,1213032.9147254985
2014-07-21,1212657.9728167478
2014-07-22,1213209.6224596582
2014-07-23,1213892.0266069174
2014-07-24,1213447.4010240114
2014-07-25,1213227.8227824566
2014-07-28,1213439.3291741477
2014-07-29,1213310.4254096067
2014-07-30,1213320.734926277
2014-07-31,1211682.9612679007
2014-08-01,1211243.3787305218
2014-08-04,1211556.1225327582
2014-08-05,1211261.3628205108
2014-08-06,1210661.4990785853
2014-08-07,1210375.4304967036
2014-08-08,1210069.6397182748
2014-08-11,1209963.8114062415
2014-08-12,1210050.423580851
2014-08-13,1210018.030600753
2014-08-14,1209955.7713344702
2014-08-15,1209729.1515189153
2014-08-18,1209868.9857673568
2014-08-19,1210644.6651501262
2014-08-20,1211012.6873641885
2014-08-21,1210717.8005498557
2014-08-22,1211090.82516954
2014-08-25,1211696.627968475
2014-08-26,1211766.8800022723
2014-08-27,1211207.5135565056
2014-08-28,1211182.137582508
2014-08-29,1211446.0252160975
2014-09-01,1211567.828268724
2014-09-02,1212332.8213247734
2014-09-03,1211809.176726115
2014-09-04,1213119.6678832688
2014-09-05,1213476.5715835302
2014-09-08,1213912.2606519668
2014-09-09,1213177.399977013
2014-09-10,1213866.9171482113
2014-09-11,1213897.496847539
2014-09-12,1213612.626573363
2014-09-15,1212945.0100943781
2014-09-16,1212698.582112759
2014-09-17,1213880.3715184815
2014-09-18,1214192.6105092561
2014-09-19,1215088.4664343093
2014-09-22,1214627.6648064058
2014-09-23,1213735.0967642432
2014-09-24,1214642.7401054201
2014-09-25,1213936.8490489149
2014-09-26,1215276.3518972695
2014-09-29,1215091.0161229682
2014-09-30,1215708.6163400698
2014-10-01,1214244.8945612335
2014-10-02,1213021.0346209025
2014-10-03,1215367.539545134
2014-10-06,1213121.9418587056
2014-10-07,1213289.1710477099
2014-10-08,1212332.9541145782
2014-10-09,1213712.2398037578
2014-10-10,1214305.3429780041
2014-10-13,1213297.9323772343
2014-10-14,1215093.2132806457
2014-10-15,1213935.924450724
2014-10-16,1213864.913232728
2014-10-17,1213551.923989075
2014-10-20,1213375.3665408553
2014-10-21,1212665.0842082896
2014-10-22,1213359.7312183143
2014-10-23,1212863.5718897576
2014-10-24,1212623.5578068327
2014-10-27,1212787.4890015924
2014-10-28,1211863.5917144574
2014-10-29,1212253.5620641331
2014-10-30,1212159.1786262009
2014-10-31,1212530.33646087
2014-11-03,1214237.274964228
2014-11-04,1213930.068181846
2014-11-05,1214834.638690075
2014-11-06,1215785.9874380387
2014-11-07,1213923.3143783968
2014-11-10,1215282.172337571
2014-11-11,1215432.7362895727
2014-11-12,1215511.8920299206
2014-11-13,1216668.2571552377
2014-11-14,1216022.3955207774
2014-11-17,1216224.1846860594
2014-11-18,1216577.722832937
2014-11-19,1217233.268235922
2014-11-20,1216820.1830525398
2014-11-21,1216420.002695066
2014-11-24,1217209.5838572085
2014-11-25,1217286.4935193225
2014-11-26,1217078.3060943717
2014-11-27,1218323.1381277707
2014-11-28,1219949.9695005282
2014-12-01,1218416.2119701845
2014-12-02,1220137.0949889007
2014-12-03,1220337.4637324687
2014-12-04,1220498.1424250335
2014-12-05,1222182.264191814
2014-12-08,1221788.9063727222
2014-12-09,1220958.733468425
2014-12-10,1219634.2604868116
2014-12-11,1220563.8530891193
2014-12-12,1220872.7469757916
2014-12-15,1221254.4114066241
2014-12-16,1220324.6732639188
2014-12-17,1221642.9580435168
2014-12-18,1221184.9857197744
2014-12-19,1221229.9237501777
2014-12-22,1222006.0402941797
2014-12-23,1222159.6055966874
2014-12-24,1222177.659924759
2014-12-26,1222260.6746173135
2014-12-29,1222668.9127237368
2014-12-30,1221763.3031157958
2014-12-31,1221989.4061825047
2015-01-02,1223537.5635789495
2015-01-05,1223938.6965829195
2015-01-06,1224777.338034767
2015-01-07,1224778.5086958904
2015-01-08,1224825.2075459086
2015-01-09,1224531.7427549672
2015-01-12,1225632.8018381656
2015-01-13,1225612.4789993898
2015-01-14,1225073.6460925909
2015-01-15,1225742.1558197057
2015-01-16,1225717.096126411
2015-01-19,1225664.495924066
2015-01-20,1226938.8590731593
2015-01-21,1228094.0156244629
2015-01-22,1229597.9157964983
2015-01-23,1230843.6858269067
2015-01-26,1230799.6713301556
2015-01-27,1229603.5889247614
2015-01-28,1231039.8687625763
2015-01-29,1231990.8423880711
2015-01-30,1232044.1339117216
2015-02-02,1230652.1287284626
2015-02-03,1228562.6122097052
2015-02-04,1229564.133062881
2015-02-05,1227961.468080232
2015-02-06,1228894.1896255102
2015-02-09,1228603.6242697937
2015-02-10,1229275.4606251318
2015-02-11,1229662.5410588272
2015-02-12,1228648.659520825
2015-02-13,1228240.1521802428
2015-02-16,1228355.8400825902
2015-02-17,1227806.4548196278
2015-02-18,1228128.9945837692
2015-02-19,1228648.7603849657
2015-02-20,1228892.07630679
2015-02-23,1229304.8903832287
2015-02-24,1229098.0280259382
2015-02-25,1228483.1592952237
2015-02-26,1229632.3235832322
2015-02-27,1229382.4100843405
2015-03-02,1229935.7980057397
2015-03-03,1229102.497772278
2015-03-04,1228812.1782896074
2015-03-05,1229711.0854243033
2015-03-06,1230469.5932193755
2015-03-09,1230449.0879249647
2015-03-10,1230381.7926827625
2015-03-11,1231590.5736131128
2015-03-12,1231398.6744288555
2015-03-13,1232715.9009901043
2015-03-16,1232796.938090497
2015-03-17,1233266.9162081522
2015-03-18,1230298.4982566598
2015-03-19,1231885.804485865
2015-03-20,1230349.4934141466
2015-03-23,1229345.2485766008
2015-03-24,1229292.6982649914
2015-03-25,1228270.2548409076
2015-03-26,1227561.7847954861
2015-03-27,1228700.2969169405
2015-03-30,1230118.611445944
2015-03-31,1229736.042340203
2015-04-01,1228973.7916898467
2015-04-02,1228774.299337185
2015-04-03,1227838.7772151693
2015-04-06,1227839.4893533434
2015-04-07,1228458.6591942867
2015-04-08,1228518.2543297939
2015-04-09,1229614.8841359792
2015-04-10,1230178.4903106452
2015-04-13,1230352.5799804062
2015-04-14,1229656.9307791418
2015-04-15,1228664.8846755717
2015-04-16,1227794.941364552
2015-04-17,1226952.3240852344
2015-04-20,1227644.3584850198
2015-04-21,1227856.9299750123
2015-04-22,1227790.8611097322
2015-04-23,1227696.7432698405
2015-04-24,1227487.0333431633
2015-04-27,1227238.6808587934
2015-04-28,1227071.229332125
2015-04-29,1226305.714016882
2015-04-30,1225450.248850326
2015-05-01,1226200.6878940628
2015-05-04,1226259.8418009572
2015-05-05,1225503.5920786723
2015-05-06,1225173.911188515
2015-05-07,1225238.2175025705
2015-05-08,1226124.3178359596
2015-05-11,1225856.059402638
2015-05-12,1225867.5977619002
2015-05-13,1226133.121841159
2015-05-14,1226781.4678192853
2015-05-15,1226740.2768551337
2015-05-18,1226780.4299105792
2015-05-19,1226508.2846986568
2015-05-20,1226499.9033191304
2015-05-21,1226774.3264010528
2015-05-22,1226759.215989148
2015-05-25,1226768.0949038018
2015-05-26,1226189.4402884527
2015-05-27,1227010.7701008432
2015-05-28,1226988.7944183794
2015-05-29,1226456.5893230152
2015-06-01,1226573.630632045
2015-06-02,1226142.6561532726
2015-06-03,1226517.5977013651
2015-06-04,1225809.90985172
2015-06-05,1225770.1201460536
2015-06-08,1225059.752527591
2015-06-09,1224833.8262209315
2015-06-10,1225322.1769410917
2015-06-11,1225680.0689330988
2015-06-12,1225250.7299774948
2015-06-15,1225093.0491324652
2015-06-16,1225276.3656675408
2015-06-17,1225163.8958180074
2015-06-18,1225722.198485044
2015-06-19,1225398.39283044
2015-06-22,1226124.636514203
2015-06-23,1226520.1106606
2015-06-24,1226122.943909553
2015-06-25,1225990.1085399904
2015-06-26,1225963.6735369142
2015-06-29,1224391.7494181632
2015-06-30,1224594.2951772944
2015-07-01,1225227.0333755787
2015-07-02,1225044.3065539638
2015-07-03,1224981.6686756231
2015-07-06,1224770.8832478512
2015-07-07,1224757.3755981005
2015-07-08,1224348.588203213
2015-07-09,1223853.3723680456
2015-07-10,1223412.0121128638
2015-07-13,1223931.2840264083
2015-07-14,1223499.8024994945
2015-07-15,1224632.0011650017
2015-07-16,1224702.3120651746
2015-07-17,1225271.4154856622
2015-07-20,1226234.237076523
2015-07-21,1225508.3947676755
2015-07-22,1226270.562238425
2015-07-23,1226627.0732375234
2015-07-24,1226661.0031680302
2015-07-27,1226896.7245350596
2015-07-28,1226173.917345487
2015-07-29,1226301.8109432303
2015-07-30,1226687.8565307565
2015-07-31,1226919.6646535732
2015-08-03,1227546.5311790898
2015-08-04,1226749.292839665
2015-08-05,1227155.5698818036
2015-08-06,1226724.1132282123
2015-08-07,1226443.767800284
2015-08-10,1226035.3136242465
2015-08-11,1226652.097513652
2015-08-12,1225418.8900430454
2015-08-13,1226045.7861626802
2015-08-14,1226053.3320795815
2015-08-17,1226037.72317831
2015-08-18,1226101.026920765
2015-08-19,1226265.2098610573
2015-08-20,1226312.611515373
2015-08-21,1227437.7566737873
2015-08-24,1230240.6457347916
2015-08-25,1229802.9981951776
2015-08-26,1229233.739610739
2015-08-27,1227717.8506930186
2015-08-28,1227238.9773125977
2015-08-31,1227491.721140603
2015-09-01,1229220.3933528732
2015-09-02,1228639.8669391319
2015-09-03,1228611.0775245684
2015-09-04,1229972.1271303783
2015-09-07,1229600.6849424215
2015-09-08,1228270.6984440743
2015-09-09,1228626.1244080472
2015-09-10,1227771.0362183715
2015-09-11,1227813.8077096671
2015-09-14,1227792.2914563715
2015-09-15,1227676.7064621933
2015-09-16,1226643.7770546237
2015-09-17,1226818.7735397802
2015-09-18,1227025.2699396424
2015-09-21,1227278.943183537
2015-09-22,1228020.157753121
2015-09-23,1228412.8095591122
2015-09-24,1228561.9604909027
2015-09-25,1228095.4157810407
2015-09-28,1228949.8529387354
2015-09-29,1228991.674340624
2015-09-30,1228210.9006989077
2015-10-01,1227868.3342913769
2015-10-02,1227066.068147929
2015-10-05,1226430.1111428998
2015-10-06,1225756.7121078428
2015-10-07,1225260.9129573263
2015-10-08,1224893.0919571626
2015-10-09,1224855.44889367
2015-10-12,1224791.6914192308
2015-10-13,1224978.356593464
2015-10-14,1224511.728523567
2015-10-15,1224534.5502132731
2015-10-16,1224588.183676517
2015-10-19,1224537.4257059086
2015-10-20,1224579.152393398
2015-10-21,1224637.7518295052
2015-10-22,1224685.9868580159
2015-10-23,1224835.587154262
2015-10-26,1224775.870332855
2015-10-27,1224934.8883753205
2015-10-28,1225092.7787772517
2015-10-29,1224849.8789978004
2015-10-30,1224498.6013987018
2015-11-02,1224629.8628959525
2015-11-03,1224811.8159311707
2015-11-04,1225114.6760186376
2015-11-05,1225402.4093111302
2015-11-06,1226076.2734153997
2015-11-09,1225689.5391677641
2015-11-10,1225768.9393243403
2015-11-11,1225550.2154286802
2015-11-12,1225200.9237711572
2015-11-13,1225016.7929421477
2015-11-16,1225379.439460559
2015-11-17,1225820.6522824457
2015-11-18,1226067.6686305145
2015-11-19,1225555.7094385785
2015-11-20,1226242.8927777822
2015-11-23,1226343.4580346567
2015-11-24,1226196.9919975228
2015-11-25,1226169.0518220537
2015-11-26,1226477.1047221872
2015-11-27,1226829.3108621517
2015-11-30,1226671.2510034211
2015-12-01,1226625.1349304118
2015-12-02,1227241.5511666953
2015-12-03,1225307.1063204366
2015-12-04,1225573.6322217062
2015-12-07,1226252.2824578853
2015-12-08,1226162.2625036314
2015-12-09,1225375.627927233
2015-12-10,1225799.8317952913
2015-12-11,1225587.1069230838
2015-12-14,1225912.9222280427
2015-12-15,1226146.126284713
2015-12-16,1226457.661879315
2015-12-17,1227265.2636937983
2015-12-18,1226928.2749009086
2015-12-21,1226943.8122668169
2015-12-22,1226994.0214152944
2015-12-23,1226602.7696307779
2015-12-24,1226360.749090561
2015-12-28,1226897.9058679417
2015-12-29,1226965.1020765943
2015-12-30,1227128.6715641534
2015-12-31,1226956.5435015291
2016-01-01,1226934.6234710084
2016-01-04,1226694.5879397222
2016-01-05,1227237.3097738954
2016-01-06,1228033.0954100671
2016-01-07,1228310.1338195258
2016-01-08,1229230.5469387062
2016-01-11,1229037.1417033193
2016-01-12,1229379.221245261
2016-01-13,1230245.6022326744
2016-01-14,1229389.8975874258
2016-01-15,1232204.9849870931
2016-01-18,1232287.4202907647
2016-01-19,1231886.1304709623
2016-01-20,1233015.2265091885
2016-01-21,1231029.3743166032
2016-01-22,1228759.6868145515
2016-01-25,1230680.57581067
2016-01-26,1229098.7090323465
2016-01-27,1228815.9181805665
2016-01-28,1227625.3748201143
2016-01-29,1225846.1879863003
2016-02-01,1225983.9150323449
2016-02-02,1227282.0037452055
2016-02-03,1226272.0848628816
2016-02-04,1226448.5543038056
2016-02-05,1226912.7537129908
2016-02-08,1227590.1598402024
2016-02-09,1228097.7043415094
2016-02-10,1228658.0930335773
2016-02-11,1229312.9040672113
2016-02-12,1228155.7884648498
2016-02-15,1227119.859673433
2016-02-16,1226939.5828391924
2016-02-17,1225661.8371521025
2016-02-18,1226249.715373646
2016-02-19,1226475.0116582217
2016-02-22,1225657.2672728996
2016-02-23,1226821.7430633046
2016-02-24,1226489.0230880927
2016-02-25,1225549.4442887674
2016-02-26,1225575.6332945942
2016-02-29,1226147.789534191
2016-03-01,1224958.006159699
2016-03-02,1224678.9421732458
2016-03-03,1224288.6477062074
2016-03-04,1223801.8593672763
2016-03-07,1223998.8030609726
2016-03-08,1224226.4841250277
2016-03-09,1223972.343653007
2016-03-10,1223775.8834021918
2016-03-11,1223162.7747336868
2016-03-14,1223201.3754345593
2016-03-15,1223513.829660521
2016-03-16,1223649.0433945197
2016-03-17,1223407.9413181932
2016-03-18,1223463.7109370101
2016-03-21,1223344.9160354
2016-03-22,1223380.088367752
2016-03-23,1223060.3698207499
2016-03-24,1222935.8653800965
2016-03-25,1222898.9003242888
2016-03-28,1222788.2585810593
2016-03-29,1223094.4217624129
2016-03-30,1222900.0514329125
2016-03-31,1222975.4325431355
2016-04-01,1222937.160728216
2016-04-04,1222802.8587622072
2016-04-05,1222929.934037902
2016-04-06,1222922.0717915043
2016-04-07,1223009.7903338561
2016-04-08,1223007.5451477822
2016-04-11,1223170.2630377503
2016-04-12,1223238.2012810113
2016-04-13,1223193.4193343243
2016-04-14,1223020.2006262348
2016-04-15,1223025.3931768723
2016-04-18,1223138.3121029916
2016-04-19,1223517.186206452
2016-04-20,1223505.1246009886
2016-04-21,1222984.440188048
2016-04-22,1222745.2033960896
2016-04-25,1222805.0006312272
2016-04-26,1222860.1854752281
2016-04-27,1222643.4733954999
2016-04-28,1222701.7465388551
2016-04-29,1222608.4519830903
2016-05-02,1223053.8316688444
2016-05-03,1221758.695473983
2016-05-04,1221040.558672961
2016-05-05,1220753.9556354273
2016-05-06,1220881.610032006
2016-05-09,1220364.9410088584
2016-05-10,1220385.8599283102
2016-05-11,1220659.2278964063
2016-05-12,1220363.879703492
2016-05-13,1220071.0607034888
2016-05-16,1220249.9521124475
2016-05-17,1220040.3533030192
2016-05-18,1219348.6014062483
2016-05-19,1219279.9574823189
2016-05-20,1219335.2799040347
2016-05-23,1219385.8075848352
2016-05-24,1219383.6287584885
2016-05-25,1219276.2009856624
2016-05-26,1219197.4932601484
2016-05-27,1219357.0283292423
2016-05-30,1219311.3146546215
2016-05-31,1219120.845421665
2016-06-01,1219264.4971280198
2016-06-02,1219490.526425267
2016-06-03,1219337.8518892662
2016-06-06,1219216.8505747218
2016-06-07,1219251.6897158786
2016-06-08,1219518.7022770913
2016-06-09,1219561.4113510787
2016-06-10,1219408.5479594679
2016-06-13,1219374.5185336606
2016-06-14,1219794.8961169403
2016-06-15,1219457.8724030775
2016-06-16,1219941.1150022976
2016-06-17,1219920.2944387025
2016-06-20,1219864.9494052224
2016-06-21,1219403.6801366776
2016-06-22,1218864.04071863
2016-06-23,1218215.4871028664
2016-06-24,1218889.997805763
2016-06-27,1219130.4191870599
2016-06-28,1218471.7497572072
2016-06-29,1218048.8846064794
2016-06-30,1218215.8466012313
2016-07-01,1218419.1096198973
2016-07-04,1218307.354565243
2016-07-05,1219076.5751489983
2016-07-06,1219242.4905806966
2016-07-07,1219460.1452519137
2016-07-08,1219488.9079767645
2016-07-11,1218335.8194073373
2016-07-12,1217302.6142086694
2016-07-13,1217615.0319228317
2016-07-14,1217119.1849924668
2016-07-15,1216884.5564398994
2016-07-18,1216936.676750442
2016-07-19,1217106.021054613
2016-07-20,1217034.229190999
2016-07-21,1216964.1401477112
2016-07-22,1217190.917167202
2016-07-25,1216998.3076974135
2016-07-26,1217167.0223344585
2016-07-27,1217475.2644091973
2016-07-28,1217546.7837178658
2016-07-29,1217578.6905645598
2016-08-01,1217559.8841040432
2016-08-02,1217249.0570556845
2016-08-03,1217275.3606577686
2016-08-04,1217797.502448411
2016-08-05,1217879.4435051554
2016-08-08,1217915.1765384944
2016-08-09,1218109.0233520968
2016-08-10,1218093.185046914
2016-08-11,1218294.21094074
2016-08-12,1218160.7819171571
2016-08-15,1218464.9978329227
2016-08-16,1218208.8224195444
2016-08-17,1218158.4768006373
2016-08-18,1218152.5260648257
2016-08-19,1217866.1865753531
2016-08-22,1217772.2454803863
2016-08-23,1217742.088812883
2016-08-24,1217233.8947841153
2016-08-25,1217231.8878710396
2016-08-26,1217011.0067532025
2016-08-29,1217260.4694432456
2016-08-30,1216876.1196838152
2016-08-31,1216659.3612803263
2016-09-01,1216658.5306224534
2016-09-02,1217225.5352102262
2016-09-05,1217212.8756892076
2016-09-06,1217826.1938420008
2016-09-07,1217701.0489247674
2016-09-08,1217353.9571658694
2016-09-09,1215708.8165235738
2016-09-12,1215700.2477052312
2016-09-13,1215210.7889029067
2016-09-14,1215276.4987261742
2016-09-15,1215317.2666466457
2016-09-16,1215183.1457117351
2016-09-19,1215359.5419736975
2016-09-20,1215426.5057913726
2016-09-21,1215902.7471831092
2016-09-22,1216160.278785265
2016-09-23,1215947.2484567433
2016-09-26,1215776.7315767466
2016-09-27,1215965.4565110402
2016-09-28,1216015.3376650624
2016-09-29,1215692.5355706394
2016-09-30,1215818.347953591
2016-10-03,1215823.9972445043
2016-10-04,1215791.5677686213
2016-10-05,1215913.106567454
2016-10-06,1216178.9558175036
2016-10-07,1216378.8812048088
2016-10-10,1216902.7294104802
2016-10-11,1216939.9979550126
2016-10-12,1216605.5985000606
2016-10-13,1216231.8019905945
2016-10-14,1216412.954680522
2016-10-17,1216134.825710558
2016-10-18,1216422.349643003
2016-10-19,1216795.5698070363
2016-10-20,1216957.764818178
2016-10-21,1217401.2291684647
2016-10-24,1217580.2764277135
2016-10-25,1217460.0014563901
2016-10-26,1217019.689264768
2016-10-27,1217068.8242441958
2016-10-28,1216431.3603760747
2016-10-31,1216068.672589604
2016-11-01,1215458.9569545172
2016-11-02,1214758.0315830638
2016-11-03,1214341.0803648853
2016-11-04,1214109.1209743754
2016-11-07,1214663.14282249
2016-11-08,1214658.8593351154
2016-11-09,1214099.9695796296
2016-11-10,1214002.0941541095
2016-11-11,1213822.5257865493
2016-11-14,1213787.2915409403
2016-11-15,1213726.2210811577
2016-11-16,1213487.9228061328
2016-11-17,1214112.951401304
2016-11-18,1214020.5411136434
2016-11-21,1213714.4860756674
2016-11-22,1214000.0341517264
2016-11-23,1214488.1332243509
2016-11-24,1214555.463458342
2016-11-25,1214524.431201766
2016-11-28,1213975.6384577905
2016-11-29,1214021.5603116362
2016-11-30,1214374.415407175
2016-12-01,1213683.8498819245
2016-12-02,1213494.8792827446
2016-12-05,1213357.2987303026
2016-12-06,1213602.9476994635
2016-12-07,1213820.5735201968
2016-12-08,1214406.0940279956
2016-12-09,1215149.2026237526
2016-12-12,1214879.6992751653
2016-12-13,1215272.0762750986
2016-12-14,1215210.495261815
2016-12-15,1216049.216096342
2016-12-16,1215547.3378016416
2016-12-19,1215658.902901846
2016-12-20,1216240.3029512726
2016-12-21,1215703.9380217826
2016-12-22,1215666.91762661
2016-12-23,1215678.389951017
2016-12-27,1215786.3668194218
2016-12-28,1215455.963767172
2016-12-29,1214608.3260169532
2016-12-30,1214401.0990413968
2017-01-03,1215117.3766286378
2017-01-04,1215322.526460207
2017-01-05,1214360.139545038
2017-01-06,1215366.8570841958
2017-01-09,1214621.3851415776
2017-01-10,1214484.099127283
2017-01-11,1214776.1154477955
2017-01-12,1214622.555933349
2017-01-13,1214736.1481315377
2017-01-16,1214491.8803598683
2017-01-17,1213606.2464240708
2017-01-18,1214067.3756418116
2017-01-19,1214057.5598399118
2017-01-20,1214257.703270406
2017-01-23,1213536.865348407
2017-01-24,1214206.7788974964
2017-01-25,1214522.9653521683
2017-01-26,1214967.5195042347
2017-01-27,1215025.0902287625
2017-01-30,1214066.271230028
2017-01-31,1213798.7876132473
2017-02-01,1214104.6329586955
2017-02-02,1214165.3789644048
2017-02-03,1214621.9855643238
2017-02-06,1213982.6610669314
2017-02-07,1213842.2302255745
2017-02-08,1214042.0609220825
2017-02-09,1214841.5371828338
2017-02-10,1215408.8460125842
2017-02-13,1215752.982750275
2017-02-14,1216042.0247348044
2017-02-15,1216531.488311768
2017-02-16,1215980.284650506
2017-02-17,1215751.44203596
2017-02-20,1216172.1081333484
2017-02-21,1216456.2502636858
2017-02-22,1216554.1698926783
2017-02-23,1216342.3078442607
2017-02-24,1215845.9347530724
2017-02-27,1216015.3091075218
2017-02-28,1215890.067361769
2017-03-01,1217281.3295664266
2017-03-02,1216313.2960714952
2017-03-03,1216411.0736267979
2017-03-06,1215989.114090357
2017-03-07,1215804.2293385149
2017-03-08,1215042.7818009944
2017-03-09,1215112.8019286843
2017-03-10,1215637.218739876
2017-03-13,1216065.0287137683
2017-03-14,1215670.6401343094
2017-03-15,1216739.5964771851
2017-03-16,1216599.4768603684
2017-03-17,1216555.767892888
2017-03-20,1216592.0989270632
2017-03-21,1215108.574430534
2017-03-22,1214850.6921241013
2017-03-23,1214623.3547462155
2017-03-24,1214883.1358935544
2017-03-27,1214557.40612347
2017-03-28,1215089.8717200428
2017-03-29,1215330.6849636922
2017-03-30,1215275.7335712211
2017-03-31,1214855.0863327433
2017-04-03,1214699.7292481707
2017-04-04,1214678.0833635929
2017-04-05,1214303.9569528045
2017-04-06,1214146.7654140259
2017-04-07,1214119.180717916
2017-04-10,1214123.6382890202
2017-04-11,1214140.5863379568
2017-04-12,1214091.622642285
2017-04-13,1214062.237235608
2017-04-14,1214217.311887988
2017-04-17,1214118.395589609
2017-04-18,1213839.4022691369
2017-04-19,1213605.618077987
2017-04-20,1213694.3289902867
2017-04-21,1213706.8904540178
2017-04-24,1213022.955759154
2017-04-25,1212964.7124791974
2017-04-26,1213144.5610112837
2017-04-27,1213297.3873131697
2017-04-28,1213403.3264517726
2017-05-01,1213463.4540317545
2017-05-02,1213513.0193087403
2017-05-03,1213199.0617717903
2017-05-04,1213326.689725718
2017-05-05,1213096.6304639408
2017-05-08,1213403.4086500024
2017-05-09,1213585.0096729212
2017-05-10,1213435.9865125148
2017-05-11,1213415.2047818853
2017-05-12,1213434.2796987805
2017-05-15,1213427.0608137036
2017-05-16,1213599.9736052945
2017-05-17,1211818.821143189
2017-05-18,1212198.4871591863
2017-05-19,1212240.7200372121
2017-05-22,1212489.7474586498
2017-05-23,1212422.9336227814
2017-05-24,1212207.9797885949
2017-05-25,1212622.4004609066
2017-05-26,1212367.8504258392
2017-05-29,1212124.9877081725
2017-05-30,1211989.1809814374
2017-05-31,1212515.5821390497
2017-06-01,1213266.7316086376
2017-06-02,1214088.426296478
2017-06-05,1213780.6557953518
2017-06-06,1213116.7269948395
2017-06-07,1213192.1262567851
2017-06-08,1212952.4066717583
2017-06-09,1212006.6990930003
2017-06-12,1211855.7438241737
2017-06-13,1212142.4752913783
2017-06-14,1211856.0588772686
2017-06-15,1211553.6210762705
2017-06-16,1212138.0850768476
2017-06-19,1212623.0460093943
2017-06-20,1212124.9491810086
2017-06-21,1212256.415191407
2017-06-22,1212004.7542238503
2017-06-23,1212148.1607539894
2017-06-26,1212426.4305425095
2017-06-27,1212913.1085072858
2017-06-28,1213602.5283946928
2017-06-29,1213474.0732035174
2017-06-30,1213361.5602786457
2017-07-03,1213181.9112482818
2017-07-04,1212497.6267151209
2017-07-05,1212791.9538004475
2017-07-06,1212561.7009035544
2017-07-07,1213567.314503536
2017-07-10,1213613.0765190925
2017-07-11,1214023.009772834
2017-07-12,1214472.5033619248
2017-07-13,1214882.9740865168
2017-07-14,1215885.293054572
2017-07-17,1215601.6623930507
2017-07-18,1216870.586858605
2017-07-19,1216896.4872492577
2017-07-20,1217616.1591004448
2017-07-21,1217028.0591046617
2017-07-24,1217066.3694144376
2017-07-25,1217900.5517391926
2017-07-26,1219156.814900586
2017-07-27,1217745.458943498
2017-07-28,1218461.1204218839
2017-07-31,1218686.7534012645
2017-08-01,1218540.3678980188
2017-08-02,1218893.67775005
2017-08-03,1217921.4355439846
2017-08-04,1217198.870615063
2017-08-07,1217382.5100620983
2017-08-08,1216484.5900113818
2017-08-09,1215911.866934026
2017-08-10,1213947.4157956888
2017-08-11,1214833.8931784898
2017-08-14,1214927.013845564
2017-08-15,1214508.3741368356
2017-08-16,1215389.4373250704
2017-08-17,1213445.258003096
2017-08-18,1214067.7746358488
2017-08-21,1214418.6689542346
2017-08-22,1214481.6385504059
2017-08-23,1214421.7595621583
2017-08-24,1214628.2257081128
2017-08-25,1215466.5927126056
2017-08-28,1215589.177584198
2017-08-29,1215757.6489305818
2017-08-30,1215174.7826871087
2017-08-31,1216310.5947776355
2017-09-01,1216423.693393523
2017-09-04,1216469.5643402145
2017-09-05,1216607.4480127443
2017-09-06,1217168.520470986
2017-09-07,1218369.4715424578
2017-09-08,1217998.2740057658
2017-09-11,1217849.2281942673
2017-09-12,1218011.8187869512
2017-09-13,1217069.103314825
2017-09-14,1217688.503502752
2017-09-15,1218508.084261413
2017-09-18,1217736.940919755
2017-09-19,1218367.8270581427
2017-09-20,1217885.2954791319
2017-09-21,1217246.923253372
2017-09-22,1216898.125910046
2017-09-25,1215471.7191820226
2017-09-26,1215117.0535228576
2017-09-27,1214788.761872624
2017-09-28,1214639.4003651058
2017-09-29,1214993.7842819998
2017-10-02,1214345.2660675906
2017-10-03,1214447.6588053172
2017-10-04,1214616.0601068856
2017-10-05,1214576.4540466452
2017-10-06,1213956.1171779172
2017-10-09,1213997.814490432
2017-10-10,1214707.4610760286
2017-10-11,1215237.5053708134
2017-10-12,1215035.7199259975
2017-10-13,1215611.7405148437
2017-10-16,1215979.356422464
2017-10-17,1215941.2937914045
2017-10-18,1216583.0040673483
2017-10-19,1216243.104259954
2017-10-20,1216962.018139326
2017-10-23,1216581.921617037
2017-10-24,1217275.7174298193
2017-10-25,1216639.7925384813
2017-10-26,1216743.5861822753
2017-10-27,1217724.7055048645
2017-10-30,1217371.8075431464
2017-10-31,1218216.9311986782
2017-11-01,1218565.2941381745
2017-11-02,1218978.5489744935
2017-11-03,1219217.0431109397
2017-11-06,1219622.4014703555
2017-11-07,1219902.9638366634
2017-11-08,1220168.288493789
2017-11-09,1219589.994990625
2017-11-10,1219283.0262513068
2017-11-13,1219180.0410243222
2017-11-14,1218909.7816637745
2017-11-15,1218103.6216586682
2017-11-16,1218708.6992174233
2017-11-17,1218503.519226777
2017-11-20,1218525.438699607
2017-11-21,1219081.6311719883
2017-11-22,1219167.3136556554
2017-11-23,1219372.6860168932
2017-11-24,1219927.361123476
2017-11-27,1219493.885300643
2017-11-28,1219810.2497718232
2017-11-29,1219426.1315707692
2017-11-30,1220187.7751269438
2017-12-01,1220237.258797634
2017-12-04,1219612.771964176
2017-12-05,1219453.9261533543
2017-12-06,1219120.7139565076
2017-12-07,1219641.8117285161
2017-12-08,1220151.5313256278
2017-12-11,1220635.038070829
2017-12-12,1220230.5502936265
2017-12-13,1219694.463146158
2017-12-14,1219172.4107605945
2017-12-15,1220055.302867312
2017-12-18,1220389.1693891063
2017-12-19,1220438.0642550902
2017-12-20,1220620.0805100196
2017-12-21,1220655.9467106718
2017-12-22,1220529.2610823433
2017-12-26,1220794.1215654993
2017-12-27,1220887.2147764275
2017-12-28,1221027.7043033007
2017-12-29,1220943.0597053517
2018-01-02,1221941.3929552021
2018-01-03,1222443.1745922142
2018-01-04,1223541.4976810664
2018-01-05,1223916.1006232006
2018-01-08,1223790.986730957
2018-01-09,1223363.9567016487
2018-01-10,1222694.8593599517
2018-01-11,1224280.9011624758
2018-01-12,1227043.2433334878
2018-01-15,1227951.1141204648
2018-01-16,1227175.3098999078
2018-01-17,1227719.127098429
2018-01-18,1227880.731471909
2018-01-19,1227773.8160501248
2018-01-22,1229557.7245260247
2018-01-23,1230077.8322269942
2018-01-24,1231639.08315999
2018-01-25,1230588.3315951556
2018-01-26,1232557.7374895413
2018-01-29,1230841.2712155634
2018-01-30,1229365.534758153
2018-01-31,1229881.8476729628
2018-02-01,1231154.2359243273
2018-02-02,1227479.6446829042
2018-02-05,1225320.1603981461
2018-02-06,1225312.0753548127
2018-02-07,1223534.9271390694
2018-02-08,1222999.3315627137
2018-02-09,1222631.5366217108
2018-02-12,1222774.3636039176
2018-02-13,1223021.0248029102
2018-02-14,1223242.9213446397
2018-02-15,1223431.6822779677
2018-02-16,1223165.4389153128
2018-02-19,1223157.1090774876
2018-02-20,1223016.3901296475
2018-02-21,1222899.6007152009
2018-02-22,1223072.5307376334
2018-02-23,1222824.157844311
2018-02-26,1222975.1393637848
2018-02-27,1222781.9560021362
2018-02-28,1222716.5673297215
2018-03-01,1223132.1937596914
2018-03-02,1223435.7540564826
2018-03-05,1223439.02668952
2018-03-06,1223447.5397424581
2018-03-07,1223519.3485149136
2018-03-08,1223212.0265516436
2018-03-09,1222770.8074583344
2018-03-12,1222932.7983406535
2018-03-13,1223103.1315098566
2018-03-14,1222953.136027919
2018-03-15,1223044.8679035318
2018-03-16,1223296.2682483024
2018-03-19,1223180.1944379872
2018-03-20,1222814.707454878
2018-03-21,1222823.557639394
2018-03-22,1222733.5477683519
2018-03-23,1222933.9407103893
2018-03-26,1222712.928904146
2018-03-27,1222802.3082293968
2018-03-28,1221927.744634591
2018-03-29,1221756.2770096427
2018-03-30,1221856.8216175598
2018-04-02,1221934.0932967658
2018-04-03,1221631.4150886324
2018-04-04,1221386.6538382615
2018-04-05,1220868.7193335928
2018-04-06,1221155.4368949938
2018-04-09,1221264.0932156336
2018-04-10,1221065.5474741627
2018-04-11,1221227.6565224864
2018-04-12,1220989.0865739798
2018-04-13,1220979.7805620802
2018-04-16,1221008.0427978174
2018-04-17,1220957.991424092
2018-04-18,1221054.8803939237
2018-04-19,1220372.8205684966
2018-04-20,1219863.7688040454
2018-04-23,1219548.743989971
2018-04-24,1219292.0144770723
2018-04-25,1219493.7980968761
2018-04-26,1219541.6250898049
2018-04-27,1219363.366750849
2018-04-30,1219672.2841633516
2018-05-01,1219678.2371194472
2018-05-02,1219686.9923155764
2018-05-03,1219646.6285840715
2018-05-04,1219816.587963597
2018-05-07,1219952.0132844043
2018-05-08,1220224.1472166153
2018-05-09,1220384.7701361666
2018-05-10,1220093.0210128424
2018-05-11,1219892.2284554436
2018-05-14,1220140.5829714166
2018-05-15,1220272.5302447008
2018-05-16,1220303.4670463374
2018-05-17,1220503.079687416
2018-05-18,1220371.34744039
2018-05-21,1220642.6333379436
2018-05-22,1220508.9194619474
2018-05-23,1220054.3977418062
2018-05-24,1219377.209338957
2018-05-25,1218957.2130275765
2018-05-28,1218933.4547614288
2018-05-29,1218921.9040008716
2018-05-30,1218434.843765304
2018-05-31,1218379.593881962
2018-06-01,1218277.922441213
2018-06-04,1218039.7394008406
2018-06-05,1217975.5611311083
2018-06-06,1218048.6854455003
2018-06-07,1217860.8524687337
2018-06-08,1217982.6876610892
2018-06-11,1218189.4350847693
2018-06-12,1218277.4724398376
2018-06-13,1218105.5874059573
2018-06-14,1218945.1119653662
2018-06-15,1218779.13442274
2018-06-18,1218849.2267615127
2018-06-19,1218859.5283359908
2018-06-20,1219147.6916885606
2018-06-21,1218559.7556263735
2018-06-22,1218074.601533255
2018-06-25,1217632.238780141
2018-06-26,1218127.0610252202
2018-06-27,1218396.6708278295
2018-06-28,1218659.3720399467
2018-06-29,1217809.7738975175
2018-07-02,1218806.7200722534
2018-07-03,1217834.6709757966
2018-07-04,1217733.1780387745
2018-07-05,1217906.1166163958
2018-07-06,1218068.4716758758
2018-07-09,1218382.2845364155
2018-07-10,1218462.3668081798
2018-07-11,1218804.5123850415
2018-07-12,1218833.8146088116
2018-07-13,1218883.8567349527
2018-07-16,1218248.2434965826
2018-07-17,1219392.5752426218
2018-07-18,1219329.3108358001
2018-07-19,1219822.7646880983
2018-07-20,1218744.595013975
2018-07-23,1219398.63016159
2018-07-24,1219131.2599853238
2018-07-25,1218880.1417728611
2018-07-26,1219442.617170674
2018-07-27,1218755.9499701066
2018-07-30,1218314.2083793415
2018-07-31,1218479.8265005196
2018-08-01,1218605.0910148276
2018-08-02,1219598.3824957309
2018-08-03,1219488.7786341636
2018-08-06,1219992.7293300678
2018-08-07,1219951.2606063199
2018-08-08,1219845.6238120357
2018-08-09,1220268.4268892754
2018-08-10,1220530.8993229533
2018-08-13,1220881.659924019
2018-08-14,1221558.043973863
2018-08-15,1221819.861347333
2018-08-16,1221635.3601374757
2018-08-17,1220866.6619473875
2018-08-20,1220369.5880980766
2018-08-21,1219497.594448296
2018-08-22,1219601.5548512442
2018-08-23,1220789.892990928
2018-08-24,1219699.3626279451
2018-08-27,1219607.1365876638
2018-08-28,1220000.3448159122
2018-08-29,1219891.0036919632
2018-08-30,1220019.6862896313
2018-08-31,1220938.9796401563
2018-09-03,1220938.534132005
2018-09-04,1221133.0649551253
2018-09-05,1220266.9049798038
2018-09-06,1219848.4123118306
2018-09-07,1220402.1550125703
2018-09-10,1220324.4569420144
2018-09-11,1220520.5220800068
2018-09-12,1219822.8867799435
2018-09-13,1220295.1448905834
2018-09-14,1220920.599194592
2018-09-17,1220145.7013490226
2018-09-18,1220633.0337387384
2018-09-19,1220181.0777543902
2018-09-20,1220374.3711245237
2018-09-21,1220319.0492377854
2018-09-24,1220538.9137436645
2018-09-25,1220601.1406283067
2018-09-26,1220593.5594248697
2018-09-27,1221524.2601528196
2018-09-28,1221363.3418066322
2018-10-01,1222068.5263384685
2018-10-02,1221602.8189704937
2018-10-03,1222279.1708304898
2018-10-04,1221147.0143287908
2018-10-05,1220496.2982215947
2018-10-08,1220619.5753787921
2018-10-09,1220414.9012662843
2018-10-10,1219669.3288450527
2018-10-11,1218838.6039142152
2018-10-12,1218776.3608666689
2018-10-15,1218704.5516223635
2018-10-16,1218626.3675922842
2018-10-17,1218428.9579541734
2018-10-18,1218607.7609554655
2018-10-19,1218436.988308834
2018-10-22,1218551.9227408315
2018-10-23,1218660.6349606058
2018-10-24,1219042.6236606487
2018-10-25,1218717.0543922824
2018-10-26,1218789.7307154625
2018-10-29,1218819.5826991796
2018-10-30,1218341.9171132082
2018-10-31,1218390.5517205866
2018-11-01,1217899.8925702036
2018-11-02,1217932.2816036982
2018-11-05,1217917.522719462
2018-11-06,1217929.3423293233
2018-11-07,1217648.6041933894
2018-11-08,1217656.4248619443
2018-11-09,1217585.4867750537
2018-11-12,1217672.2200613832
2018-11-13,1217531.9774574935
2018-11-14,1217549.7076529297
2018-11-15,1217182.7457303447
2018-11-16,1217031.6418685084
2018-11-19,1217022.9570635497
2018-11-20,1217756.640344819
2018-11-21,1217085.7596497645
2018-11-22,1217188.1488807886
2018-11-23,1217975.3302834914
2018-11-26,1217591.780199082
2018-11-27,1217829.2524970255
2018-11-28,1217811.6215090167
2018-11-29,1217711.3304149625
2018-11-30,1218132.1816023816
2018-12-03,1217315.0580291774
2018-12-04,1218027.3948431727
2018-12-05,1218255.4819848798
2018-12-06,1218656.852449857
2018-12-07,1218454.3317080133
2018-12-10,1218907.4106570538
2018-12-11,1218879.5437337495
2018-12-12,1218318.376135615
2018-12-13,1218133.5849998433
2018-12-14,1218838.3159743636
2018-12-17,1219192.553331712
2018-12-18,1219833.810925603
2018-12-19,1219919.003555712
2018-12-20,1220127.0616472787
2018-12-21,1221754.476288253
2018-12-24,1222903.0242213893
2018-12-25,1222903.0242213893
2018-12-26,1220566.3303141342
2018-12-27,1220484.3655597593
2018-12-28,1220619.0605566697
2018-12-31,1220494.7883030886
2019-01-02,1222143.3425035058
2019-01-03,1222111.721299479
2019-01-04,1218541.1466774577
2019-01-07,1217182.4929574209
2019-01-08,1216990.996442895
2019-01-09,1215983.8187831128
2019-01-10,1215799.4421990155
2019-01-11,1215733.256327536
2019-01-14,1216217.0086684828
2019-01-15,1215742.8977001947
2019-01-16,1215734.884587911
2019-01-17,1215567.3334220145
2019-01-18,1214901.7413792093
2019-01-21,1215123.3213061239
2019-01-22,1215801.979158827
2019-01-23,1215614.5710226595
2019-01-24,1216000.8174891248
2019-01-25,1215436.5027680285
2019-01-28,1215702.1103684157
2019-01-29,1215542.5118604824
2019-01-30,1215197.648421566
2019-01-31,1215265.418796475
2019-02-01,1214794.3210038426
2019-02-04,1214578.1750058802
2019-02-05,1214784.1885458129
2019-02-06,1214627.332094479
2019-02-07,1214697.9177040048
2019-02-08,1214815.524566919
2019-02-11,1214584.6617052392
2019-02-12,1214515.3109786022
2019-02-13,1214492.3567859996
2019-02-14,1214719.222860197
2019-02-15,1214976.4919908876
2019-02-18,1214960.3104808847
2019-02-19,1215149.474079724
2019-02-20,1215080.8089614022
2019-02-21,1214724.9662522064
2019-02-22,1214847.260071306
2019-02-25,1214687.7634492363
2019-02-26,1214638.8760434864
2019-02-27,1214430.6720022755
2019-02-28,1214264.879671765
2019-03-01,1213937.962748778
2019-03-04,1213937.962748778
2019-03-05,1213937.962748778
2019-03-06,1213937.962748778
2019-03-07,1213937.962748778
2019-03-08,1213765.182736082
2019-03-11,1213708.1276750164
2019-03-12,1213549.7442549546
2019-03-13,1213537.3303355174
2019-03-14,1213572.4724113122
2019-03-15,1213678.7174542989
2019-03-18,1213805.1125196782
2019-03-19,1213754.2286447976
2019-03-20,1213385.9962265915
2019-03-21,1214014.8805989595
2019-03-22,1213134.6979298946
2019-03-25,1213147.412052846
2019-03-26,1213328.7351744934
2019-03-27,1213043.3414559788
2019-03-28,1213232.442090672
2019-03-29,1213516.957768497
2019-04-01,1213991.1718169283
2019-04-02,1213997.311919699
2019-04-03,1214269.6905055707
2019-04-04,1214248.2557807132
2019-04-05,1214488.6194920829
2019-04-08,1214479.9517052234
2019-04-09,1214143.553564704
2019-04-10,1214355.7221954777
2019-04-11,1214323.550230442
2019-04-12,1214630.372579406
2019-04-15,1214576.7548216353
2019-04-16,1214673.118231282
2019-04-17,1214676.671491569
2019-04-18,1214847.3445930122
2019-04-19,1214847.3445930122
2019-04-22,1214927.2828751216
2019-04-23,1215539.0486560268
2019-04-24,1215269.8442316623
2019-04-25,1214978.8402325297
2019-04-26,1214527.43353434
2019-04-29,1214508.624264518
2019-04-30,1214288.338877671
2019-05-01,1213415.873176455
2019-05-02,1213323.319553082
2019-05-03,1213907.1015949894
2019-05-06,1213411.2745401745
2019-05-07,1211895.6996340493
2019-05-08,1211747.2568105191
2019-05-09,1211143.2197387153
2019-05-10,1210599.440965378
2019-05-13,1211670.9355407245
2019-05-14,1211470.4191422102
2019-05-15,1211576.102358989
2019-05-16,1212239.5780148432
2019-05-17,1212688.2150913584
2019-05-20,1212047.2180704498
2019-05-21,1211984.6496443755
2019-05-22,1212463.8352642267
2019-05-23,1212629.3504608935
2019-05-24,1212145.9720215425
2019-05-27,1212298.2835910458
2019-05-28,1212807.7130512616
2019-05-29,1213179.6465683195
2019-05-30,1213278.0695126283
2019-05-31,1213568.4582629132
2019-06-03,1212199.218370051
2019-06-04,1211403.5589583665
2019-06-05,1211820.921938135
2019-06-06,1210986.3818627144
2019-06-07,1209896.8519577642
2019-06-10,1209908.285394525
2019-06-11,1209671.8896169104
2019-06-12,1210601.6441730408
2019-06-13,1210914.021133508
2019-06-14,1211490.129740423
2019-06-17,1211711.605401708
2019-06-18,1211336.7189989374
2019-06-19,1211377.814590041
2019-06-20,1211245.9786402201
2019-06-21,1210850.084112165
2019-06-24,1210837.420817041
2019-06-25,1211183.6607246841
2019-06-26,1210125.3038816778
2019-06-27,1210004.8716268935
2019-06-28,1209678.5751528135
2019-07-01,1209229.2216849355
2019-07-02,1210349.9863453512
2019-07-03,1210514.167732946
2019-07-04,1210404.9667381304
2019-07-05,1209822.066877666
2019-07-08,1209353.5904294201
2019-07-09,1209750.5848596394
2019-07-10,1210387.142088126
2019-07-11,1209910.026770811
2019-07-12,1210223.6228280184
2019-07-15,1210443.9237950183
2019-07-16,1210308.6181271449
2019-07-17,1210504.221014617
2019-07-18,1210994.6132543385
2019-07-19,1209973.102214252
2019-07-22,1210201.435134347
2019-07-23,1210492.7546309638
2019-07-24,1210873.090672228
2019-07-25,1210039.048048729
2019-07-26,1210946.7702425173
2019-07-29,1211819.1908093952
2019-07-30,1212056.0782090873
2019-07-31,1210979.9164165114
2019-08-01,1212337.7066955166
2019-08-02,1211364.6672609625
2019-08-05,1211870.1031743824
2019-08-06,1211050.517413754
2019-08-07,1211998.405414964
2019-08-08,1211718.3004678753
2019-08-09,1212279.7154736547
2019-08-12,1213248.489800156
2019-08-13,1211463.9153090161
2019-08-14,1213983.5087059098
2019-08-15,1213639.9720469113
2019-08-16,1212905.0413449532
2019-08-19,1212619.8191005164
2019-08-20,1212890.3054188439
2019-08-21,1212398.654628608
2019-08-22,1212537.255423552
2019-08-23,1213675.9234687965
2019-08-26,1213111.9683365994
2019-08-27,1213968.286533719
2019-08-28,1214137.370584413
2019-08-29,1213656.4329420864
2019-08-30,1214268.36177288
2019-09-02,1215264.6942769326
2019-09-03,1215374.3446212062
2019-09-04,1213464.2477367516
2019-09-05,1211725.4585294686
2019-09-06,1211457.4043241902
2019-09-09,1210752.5149777564
2019-09-10,1210398.193330856
2019-09-11,1210875.9093096624
2019-09-12,1210321.232174592
2019-09-13,1210288.6047014263
2019-09-16,1210747.1616433654
2019-09-17,1210576.9219408827
2019-09-18,1210645.5338855106
2019-09-19,1210780.9777550162
2019-09-20,1211291.5160527774
2019-09-23,1211394.5140894493
2019-09-24,1211428.9903505966
2019-09-25,1211286.2721324838
2019-09-26,1211421.7308658063
2019-09-27,1210993.2509043734
2019-09-30,1210532.5373412208
2019-10-01,1210649.635860742
2019-10-02,1210492.018441483
2019-10-03,1210219.7441292373
2019-10-04,1210048.0988608687
2019-10-07,1210297.7166033061
2019-10-08,1210397.9337514187
2019-10-09,1210345.5747686997
2019-10-10,1209951.2078898489
2019-10-11,1209639.5697307168
2019-10-14,1209798.8315473883
2019-10-15,1209903.8897743067
2019-10-16,1209708.1210808298
2019-10-17,1209027.8204717878
2019-10-18,1208920.9007034474
2019-10-21,1209129.3626962858
2019-10-22,1209050.477414865
2019-10-23,1209241.5948444759
2019-10-24,1209139.3776819473
2019-10-25,1209206.8735079179
2019-10-28,1209495.9269118598
2019-10-29,1209263.8440160593
2019-10-30,1209304.4717575694
2019-10-31,1208900.0248725633
2019-11-01,1209587.6180048906
2019-11-04,1209814.9166572308
2019-11-05,1209926.593255308
2019-11-06,1209811.315876727
2019-11-07,1210167.5676883715
2019-11-08,1209861.4612663528
2019-11-11,1209669.0504942676
2019-11-12,1209749.4781602807
2019-11-13,1209622.5688629164
2019-11-14,1209417.5947775613
2019-11-15,1209790.8571008658
2019-11-18,1209822.5249006553
2019-11-19,1209775.1626587491
2019-11-20,1209619.1785207368
2019-11-21,1209460.217999361
2019-11-22,1209617.7047003615
2019-11-25,1210158.0076576415
2019-11-26,1210246.7646561768
2019-11-27,1210574.4748005173
2019-11-28,1210418.4736593482
2019-11-29,1210175.2094995365
2019-12-02,1209633.9089794476
2019-12-03,1209284.1428768765
2019-12-04,1209593.4434810677
2019-12-05,1209787.885574358
2019-12-06,1210292.2101070909
2019-12-09,1209950.970211754
2019-12-10,1210115.5604834207
2019-12-11,1210365.956904024
2019-12-12,1210868.934762911
2019-12-13,1211514.8653021115
2019-12-16,1211973.387367942
2019-12-17,1211340.4241289855
2019-12-18,1211391.3340611337
2019-12-19,1211434.419544158
2019-12-20,1211420.6640124219
2019-12-23,1211440.579844557
2019-12-24,1211494.1627846097
2019-12-26,1211991.386114357
2019-12-27,1211734.8280301695
2019-12-30,1211077.1571073504
2019-12-31,1211119.1129217774
2020-01-02,1211952.1608610137
2020-01-03,1211850.4855080475
2020-01-06,1212287.9941228675
2020-01-07,1212102.569595454
2020-01-08,1211549.329598233
2020-01-09,1211621.287235225
2020-01-10,1211481.9757387564
2020-01-13,1211529.3004079128
2020-01-14,1211363.686922663
2020-01-15,1211696.5415714679
2020-01-16,1211946.49458759
2020-01-17,1212177.0460224836
2020-01-20,1212293.0537114784
2020-01-21,1211933.6891925535
2020-01-22,1211586.9969434335
2020-01-23,1211712.5655417016
2020-01-24,1211397.260915343
2020-01-27,1210483.7087674753
2020-01-28,1210822.5750269592
2020-01-29,1210892.3022438379
2020-01-30,1211281.2703257815
2020-01-31,1211074.9193811428
2020-02-03,1210992.4741020387
2020-02-04,1210381.0823006094
2020-02-05,1210045.8901287455
2020-02-06,1210543.6957249732
2020-02-07,1211063.056950934
2020-02-10,1211727.88450699
2020-02-11,1211343.5858410026
2020-02-12,1211264.9514720684
2020-02-13,1211917.0174967004
2020-02-14,1212163.060923563
2020-02-17,1212086.7988126576
2020-02-18,1213072.165855938
2020-02-19,1212251.6347539155
2020-02-20,1212350.8799755056
2020-02-21,1211948.4805386346
2020-02-24,1211971.8446534255
2020-02-25,1211695.2558073045
2020-02-26,1212601.9901092015
2020-02-27,1212536.7450066484
2020-02-28,1212624.2778537455
2020-03-02,1211522.7058835223
2020-03-03,1211743.4214391578
2020-03-04,1211150.375883346
2020-03-05,1211977.180501548
2020-03-06,1212649.6686696005
2020-03-09,1217190.8907852399
2020-03-10,1216241.0755669964
2020-03-11,1217738.6083944598
2020-03-12,1221341.688870642
2020-03-13,1219508.0573146087
2020-03-16,1224195.3204007084
2020-03-17,1225388.5299651932
2020-03-18,1230453.5836850684
2020-03-19,1229711.2765145064
2020-03-20,1228335.3036595825
2020-03-23,1228485.0482548333
2020-03-24,1224574.858454414
2020-03-25,1222546.0771082619
2020-03-26,1220371.5278446528
2020-03-27,1219992.8876568887
2020-03-30,1220225.0622128125
2020-03-31,1220819.604595022
2020-04-01,1223026.804548512
2020-04-02,1222170.9069118295
2020-04-03,1222446.4322687502
2020-04-06,1220574.1582673187
2020-04-07,1219802.4630932945
2020-04-08,1218496.4255656176
2020-04-09,1218205.319672936
2020-04-10,1218213.800467692
2020-04-13,1218780.1582160506
2020-04-14,1218720.4954982381
2020-04-15,1219022.9870187861
2020-04-16,1219237.878291659
2020-04-17,1218991.2960083333
2020-04-20,1219530.920272935
2020-04-21,1220167.7270742126
2020-04-22,1220373.1341571165
2020-04-23,1220666.8444868154
2020-04-24,1220547.98711409
2020-04-27,1220767.02315731
2020-04-28,1220923.855953415
2020-04-29,1220929.6100054493
2020-04-30,1219684.1329618383
2020-05-01,1219285.9629815696
2020-05-04,1219553.03005992
2020-05-05,1219495.562649536
2020-05-06,1219719.6108503095
2020-05-07,1219831.060700242
2020-05-08,1219497.5655094425
2020-05-11,1219390.1266526256
2020-05-12,1219169.4678556477
2020-05-13,1219332.6999548094
