day,0
2005-01-04,1200000.0
2005-01-05,1200000.0
2005-01-06,1200000.0
2005-01-07,1200000.0
2005-01-10,1200000.0
2005-01-11,1200000.0
2005-01-12,1200000.0
2005-01-13,1200000.0
2005-01-14,1200000.0
2005-01-17,1200000.0
2005-01-18,1200000.0
2005-01-19,1200000.0
2005-01-20,1200000.0
2005-01-21,1200000.0
2005-01-24,1200000.0
2005-01-25,1200000.0
2005-01-26,1200000.0
2005-01-27,1200000.0
2005-01-28,1200000.0
2005-01-31,1200000.0
2005-02-01,1200000.0
2005-02-02,1200000.0
2005-02-03,1200000.0
2005-02-04,1200000.0
2005-02-07,1200000.0
2005-02-08,1200000.0
2005-02-09,1200000.0
2005-02-10,1200000.0
2005-02-11,1200000.0
2005-02-14,1200000.0
2005-02-15,1200000.0
2005-02-16,1200000.0
2005-02-17,1200000.0
2005-02-18,1200000.0
2005-02-21,1200000.0
2005-02-22,1200000.0
2005-02-23,1200000.0
2005-02-24,1200000.0
2005-02-25,1200000.0
2005-02-28,1200000.0
2005-03-01,1200000.0
2005-03-02,1200000.0
2005-03-03,1200000.0
2005-03-04,1200000.0
2005-03-07,1200000.0
2005-03-08,1200000.0
2005-03-09,1200000.0
2005-03-10,1200000.0
2005-03-11,1200000.0
2005-03-14,1200000.0
2005-03-15,1200000.0
2005-03-16,1200000.0
2005-03-17,1200000.0
2005-03-18,1200000.0
2005-03-21,1200000.0
2005-03-22,1200000.0
2005-03-23,1198601.7726263176
2005-03-24,1198337.2155940093
2005-03-25,1198337.2155940093
2005-03-28,1198126.6311025745
2005-03-29,1198991.3554832381
2005-03-30,1195137.5599339467
2005-03-31,1196483.7421313662
2005-04-01,1198371.73192272
2005-04-04,1197133.9854753048
2005-04-05,1196634.5018109698
2005-04-06,1196135.0140573666
2005-04-07,1193324.4069231325
2005-04-08,1196095.05130661
2005-04-11,1197248.6486097078
2005-04-12,1195882.4977664074
2005-04-13,1199941.0368805989
2005-04-14,1205428.0070138536
2005-04-15,1212726.7974245877
2005-04-18,1211171.5057025617
2005-04-19,1204119.991733207
2005-04-20,1213668.3317003283
2005-04-21,1201835.8808515337
2005-04-22,1205627.249119625
2005-04-25,1201605.8749217098
2005-04-26,1207900.489835545
2005-04-27,1205915.1674719844
2005-04-28,1213343.1391885676
2005-04-29,1205745.968030541
2005-05-02,1202008.8201163071
2005-05-03,1198848.1423206367
2005-05-04,1191216.065504473
2005-05-05,1190176.0309714358
2005-05-06,1189839.9259076866
2005-05-09,1180137.05407673
2005-05-10,1185395.911978209
2005-05-11,1187525.7542502142
2005-05-12,1192661.318995792
2005-05-13,1198518.3176826972
2005-05-16,1203899.0505295503
2005-05-17,1199219.9552339755
2005-05-18,1185976.4614760813
2005-05-19,1188751.93933236
2005-05-20,1199143.586039315
2005-05-23,1195148.682405719
2005-05-24,1194340.035523737
2005-05-25,1191255.1603830184
2005-05-26,1204137.5757679176
2005-05-27,1190156.178145037
2005-05-30,1201776.5328786625
2005-05-31,1214362.0830831532
2005-06-01,1226878.2388612996
2005-06-02,1221032.665981067
2005-06-03,1220447.142969737
2005-06-06,1212954.4509623214
2005-06-07,1211286.270988287
2005-06-08,1216640.5212035212
2005-06-09,1220159.3609219173
2005-06-10,1226700.5337721778
2005-06-13,1228623.327614949
2005-06-14,1233233.6623814767
2005-06-15,1209097.9485141532
2005-06-16,1214723.9054038231
2005-06-17,1210861.7343469923
2005-06-20,1223430.9901827725
2005-06-21,1221520.0626364532
2005-06-22,1227068.2018854902
2005-06-23,1232100.7847755156
2005-06-24,1216932.9964135392
2005-06-27,1206079.9597429812
2005-06-28,1212729.9175473573
2005-06-29,1213388.6993153389
2005-06-30,1216663.2632812206
2005-07-01,1235289.9140414787
2005-07-04,1241741.338487158
2005-07-05,1238449.4204528956
2005-07-06,1247373.5111202295
2005-07-07,1230123.8809223603
2005-07-08,1229656.1700123113
2005-07-11,1217786.1519297215
2005-07-12,1208965.2604946406
2005-07-13,1219248.259676757
2005-07-14,1221372.3960732808
2005-07-15,1222337.064302001
2005-07-18,1220606.5054820473
2005-07-19,1230056.3510151282
2005-07-20,1229769.129629504
2005-07-21,1208864.5395589555
2005-07-22,1225326.351994714
2005-07-25,1223357.1401991583
2005-07-26,1230333.4274498278
2005-07-27,1227025.9115338745
2005-07-28,1229332.6633237943
2005-07-29,1222707.234729555
2005-08-01,1227348.759222218
2005-08-02,1228523.450026725
2005-08-03,1223619.8402694575
2005-08-04,1214852.1215063508
2005-08-05,1208452.8730124715
2005-08-08,1212589.4240335538
2005-08-09,1219156.3388664536
2005-08-10,1227345.749950134
2005-08-11,1243954.1222078078
2005-08-12,1231785.7262949762
2005-08-15,1234391.1548766347
2005-08-16,1219335.0983161316
2005-08-17,1200596.0446259337
2005-08-18,1191169.9115827226
2005-08-19,1204507.9239482756
2005-08-22,1216501.554140748
2005-08-23,1211999.9328925656
2005-08-24,1208038.268329742
2005-08-25,1207520.4875400593
2005-08-26,1193066.3053315766
2005-08-29,1197503.8064201504
2005-08-30,1204823.6401875538
2005-08-31,1205350.413159172
2005-09-01,1210117.3521805003
2005-09-02,1205161.8677086316
2005-09-05,1209044.198592652
2005-09-06,1204640.0711504584
2005-09-07,1201785.456299666
2005-09-08,1199913.814700882
2005-09-09,1210452.5073085923
2005-09-12,1209787.1868460942
2005-09-13,1207614.322485251
2005-09-14,1211184.3349995234
2005-09-15,1215620.6733626975
2005-09-16,1219390.8362647542
2005-09-19,1227848.4104817286
2005-09-20,1228725.3257172504
2005-09-21,1225523.1108557011
2005-09-22,1223879.0831678337
2005-09-23,1225268.3519124857
2005-09-26,1239281.61871776
2005-09-27,1235505.8734782066
2005-09-28,1246579.1553526032
2005-09-29,1259962.9464387347
2005-09-30,1257818.0706106892
2005-10-03,1257734.2413274199
2005-10-04,1256700.869282072
2005-10-05,1222382.47086337
2005-10-06,1195067.7010502194
2005-10-07,1200260.6806724588
2005-10-10,1207146.5757396051
2005-10-11,1207249.4756795007
2005-10-12,1205796.3507776263
2005-10-13,1199846.4667884025
2005-10-14,1194991.7912488114
2005-10-17,1201080.0127325237
2005-10-18,1205792.3325664122
2005-10-19,1205404.3670524545
2005-10-20,1204195.549172229
2005-10-21,1203967.8135990202
2005-10-24,1201770.2760042308
2005-10-25,1200044.720831136
2005-10-26,1208250.4362288008
2005-10-27,1206004.0594455604
2005-10-28,1200586.3656645105
2005-10-31,1204868.052657055
2005-11-01,1208381.1386105444
2005-11-02,1212660.460113445
2005-11-03,1214922.3490684638
2005-11-04,1222015.1447131997
2005-11-07,1214909.2460407428
2005-11-08,1208094.2463536856
2005-11-09,1209965.4458608462
2005-11-10,1219603.709452464
2005-11-11,1220894.8697110089
2005-11-14,1222093.8513727246
2005-11-15,1219479.5069968787
2005-11-16,1227537.0278845895
2005-11-17,1237193.5290421788
2005-11-18,1242515.8175458745
2005-11-21,1252072.9815931323
2005-11-22,1249130.9859255848
2005-11-23,1255382.4432033808
2005-11-24,1250357.4738085237
2005-11-25,1264569.9587333892
2005-11-28,1246365.905787371
2005-11-29,1256831.399907402
2005-11-30,1244415.400828692
2005-12-01,1278389.487736194
2005-12-02,1286206.1977017126
2005-12-05,1291113.3237796088
2005-12-06,1299564.4964663025
2005-12-07,1288541.3027762035
2005-12-08,1266815.5068856406
2005-12-09,1284466.8742151381
2005-12-12,1291070.675010225
2005-12-13,1297944.5332616451
2005-12-14,1260642.8426957615
2005-12-15,1236751.589903701
2005-12-16,1235829.2309576224
2005-12-19,1226385.7109064187
2005-12-20,1228073.0096805424
2005-12-21,1230685.6068708608
2005-12-22,1235181.3433133669
2005-12-23,1233223.3904454573
2005-12-26,1233492.0082546659
2005-12-27,1222655.8286123415
2005-12-28,1240720.2644274922
2005-12-29,1238720.516171966
2005-12-30,1223936.3000820326
2006-01-02,1224521.55993935
2006-01-03,1241272.2662586689
2006-01-04,1248612.5569605643
2006-01-05,1237962.8440406248
2006-01-06,1248193.8141302017
2006-01-09,1248653.205213297
2006-01-10,1236987.9624011065
2006-01-11,1253559.6302741289
2006-01-12,1246836.3549148839
2006-01-13,1244536.9909375787
2006-01-16,1246119.6314930532
2006-01-17,1216565.5502682705
2006-01-18,1192910.8440097966
2006-01-19,1202454.9423422634
2006-01-20,1192249.8226710954
2006-01-23,1191072.8510438993
2006-01-24,1188210.7015254952
2006-01-25,1190137.5395667218
2006-01-26,1196331.997582548
2006-01-27,1206135.005955303
2006-01-30,1209341.1990846652
2006-01-31,1203204.4024903462
2006-02-01,1205815.009952936
2006-02-02,1190457.2920629203
2006-02-03,1194585.7808770386
2006-02-06,1195208.819520866
2006-02-07,1177841.8788116346
2006-02-08,1175567.4921357015
2006-02-09,1183187.4771021334
2006-02-10,1169821.7245412534
2006-02-13,1161701.117917102
2006-02-14,1172742.5160901232
2006-02-15,1163121.3297174873
2006-02-16,1169657.5945987455
2006-02-17,1163212.8739169142
2006-02-20,1164702.9544154126
2006-02-21,1163393.779427898
2006-02-22,1164551.1100587535
2006-02-23,1160716.2546233863
2006-02-24,1164109.5311012727
2006-02-27,1167189.7656572117
2006-02-28,1161674.7038502018
2006-03-01,1167497.2292812637
2006-03-02,1166715.8206858272
2006-03-03,1169433.0859547942
2006-03-06,1169163.14212122
2006-03-07,1161634.7276384607
2006-03-08,1158014.3005610062
2006-03-09,1159776.4580946926
2006-03-10,1163228.1620688
2006-03-13,1165175.6927988725
2006-03-14,1166247.6901151873
2006-03-15,1167212.836574412
2006-03-16,1170397.7244567818
2006-03-17,1170277.1600664998
2006-03-20,1171734.6569014643
2006-03-21,1172168.6213480984
2006-03-22,1173392.2392266742
2006-03-23,1172574.7889547234
2006-03-24,1178496.346503644
2006-03-27,1173586.6513814104
2006-03-28,1169038.8258469987
2006-03-29,1173418.8142353846
2006-03-30,1173431.9073169923
2006-03-31,1166058.071077115
2006-04-03,1180527.3187189503
2006-04-04,1179553.673287734
2006-04-05,1181930.5083801062
2006-04-06,1180276.4316907474
2006-04-07,1171615.2100112727
2006-04-10,1178709.6094314582
2006-04-11,1167295.1642264724
2006-04-12,1163084.4227274253
2006-04-13,1164807.9704397921
2006-04-14,1165474.584218799
2006-04-17,1162008.705721699
2006-04-18,1185983.1624170956
2006-04-19,1191896.8030355896
2006-04-20,1184228.3474920203
2006-04-21,1189945.522941485
2006-04-24,1165056.925727335
2006-04-25,1165946.4108648305
2006-04-26,1169449.3268299217
2006-04-27,1167240.10510286
2006-04-28,1170179.09025917
2006-05-01,1165769.4020957109
2006-05-02,1186952.9294678092
2006-05-03,1176620.881726476
2006-05-04,1181143.8831863732
2006-05-05,1191489.512263774
2006-05-08,1177887.2294235965
2006-05-09,1191734.8878242627
2006-05-10,1181632.3351363516
2006-05-11,1173777.1782123337
2006-05-12,1164713.3373195564
2006-05-15,1146943.1131692093
2006-05-16,1155319.822031268
2006-05-17,1137495.092536489
2006-05-18,1148149.0182680541
2006-05-19,1138855.1628893365
2006-05-22,1147031.9471056077
2006-05-23,1139788.5079774628
2006-05-24,1134730.5389239376
2006-05-25,1150330.5777216663
2006-05-26,1141324.508842092
2006-05-29,1141837.3245247242
2006-05-30,1158559.6459458503
2006-05-31,1149594.2122189305
2006-06-01,1145794.9293697316
2006-06-02,1159130.6506342546
2006-06-05,1153591.4780270886
2006-06-06,1144209.910364462
2006-06-07,1138422.9204179123
2006-06-08,1123835.285402525
2006-06-09,1131758.9754502317
2006-06-12,1128434.2887660612
2006-06-13,1115749.810423597
2006-06-14,1121603.5243330859
2006-06-15,1120584.925758814
2006-06-16,1119016.4926212796
2006-06-19,1113610.5559398483
2006-06-20,1114527.4203295014
2006-06-21,1122872.3991604245
2006-06-22,1115082.781405761
2006-06-23,1109494.0321016214
2006-06-26,1112823.9450538945
2006-06-27,1116531.2686735953
2006-06-28,1115172.660130222
2006-06-29,1117006.9826668072
2006-06-30,1117961.1809680755
2006-07-03,1120667.3562367917
2006-07-04,1122187.17246347
2006-07-05,1128170.8872782388
2006-07-06,1127294.5014282085
2006-07-07,1123068.142064625
2006-07-10,1117844.8092412308
2006-07-11,1114961.5231963394
2006-07-12,1123508.8164717713
2006-07-13,1131470.5188167389
2006-07-14,1133107.953107795
2006-07-17,1128536.1387676173
2006-07-18,1124816.429611555
2006-07-19,1122429.0579119087
2006-07-20,1124837.154303889
2006-07-21,1127445.9972029561
2006-07-24,1123987.1723739502
2006-07-25,1121813.5738313636
2006-07-26,1125637.5866256498
2006-07-27,1122578.8841454985
2006-07-28,1112453.3736966394
2006-07-31,1114796.258523499
2006-08-01,1120944.848276797
2006-08-02,1119796.4106907272
2006-08-03,1117354.8960691737
2006-08-04,1117954.3893722051
2006-08-07,1127751.2959732765
2006-08-08,1125845.4477647343
2006-08-09,1131749.1060360419
2006-08-10,1121981.452702912
2006-08-11,1128709.9771205299
2006-08-14,1123833.6394065295
2006-08-15,1120677.0555667463
2006-08-16,1122487.1277983177
2006-08-17,1112635.9283313053
2006-08-18,1110795.7140193111
2006-08-21,1114300.458879209
2006-08-22,1119261.0785040378
2006-08-23,1115370.2347113034
2006-08-24,1110244.83036793
2006-08-25,1114457.137193361
2006-08-28,1117361.118093717
2006-08-29,1120857.372025529
2006-08-30,1125897.1582747654
2006-08-31,1131073.8696079578
2006-09-01,1136226.1612337087
2006-09-04,1134763.6125543404
2006-09-05,1130988.0027063526
2006-09-06,1116441.9155187476
2006-09-07,1098308.673855623
2006-09-08,1096859.0244181636
2006-09-11,1097738.6075178026
2006-09-12,1109636.402170523
2006-09-13,1108057.6003314008
2006-09-14,1112079.4750942555
2006-09-15,1107095.4070638735
2006-09-18,1117166.5431854427
2006-09-19,1100849.1968302752
2006-09-20,1109249.9800910878
2006-09-21,1106519.795913508
2006-09-22,1092194.8853994233
2006-09-25,1095545.0508659512
2006-09-26,1100726.8731796201
2006-09-27,1110543.4300797204
2006-09-28,1114278.755910622
2006-09-29,1113618.169113987
2006-10-02,1116779.1195703393
2006-10-03,1120020.9074300395
2006-10-04,1122763.16724102
2006-10-05,1124269.2842664854
2006-10-06,1121400.7179471494
2006-10-09,1121237.9488110105
2006-10-10,1129013.7743375811
2006-10-11,1130358.5936831126
2006-10-12,1137698.7923579467
2006-10-13,1142903.5683708438
2006-10-16,1141274.230024868
2006-10-17,1131694.9506728349
2006-10-18,1138651.895853601
2006-10-19,1136548.7193066166
2006-10-20,1140864.678643275
2006-10-23,1153355.1871714247
2006-10-24,1153916.904033885
2006-10-25,1154858.7582319295
2006-10-26,1159004.5730031556
2006-10-27,1141874.693045289
2006-10-30,1139314.2117254701
2006-10-31,1139332.5292035344
2006-11-01,1134279.5366139861
2006-11-02,1137792.6313701195
2006-11-03,1135866.8640238496
2006-11-06,1153990.5842049767
2006-11-07,1155423.5597262443
2006-11-08,1148199.7231269747
2006-11-09,1142260.6130700728
2006-11-10,1142672.5108295335
2006-11-13,1142432.728412715
2006-11-14,1146564.067879811
2006-11-15,1153493.7055920165
2006-11-16,1162774.6098319618
2006-11-17,1157971.4315421856
2006-11-20,1163179.2734999266
2006-11-21,1164131.9312898838
2006-11-22,1161027.66333253
2006-11-23,1152427.8691643174
2006-11-24,1164255.2352827166
2006-11-27,1156987.7558388703
2006-11-28,1171927.5166479608
2006-11-29,1168610.899370185
2006-11-30,1186240.2357565942
2006-12-01,1191188.6127792196
2006-12-04,1196879.3389513125
2006-12-05,1184819.5300673523
2006-12-06,1175888.0725269832
2006-12-07,1176819.7568217395
2006-12-08,1169251.8149096204
2006-12-11,1182441.1179871724
2006-12-12,1187909.2922187224
2006-12-13,1189081.6586441854
2006-12-14,1186097.0689562263
2006-12-15,1176458.6249681509
2006-12-18,1171443.0144613055
2006-12-19,1191236.6255748628
2006-12-20,1189826.7713022984
2006-12-21,1184650.359146534
2006-12-22,1180352.9257778234
2006-12-25,1183938.7186286123
2006-12-26,1183269.407916454
2006-12-27,1191571.9977708329
2006-12-28,1205012.2649958392
2006-12-29,1207178.4879298804
2007-01-01,1208270.263517754
2007-01-02,1235079.4922211217
2007-01-03,1211091.8653561347
2007-01-04,1195232.740921044
2007-01-05,1143553.3593510035
2007-01-08,1146953.213483438
2007-01-09,1153969.1948038524
2007-01-10,1152136.9847308
2007-01-11,1168411.2162743304
2007-01-12,1171465.1909645412
2007-01-15,1175513.8929352013
2007-01-16,1175359.2859862684
2007-01-17,1171104.6819911893
2007-01-18,1172332.2451452375
2007-01-19,1173034.8836172733
2007-01-22,1172444.186802241
2007-01-23,1179452.3575548872
2007-01-24,1171525.5178454437
2007-01-25,1141103.032693311
2007-01-26,1136314.3238939806
2007-01-29,1148985.3538379723
2007-01-30,1144274.558692593
2007-01-31,1133844.549647401
2007-02-01,1147748.4414555782
2007-02-02,1145407.2907100054
2007-02-05,1132130.0660429944
2007-02-06,1138577.484009312
2007-02-07,1148363.7318172005
2007-02-08,1149574.5413633087
2007-02-09,1152623.7395247046
2007-02-12,1144205.7709139255
2007-02-13,1155026.5322099875
2007-02-14,1173866.5978674956
2007-02-15,1163650.862271064
2007-02-16,1163077.2957394547
2007-02-19,1170136.9761702786
2007-02-20,1169963.498447487
2007-02-21,1177077.3102275482
2007-02-22,1189102.5941827171
2007-02-23,1187704.13254005
2007-02-26,1189221.4857336131
2007-02-27,1115928.6953986203
2007-02-28,1116858.9702393736
2007-03-01,1107727.3349394104
2007-03-02,1100558.4398995268
2007-03-05,1100558.4398995268
2007-03-06,1100558.4398995268
2007-03-07,1100558.4398995268
2007-03-08,1100558.4398995268
2007-03-09,1100558.4398995268
2007-03-12,1100558.4398995268
2007-03-13,1100558.4398995268
2007-03-14,1100558.4398995268
2007-03-15,1100558.4398995268
2007-03-16,1100558.4398995268
2007-03-19,1099876.5531605063
2007-03-20,1101165.193084547
2007-03-21,1106354.37065934
2007-03-22,1102621.4053846681
2007-03-23,1099748.3897478047
2007-03-26,1103933.3124550465
2007-03-27,1104654.0819945447
2007-03-28,1101526.0422788053
2007-03-29,1102990.4137183083
2007-03-30,1104500.9221544946
2007-04-02,1108218.6266452798
2007-04-03,1104794.218813521
2007-04-04,1111576.7956941186
2007-04-05,1116044.7367784395
2007-04-06,1112661.5303914906
2007-04-09,1112190.1390578772
2007-04-10,1122911.7069398083
2007-04-11,1125271.248117839
2007-04-12,1130898.5507315043
2007-04-13,1139964.123804976
2007-04-16,1144509.4772519644
2007-04-17,1149747.949456013
2007-04-18,1151555.7188336812
2007-04-19,1144790.5489479767
2007-04-20,1152748.1484538435
2007-04-23,1143984.4282380287
2007-04-24,1141424.8758623942
2007-04-25,1158261.7119631574
2007-04-26,1143358.5150698652
2007-04-27,1157518.9707558686
2007-04-30,1150824.6683900626
2007-05-01,1144498.4337579429
2007-05-02,1150407.4911880323
2007-05-03,1156627.7420355137
2007-05-04,1165769.5971580986
2007-05-07,1170576.9148795088
2007-05-08,1160230.0754316547
2007-05-09,1160320.6560467237
2007-05-10,1129033.9293834108
2007-05-11,1156197.6543590971
2007-05-14,1156173.5046685096
2007-05-15,1166064.4868756535
2007-05-16,1149998.9284156936
2007-05-17,1150305.617086021
2007-05-18,1164705.8920235853
2007-05-21,1164171.7749708586
2007-05-22,1159333.6516261436
2007-05-23,1167012.6121588014
2007-05-24,1147611.0222291837
2007-05-25,1154646.8971421658
2007-05-28,1156423.1579245543
2007-05-29,1162058.5554771863
2007-05-30,1170852.9763356408
2007-05-31,1182647.3852835554
2007-06-01,1200577.5066959483
2007-06-04,1205420.536154152
2007-06-05,1198649.8574123941
2007-06-06,1185171.158788645
2007-06-07,1155524.6116549447
2007-06-08,1166729.7313756545
2007-06-11,1169892.2617333955
2007-06-12,1147368.284038034
2007-06-13,1168353.402559436
2007-06-14,1179854.9781399993
2007-06-15,1205931.8404048183
2007-06-18,1207944.072665794
2007-06-19,1212803.9605933584
2007-06-20,1198865.212732636
2007-06-21,1203330.1711682668
2007-06-22,1199339.5290877288
2007-06-25,1199979.7125009466
2007-06-26,1186415.190487514
2007-06-27,1179733.876241842
2007-06-28,1200588.285470712
2007-06-29,1211631.2899991036
2007-07-02,1228978.0762178996
2007-07-03,1225246.6815359874
2007-07-04,1232196.4891957324
2007-07-05,1232312.3754950112
2007-07-06,1247835.6062576673
2007-07-09,1253626.6849517785
2007-07-10,1232330.2467389056
2007-07-11,1244553.7069456317
2007-07-12,1268993.8720800995
2007-07-13,1275410.9101972964
2007-07-16,1275954.246633551
2007-07-17,1280069.4472210233
2007-07-18,1280603.2879876092
2007-07-19,1292483.980027725
2007-07-20,1272025.0051082408
2007-07-23,1276473.1043984538
2007-07-24,1248310.055131742
2007-07-25,1243431.4329272984
2007-07-26,1188907.2661692968
2007-07-27,1173274.4464409177
2007-07-30,1174183.9983193092
2007-07-31,1175867.3034107557
2007-08-01,1170646.7977329313
2007-08-02,1171555.1518965368
2007-08-03,1172913.446763204
2007-08-06,1166545.1692373715
2007-08-07,1163237.8950233343
2007-08-08,1164108.8819328302
2007-08-09,1157576.253610407
2007-08-10,1158228.2554643804
2007-08-13,1153317.89831517
2007-08-14,1151639.478858981
2007-08-15,1151639.478858981
2007-08-16,1151639.478858981
2007-08-17,1151639.478858981
2007-08-20,1151639.478858981
2007-08-21,1151639.478858981
2007-08-22,1151639.478858981
2007-08-23,1151639.478858981
2007-08-24,1151639.478858981
2007-08-27,1151639.478858981
2007-08-28,1151639.478858981
2007-08-29,1151639.478858981
2007-08-30,1151639.478858981
2007-08-31,1151639.478858981
2007-09-03,1151639.478858981
2007-09-04,1151639.478858981
2007-09-05,1151639.478858981
2007-09-06,1151639.478858981
2007-09-07,1153168.6216479521
2007-09-10,1153946.2820706249
2007-09-11,1156931.0353121608
2007-09-12,1156589.8772643118
2007-09-13,1154257.951567547
2007-09-14,1152395.6495375726
2007-09-17,1159032.8585498717
2007-09-18,1173933.9667528265
2007-09-19,1171612.594969314
2007-09-20,1186533.3609151768
2007-09-21,1185650.2479805069
2007-09-24,1182677.8584235464
2007-09-25,1182320.2651186706
2007-09-26,1183983.6078705068
2007-09-27,1192890.800671321
2007-09-28,1200797.0719604944
2007-10-01,1201845.415234855
2007-10-02,1186995.8675427067
2007-10-03,1181221.9721531998
2007-10-04,1191385.6055420388
2007-10-05,1206525.2632378503
2007-10-08,1193643.6559181076
2007-10-09,1206004.7960105606
2007-10-10,1208882.675563684
2007-10-11,1214539.9618057362
2007-10-12,1225829.6701861925
2007-10-15,1225067.308399681
2007-10-16,1216849.488901377
2007-10-17,1221092.8682220934
2007-10-18,1231321.8251657805
2007-10-19,1208015.9181869251
2007-10-22,1185107.3054034514
2007-10-23,1207671.002443324
2007-10-24,1212374.8234007277
2007-10-25,1228285.104521839
2007-10-26,1248426.0815099936
2007-10-29,1266765.814811334
2007-10-30,1256500.348337128
2007-10-31,1292745.949063288
2007-11-01,1250224.977433914
2007-11-02,1285050.156397474
2007-11-05,1271219.8792395918
2007-11-06,1303387.6664639772
2007-11-07,1279973.3730981415
2007-11-08,1271456.1924342075
2007-11-09,1239781.6048937906
2007-11-12,1187852.1133771471
2007-11-13,1186041.4976685364
2007-11-14,1190457.119563434
2007-11-15,1185264.1796037413
2007-11-16,1188929.1504804373
2007-11-19,1194857.459184261
2007-11-20,1201226.0352360543
2007-11-21,1207815.7670654093
2007-11-22,1203810.6062701275
2007-11-23,1203673.1756904456
2007-11-26,1204470.8718044034
2007-11-27,1191523.8650529482
2007-11-28,1181474.5130505853
2007-11-29,1176040.5315310627
2007-11-30,1163491.227561532
2007-12-03,1165638.3988350143
2007-12-04,1172794.3007132073
2007-12-05,1159737.9300956302
2007-12-06,1157839.8637854252
2007-12-07,1158534.0142247924
2007-12-10,1160654.389337277
2007-12-11,1158361.5988575255
2007-12-12,1160385.5200560119
2007-12-13,1157441.6366345366
2007-12-14,1150240.8227431667
2007-12-17,1150240.8227431667
2007-12-18,1150240.8227431667
2007-12-19,1150240.8227431667
2007-12-20,1150240.8227431667
2007-12-21,1150240.8227431667
2007-12-24,1150240.8227431667
2007-12-25,1150240.8227431667
2007-12-26,1150240.8227431667
2007-12-27,1150240.8227431667
2007-12-28,1150240.8227431667
2007-12-31,1150240.8227431667
2008-01-01,1150240.8227431667
2008-01-02,1150240.8227431667
2008-01-03,1151796.064298292
2008-01-04,1150430.817354055
2008-01-07,1150038.8516316228
2008-01-08,1154798.7466738268
2008-01-09,1153341.7629388226
2008-01-10,1156351.4981439814
2008-01-11,1157807.3500795183
2008-01-14,1156336.5126673605
2008-01-15,1162825.0388820912
2008-01-16,1162838.2467350697
2008-01-17,1172619.410939088
2008-01-18,1171733.667256978
2008-01-21,1194476.8085093368
2008-01-22,1177046.8240303798
2008-01-23,1176442.390711324
2008-01-24,1163745.5748579195
2008-01-25,1163266.7505762202
2008-01-28,1166951.5867853118
2008-01-29,1157105.6714163183
2008-01-30,1165142.8235416256
2008-01-31,1155684.387834586
2008-02-01,1142756.4141719958
2008-02-04,1140676.0796313928
2008-02-05,1147871.1488040553
2008-02-06,1155766.796785361
2008-02-07,1160884.2577578633
2008-02-08,1166521.3777093373
2008-02-11,1167259.7049925595
2008-02-12,1153353.2103988733
2008-02-13,1149082.5435890367
2008-02-14,1145369.3479580954
2008-02-15,1148467.3198426252
2008-02-18,1146551.8532198137
2008-02-19,1154266.2787083213
2008-02-20,1164559.4999435486
2008-02-21,1155719.0778354523
2008-02-22,1159084.934637368
2008-02-25,1152210.4677963934
2008-02-26,1151329.712046531
2008-02-27,1160162.7489987444
2008-02-28,1173683.0387959618
2008-02-29,1164438.7430660285
2008-03-03,1173672.4480546145
2008-03-04,1163948.8957631192
2008-03-05,1181523.2876197728
2008-03-06,1182773.7611455643
2008-03-07,1180465.4135430015
2008-03-10,1182642.141202148
2008-03-11,1173483.979189435
2008-03-12,1192442.1074861975
2008-03-13,1199299.7216057903
2008-03-14,1207853.0978760878
2008-03-17,1202013.1807266194
2008-03-18,1179831.6484111438
2008-03-19,1168315.8160248722
2008-03-20,1144423.2114686458
2008-03-21,1143423.8986830753
2008-03-24,1125361.0412462081
2008-03-25,1131155.9723402725
2008-03-26,1150077.6420898337
2008-03-27,1148227.7510383932
2008-03-28,1146289.3350939236
2008-03-31,1139104.8871925026
2008-04-01,1119862.9161949623
2008-04-02,1122899.6902778011
2008-04-03,1122246.3722481465
2008-04-04,1126597.1004758868
2008-04-07,1126556.7963511602
2008-04-08,1124051.311547133
2008-04-09,1132834.1187218928
2008-04-10,1128824.3676226563
2008-04-11,1131307.12608216
2008-04-14,1133781.577745066
2008-04-15,1133181.8973226869
2008-04-16,1137473.5017308376
2008-04-17,1134809.7423124637
2008-04-18,1134688.0176943855
2008-04-21,1138263.181595665
2008-04-22,1143693.8750449263
2008-04-23,1139846.8127582243
2008-04-24,1129859.2450441304
2008-04-25,1131808.8204538783
2008-04-28,1132906.2525037741
2008-04-29,1124241.1339661742
2008-04-30,1125858.4888588246
2008-05-01,1116293.1288552652
2008-05-02,1122499.1945577601
2008-05-05,1130773.664847481
2008-05-06,1134734.8802067493
2008-05-07,1131138.7410446669
2008-05-08,1130989.779475373
2008-05-09,1132276.118933437
2008-05-12,1130455.3293834697
2008-05-13,1133672.3331399276
2008-05-14,1130109.2249218125
2008-05-15,1131525.3243088091
2008-05-16,1135353.825133551
2008-05-19,1135663.5054264544
2008-05-20,1140335.9501370725
2008-05-21,1148677.853046384
2008-05-22,1142260.7144512855
2008-05-23,1144133.3444083498
2008-05-26,1146367.7043551279
2008-05-27,1139967.226245165
2008-05-28,1145222.8130688765
2008-05-29,1137646.6830708638
2008-05-30,1139650.2552308377
2008-06-02,1135971.2173508492
2008-06-03,1130869.7311432795
2008-06-04,1131195.7168356336
2008-06-05,1142925.7125263673
2008-06-06,1152232.4183118623
2008-06-09,1144993.6421652902
2008-06-10,1139496.623282621
2008-06-11,1142245.1867409865
2008-06-12,1140502.3299052287
2008-06-13,1142097.8953620594
2008-06-16,1145704.9925895073
2008-06-17,1146849.7063377607
2008-06-18,1149800.4732947373
2008-06-19,1148993.4468196542
2008-06-20,1148822.6042048864
2008-06-23,1149733.628127539
2008-06-24,1154436.4486539443
2008-06-25,1154922.9161059659
2008-06-26,1162559.9451554513
2008-06-27,1163994.7206584238
2008-06-30,1157499.4960853877
2008-07-01,1160529.9193596854
2008-07-02,1176581.9706526212
2008-07-03,1175281.1315178918
2008-07-04,1178415.139125335
2008-07-07,1173427.76644644
2008-07-08,1159158.9088910893
2008-07-09,1163438.5053770817
2008-07-10,1177990.8152420926
2008-07-11,1192706.524742838
2008-07-14,1199753.1262040543
2008-07-15,1196755.3608769227
2008-07-16,1171030.666025419
2008-07-17,1166271.5509568914
2008-07-18,1164391.2011926724
2008-07-21,1175473.660238632
2008-07-22,1153979.2080343696
2008-07-23,1136274.46970815
2008-07-24,1138842.3860465998
2008-07-25,1141404.9367217745
2008-07-28,1150073.3922907829
2008-07-29,1132558.7673157782
2008-07-30,1114560.5174068175
2008-07-31,1120071.8243039323
2008-08-01,1118574.208363886
2008-08-04,1126391.888796937
2008-08-05,1106142.6826612586
2008-08-06,1106394.9859247305
2008-08-07,1113429.467563656
2008-08-08,1106100.9818144944
2008-08-11,1101822.574706584
2008-08-12,1104061.307256595
2008-08-13,1112188.1259303298
2008-08-14,1114531.5911464365
2008-08-15,1113089.8696059673
2008-08-18,1115794.6922565189
2008-08-19,1118497.3140525525
2008-08-20,1115377.0707902836
2008-08-21,1105528.1618977257
2008-08-22,1105615.8493740996
2008-08-25,1111388.6656840679
2008-08-26,1110701.5985471222
2008-08-27,1107279.5077857708
2008-08-28,1106889.6532616569
2008-08-29,1115804.275144597
2008-09-01,1120875.258941344
2008-09-02,1132409.8563568245
2008-09-03,1133137.3662030727
2008-09-04,1165838.1930890924
2008-09-05,1156721.4941283949
2008-09-08,1153179.809506255
2008-09-09,1176241.4084454274
2008-09-10,1179443.2383738486
2008-09-11,1171324.3761530237
2008-09-12,1130013.9043639386
2008-09-15,1172015.2953265149
2008-09-16,1183159.4512017167
2008-09-17,1185954.0327641463
2008-09-18,1143814.6685744708
2008-09-19,1075291.1731614608
2008-09-22,1084347.9100586434
2008-09-23,1098017.9615735733
2008-09-24,1091256.2333508532
2008-09-25,1080432.3300058506
2008-09-26,1087508.5985434302
2008-09-29,1167456.5703780386
2008-09-30,1139733.0308114963
2008-10-01,1147188.6743633857
2008-10-02,1185508.630970491
2008-10-03,1191750.148333042
2008-10-06,1294095.121235132
2008-10-07,1303779.9536514964
2008-10-08,1365114.1508003625
2008-10-09,1387655.860943184
2008-10-10,1444081.4129751674
2008-10-13,1336313.0984419489
2008-10-14,1340223.4206153208
2008-10-15,1446455.196613303
2008-10-16,1391170.2021649193
2008-10-17,1399192.8464088712
2008-10-20,1366175.969705335
2008-10-21,1430652.844924976
2008-10-22,1500966.546396584
2008-10-23,1482340.3424485237
2008-10-24,1585225.2151695676
2008-10-27,1636358.882379746
2008-10-28,1505916.2035032832
2008-10-29,1469430.9684859915
2008-10-30,1443633.9783111997
2008-10-31,1455872.7083740132
2008-11-03,1452815.1414753175
2008-11-04,1395199.8028830495
2008-11-05,1437444.0655478372
2008-11-06,1473678.1291737
2008-11-07,1454738.8077478425
2008-11-10,1461427.927831519
2008-11-11,1490001.1658465317
2008-11-12,1532102.4037445425
2008-11-13,1476484.285715168
2008-11-14,1511981.6165733594
2008-11-17,1514431.45880346
2008-11-18,1506971.674044849
2008-11-19,1543503.5072647564
2008-11-20,1585868.7811521187
2008-11-21,1540732.8800956963
2008-11-24,1488588.8081289292
2008-11-25,1497425.9026425981
2008-11-26,1490160.156007039
2008-11-27,1487537.7988558551
2008-11-28,1495475.532355002
2008-12-01,1546380.1983053125
2008-12-02,1532094.6022419534
2008-12-03,1525825.7001896244
2008-12-04,1542076.815233538
2008-12-05,1533929.2925548623
2008-12-08,1503466.5722574433
2008-12-09,1513471.635423013
2008-12-10,1502875.6333119161
2008-12-11,1487982.0732775244
2008-12-12,1487234.490238054
2008-12-15,1483893.7977514297
2008-12-16,1462713.4990193732
2008-12-17,1467801.246433998
2008-12-18,1466807.2424891263
2008-12-19,1465609.4457474889
2008-12-22,1470391.1210055673
2008-12-23,1473232.2694668744
2008-12-24,1477542.0361740491
2008-12-25,1477109.085989921
2008-12-26,1475953.3380510889
2008-12-29,1472639.4706228883
2008-12-30,1467247.4376392143
2008-12-31,1457061.3238405157
2009-01-01,1456762.8202671637
2009-01-02,1451044.6008663604
2009-01-05,1449282.4965968784
2009-01-06,1445192.895129521
2009-01-07,1440179.8913913593
2009-01-08,1438390.2262223088
2009-01-09,1436860.7855402573
2009-01-12,1439005.9313991147
2009-01-13,1442707.3551106462
2009-01-14,1439532.8881228105
2009-01-15,1439105.6511767705
2009-01-16,1438108.7854683183
2009-01-19,1441633.7955573597
2009-01-20,1447211.4292415124
2009-01-21,1444741.4534596566
2009-01-22,1447319.3313880297
2009-01-23,1448607.6847221702
2009-01-26,1442553.9279546167
2009-01-27,1441781.7775378632
2009-01-28,1437169.0834793097
2009-01-29,1440572.383427819
2009-01-30,1440339.4082546735
2009-02-02,1441760.9970371083
2009-02-03,1435877.1850066304
2009-02-04,1439412.875645135
2009-02-05,1435560.6443846936
2009-02-06,1429180.08604249
2009-02-09,1426072.927543568
2009-02-10,1435970.2318868514
2009-02-11,1440412.750044456
2009-02-12,1442087.6759630798
2009-02-13,1430844.1416344824
2009-02-16,1430746.34221821
2009-02-17,1442950.2118524346
2009-02-18,1445197.9148651164
2009-02-19,1434544.7458370123
2009-02-20,1437860.0605603675
2009-02-23,1449210.544375778
2009-02-24,1424000.6486925688
2009-02-25,1426272.2200065693
2009-02-26,1420948.6740462116
2009-02-27,1426499.2829124944
2009-03-02,1451047.144905823
2009-03-03,1453986.4983688574
2009-03-04,1422477.795829104
2009-03-05,1447347.7624224015
2009-03-06,1443144.9262523924
2009-03-09,1458212.0110054198
2009-03-10,1419644.0556569716
2009-03-11,1407832.3444756852
2009-03-12,1399671.464139576
2009-03-13,1387653.364735073
2009-03-16,1388327.9677149204
2009-03-17,1380428.957990621
2009-03-18,1369277.92755361
2009-03-19,1369348.0728542784
2009-03-20,1371040.2697886578
2009-03-23,1364620.1928390516
2009-03-24,1366765.0304832284
2009-03-25,1367482.0620904795
2009-03-26,1368023.8080632086
2009-03-27,1369077.6673016855
2009-03-30,1371042.9545436006
2009-03-31,1368157.6273643856
2009-04-01,1362575.8479885648
2009-04-02,1353847.2541669242
2009-04-03,1350962.1513900312
2009-04-06,1353055.9524394071
2009-04-07,1351862.0909787517
2009-04-08,1351607.2363544137
2009-04-09,1347731.025146132
2009-04-10,1347535.2342427273
2009-04-13,1347535.2342427273
2009-04-14,1347535.2342427273
2009-04-15,1347535.2342427273
2009-04-16,1347535.2342427273
2009-04-17,1347535.2342427273
2009-04-20,1347535.2342427273
2009-04-21,1347535.2342427273
2009-04-22,1347535.2342427273
2009-04-23,1347535.2342427273
2009-04-24,1347535.2342427273
2009-04-27,1347535.2342427273
2009-04-28,1347535.2342427273
2009-04-29,1347535.2342427273
2009-04-30,1347535.2342427273
2009-05-01,1347535.2342427273
2009-05-04,1347535.2342427273
2009-05-05,1347535.2342427273
2009-05-06,1347535.2342427273
2009-05-07,1347535.2342427273
2009-05-08,1347535.2342427273
2009-05-11,1347535.2342427273
2009-05-12,1347535.2342427273
2009-05-13,1347535.2342427273
2009-05-14,1347535.2342427273
2009-05-15,1347535.2342427273
2009-05-18,1347535.2342427273
2009-05-19,1347535.2342427273
2009-05-20,1347535.2342427273
2009-05-21,1347535.2342427273
2009-05-22,1347535.2342427273
2009-05-25,1347535.2342427273
2009-05-26,1347535.2342427273
2009-05-27,1347535.2342427273
2009-05-28,1347535.2342427273
2009-05-29,1347535.2342427273
2009-06-01,1349778.2359962387
2009-06-02,1354114.0634027098
2009-06-03,1344592.4228475068
2009-06-04,1347927.8456588744
2009-06-05,1341284.0509540325
2009-06-08,1339346.2296306177
2009-06-09,1343735.3837668516
2009-06-10,1343811.6270763166
2009-06-11,1349056.3464271103
2009-06-12,1344090.3868467158
2009-06-15,1327946.6081361796
2009-06-16,1322842.6987856252
2009-06-17,1321759.6518462717
2009-06-18,1328744.984882532
2009-06-19,1332223.057533666
2009-06-22,1315730.7172391934
2009-06-23,1317503.2072705354
2009-06-24,1320709.5379652793
2009-06-25,1326744.6156569847
2009-06-26,1326617.5818853846
2009-06-29,1329601.5207057057
2009-06-30,1329019.6663157342
2009-07-01,1332515.1258533157
2009-07-02,1317973.0800721978
2009-07-03,1322281.9107601403
2009-07-06,1319459.235687093
2009-07-07,1312974.0909350666
2009-07-08,1303513.8127884676
2009-07-09,1304804.9337236278
2009-07-10,1303333.5066520765
2009-07-13,1305025.1634292088
2009-07-14,1308328.5062880574
2009-07-15,1311018.700906648
2009-07-16,1311665.6230220508
2009-07-17,1310830.712188841
2009-07-20,1316403.3921143329
2009-07-21,1319315.0762375882
2009-07-22,1318674.930742846
2009-07-23,1319984.3218870105
2009-07-24,1324033.2983267761
2009-07-27,1326054.8146370738
2009-07-28,1327271.3946593858
2009-07-29,1324374.7450429578
2009-07-30,1331152.5229166357
2009-07-31,1334302.781214473
2009-08-03,1344731.6089039876
2009-08-04,1342452.8489920173
2009-08-05,1334987.3868836768
2009-08-06,1330915.649386802
2009-08-07,1332474.3357281657
2009-08-10,1322118.02298754
2009-08-11,1302786.393886942
2009-08-12,1317307.6556335976
2009-08-13,1326522.9536695816
2009-08-14,1309354.9977543429
2009-08-17,1266224.8342956943
2009-08-18,1287673.8922787858
2009-08-19,1293890.9846375983
2009-08-20,1305307.2489695053
2009-08-21,1322240.2491432547
2009-08-24,1325928.6567032242
2009-08-25,1320303.6883173003
2009-08-26,1309355.1859840613
2009-08-27,1319100.6238113989
2009-08-28,1320418.7479480363
2009-08-31,1311979.185467777
2009-09-01,1277323.9056142278
2009-09-02,1277287.4192719737
2009-09-03,1289566.3322445082
2009-09-04,1314715.3493586204
2009-09-07,1328578.1652841633
2009-09-08,1336788.420746329
2009-09-09,1343101.0861664172
2009-09-10,1350737.231642782
2009-09-11,1343430.881095342
2009-09-14,1339376.3489587398
2009-09-15,1347439.3849999174
2009-09-16,1369775.8194171896
2009-09-17,1373439.0279893274
2009-09-18,1369470.2817433544
2009-09-21,1362504.0294577833
2009-09-22,1377405.391914452
2009-09-23,1361592.1907501481
2009-09-24,1347740.5436693039
2009-09-25,1335508.5817397393
2009-09-28,1343841.76635582
2009-09-29,1336528.0785815902
2009-09-30,1345048.6682072494
2009-10-01,1319203.1636907326
2009-10-02,1317596.7659343814
2009-10-05,1334047.1526579075
2009-10-06,1354975.4591354255
2009-10-07,1356405.3009262881
2009-10-08,1370406.988366355
2009-10-09,1373648.5167814475
2009-10-12,1380808.1088292312
2009-10-13,1387005.967573584
2009-10-14,1399348.8411631677
2009-10-15,1402634.3730009412
2009-10-16,1396128.7907662697
2009-10-19,1421185.8717431978
2009-10-20,1401227.3571397685
2009-10-21,1410887.9697779021
2009-10-22,1417650.5115041062
2009-10-23,1406869.2689827213
2009-10-26,1386445.6219058032
2009-10-27,1382592.0450048519
2009-10-28,1335673.6703135606
2009-10-29,1376139.1084751466
2009-10-30,1331707.312926043
2009-11-02,1336780.5631691453
2009-11-03,1342354.9012303413
2009-11-04,1351311.7507788017
2009-11-05,1352407.7328808063
2009-11-06,1351086.367635497
2009-11-09,1366561.4327799957
2009-11-10,1365306.016212338
2009-11-11,1365859.632452156
2009-11-12,1350461.6125918867
2009-11-13,1361494.3341061694
2009-11-16,1380172.1974282993
2009-11-17,1378962.7283449022
2009-11-18,1379649.0460570683
2009-11-19,1360478.8340575076
2009-11-20,1352320.0793440356
2009-11-23,1368910.6030925184
2009-11-24,1363330.4452345737
2009-11-25,1384313.2497297544
2009-11-26,1353280.4755982114
2009-11-27,1350005.6851881922
2009-11-30,1357407.8812787998
2009-12-01,1377250.328717071
2009-12-02,1377485.6644373045
2009-12-03,1367197.0870724202
2009-12-04,1356542.2668044192
2009-12-07,1345176.720817884
2009-12-08,1326587.5985547332
2009-12-09,1328116.5203316128
2009-12-10,1333669.5086002075
2009-12-11,1330764.558597424
2009-12-14,1337760.0473588035
2009-12-15,1329006.317229913
2009-12-16,1330024.78628634
2009-12-17,1313962.063568009
2009-12-18,1317942.988735972
2009-12-21,1324528.2367031993
2009-12-22,1329767.4179166378
2009-12-23,1332804.7538222452
2009-12-24,1338323.9271419542
2009-12-25,1338323.9271419542
2009-12-28,1342573.0665642722
2009-12-29,1346440.9013007367
2009-12-30,1343674.788313366
2009-12-31,1340566.8089704015
2010-01-01,1340566.8089704015
2010-01-04,1355991.0048434604
2010-01-05,1356050.1899598236
2010-01-06,1355858.6886612624
2010-01-07,1353371.7616375491
2010-01-08,1360957.2201932892
2010-01-11,1356199.2974824484
2010-01-12,1332153.3684331093
2010-01-13,1342699.199703223
2010-01-14,1353357.739646749
2010-01-15,1331442.94292187
2010-01-18,1339710.3136116213
2010-01-19,1344309.8869726749
2010-01-20,1314577.9239650788
2010-01-21,1285427.327767753
2010-01-22,1259194.9432082835
2010-01-25,1263706.7926942327
2010-01-26,1254481.7550615733
2010-01-27,1254578.948075164
2010-01-28,1256744.2232178643
2010-01-29,1258869.2121545183
2010-02-01,1253790.1835374495
2010-02-02,1253123.586448038
2010-02-03,1253568.8174929437
2010-02-04,1268166.1065274496
2010-02-05,1269681.0610013476
2010-02-08,1273729.9055136668
2010-02-09,1259616.7622822425
2010-02-10,1263324.7454452044
2010-02-11,1263010.475736828
2010-02-12,1265532.6588714798
2010-02-15,1267812.9911058578
2010-02-16,1255569.6198562512
2010-02-17,1262075.3953345777
2010-02-18,1266665.664605244
2010-02-19,1264051.0240206348
2010-02-22,1266225.9350894243
2010-02-23,1275644.4839122305
2010-02-24,1274433.1964448486
2010-02-25,1280615.798338867
2010-02-26,1277218.7648047158
2010-03-01,1284455.7887051667
2010-03-02,1282885.3955766577
2010-03-03,1277753.1467585117
2010-03-04,1282845.9214093369
2010-03-05,1273712.018690963
2010-03-08,1273727.5576200525
2010-03-09,1277939.0634100717
2010-03-10,1276819.3271794284
2010-03-11,1275336.3810805378
2010-03-12,1267258.0849795318
2010-03-15,1273956.0617238255
2010-03-16,1270043.7027408725
2010-03-17,1274700.4531378532
2010-03-18,1282836.4765532406
2010-03-19,1286844.267526792
2010-03-22,1288903.6767886123
2010-03-23,1298305.0716992568
2010-03-24,1296746.2839247931
2010-03-25,1296947.5424808462
2010-03-26,1290239.2559274791
2010-03-29,1289880.3550230742
2010-03-30,1288913.4533523307
2010-03-31,1280895.8629364637
2010-04-01,1300012.3722846145
2010-04-02,1307197.0010934267
2010-04-05,1316362.3601627564
2010-04-06,1316886.7925139975
2010-04-07,1304887.6306166027
2010-04-08,1307380.0662451102
2010-04-09,1314442.3655918813
2010-04-12,1300482.298595764
2010-04-13,1302740.0787093746
2010-04-14,1326535.4502880694
2010-04-15,1324097.8891003341
2010-04-16,1270122.7773199703
2010-04-19,1268895.5745780803
2010-04-20,1296129.3868702347
2010-04-21,1284379.768987858
2010-04-22,1290214.0165410982
2010-04-23,1304505.778145869
2010-04-26,1296498.8724018245
2010-04-27,1261576.6170908017
2010-04-28,1282325.870213644
2010-04-29,1299593.7265177446
2010-04-30,1282850.5988307444
2010-05-03,1299367.3959309508
2010-05-04,1255126.1326757087
2010-05-05,1245176.0120390295
2010-05-06,1247780.440235448
2010-05-07,1240310.2564533795
2010-05-10,1230122.1350573176
2010-05-11,1242991.985736372
2010-05-12,1244191.607284316
2010-05-13,1254183.902034172
2010-05-14,1264764.642360926
2010-05-17,1261207.3842497184
2010-05-18,1277157.3578872439
2010-05-19,1257522.4872104076
2010-05-20,1264663.5344305728
2010-05-21,1253109.567545441
2010-05-24,1267483.6236402497
2010-05-25,1267626.7405900287
2010-05-26,1281295.605087715
2010-05-27,1264668.621569544
2010-05-28,1271223.1641770336
2010-05-31,1266864.0862751391
2010-06-01,1272619.5946348747
2010-06-02,1266011.308969237
2010-06-03,1266864.185490329
2010-06-04,1282421.6242275634
2010-06-07,1289467.2586678134
2010-06-08,1286453.4172477112
2010-06-09,1284061.6728826785
2010-06-10,1272289.3159407612
2010-06-11,1275688.573379283
2010-06-14,1266756.124281351
2010-06-15,1262927.723512331
2010-06-16,1264479.6997062368
2010-06-17,1263595.6348803448
2010-06-18,1265783.8944615026
2010-06-21,1263779.351887213
2010-06-22,1268473.1576957228
2010-06-23,1266109.3263406798
2010-06-24,1267800.5747758404
2010-06-25,1267874.153928433
2010-06-28,1268631.5881517788
2010-06-29,1274799.522489666
2010-06-30,1272407.4152110629
2010-07-01,1255170.9100072456
2010-07-02,1257158.917071914
2010-07-05,1255786.168672447
2010-07-06,1250359.3237972837
2010-07-07,1246881.3412195353
2010-07-08,1242160.693301271
2010-07-09,1243317.9454371124
2010-07-12,1241172.1867580726
2010-07-13,1242280.9213835627
2010-07-14,1240834.7480947215
2010-07-15,1247619.1297538502
2010-07-16,1254683.5773094383
2010-07-19,1250683.5312043494
2010-07-20,1247171.3649701518
2010-07-21,1253524.5387949655
2010-07-22,1248997.9439764023
2010-07-23,1244563.3555498114
2010-07-26,1244502.987945142
2010-07-27,1240642.4019032407
2010-07-28,1240559.5780765656
2010-07-29,1241752.4486413316
2010-07-30,1245099.3789323806
2010-08-02,1241448.8981091515
2010-08-03,1246093.6330529456
2010-08-04,1246969.9558743602
2010-08-05,1247741.6741131945
2010-08-06,1246894.456460949
2010-08-09,1245314.2805846054
2010-08-10,1246164.5452500964
2010-08-11,1238368.986850045
2010-08-12,1234888.4637367998
2010-08-13,1233560.8795256007
2010-08-16,1236544.7099687392
2010-08-17,1239538.812003926
2010-08-18,1233921.7005110988
2010-08-19,1228359.0294612143
2010-08-20,1231464.668284467
2010-08-23,1235807.9251434486
2010-08-24,1236812.1859929662
2010-08-25,1234813.1676958636
2010-08-26,1235695.3306972797
2010-08-27,1236516.7561729085
2010-08-30,1238598.072717196
2010-08-31,1242569.6489804
2010-09-01,1245785.5595643534
2010-09-02,1247275.2388879405
2010-09-03,1248663.6764255827
2010-09-06,1247418.3106575646
2010-09-07,1250880.4416990955
2010-09-08,1253633.2440997846
2010-09-09,1257344.6915823782
2010-09-10,1255642.6579827769
2010-09-13,1257896.6198720187
2010-09-14,1260387.2849353754
2010-09-15,1251466.1169046955
2010-09-16,1252439.2121513737
2010-09-17,1250483.816435783
2010-09-20,1264394.965345424
2010-09-21,1266421.070724103
2010-09-22,1266503.1451919258
2010-09-23,1258815.630669144
2010-09-24,1278667.5869895273
2010-09-27,1275124.2308834272
2010-09-28,1283553.4263214525
2010-09-29,1282360.2618672831
2010-09-30,1276412.5413409444
2010-10-01,1285724.5862471056
2010-10-04,1275477.4441533173
2010-10-05,1296229.9583986872
2010-10-06,1299867.3301026816
2010-10-07,1298602.6405935166
2010-10-08,1303929.7749695033
2010-10-11,1305688.4121846496
2010-10-12,1308064.214048712
2010-10-13,1319982.8421238353
2010-10-14,1324521.1254921183
2010-10-15,1318175.8756031818
2010-10-18,1311575.218694942
2010-10-19,1279666.2620158722
2010-10-20,1305868.1590666394
2010-10-21,1295182.3953546397
2010-10-22,1300028.0285633444
2010-10-25,1305189.0031000157
2010-10-26,1299292.5752674364
2010-10-27,1287720.0774704386
2010-10-28,1299471.4730710927
2010-10-29,1301804.423725802
2010-11-01,1303852.8565627611
2010-11-02,1322809.508814006
2010-11-03,1333817.9992377746
2010-11-04,1355315.0827054891
2010-11-05,1353161.49627874
2010-11-08,1345103.2106134414
2010-11-09,1324482.0930445322
2010-11-10,1336576.1537467872
2010-11-11,1328159.634180631
2010-11-12,1294553.1121078643
2010-11-15,1289776.959072892
2010-11-16,1257541.0067423743
2010-11-17,1255913.9752445023
2010-11-18,1286466.1345357143
2010-11-19,1281781.3247633164
2010-11-22,1283252.6911112622
2010-11-23,1252540.2802509353
2010-11-24,1273766.0669717917
2010-11-25,1274979.909534998
2010-11-26,1251492.25484991
2010-11-29,1254002.9288182831
2010-11-30,1245546.55308239
2010-12-01,1262563.9945806211
2010-12-02,1273984.7404131743
2010-12-03,1279220.611918087
2010-12-06,1278533.7984108012
2010-12-07,1272105.5855526817
2010-12-08,1273504.6231583508
2010-12-09,1274763.6313305043
2010-12-10,1279097.5203344584
2010-12-13,1282359.8551469136
2010-12-14,1285507.418341825
2010-12-15,1278834.4504130357
2010-12-16,1278631.0429012417
2010-12-17,1274628.5604677089
2010-12-20,1277169.148172737
2010-12-21,1286292.4965581761
2010-12-22,1290861.073049863
2010-12-23,1289427.7637481377
2010-12-24,1289804.9494616685
2010-12-27,1290064.1848078615
2010-12-28,1295073.4486525883
2010-12-29,1297047.1959205405
2010-12-30,1286434.1795728765
2010-12-31,1291607.7581633949
2011-01-03,1294812.8890073868
2011-01-04,1280736.4440048647
2011-01-05,1290182.9170934823
2011-01-06,1283586.668621757
2011-01-07,1286819.9864359128
2011-01-10,1286633.0725884608
2011-01-11,1288243.191668199
2011-01-12,1299241.5719049426
2011-01-13,1278346.20480107
2011-01-14,1272964.1716853625
2011-01-17,1272183.3036848914
2011-01-18,1286628.7680877447
2011-01-19,1263868.50345265
2011-01-20,1240733.6667485484
2011-01-21,1237980.074769329
2011-01-24,1253831.9129016537
2011-01-25,1249453.017179319
2011-01-26,1261672.382545328
2011-01-27,1259423.1033182007
2011-01-28,1230689.6003428437
2011-01-31,1244724.3831174928
2011-02-01,1272710.0622102253
2011-02-02,1279429.5822066395
2011-02-03,1280236.5723788785
2011-02-04,1285282.323049454
2011-02-07,1285459.2034296629
2011-02-08,1293874.4809553842
2011-02-09,1289563.9385442876
2011-02-10,1282592.7531975305
2011-02-11,1285802.8899458144
2011-02-14,1284431.4811696645
2011-02-15,1280217.9717708374
2011-02-16,1298156.3116229859
2011-02-17,1307901.5539638917
2011-02-18,1312400.13971525
2011-02-21,1296031.301491268
2011-02-22,1260937.1780717326
2011-02-23,1265164.9519660308
2011-02-24,1259986.440314793
2011-02-25,1274565.2118136499
2011-02-28,1279758.20572178
2011-03-01,1272934.9825322083
2011-03-02,1283777.4468436649
2011-03-03,1287741.816048281
2011-03-04,1292361.3773935256
2011-03-07,1286811.3323792652
2011-03-08,1286401.378373596
2011-03-09,1287843.8775512078
2011-03-10,1260838.218706895
2011-03-11,1269669.716135304
2011-03-14,1269652.4126746005
2011-03-15,1234990.3914878378
2011-03-16,1233738.4643570213
2011-03-17,1244333.0740772758
2011-03-18,1252968.5242398237
2011-03-21,1257033.9455683373
2011-03-22,1260946.1632662802
2011-03-23,1258930.7254082996
2011-03-24,1257230.0584441475
2011-03-25,1255978.4130883564
2011-03-28,1250391.138998337
2011-03-29,1253748.9328307558
2011-03-30,1260277.7253206917
2011-03-31,1267192.9364993859
2011-04-01,1277826.6058985551
2011-04-04,1276188.4138483498
2011-04-05,1284317.9339092618
2011-04-06,1303173.1862321806
2011-04-07,1304341.8364546762
2011-04-08,1326792.8376443305
2011-04-11,1310594.7065998185
2011-04-12,1291242.4166211195
2011-04-13,1299038.2999250903
2011-04-14,1308107.5060697435
2011-04-15,1308832.0124202303
2011-04-18,1286352.8766882203
2011-04-19,1298203.7201113936
2011-04-20,1327702.3308253346
2011-04-21,1331512.8997924246
2011-04-22,1330797.41525273
2011-04-25,1330214.7287156372
2011-04-26,1337419.8143613723
2011-04-27,1362604.3530555116
2011-04-28,1364545.7904441438
2011-04-29,1378999.1949815073
2011-05-02,1366496.4110030604
2011-05-03,1342230.1578368475
2011-05-04,1319473.2346335307
2011-05-05,1265403.215893182
2011-05-06,1257968.8215305675
2011-05-09,1265921.0609424105
2011-05-10,1279567.0364450277
2011-05-11,1263813.8431687024
2011-05-12,1270088.2950539244
2011-05-13,1253664.3678860737
2011-05-16,1236840.9939584178
2011-05-17,1240970.3786360966
2011-05-18,1250935.0282343624
2011-05-19,1251951.1880007482
2011-05-20,1242525.1344831865
2011-05-23,1228149.919375476
2011-05-24,1224861.3688128707
2011-05-25,1220312.4499940122
2011-05-26,1222209.3049117718
2011-05-27,1223289.4290238328
2011-05-30,1223289.4290238328
2011-05-31,1226514.604284097
2011-06-01,1220603.4798151532
2011-06-02,1221089.0684563008
2011-06-03,1219695.5885899737
2011-06-06,1218696.093091191
2011-06-07,1219393.7912377808
2011-06-08,1216378.5726093084
2011-06-09,1216378.5726093084
2011-06-10,1216378.5726093084
2011-06-13,1216378.5726093084
2011-06-14,1216378.5726093084
2011-06-15,1216378.5726093084
2011-06-16,1216378.5726093084
2011-06-17,1216378.5726093084
2011-06-20,1216378.5726093084
2011-06-21,1216378.5726093084
2011-06-22,1216378.5726093084
2011-06-23,1216378.5726093084
2011-06-24,1216378.5726093084
2011-06-27,1216378.5726093084
2011-06-28,1216378.5726093084
2011-06-29,1216378.5726093084
2011-06-30,1216378.5726093084
2011-07-01,1216378.5726093084
2011-07-04,1216378.5726093084
2011-07-05,1216378.5726093084
2011-07-06,1216378.5726093084
2011-07-07,1216378.5726093084
2011-07-08,1216378.5726093084
2011-07-11,1216378.5726093084
2011-07-12,1216378.5726093084
2011-07-13,1216378.5726093084
2011-07-14,1217139.3211860366
2011-07-15,1218333.7089346664
2011-07-18,1220638.3384344918
2011-07-19,1217309.2919744134
2011-07-20,1219939.4705894266
2011-07-21,1218487.0789255768
2011-07-22,1219111.7755282223
2011-07-25,1224737.2183295079
2011-07-26,1226611.6504280304
2011-07-27,1218541.126147413
2011-07-28,1219302.508243074
2011-07-29,1218141.857534128
2011-08-01,1212018.5801821828
2011-08-02,1199972.0759707447
2011-08-03,1197711.7636613066
2011-08-04,1180305.272724344
2011-08-05,1183848.9792552101
2011-08-08,1195835.4536271598
2011-08-09,1179447.9934454767
2011-08-10,1207205.0766246885
2011-08-11,1187092.466080587
2011-08-12,1182104.7963439573
2011-08-15,1181682.0282666734
2011-08-16,1186031.1704058647
2011-08-17,1188406.6384317146
2011-08-18,1201864.3587865413
2011-08-19,1209847.156160353
2011-08-22,1217968.6847267947
2011-08-23,1200451.9465195183
2011-08-24,1187249.599568141
2011-08-25,1186434.51817255
2011-08-26,1185704.0683357778
2011-08-29,1182695.5546621836
2011-08-30,1182217.2307538835
2011-08-31,1178196.7760075408
2011-09-01,1176978.970769115
2011-09-02,1181990.6278153763
2011-09-05,1183853.1784977505
2011-09-06,1180072.0405049135
2011-09-07,1176624.8305635406
2011-09-08,1178963.2723733005
2011-09-09,1188876.507529148
2011-09-12,1189502.854955016
2011-09-13,1188278.553352323
2011-09-14,1188268.8901176243
2011-09-15,1182002.660936498
2011-09-16,1181086.358663729
2011-09-19,1187373.0432676368
2011-09-20,1187811.3482375622
2011-09-21,1193219.6011354337
2011-09-22,1199515.2566088054
2011-09-23,1193529.120408439
2011-09-26,1190841.9907042675
2011-09-27,1181446.574320868
2011-09-28,1189253.4370896064
2011-09-29,1181313.1063180154
2011-09-30,1190167.9073651829
2011-10-03,1204812.1685939762
2011-10-04,1194434.7332385932
2011-10-05,1189282.5749128175
2011-10-06,1182209.48137198
2011-10-07,1181687.7073819132
2011-10-10,1157096.600430181
2011-10-11,1159293.5461338859
2011-10-12,1138650.8765538167
2011-10-13,1140199.9886785143
2011-10-14,1132629.0415329912
2011-10-17,1130382.8431988542
2011-10-18,1130981.5091974156
2011-10-19,1130681.1640124747
2011-10-20,1131803.1366858804
2011-10-21,1129410.2429758138
2011-10-24,1129058.1184668564
2011-10-25,1129686.5442933857
2011-10-26,1126724.954781971
2011-10-27,1131751.3659592427
2011-10-28,1130590.6210209178
2011-10-31,1122192.201468468
2011-11-01,1113928.2554167863
2011-11-02,1113075.4585609892
2011-11-03,1115734.4267654272
2011-11-04,1115037.682147333
2011-11-07,1116351.4082232316
2011-11-08,1117761.0290866822
2011-11-09,1111239.2297327241
2011-11-10,1110747.965331062
2011-11-11,1113757.449480519
2011-11-14,1113125.7454318479
2011-11-15,1114430.5950869452
2011-11-16,1110830.923804087
2011-11-17,1107940.0663770721
2011-11-18,1106529.9688803433
2011-11-21,1103695.4299685198
2011-11-22,1104118.3133174013
2011-11-23,1103233.1380646124
2011-11-24,1102952.393973889
2011-11-25,1103542.9290760492
2011-11-28,1096877.8145162226
2011-11-29,1095947.9767700268
2011-11-30,1090309.461757136
2011-12-01,1091470.4113391563
2011-12-02,1089834.273851462
2011-12-05,1090752.039516486
2011-12-06,1091651.6128206074
2011-12-07,1088368.2181491074
2011-12-08,1093176.0833354436
2011-12-09,1089568.8699368706
2011-12-12,1091885.3414987167
2011-12-13,1093684.4271155838
2011-12-14,1096651.825658541
2011-12-15,1096575.179658624
2011-12-16,1096776.8614990741
2011-12-19,1100036.2801607617
2011-12-20,1093264.080611682
2011-12-21,1094086.400095449
2011-12-22,1093186.198156004
2011-12-23,1092006.5745346174
2011-12-26,1091625.122834792
2011-12-27,1093571.3661524442
2011-12-28,1098218.5487082163
2011-12-29,1096339.9324610357
2011-12-30,1101060.0559479108
2012-01-02,1102266.521164685
2012-01-03,1093195.1691700039
2012-01-04,1099459.1965837353
2012-01-05,1105687.0923937252
2012-01-06,1113353.1730319737
2012-01-09,1111679.5593771448
2012-01-10,1108644.0185331306
2012-01-11,1112260.5289110027
2012-01-12,1108264.4543902471
2012-01-13,1112204.0748825253
2012-01-16,1114774.9639717995
2012-01-17,1109155.4197773999
2012-01-18,1098823.6386241366
2012-01-19,1093973.3972921325
2012-01-20,1096078.304809184
2012-01-23,1091846.1832479176
2012-01-24,1089581.113322008
2012-01-25,1093977.8485365366
2012-01-26,1093304.1662451704
2012-01-27,1092577.8859815754
2012-01-30,1088600.3922486086
2012-01-31,1087415.6525508997
2012-02-01,1099345.712130767
2012-02-02,1099929.5497446274
2012-02-03,1109289.967802133
2012-02-06,1107267.2691679434
2012-02-07,1113607.9638269611
2012-02-08,1114965.2814906917
2012-02-09,1117134.2027734753
2012-02-10,1106455.6402288189
2012-02-13,1114464.1227054647
2012-02-14,1112652.5223408705
2012-02-15,1108218.1553852842
2012-02-16,1119430.1469527318
2012-02-17,1120357.6150621306
2012-02-20,1127360.0131046476
2012-02-21,1119996.0765088613
2012-02-22,1119572.7211721025
2012-02-23,1133111.9559720503
2012-02-24,1136556.885300617
2012-02-27,1135020.5747125605
2012-02-28,1141547.9251165348
2012-02-29,1119472.6227723053
2012-03-01,1140218.1418656893
2012-03-02,1130309.724536187
2012-03-05,1119289.9358823814
2012-03-06,1088731.0468414815
2012-03-07,1099279.4713698863
2012-03-08,1115601.535228196
2012-03-09,1119544.6804540956
2012-03-12,1110553.2506773716
2012-03-13,1131595.6302539136
2012-03-14,1122821.569115494
2012-03-15,1132160.2983299752
2012-03-16,1140207.665154988
2012-03-19,1146876.8149894204
2012-03-20,1131404.757845736
2012-03-21,1127097.5703506246
2012-03-22,1112874.3070695933
2012-03-23,1116497.581223353
2012-03-26,1134552.8697366982
2012-03-27,1131574.6859418019
2012-03-28,1122720.2835267538
2012-03-29,1112992.0044963735
2012-03-30,1115465.72738412
2012-04-02,1117763.4853792603
2012-04-03,1116730.3461605364
2012-04-04,1092171.2384924204
2012-04-05,1096483.8004982106
2012-04-06,1085436.861326249
2012-04-09,1082571.7581685826
2012-04-10,1076300.7144941427
2012-04-11,1076871.3635762634
2012-04-12,1079486.4802812214
2012-04-13,1075479.6941381693
2012-04-16,1071782.622219924
2012-04-17,1071782.622219924
2012-04-18,1071782.622219924
2012-04-19,1071782.622219924
2012-04-20,1071782.622219924
2012-04-23,1071777.9412142274
2012-04-24,1072043.6122004017
2012-04-25,1072449.0003765773
2012-04-26,1071548.9580490317
2012-04-27,1074907.6057150797
2012-04-30,1072078.0634557956
2012-05-01,1072402.7290489203
2012-05-02,1071587.9045844066
2012-05-03,1070631.2770235592
2012-05-04,1067457.5603005453
2012-05-07,1069249.6007157345
2012-05-08,1067727.1295228847
2012-05-09,1068193.1599622772
2012-05-10,1067191.6651060178
2012-05-11,1067316.200134548
2012-05-14,1072701.68160887
2012-05-15,1078571.6114224626
2012-05-16,1080204.5245548307
2012-05-17,1081668.529720459
2012-05-18,1076421.0922832596
2012-05-21,1066335.1184401873
2012-05-22,1082160.455996195
2012-05-23,1094498.2893040513
2012-05-24,1095889.6836230555
2012-05-25,1094065.367486702
2012-05-28,1085185.33271856
2012-05-29,1092263.755755441
2012-05-30,1112962.0015447214
2012-05-31,1118437.901729824
2012-06-01,1121109.0780197645
2012-06-04,1111753.5398754305
2012-06-05,1105829.4223722746
2012-06-06,1062625.1519906474
2012-06-07,1065321.375447026
2012-06-08,1068893.4163500834
2012-06-11,1085844.6339482388
2012-06-12,1063907.2417252443
2012-06-13,1066806.8305343809
2012-06-14,1050054.5071407899
2012-06-15,1049475.000662052
2012-06-18,1046238.1043534249
2012-06-19,1038830.8651591525
2012-06-20,1040047.1855741839
2012-06-21,1045000.4214951114
2012-06-22,1040052.8457808907
2012-06-25,1041651.8517902553
2012-06-26,1040403.010070532
2012-06-27,1039831.9885387644
2012-06-28,1043862.2621967642
2012-06-29,1031481.5226935146
2012-07-02,1035278.1241423638
2012-07-03,1029496.891097775
2012-07-04,1031786.4194946254
2012-07-05,1035560.167381027
2012-07-06,1034686.889810937
2012-07-09,1032537.3245020045
2012-07-10,1033202.4762672731
2012-07-11,1036537.7314526502
2012-07-12,1031347.6527028149
2012-07-13,1033047.5117056624
2012-07-16,1032551.8451133531
2012-07-17,1034555.6420980364
2012-07-18,1036297.0676054773
2012-07-19,1037701.1765180237
2012-07-20,1040279.6634876118
2012-07-23,1039893.0189466737
2012-07-24,1042662.7462449647
2012-07-25,1038802.7786024099
2012-07-26,1031971.8626797821
2012-07-27,1029722.1717814596
2012-07-30,1034639.1026263451
2012-07-31,1030704.1028330636
2012-08-01,1032584.215080915
2012-08-02,1034288.6681883284
2012-08-03,1028163.70268708
2012-08-06,1029855.4581319233
2012-08-07,1031860.8244008124
2012-08-08,1034606.7903117407
2012-08-09,1038642.5785915649
2012-08-10,1042073.7580957699
2012-08-13,1039005.4923624033
2012-08-14,1037207.0819122905
2012-08-15,1040472.2988090336
2012-08-16,1039709.9852727754
2012-08-17,1039036.8543556563
2012-08-20,1038956.0819294127
2012-08-21,1032959.3587101679
2012-08-22,1029635.2046304357
2012-08-23,1023588.0496756751
2012-08-24,1024794.3104978118
2012-08-27,1024132.1375760867
2012-08-28,1024726.7140592586
2012-08-29,1023218.2875391573
2012-08-30,1014750.5811697298
2012-08-31,1020082.1047690359
2012-09-03,1019738.5199883545
2012-09-04,1016303.2567205988
2012-09-05,1015903.7990205875
2012-09-06,1034113.917108828
2012-09-07,1046671.187431888
2012-09-10,1036679.293803999
2012-09-11,1041379.2660831534
2012-09-12,1044446.0289995586
2012-09-13,1065571.140117558
2012-09-14,1074421.9879250845
2012-09-17,1070029.1473823332
2012-09-18,1071601.9219235228
2012-09-19,1070627.6005282497
2012-09-20,1067997.9451808792
2012-09-21,1067770.5217690808
2012-09-24,1063060.2904105845
2012-09-25,1053416.7644213452
2012-09-26,1043347.8315892054
2012-09-27,1057532.6450322648
2012-09-28,1049122.137631562
2012-10-01,1050520.4162454393
2012-10-02,1051490.3851486773
2012-10-03,1053314.742006856
2012-10-04,1063532.8733171418
2012-10-05,1059396.310148677
2012-10-08,1052728.8837102186
2012-10-09,1041407.4167158715
2012-10-10,1036157.6839836258
2012-10-11,1041664.3955354274
2012-10-12,1036440.7254343971
2012-10-15,1036248.8905547147
2012-10-16,1041528.9933005422
2012-10-17,1047347.8736147401
2012-10-18,1039846.7096840711
2012-10-19,1027072.6107340164
2012-10-22,1027482.0532525831
2012-10-23,1018408.1751943233
2012-10-24,1019740.942791997
2012-10-25,1019558.1404022087
2012-10-26,1019758.0515572098
2012-10-29,1021305.0896891564
2012-10-30,1021518.5895824708
2012-10-31,1019896.2394585799
2012-11-01,1019945.1032598529
2012-11-02,1021982.8300245554
2012-11-05,1020776.1651440468
2012-11-06,1017561.9117246947
2012-11-07,1018358.4649494479
2012-11-08,1014371.1713865994
2012-11-09,1012301.9812911707
2012-11-12,1014600.091454976
2012-11-13,1014308.4669392185
2012-11-14,1012674.8170399982
2012-11-15,1016185.6069708297
2012-11-16,1015212.7070190649
2012-11-19,1014355.4248358938
2012-11-20,1015462.0818258502
2012-11-21,1021410.0224646206
2012-11-22,1023862.993624543
2012-11-23,1026313.9648748457
2012-11-26,1024371.0197932513
2012-11-27,1024231.101850605
2012-11-28,1025811.8688004182
2012-11-29,1024039.7850164782
2012-11-30,1025235.2967542439
2012-12-03,1022975.493729222
2012-12-04,1022030.8299460723
2012-12-05,1028288.4992671364
2012-12-06,1028743.0119617493
2012-12-07,1028956.1100097471
2012-12-10,1027941.6613389142
2012-12-11,1033819.7735487152
2012-12-12,1044476.9327596126
2012-12-13,1047706.846433899
2012-12-14,1052423.8968269145
2012-12-17,1055439.5641888492
2012-12-18,1064296.9893289518
2012-12-19,1060460.4427278836
2012-12-20,1062323.233819668
2012-12-21,1045827.6252514378
2012-12-24,1047307.1995497948
2012-12-26,1059470.8535836097
2012-12-27,1065068.84936922
2012-12-28,1061384.7931921668
2012-12-31,1071124.2703809277
2013-01-02,1099741.1351233418
2013-01-03,1079454.5429152558
2013-01-04,1091217.442601806
2013-01-07,1091335.4026013135
2013-01-08,1076432.2287720498
2013-01-09,1087718.5407820416
2013-01-10,1125968.0076190014
2013-01-11,1129309.3521299213
2013-01-14,1139191.684280967
2013-01-15,1125442.9231605986
2013-01-16,1115584.841669661
2013-01-17,1141649.0850201235
2013-01-18,1139562.1007196077
2013-01-21,1133373.414019377
2013-01-22,1131220.6010405049
2013-01-23,1120080.6114981684
2013-01-24,1134472.8840648143
2013-01-25,1150851.376167429
2013-01-28,1145927.1636844454
2013-01-29,1163039.7935343797
2013-01-30,1165349.8866498573
2013-01-31,1171250.0331915375
2013-02-01,1195954.78886587
2013-02-04,1165567.2845561889
2013-02-05,1190886.4669709264
2013-02-06,1183179.1247409408
2013-02-07,1166427.431666676
2013-02-08,1158842.433222885
2013-02-11,1184781.6264579587
2013-02-12,1182763.3704671592
2013-02-13,1184803.199406039
2013-02-14,1171051.3241424316
2013-02-15,1171235.4842298848
2013-02-18,1176327.0741218082
2013-02-19,1189306.6625725115
2013-02-20,1171068.5325734986
2013-02-21,1147413.464177826
2013-02-22,1165599.7873418827
2013-02-25,1123038.3076229254
2013-02-26,1122052.2883555945
2013-02-27,1139759.9646198668
2013-02-28,1144240.899197858
2013-03-01,1154488.5738111853
2013-03-04,1160111.9901769848
2013-03-05,1171854.9808118509
2013-03-06,1178096.042720739
2013-03-07,1181620.8475599373
2013-03-08,1191379.0484085109
2013-03-11,1196606.2794816988
2013-03-12,1187700.2691823868
2013-03-13,1190910.8398941576
2013-03-14,1195297.470202749
2013-03-15,1187929.146205343
2013-03-18,1180983.8803246897
2013-03-19,1177773.332826603
2013-03-20,1190780.0854063614
2013-03-21,1175105.881508676
2013-03-22,1180476.736971642
2013-03-25,1176636.995860803
2013-03-26,1185704.8571836923
2013-03-27,1183195.968747282
2013-03-28,1184880.9407660973
2013-03-29,1185497.197352442
2013-04-01,1166954.6201481184
2013-04-02,1183558.198410745
2013-04-03,1176524.767041589
2013-04-04,1204651.7005660527
2013-04-05,1195491.0987920128
2013-04-08,1220118.1560246837
2013-04-09,1219119.94170977
2013-04-10,1248148.7866521585
2013-04-11,1249356.4664103643
2013-04-12,1249026.0558385085
2013-04-15,1228939.8821900508
2013-04-16,1254638.2658174443
2013-04-17,1234464.1426590602
2013-04-18,1222349.6812536276
2013-04-19,1234502.26046578
2013-04-22,1231461.4919104835
2013-04-23,1240947.5840898533
2013-04-24,1241209.272234891
2013-04-25,1236101.922251598
2013-04-26,1226194.493480903
2013-04-29,1231402.1705555385
2013-04-30,1236354.513195504
2013-05-01,1228649.630072756
2013-05-02,1237356.9532325906
2013-05-03,1257648.4023141046
2013-05-06,1260155.1137676903
2013-05-07,1262118.3582385455
2013-05-08,1272395.0918689622
2013-05-09,1278823.267476143
2013-05-10,1292516.5504262308
2013-05-13,1300073.3010305108
2013-05-14,1316510.4922695037
2013-05-15,1321304.4869989639
2013-05-16,1317370.4119698906
2013-05-17,1340996.5387324255
2013-05-20,1333696.2375309984
2013-05-21,1341392.8243675185
2013-05-22,1348022.9959172332
2013-05-23,1314956.7107446848
2013-05-24,1310333.30126793
2013-05-27,1312275.196505232
2013-05-28,1320858.8289755627
2013-05-29,1309565.5239276465
2013-05-30,1311748.865799719
2013-05-31,1303417.7057503115
2013-06-03,1290774.9784989068
2013-06-04,1298008.398832326
2013-06-05,1292111.392737216
2013-06-06,1286116.8051211485
2013-06-07,1291534.8729478668
2013-06-10,1299723.7456103268
2013-06-11,1289340.6090096042
2013-06-12,1282965.0245217201
2013-06-13,1273636.7501107971
2013-06-14,1274554.4781877254
2013-06-17,1280799.477783065
2013-06-18,1290055.9471156572
2013-06-19,1292975.7578022892
2013-06-20,1285266.5195131518
2013-06-21,1278084.4741525592
2013-06-24,1281314.3441331857
2013-06-25,1280832.457460441
2013-06-26,1285257.2320341791
2013-06-27,1292128.6076735423
2013-06-28,1293441.9800271876
2013-07-01,1288561.8926346092
2013-07-02,1295360.6322120081
2013-07-03,1297743.53226724
2013-07-04,1295705.0269216348
2013-07-05,1308843.2130646128
2013-07-08,1301057.5375145962
2013-07-09,1297563.9697187962
2013-07-10,1290021.6447067491
2013-07-11,1283916.052133157
2013-07-12,1295203.974362595
2013-07-15,1295076.090950951
2013-07-16,1283387.6866591675
2013-07-17,1288206.3432014312
2013-07-18,1287973.8951497278
2013-07-19,1284482.882139685
2013-07-22,1274654.2256079523
2013-07-23,1269774.6887745631
2013-07-24,1273406.265116383
2013-07-25,1270481.6598633318
2013-07-26,1269573.1364669937
2013-07-29,1270814.0581538293
2013-07-30,1278749.8898721514
2013-07-31,1289387.2498516273
2013-08-01,1300876.797322289
2013-08-02,1304042.229450519
2013-08-05,1300949.0117874595
2013-08-06,1292711.5631075543
2013-08-07,1288734.119537128
2013-08-08,1281183.4227207876
2013-08-09,1271962.3774483593
2013-08-12,1276813.1104983331
2013-08-13,1279272.7693258624
2013-08-14,1272968.7028745664
2013-08-15,1261344.514447871
2013-08-16,1255640.2228197725
2013-08-19,1257775.4109734676
2013-08-20,1262437.0458458986
2013-08-21,1262455.4719671367
2013-08-22,1262578.9815343267
2013-08-23,1265781.6953328184
2013-08-26,1265730.1046721595
2013-08-27,1271627.439817817
2013-08-28,1272300.1646393538
2013-08-29,1269123.5097719214
2013-08-30,1268263.8474146242
2013-09-02,1256758.0857319115
2013-09-03,1249663.8950835092
2013-09-04,1245635.7223982716
2013-09-05,1245075.453998463
2013-09-06,1247429.556922957
2013-09-09,1249467.259845638
2013-09-10,1249261.483433944
2013-09-11,1250928.4198222638
2013-09-12,1244870.4597799028
2013-09-13,1242466.8129421338
2013-09-16,1241996.1665216715
2013-09-17,1247592.479650725
2013-09-18,1269077.9707502886
2013-09-19,1274157.3195058221
2013-09-20,1264224.0985123098
2013-09-23,1253259.4211042342
2013-09-24,1249629.067727052
2013-09-25,1246900.2395780818
2013-09-26,1253724.4929011827
2013-09-27,1247539.9875727259
2013-09-30,1243686.7822744353
2013-10-01,1250263.3316114487
2013-10-02,1247631.1641745942
2013-10-03,1239872.088359554
2013-10-04,1243712.8315683103
2013-10-07,1233103.1651541067
2013-10-08,1223343.8261219717
2013-10-09,1217319.547545809
2013-10-10,1222491.0289828954
2013-10-11,1225227.6748599366
2013-10-14,1227348.253764331
2013-10-15,1220012.2736706918
2013-10-16,1225577.544532851
2013-10-17,1232601.0054707632
2013-10-18,1237481.8861152187
2013-10-21,1239933.9120251194
2013-10-22,1248815.6022592522
2013-10-23,1235655.7574138774
2013-10-24,1242070.9503506448
2013-10-25,1241654.254103059
2013-10-28,1242358.0093033172
2013-10-29,1246404.1111375678
2013-10-30,1244718.8537701347
2013-10-31,1231022.093092331
2013-11-01,1224158.791654135
2013-11-04,1232067.206051198
2013-11-05,1228258.206431199
2013-11-06,1232546.182889225
2013-11-07,1209046.2566740068
2013-11-08,1227309.6391729435
2013-11-11,1228785.9972210682
2013-11-12,1233936.49638821
2013-11-13,1240176.8132959588
2013-11-14,1246691.5600957407
2013-11-15,1261140.4794799206
2013-11-18,1253736.3013789984
2013-11-19,1256762.1537663206
2013-11-20,1249383.0803937863
2013-11-21,1278282.5904969617
2013-11-22,1282627.32915887
2013-11-25,1282786.7212201715
2013-11-26,1280040.8562129766
2013-11-27,1297908.8050682894
2013-11-28,1302551.660106085
2013-11-29,1301562.2227802472
2013-12-02,1306148.7266581028
2013-12-03,1289610.3284329318
2013-12-04,1285430.2970437447
2013-12-05,1270935.5760825193
2013-12-06,1302610.4501079097
2013-12-09,1311183.5044453866
2013-12-10,1295785.523843839
2013-12-11,1278283.8681852017
2013-12-12,1296938.4413784412
2013-12-13,1287974.7132697394
2013-12-16,1288065.3051496018
2013-12-17,1284653.3869191238
2013-12-18,1330493.5353776892
2013-12-19,1328020.1024961567
2013-12-20,1331063.7178590135
2013-12-23,1340641.4222143593
2013-12-24,1337601.4002070946
2013-12-26,1357281.157568737
2013-12-27,1365303.67331723
2013-12-30,1364469.4571350655
2013-12-31,1364819.6549976473
2014-01-02,1338305.5585569185
2014-01-03,1326859.187997744
2014-01-06,1313193.2907129049
2014-01-07,1331799.6111986076
2014-01-08,1340892.6762303775
2014-01-09,1338151.6488255286
2014-01-10,1328475.706459263
2014-01-13,1294122.6797171219
2014-01-14,1318633.1315008022
2014-01-15,1329949.2715332343
2014-01-16,1329524.0026067018
2014-01-17,1331857.4814479603
2014-01-20,1328656.660521189
2014-01-21,1337599.1126085073
2014-01-22,1344330.4299638323
2014-01-23,1321884.5765983104
2014-01-24,1301473.3889813258
2014-01-27,1293885.0406263408
2014-01-28,1292162.9381371634
2014-01-29,1295253.284649771
2014-01-30,1290109.5874175052
2014-01-31,1291250.0181424113
2014-02-03,1289678.425044168
2014-02-04,1269992.3293914588
2014-02-05,1271702.132532303
2014-02-06,1264789.355764647
2014-02-07,1263543.3593202217
2014-02-10,1265309.3189740109
2014-02-11,1254926.9560835634
2014-02-12,1256753.7556721398
2014-02-13,1258978.8090387194
2014-02-14,1260230.3723123253
2014-02-17,1259914.468901185
2014-02-18,1259282.145593023
2014-02-19,1261546.2613567573
2014-02-20,1263588.4561076793
2014-02-21,1263072.2038028953
2014-02-24,1262924.9014639829
2014-02-25,1265423.7754756028
2014-02-26,1266176.1313780518
2014-02-27,1270333.203238618
2014-02-28,1270096.3432229059
2014-03-03,1265656.1875538102
2014-03-04,1273750.9774688277
2014-03-05,1269060.451016522
2014-03-06,1267224.967971647
2014-03-07,1269001.0000678594
2014-03-10,1266230.697768551
2014-03-11,1257802.428534912
2014-03-12,1261216.9554666488
2014-03-13,1247525.0987353434
2014-03-14,1242913.1660431793
2014-03-17,1250335.404065434
2014-03-18,1260917.8375727055
2014-03-19,1257417.1453417777
2014-03-20,1262735.1143179617
2014-03-21,1253075.4883191567
2014-03-24,1246905.0523694314
2014-03-25,1249761.8178525725
2014-03-26,1238584.600211925
2014-03-27,1233330.016060542
2014-03-28,1236131.1031048654
2014-03-31,1240502.3410850014
2014-04-01,1243024.309001544
2014-04-02,1245177.1860116043
2014-04-03,1244852.3931897203
2014-04-04,1237255.6905941975
2014-04-07,1231040.3390383022
2014-04-08,1232522.604960002
2014-04-09,1238861.3446355949
2014-04-10,1229696.394019556
2014-04-11,1224299.4325169108
2014-04-14,1225599.3557348289
2014-04-15,1223800.5896447382
2014-04-16,1225939.9548509254
2014-04-17,1225125.0190507865
2014-04-18,1225374.7134629167
2014-04-21,1225686.4526096007
2014-04-22,1227137.77391344
2014-04-23,1224172.0483077832
2014-04-24,1222890.9679607733
2014-04-25,1223132.6251187967
2014-04-28,1223581.597413379
2014-04-29,1224452.0302204925
2014-04-30,1224281.885311805
2014-05-01,1224038.0481850065
2014-05-02,1224020.2851601937
2014-05-05,1223854.9645815112
2014-05-06,1225681.356618023
2014-05-07,1225467.4161673402
2014-05-08,1225879.0243116552
2014-05-09,1225440.8139817659
2014-05-12,1226446.8796822757
2014-05-13,1226281.2415661688
2014-05-14,1225038.871624111
2014-05-15,1223446.002546311
2014-05-16,1223993.851376316
2014-05-19,1222463.4830173766
2014-05-20,1217931.9585514467
2014-05-21,1218550.6501677367
2014-05-22,1218159.3860534409
2014-05-23,1217631.7336760033
2014-05-26,1217497.0357207446
2014-05-27,1219414.0560478957
2014-05-28,1217955.3653250162
2014-05-29,1222542.057874347
2014-05-30,1222325.756512783
2014-06-02,1223505.3142849642
2014-06-03,1223868.1577273519
2014-06-04,1224879.6585719353
2014-06-05,1228960.8136369681
2014-06-06,1235962.85259629
2014-06-09,1237758.4538476032
2014-06-10,1236987.3085416076
2014-06-11,1234187.4508460537
2014-06-12,1227048.1167125914
2014-06-13,1225701.1813312112
2014-06-16,1227230.046635506
2014-06-17,1229020.3796367806
2014-06-18,1233672.387309941
2014-06-19,1227720.3906237606
2014-06-20,1232983.4013510535
2014-06-23,1226253.9106902636
2014-06-24,1220727.3014079903
2014-06-25,1226862.8491817582
2014-06-26,1225711.8051969893
2014-06-27,1221987.3108973543
2014-06-30,1226010.1571339509
2014-07-01,1245011.1169492854
2014-07-02,1238651.9734062518
2014-07-03,1232760.24234863
2014-07-04,1234457.3495642298
2014-07-07,1223720.4458386493
2014-07-08,1214381.956792278
2014-07-09,1222765.2130099768
2014-07-10,1203895.3597275813
2014-07-11,1210134.9778434671
2014-07-14,1222729.974301468
2014-07-15,1221847.953806791
2014-07-16,1221875.458891167
2014-07-17,1197220.169793447
2014-07-18,1221692.459115287
2014-07-21,1214369.5494572818
2014-07-22,1225880.9024321071
2014-07-23,1239134.5944461958
2014-07-24,1232221.75462998
2014-07-25,1230393.7844911176
2014-07-28,1235988.531166777
2014-07-29,1235125.9035558386
2014-07-30,1237893.0691508115
2014-07-31,1202892.4103358095
2014-08-01,1194217.2757076311
2014-08-04,1200840.4097061136
2014-08-05,1190556.4523726488
2014-08-06,1178616.8581470468
2014-08-07,1174972.336030501
2014-08-08,1168666.7010237472
2014-08-11,1168603.563134576
2014-08-12,1169863.5842670107
2014-08-13,1169696.1527834255
2014-08-14,1169146.0948678935
2014-08-15,1166074.4572302618
2014-08-18,1168447.5355201107
2014-08-19,1177891.6763615923
2014-08-20,1183367.8413809133
2014-08-21,1180859.9139741748
2014-08-22,1185244.5919657433
2014-08-25,1193763.6742614165
2014-08-26,1196494.2811937453
2014-08-27,1190585.7692663136
2014-08-28,1191482.7642255335
2014-08-29,1196141.6245950523
2014-09-01,1197625.973164999
2014-09-02,1204438.037212398
2014-09-03,1197687.530335265
2014-09-04,1215614.3530772557
2014-09-05,1220098.7912813344
2014-09-08,1225520.3848672204
2014-09-09,1213775.6558949468
2014-09-10,1224251.6197054086
2014-09-11,1226707.8546174397
2014-09-12,1219105.1595872492
2014-09-15,1210310.3242457274
2014-09-16,1214552.018493181
2014-09-17,1232845.7165773849
2014-09-18,1246096.6198385705
2014-09-19,1257420.798665509
2014-09-22,1244371.159868505
2014-09-23,1232043.4026880467
2014-09-24,1254117.5885657065
2014-09-25,1232395.3611983557
2014-09-26,1260148.5450928644
2014-09-29,1256816.781870633
2014-09-30,1257948.7920359464
2014-10-01,1223477.2671784835
2014-10-02,1197774.4106774272
2014-10-03,1230632.479615372
2014-10-06,1202363.749201232
2014-10-07,1201019.8190533724
2014-10-08,1188325.9424648907
2014-10-09,1202386.2212134073
2014-10-10,1212719.341612799
2014-10-13,1195388.281095804
2014-10-14,1214120.667382611
2014-10-15,1193727.7959772998
2014-10-16,1195936.4700827687
2014-10-17,1194620.1215133143
2014-10-20,1191222.9009488588
2014-10-21,1185673.6661682145
2014-10-22,1190330.5241239418
2014-10-23,1186143.649324521
2014-10-24,1182788.292172762
2014-10-27,1183442.4053474292
2014-10-28,1174423.9381486834
2014-10-29,1178865.1850603945
2014-10-30,1176199.4637563834
2014-10-31,1181529.9768455813
2014-11-03,1205644.175809742
2014-11-04,1193056.1723834893
2014-11-05,1215617.7209967424
2014-11-06,1225127.4523351146
2014-11-07,1196193.305592573
2014-11-10,1215588.193177104
2014-11-11,1223737.3743004296
2014-11-12,1219661.8489821656
2014-11-13,1232666.7499304004
2014-11-14,1226484.2001794635
2014-11-17,1226294.5315355356
2014-11-18,1232661.8778641743
2014-11-19,1245998.130433751
2014-11-20,1242341.305295974
2014-11-21,1237945.7515692427
2014-11-24,1251798.207070845
2014-11-25,1253823.1610375948
2014-11-26,1251985.739337074
2014-11-27,1261139.2168882284
2014-11-28,1280683.6128825767
2014-12-01,1265653.9192065028
2014-12-02,1289682.4414804769
2014-12-03,1297505.4115609888
2014-12-04,1298980.4282815394
2014-12-05,1323774.7123608203
2014-12-08,1311733.057921768
2014-12-09,1299595.8089278885
2014-12-10,1268235.7805025787
2014-12-11,1282044.5081413216
2014-12-12,1281006.8982825396
2014-12-15,1273747.2859907835
2014-12-16,1261523.925892293
2014-12-17,1282906.8251531112
2014-12-18,1278446.7091183616
2014-12-19,1281940.768555669
2014-12-22,1289814.7276938846
2014-12-23,1294126.9215154338
2014-12-24,1293460.5837299046
2014-12-26,1293501.4450631966
2014-12-29,1297091.516478708
2014-12-30,1282678.046167742
2014-12-31,1286084.5422153692
2015-01-02,1299683.4171621983
2015-01-05,1302548.9572284645
2015-01-06,1308766.2591378514
2015-01-07,1310392.346114509
2015-01-08,1310286.8405022146
2015-01-09,1303265.3690759926
2015-01-12,1314491.7428785977
2015-01-13,1315799.9332385056
2015-01-14,1312255.4195926774
2015-01-15,1319333.7332729723
2015-01-16,1320803.8123228357
2015-01-19,1319228.0777902121
2015-01-20,1333499.9007520974
2015-01-21,1344996.1112643762
2015-01-22,1366768.7200343516
2015-01-23,1386761.8557807815
2015-01-26,1385532.5623340316
2015-01-27,1371231.8246975616
2015-01-28,1387645.848435025
2015-01-29,1399338.6063639794
2015-01-30,1401027.755749151
2015-02-02,1386129.1242431793
2015-02-03,1366146.183602009
2015-02-04,1380752.4387347165
2015-02-05,1362155.4741690815
2015-02-06,1374754.1927854586
2015-02-09,1371715.768881656
2015-02-10,1378911.523140463
2015-02-11,1383778.5758998496
2015-02-12,1372977.6759833738
2015-02-13,1368469.2383222894
2015-02-16,1369935.1037096998
2015-02-17,1362520.116913167
2015-02-18,1368181.2727436612
2015-02-19,1377365.7887986258
2015-02-20,1380789.7579034264
2015-02-23,1387504.7755854367
2015-02-24,1387019.4600832863
2015-02-25,1377269.1590709786
2015-02-26,1398444.3627506592
2015-02-27,1394591.6967814995
2015-03-02,1404212.532937605
2015-03-03,1391410.9154685629
2015-03-04,1390234.6250108709
2015-03-05,1403040.6041814617
2015-03-06,1414975.5492608317
2015-03-09,1416054.9944933765
2015-03-10,1416003.612562681
2015-03-11,1437821.3872892743
2015-03-12,1434189.4956084043
2015-03-13,1453583.0047572628
2015-03-16,1455253.7751668466
2015-03-17,1459789.324651418
2015-03-18,1413580.3537295044
2015-03-19,1432510.881577757
2015-03-20,1415398.617651366
2015-03-23,1398569.2828158974
2015-03-24,1396793.9057279262
2015-03-25,1378756.785064126
2015-03-26,1370275.3546848446
2015-03-27,1386073.075135093
2015-03-30,1405769.2921080815
2015-03-31,1403352.2988735074
2015-04-01,1393266.5957948521
2015-04-02,1390793.9456820618
2015-04-03,1379673.2882591807
2015-04-06,1381866.6504432284
2015-04-07,1388393.1244452598
2015-04-08,1388881.9371787184
2015-04-09,1401382.2500032145
2015-04-10,1408901.9120232936
2015-04-13,1413190.6660897082
2015-04-14,1406571.6290957122
2015-04-15,1396757.6460652277
2015-04-16,1382558.309540702
2015-04-17,1370944.5996096968
2015-04-20,1382281.7525231184
2015-04-21,1387256.3274858284
2015-04-22,1389386.6339016757
2015-04-23,1384509.0981565283
2015-04-24,1382447.9888418708
2015-04-27,1377585.2245570803
2015-04-28,1372339.3231062859
2015-04-29,1356754.1167181805
2015-04-30,1340793.0546635115
2015-05-01,1354316.300521377
2015-05-04,1355287.4156109854
2015-05-05,1342563.027722194
2015-05-06,1335693.4035315183
2015-05-07,1336476.4865915226
2015-05-08,1346396.3963594874
2015-05-11,1341605.018979584
2015-05-12,1344576.961429855
2015-05-13,1349604.9909135583
2015-05-14,1359310.9607117707
2015-05-15,1358841.6278891522
2015-05-18,1359819.300667622
2015-05-19,1355169.2854395395
2015-05-20,1354079.556577037
2015-05-21,1357850.4560558302
2015-05-22,1359096.9938304673
2015-05-25,1359982.9887838971
2015-05-26,1353076.358891233
2015-05-27,1367081.4309627037
2015-05-28,1365801.6536538028
2015-05-29,1356571.057473497
2015-06-01,1361633.576541449
2015-06-02,1353480.227896804
2015-06-03,1361545.8081790262
2015-06-04,1350712.379868325
2015-06-05,1352164.8708840809
2015-06-08,1337889.6246695535
2015-06-09,1331547.0415048162
2015-06-10,1339950.1372400983
2015-06-11,1349800.1207664546
2015-06-12,1341145.439048205
2015-06-15,1338673.338353763
2015-06-16,1341101.8074365698
2015-06-17,1337910.1613912703
2015-06-18,1347568.4196160513
2015-06-19,1341749.9014365012
2015-06-22,1359195.8731994072
2015-06-23,1370098.979113079
2015-06-24,1361717.7935056642
2015-06-25,1359302.2807422942
2015-06-26,1359600.9463497985
2015-06-29,1323432.5993668865
2015-06-30,1328726.8639413684
2015-07-01,1343651.2374881168
2015-07-02,1340165.2329081425
2015-07-03,1338320.5693291866
2015-07-06,1333474.9803572597
2015-07-07,1334562.9665980202
2015-07-08,1320334.0597383673
2015-07-09,1313345.3167462158
2015-07-10,1308169.6144091692
2015-07-13,1317285.5578421475
2015-07-14,1310029.6423601573
2015-07-15,1328513.1890535476
2015-07-16,1329192.6079327804
2015-07-17,1338502.8914422074
2015-07-20,1352569.9060461472
2015-07-21,1339456.5919305275
2015-07-22,1351410.7142603195
2015-07-23,1357349.3616441393
2015-07-24,1358018.2941084674
2015-07-27,1360321.9219286907
2015-07-28,1348925.449149259
2015-07-29,1352750.9303893407
2015-07-30,1358894.9933577196
2015-07-31,1361486.8935646368
2015-08-03,1370907.5741724398
2015-08-04,1357158.8333368374
2015-08-05,1364618.4417156773
2015-08-06,1356982.032905368
2015-08-07,1350540.9336048572
2015-08-10,1346127.9796212493
2015-08-11,1356830.4626212947
2015-08-12,1335007.6421603775
2015-08-13,1344649.3669311572
2015-08-14,1344358.739835389
2015-08-17,1344259.7352697381
2015-08-18,1345961.8295240407
2015-08-19,1347584.8047893997
2015-08-20,1348067.9225030006
2015-08-21,1359905.6985834055
2015-08-24,1394892.428203778
2015-08-25,1390537.1963171635
2015-08-26,1387243.442862799
2015-08-27,1369091.8051480064
2015-08-28,1363845.4969125462
2015-08-31,1368240.6101882425
2015-09-01,1388405.1355764212
2015-09-02,1383194.730873166
2015-09-03,1383066.19302591
2015-09-04,1400287.433456401
2015-09-07,1397244.1808875313
2015-09-08,1380644.3087832648
2015-09-09,1386222.866622939
2015-09-10,1374086.3425032084
2015-09-11,1373597.6722346533
2015-09-14,1370290.6324201874
2015-09-15,1369313.5782187479
2015-09-16,1357747.4739226457
2015-09-17,1360525.6047472833
2015-09-18,1360958.8088540526
2015-09-21,1366612.8755428889
2015-09-22,1374680.9273028264
2015-09-23,1384005.120453241
2015-09-24,1386536.7979104724
2015-09-25,1380561.1523427023
2015-09-28,1389870.0784305152
2015-09-29,1390196.9091237576
2015-09-30,1381885.180576834
2015-10-01,1377130.466500164
2015-10-02,1369081.3832274417
2015-10-05,1361262.9971072266
2015-10-06,1351003.5289974278
2015-10-07,1344008.990315351
2015-10-08,1337837.3081119184
2015-10-09,1337198.8439084052
2015-10-12,1336871.699578775
2015-10-13,1337829.4924309386
2015-10-14,1335435.1891989529
2015-10-15,1335552.288981301
2015-10-16,1335827.4862586872
2015-10-19,1335567.0433472607
2015-10-20,1335781.146075239
2015-10-21,1336081.8241276648
2015-10-22,1336329.3216360845
2015-10-23,1337096.9318505481
2015-10-26,1336958.197189836
2015-10-27,1338540.254133553
2015-10-28,1340273.9781855159
2015-10-29,1335232.0518741938
2015-10-30,1331381.1883786102
2015-11-02,1332973.9132929929
2015-11-03,1337918.0677648773
2015-11-04,1345665.863707515
2015-11-05,1345691.6440052567
2015-11-06,1358339.0540015157
2015-11-09,1353245.4874969278
2015-11-10,1355509.8152096756
2015-11-11,1353279.4672173283
2015-11-12,1345364.963326224
2015-11-13,1343918.9935895943
2015-11-16,1352394.9661486193
2015-11-17,1360925.4861086763
2015-11-18,1365808.2630976674
2015-11-19,1355547.3103691454
2015-11-20,1368301.3586648502
2015-11-23,1367943.1167380025
2015-11-24,1365076.4891728293
2015-11-25,1366297.092713941
2015-11-26,1371947.071393947
2015-11-27,1375242.946407251
2015-11-30,1373801.0863996402
2015-12-01,1372773.5964279536
2015-12-02,1378746.0200918564
2015-12-03,1338066.0909682112
2015-12-04,1343597.3875721574
2015-12-07,1352937.401376881
2015-12-08,1347971.1964114078
2015-12-09,1335364.0844214202
2015-12-10,1342785.5674714353
2015-12-11,1339207.1894929525
2015-12-14,1342179.5241650052
2015-12-15,1343734.6714583598
2015-12-16,1348447.7706315927
2015-12-17,1359069.1336088695
2015-12-18,1353961.5484472797
2015-12-21,1354431.0649737616
2015-12-22,1353718.853607881
2015-12-23,1348208.3181324562
2015-12-24,1345688.5634926904
2015-12-28,1353305.285405043
2015-12-29,1352929.509223981
2015-12-30,1355420.9341831785
2015-12-31,1350761.1661724213
2016-01-01,1350333.2202469914
2016-01-04,1346712.3109416382
2016-01-05,1356245.1944010588
2016-01-06,1366564.831052175
2016-01-07,1367844.8372800478
2016-01-08,1382689.9118614637
2016-01-11,1379335.6966360847
2016-01-12,1383387.909958385
2016-01-13,1396855.943626287
2016-01-14,1382566.2202044248
2016-01-15,1430160.2522595727
2016-01-18,1430719.631495558
2016-01-19,1421568.1245603375
2016-01-20,1440536.8716812744
2016-01-21,1406905.8593933422
2016-01-22,1372059.879472387
2016-01-25,1402806.0161167206
2016-01-26,1378946.8131977185
2016-01-27,1369926.8582464224
2016-01-28,1352161.099489296
2016-01-29,1322620.4097865997
2016-02-01,1326367.5728775987
2016-02-02,1346737.3249856227
2016-02-03,1332457.7329096447
2016-02-04,1334747.762366933
2016-02-05,1337824.651151018
2016-02-08,1345943.1226447555
2016-02-09,1351977.788460844
2016-02-10,1363206.9637430424
2016-02-11,1373479.5339427565
2016-02-12,1358449.7756697945
2016-02-15,1342154.608325421
2016-02-16,1341191.5066656475
2016-02-17,1324337.36118896
2016-02-18,1332896.6442129228
2016-02-19,1336887.2422130005
2016-02-22,1325188.4974145181
2016-02-23,1343527.087033167
2016-02-24,1336631.9928083685
2016-02-25,1322791.2643817025
2016-02-26,1322253.3031980193
2016-02-29,1335077.9189855494
2016-03-01,1313652.907149058
2016-03-02,1310822.578569826
2016-03-03,1303914.6947081983
2016-03-04,1295643.1899827141
2016-03-07,1300341.2062309205
2016-03-08,1305332.3376476567
2016-03-09,1300155.2584672328
2016-03-10,1297152.562604013
2016-03-11,1285773.001885325
2016-03-14,1285417.64235943
2016-03-15,1288593.4205209098
2016-03-16,1291496.1657065717
2016-03-17,1290738.3009864287
2016-03-18,1291794.8699912624
2016-03-21,1289820.5797243023
2016-03-22,1290189.3796504152
2016-03-23,1285674.9213033137
2016-03-24,1283382.2634613125
2016-03-25,1282666.8215553064
2016-03-28,1280419.3438579652
2016-03-29,1284778.7490898361
2016-03-30,1281631.3447571676
2016-03-31,1282812.6171067597
2016-04-01,1282144.603576597
2016-04-04,1280137.5178116166
2016-04-05,1282180.1071206126
2016-04-06,1281949.1742435005
2016-04-07,1283451.7106226836
2016-04-08,1283378.341153231
2016-04-11,1285937.4708961477
2016-04-12,1286845.1559117355
2016-04-13,1286028.7642288315
2016-04-14,1283342.1165480257
2016-04-15,1283561.630629783
2016-04-18,1284924.661720784
2016-04-19,1292333.4693290808
2016-04-20,1291786.808688014
2016-04-21,1282133.8162598745
2016-04-22,1278338.8148784307
2016-04-25,1279316.9163424782
2016-04-26,1282180.9570990526
2016-04-27,1274270.568886728
2016-04-28,1277488.3306061707
2016-04-29,1276011.709542295
2016-05-02,1284087.9682221934
2016-05-03,1256235.9121946758
2016-05-04,1242830.9788154606
2016-05-05,1234624.7056371395
2016-05-06,1235769.1718830145
2016-05-09,1226253.517769018
2016-05-10,1226847.253460837
2016-05-11,1233888.1708729137
2016-05-12,1226597.903861127
2016-05-13,1217492.1895480382
2016-05-16,1221002.0941495004
2016-05-17,1218453.7401478675
2016-05-18,1201696.3427934663
2016-05-19,1199916.5630725925
2016-05-20,1200645.9387253318
2016-05-23,1201113.8929634634
2016-05-24,1200215.1262178184
2016-05-25,1197746.8505433002
2016-05-26,1196203.8916742331
2016-05-27,1198723.2209077643
2016-05-30,1198702.1787646478
2016-05-31,1196227.2420723548
2016-06-01,1197633.330184784
2016-06-02,1200296.8038868594
2016-06-03,1197241.6222158994
2016-06-06,1195315.5148963751
2016-06-07,1197034.9660770067
2016-06-08,1201338.7848832486
2016-06-09,1201706.0601816187
2016-06-10,1199199.8157147341
2016-06-13,1199036.5672458566
2016-06-14,1202657.098036956
2016-06-15,1197864.4163284681
2016-06-16,1205674.7422720874
2016-06-17,1208547.7671144227
2016-06-20,1211322.1601698678
2016-06-21,1208699.7682074108
2016-06-22,1200252.8481817069
2016-06-23,1190698.0783425258
2016-06-24,1207530.0514914934
2016-06-27,1208974.093955758
2016-06-28,1196969.4378535047
2016-06-29,1189992.7110550634
2016-06-30,1191313.300803384
2016-07-01,1195122.13678183
2016-07-04,1192985.3101758182
2016-07-05,1204455.2188647657
2016-07-06,1206636.5311662932
2016-07-07,1210993.4457617803
2016-07-08,1211409.4871010948
2016-07-11,1189068.3178413592
2016-07-12,1171781.4097712203
2016-07-13,1175989.6125362886
2016-07-14,1168172.472327146
2016-07-15,1163985.0137958562
2016-07-18,1162738.3005259575
2016-07-19,1163339.3388804505
2016-07-20,1162685.0722198812
2016-07-21,1161421.0436318486
2016-07-22,1162724.5319337493
2016-07-25,1160603.5958722928
2016-07-26,1161850.1979154588
2016-07-27,1167124.1789227577
2016-07-28,1167317.3100063244
2016-07-29,1167231.3351529122
2016-08-01,1167648.177725404
2016-08-02,1165569.815545666
2016-08-03,1165725.448360407
2016-08-04,1169031.7797395915
2016-08-05,1168567.7308180875
2016-08-08,1168440.8577120656
2016-08-09,1170303.7040508373
2016-08-10,1170166.09780451
2016-08-11,1170146.8999148242
2016-08-12,1166593.5891810318
2016-08-15,1170510.888848623
2016-08-16,1170229.5786054262
2016-08-17,1168412.7686316713
2016-08-18,1170295.0372153083
2016-08-19,1164284.2993125701
2016-08-22,1164087.4278281487
2016-08-23,1163291.8556955347
2016-08-24,1157677.0282932038
2016-08-25,1157569.1860427556
2016-08-26,1152907.4051538978
2016-08-29,1156113.4795726298
2016-08-30,1148627.2763489606
2016-08-31,1146991.779821624
2016-09-01,1149412.8717052338
2016-09-02,1155539.5596998336
2016-09-05,1156112.648580218
2016-09-06,1168517.6229306583
2016-09-07,1166873.0922004704
2016-09-08,1161298.05141674
2016-09-09,1140180.73829447
2016-09-12,1141764.8148753673
2016-09-13,1132745.8671051727
2016-09-14,1134079.872992953
2016-09-15,1135841.5706341865
2016-09-16,1133280.4380245048
2016-09-19,1136998.6610478412
2016-09-20,1138350.0118617618
2016-09-21,1147197.7663133636
2016-09-22,1150804.039294691
2016-09-23,1147493.928415168
2016-09-26,1145778.4837937139
2016-09-27,1148931.447333973
2016-09-28,1150160.668821929
2016-09-29,1144340.4722966596
2016-09-30,1146681.5871571489
2016-10-03,1147218.2344158695
2016-10-04,1143026.1496749737
2016-10-05,1145335.8884581937
2016-10-06,1146557.6509238721
2016-10-07,1145388.253706328
2016-10-10,1150501.889723603
2016-10-11,1146827.583708076
2016-10-12,1145220.6906525027
2016-10-13,1141605.5121707914
2016-10-14,1143209.114885492
2016-10-17,1139917.473314214
2016-10-18,1146316.0678430852
2016-10-19,1152758.2462619536
2016-10-20,1154456.426867751
2016-10-21,1162911.7159513705
2016-10-24,1166190.9682760998
2016-10-25,1163953.394527373
2016-10-26,1160070.2621304875
2016-10-27,1157863.610732472
2016-10-28,1145898.9707783128
2016-10-31,1142371.1619649876
2016-11-01,1132365.8153532683
2016-11-02,1123648.1275571852
2016-11-03,1122466.508826329
2016-11-04,1118190.575724495
2016-11-07,1130745.4959731977
2016-11-08,1131382.0450967066
2016-11-09,1115634.8006205466
2016-11-10,1115461.1786784944
2016-11-11,1113155.7692761463
2016-11-14,1114064.4672316606
2016-11-15,1114084.4642044685
2016-11-16,1109233.9210779583
2016-11-17,1122755.160582504
2016-11-18,1122322.2056061516
2016-11-21,1116014.4308943008
2016-11-22,1120993.7455423246
2016-11-23,1131704.033802874
2016-11-24,1132565.1314390171
2016-11-25,1130865.7509611743
2016-11-28,1121051.266530735
2016-11-29,1121140.2294050138
2016-11-30,1129446.273963042
2016-12-01,1115749.665070225
2016-12-02,1112092.9316180858
2016-12-05,1106852.9536631263
2016-12-06,1111766.4563021632
2016-12-07,1113389.29751637
2016-12-08,1126137.4697428597
2016-12-09,1138493.2175628275
2016-12-12,1131709.5614427282
2016-12-13,1137725.0045293146
2016-12-14,1139955.2043666276
2016-12-15,1155034.8950451205
2016-12-16,1147821.5824686417
2016-12-19,1153352.3940174552
2016-12-20,1161056.9483541003
2016-12-21,1152994.512672407
2016-12-22,1152898.136776415
2016-12-23,1154220.2595006505
2016-12-27,1155257.7936321287
2016-12-28,1152917.6773004471
2016-12-29,1136594.0770970997
2016-12-30,1133910.4605569094
2017-01-03,1146572.4562476277
2017-01-04,1145914.9157989996
2017-01-05,1127775.254541656
2017-01-06,1143449.0021408643
2017-01-09,1129133.1653316237
2017-01-10,1125821.6806993068
2017-01-11,1125505.7133499268
2017-01-12,1121000.7228588134
2017-01-13,1121391.843270035
2017-01-16,1119045.676741964
2017-01-17,1105377.457796274
2017-01-18,1112391.8123981734
2017-01-19,1112754.7974357104
2017-01-20,1115761.2615915749
2017-01-23,1105234.5449872361
2017-01-24,1114594.4468748996
2017-01-25,1119191.679000174
2017-01-26,1128154.8579433318
2017-01-27,1127182.9231345677
2017-01-30,1115269.2004727386
2017-01-31,1110553.555363304
2017-02-01,1115342.2649177008
2017-02-02,1113827.012405037
2017-02-03,1118554.4679513217
2017-02-06,1109618.475988524
2017-02-07,1106522.9700541077
2017-02-08,1109240.4638840612
2017-02-09,1118002.8307063065
2017-02-10,1124293.4513836717
2017-02-13,1128768.5328549298
2017-02-14,1131209.6223832415
2017-02-15,1135401.5133116231
2017-02-16,1128733.8328088692
2017-02-17,1123828.8779373376
2017-02-20,1130321.0760192156
2017-02-21,1134867.7453717496
2017-02-22,1135494.9818426853
2017-02-23,1133747.7682636662
2017-02-24,1126269.4325042167
2017-02-27,1128161.983628789
2017-02-28,1126613.6288099182
2017-03-01,1142265.4206449813
2017-03-02,1128085.7369139867
2017-03-03,1129865.2506336123
2017-03-06,1123973.158517095
2017-03-07,1122419.4205273874
2017-03-08,1111164.3723118114
2017-03-09,1111865.886814654
2017-03-10,1118915.5574766342
2017-03-13,1124527.2703652077
2017-03-14,1119091.8968586416
2017-03-15,1133952.3665824824
2017-03-16,1131003.8742409109
2017-03-17,1130601.3364526948
2017-03-20,1131576.1578112359
2017-03-21,1113751.621648998
2017-03-22,1110853.441457154
2017-03-23,1106910.8575008698
2017-03-24,1111136.812664897
2017-03-27,1107087.9882375058
2017-03-28,1113716.5082765166
2017-03-29,1116758.6100108675
2017-03-30,1116230.446020549
2017-03-31,1109468.4911731996
2017-04-03,1107836.253016107
2017-04-04,1105351.5213982607
2017-04-05,1101028.4693220214
2017-04-06,1097415.1624163263
2017-04-07,1094797.1347569444
2017-04-10,1094981.229486302
2017-04-11,1094337.795473561
2017-04-12,1094835.713645878
2017-04-13,1096162.5155896267
2017-04-14,1099230.401957929
2017-04-17,1096367.905684
2017-04-18,1094521.5044388382
2017-04-19,1091393.22342964
2017-04-20,1091186.8786584567
2017-04-21,1091519.1518971531
2017-04-24,1077153.5627468908
2017-04-25,1076519.9032114625
2017-04-26,1079434.6501630207
2017-04-27,1081420.2112390394
2017-04-28,1082986.3122963007
2017-05-01,1084381.0630291647
2017-05-02,1085475.5959837488
2017-05-03,1082453.4446983654
2017-05-04,1084235.9065207406
2017-05-05,1079615.1040096208
2017-05-08,1085595.220463023
2017-05-09,1088324.4524185406
2017-05-10,1085878.2260830915
2017-05-11,1085237.2931523023
2017-05-12,1084709.7811482071
2017-05-15,1085013.0928193084
2017-05-16,1083903.891138057
2017-05-17,1058068.8519736174
2017-05-18,1064214.4229476855
2017-05-19,1064270.1530282176
2017-05-22,1068225.2340594784
2017-05-23,1066485.6404306013
2017-05-24,1062218.6307112218
2017-05-25,1068913.416277349
2017-05-26,1061865.8630985343
2017-05-29,1056820.208937743
2017-05-30,1055999.2291617112
2017-05-31,1066352.0787636496
2017-06-01,1076551.8669389263
2017-06-02,1092487.1645833044
2017-06-05,1087785.3833160235
2017-06-06,1077485.875506338
2017-06-07,1079996.297482789
2017-06-08,1075607.0105761865
2017-06-09,1059038.6509720008
2017-06-12,1055615.0921402236
2017-06-13,1061764.7428897487
2017-06-14,1057103.9048252832
2017-06-15,1053762.4814320945
2017-06-16,1061984.0030853502
2017-06-19,1067427.8950026862
2017-06-20,1062470.3836562647
2017-06-21,1065947.6787105508
2017-06-22,1062746.244159065
2017-06-23,1065868.8270423883
2017-06-26,1069895.242876799
2017-06-27,1084868.6294540032
2017-06-28,1095375.418722834
2017-06-29,1096805.386446938
2017-06-30,1095291.8781418914
2017-07-03,1090553.444425697
2017-07-04,1079704.8362101275
2017-07-05,1084002.9574267473
2017-07-06,1082210.91147128
2017-07-07,1095995.6711773502
2017-07-10,1096465.837557358
2017-07-11,1105510.9784167234
2017-07-12,1110857.403488278
2017-07-13,1115624.4700840903
2017-07-14,1131704.1271841303
2017-07-17,1129099.6032100813
2017-07-18,1150023.7814224977
2017-07-19,1149312.2600538929
2017-07-20,1165578.1885650042
2017-07-21,1158058.8951078742
2017-07-24,1156858.8147492516
2017-07-25,1169443.575835978
2017-07-26,1189105.7416669833
2017-07-27,1167028.7101522423
2017-07-28,1178953.1800575936
2017-07-31,1183364.0139426251
2017-08-01,1181021.0211331681
2017-08-02,1187232.5247611934
2017-08-03,1175669.5828614626
2017-08-04,1163569.7018102584
2017-08-07,1166980.9985541776
2017-08-08,1152756.8820927313
2017-08-09,1143254.1444916471
2017-08-10,1115530.0448318084
2017-08-11,1129695.1023824643
2017-08-14,1129691.721949485
2017-08-15,1124497.3487659048
2017-08-16,1139846.7962943057
2017-08-17,1109413.1789682696
2017-08-18,1120512.8998445508
2017-08-21,1127645.0443483496
2017-08-22,1126837.411002077
2017-08-23,1127172.6430584681
2017-08-24,1130379.35677803
2017-08-25,1147505.4973900702
2017-08-28,1150694.6778392643
2017-08-29,1154364.6814346376
2017-08-30,1142437.4105731563
2017-08-31,1159852.384497334
2017-09-01,1159849.9874752923
2017-09-04,1160239.0952253276
2017-09-05,1162513.5700362942
2017-09-06,1172634.8037956832
2017-09-07,1192802.8210858041
2017-09-08,1187738.4706705736
2017-09-11,1185356.8530472799
2017-09-12,1187761.0060601712
2017-09-13,1174218.741800618
2017-09-14,1178573.2097508102
2017-09-15,1187787.688283929
2017-09-18,1179727.7586109126
2017-09-19,1190532.123359279
2017-09-20,1182498.7491059834
2017-09-21,1174003.924486992
2017-09-22,1170723.3487058615
2017-09-25,1147230.4860047088
2017-09-26,1140671.5648103843
2017-09-27,1136250.9858868178
2017-09-28,1133801.720422109
2017-09-29,1141427.9689958706
2017-10-02,1133446.3405467446
2017-10-03,1137398.7852740758
2017-10-04,1140144.2830373659
2017-10-05,1140464.0926245106
2017-10-06,1131832.3235681062
2017-10-09,1132862.7707003471
2017-10-10,1143732.9482454786
2017-10-11,1152565.5414560917
2017-10-12,1149414.6195814046
2017-10-13,1158634.638385772
2017-10-16,1164924.0711834098
2017-10-17,1164476.369635612
2017-10-18,1174138.4620734607
2017-10-19,1168582.590243926
2017-10-20,1180652.6789771575
2017-10-23,1176235.4780034286
2017-10-24,1188642.9689847021
2017-10-25,1179573.1973187097
2017-10-26,1181096.2063004689
2017-10-27,1195349.7698473234
2017-10-30,1188980.0783076836
2017-10-31,1204060.0840121321
2017-11-01,1212378.149085757
2017-11-02,1218731.0583761216
2017-11-03,1221278.9918085956
2017-11-06,1225776.623556503
2017-11-07,1232700.018565112
2017-11-08,1237361.5766574834
2017-11-09,1226249.2683287426
2017-11-10,1220394.9780814634
2017-11-13,1217926.2930886773
2017-11-14,1215195.1111461795
2017-11-15,1200518.891768649
2017-11-16,1208902.7579780347
2017-11-17,1204902.667914772
2017-11-20,1205267.986911798
2017-11-21,1212613.077904374
2017-11-22,1213113.9327693863
2017-11-23,1215951.159826125
2017-11-24,1224444.8815674454
2017-11-27,1218203.2153506489
2017-11-28,1222292.9033305296
2017-11-29,1217287.3549030868
2017-11-30,1228795.107147572
2017-12-01,1228787.7946603086
2017-12-04,1220196.4709726193
2017-12-05,1217915.8119153653
2017-12-06,1213400.2065927105
2017-12-07,1220840.9051989575
2017-12-08,1227913.4733865983
2017-12-11,1234060.8308757092
2017-12-12,1227636.9200097455
2017-12-13,1218719.244442064
2017-12-14,1210216.403613396
2017-12-15,1222526.0123439135
2017-12-18,1227115.3166879925
2017-12-19,1228467.5411001237
2017-12-20,1231496.839525754
2017-12-21,1231444.9341470683
2017-12-22,1229249.2323585113
2017-12-26,1232417.2026232816
2017-12-27,1234569.907504882
2017-12-28,1236489.7430511946
2017-12-29,1232853.8211450905
2018-01-02,1251193.6944592593
2018-01-03,1255376.1736455054
2018-01-04,1272485.6667606353
2018-01-05,1276016.0298091737
2018-01-08,1272337.3303550123
2018-01-09,1261557.1698064257
2018-01-10,1248344.3535871233
2018-01-11,1275432.8472480434
2018-01-12,1318826.7438824677
2018-01-15,1332619.5203646163
2018-01-16,1324698.4306471527
2018-01-17,1332666.610051511
2018-01-18,1334816.8835793112
2018-01-19,1330691.9794544626
2018-01-22,1356994.9919864282
2018-01-23,1365411.2867768218
2018-01-24,1386874.2756483865
2018-01-25,1373565.808942228
2018-01-26,1401737.2823356055
2018-01-29,1377222.4465009815
2018-01-30,1355165.7210787195
2018-01-31,1363013.8395245099
2018-02-01,1385179.8342195423
2018-02-02,1327891.5402235002
2018-02-05,1292075.6766536897
2018-02-06,1295003.8979189373
2018-02-07,1264992.3199296473
2018-02-08,1255854.171911051
2018-02-09,1252945.4696621345
2018-02-12,1257008.544031856
2018-02-13,1263753.0295421262
2018-02-14,1271418.7047851528
2018-02-15,1276919.2347589417
2018-02-16,1268333.8327261824
2018-02-19,1268056.4583549488
2018-02-20,1262844.458712688
2018-02-21,1258749.735783513
2018-02-22,1263587.9428039694
2018-02-23,1257581.7254231554
2018-02-26,1261129.9314281046
2018-02-27,1254433.2557431848
2018-02-28,1251767.4786750074
2018-03-01,1260950.5870360793
2018-03-02,1267445.3249071226
2018-03-05,1269318.6726261592
2018-03-06,1273841.9991398335
2018-03-07,1275097.8659302793
2018-03-08,1264912.094817508
2018-03-09,1259898.2547187
2018-03-12,1263913.283448186
2018-03-13,1268325.9290690287
2018-03-14,1264916.5762804248
2018-03-15,1261877.792495533
2018-03-16,1262208.231516696
2018-03-19,1261364.2418184401
2018-03-20,1251456.902396701
2018-03-21,1256455.4498491478
2018-03-22,1249010.3132596682
2018-03-23,1253032.4511981409
2018-03-26,1259069.1184286203
2018-03-27,1256194.4708407074
2018-03-28,1242944.2808563656
2018-03-29,1241674.6313547092
2018-03-30,1243929.5048915402
2018-04-02,1242833.3975929583
2018-04-03,1237436.4226864858
2018-04-04,1237086.601939254
2018-04-05,1231039.4196302716
2018-04-06,1236336.0638484394
2018-04-09,1240409.1297174518
2018-04-10,1240855.4328226836
2018-04-11,1243188.451201839
2018-04-12,1238384.5635278393
2018-04-13,1238562.2747504578
2018-04-16,1241318.5055610389
2018-04-17,1241166.3203001558
2018-04-18,1245332.7225164995
2018-04-19,1237343.7024784286
2018-04-20,1229157.8614351028
2018-04-23,1221919.4062258059
2018-04-24,1217477.1089691448
2018-04-25,1220727.2062525905
2018-04-26,1221743.1293581189
2018-04-27,1219021.6918148939
2018-04-30,1224048.7667861215
2018-05-01,1224291.5640958012
2018-05-02,1224411.9593391402
2018-05-03,1223640.5207200362
2018-05-04,1226280.2394825164
2018-05-07,1228494.258043826
2018-05-08,1232979.3555565984
2018-05-09,1235471.1659318062
2018-05-10,1230636.6716068205
2018-05-11,1227582.303255984
2018-05-14,1232915.0190668341
2018-05-15,1233707.1450482083
2018-05-16,1233479.9509780025
2018-05-17,1235896.485083506
2018-05-18,1233335.6512545855
2018-05-21,1236070.998800806
2018-05-22,1233087.4312066429
2018-05-23,1225646.834035525
2018-05-24,1214155.8337350592
2018-05-25,1209240.5972601115
2018-05-28,1209435.8362891716
2018-05-29,1211850.0676220176
2018-05-30,1198095.2219481056
2018-05-31,1197963.3753501659
2018-06-01,1195049.064943162
2018-06-04,1189717.0989409
2018-06-05,1190472.8511598716
2018-06-06,1189042.4796358226
2018-06-07,1187671.8155378343
2018-06-08,1189237.1829706978
2018-06-11,1190433.1215840485
2018-06-12,1194581.1210941921
2018-06-13,1191464.8618036024
2018-06-14,1202299.4432969838
2018-06-15,1203714.3984987
2018-06-18,1205441.1950931104
2018-06-19,1208682.5132832134
2018-06-20,1213923.7831552166
2018-06-21,1205385.4284442377
2018-06-22,1198514.0071041281
2018-06-25,1189110.2561638453
2018-06-26,1194625.2119141137
2018-06-27,1194027.2644644948
2018-06-28,1196968.46628243
2018-06-29,1187263.4375701395
2018-07-02,1200237.152302882
2018-07-03,1186554.56579145
2018-07-04,1187310.2676819405
2018-07-05,1190739.579922008
2018-07-06,1195859.8129306692
2018-07-09,1201884.5980772588
2018-07-10,1203365.1841012614
2018-07-11,1204883.2741953628
2018-07-12,1207249.993574537
2018-07-13,1208194.3671025808
2018-07-16,1197549.923122169
2018-07-17,1211656.6739583393
2018-07-18,1209368.5528351888
2018-07-19,1214810.2103533922
2018-07-20,1201538.1057999167
2018-07-23,1210648.4158893859
2018-07-24,1207604.5279188175
2018-07-25,1207013.3136368303
2018-07-26,1212146.185030238
2018-07-27,1199687.2499113684
2018-07-30,1192001.3904069788
2018-07-31,1195575.2425321382
2018-08-01,1196050.703699202
2018-08-02,1208815.0218409149
2018-08-03,1207703.1006653414
2018-08-06,1213728.2808926932
2018-08-07,1214065.6507881412
2018-08-08,1210851.5146704896
2018-08-09,1215812.7380712687
2018-08-10,1217820.6667395376
2018-08-13,1219464.6899229386
2018-08-14,1232747.311253778
2018-08-15,1230970.6145761185
2018-08-16,1229258.86105334
2018-08-17,1218102.4901660967
2018-08-20,1209994.4348705595
2018-08-21,1197124.437160013
2018-08-22,1198859.6878132024
2018-08-23,1214209.3661591446
2018-08-24,1200858.2868090617
2018-08-27,1201275.4452307653
2018-08-28,1205340.1791803294
2018-08-29,1210405.3800832343
2018-08-30,1204924.3518560585
2018-08-31,1217140.8621731359
2018-09-03,1215205.0431873447
2018-09-04,1215286.2691474755
2018-09-05,1202121.7348702503
2018-09-06,1193501.0260596569
2018-09-07,1198891.263841092
2018-09-10,1202215.7094465683
2018-09-11,1210044.7495951392
2018-09-12,1200277.0983704063
2018-09-13,1211963.119216434
2018-09-14,1221695.9896767084
2018-09-17,1209473.479930666
2018-09-18,1224263.1995733662
2018-09-19,1218580.6584120346
2018-09-20,1225183.0677278352
2018-09-21,1222348.3933256585
2018-09-24,1225832.2067999903
2018-09-25,1227769.24391124
2018-09-26,1226099.2527295502
2018-09-27,1241406.930514919
2018-09-28,1240894.5185951758
2018-10-01,1252600.8921846745
2018-10-02,1246458.8675913143
2018-10-03,1256300.2695148122
2018-10-04,1234804.4544107036
2018-10-05,1223108.9313752698
2018-10-08,1222277.4734451524
2018-10-09,1218176.88639916
2018-10-10,1205047.688514757
2018-10-11,1192425.969598297
2018-10-12,1193468.2096711171
2018-10-15,1192275.294110722
2018-10-16,1192721.1188689186
2018-10-17,1190028.0009334977
2018-10-18,1191010.507713004
2018-10-19,1189476.864947771
2018-10-22,1191983.6761897171
2018-10-23,1192027.2589054145
2018-10-24,1194092.5197507443
2018-10-25,1192674.9493844577
2018-10-26,1191974.363769085
2018-10-29,1193739.7267588852
2018-10-30,1190051.6515370219
2018-10-31,1191810.9011391122
2018-11-01,1184230.3193100502
2018-11-02,1184513.6141979208
2018-11-05,1183979.3733731194
2018-11-06,1182887.0864449919
2018-11-07,1181418.052064379
2018-11-08,1180849.1677270827
2018-11-09,1179720.292573984
2018-11-12,1178343.705795901
2018-11-13,1173540.9626214409
2018-11-14,1172811.1657492153
2018-11-15,1168651.4767166537
2018-11-16,1161722.5857049304
2018-11-19,1158989.8489271908
2018-11-20,1171084.0416727064
2018-11-21,1164861.477797254
2018-11-22,1162582.776541933
2018-11-23,1175216.153343284
2018-11-26,1173759.7188464734
2018-11-27,1178655.5247448722
2018-11-28,1176506.4875180258
2018-11-29,1173773.655987062
2018-11-30,1181475.1299346837
2018-12-03,1171119.2786949552
2018-12-04,1177101.420933007
2018-12-05,1180403.6922638111
2018-12-06,1180455.648378183
2018-12-07,1176449.3975934463
2018-12-10,1184518.5656811998
2018-12-11,1185957.4977738222
2018-12-12,1179295.802100488
2018-12-13,1178021.5909197663
2018-12-14,1187109.4941686525
2018-12-17,1188138.7321292402
2018-12-18,1197322.3416546907
2018-12-19,1198856.2274584798
2018-12-20,1200846.8604986938
2018-12-21,1232469.2942645848
2018-12-24,1257400.8353000984
2018-12-25,1257400.8353000984
2018-12-26,1213496.89044715
2018-12-27,1206025.4268100394
2018-12-28,1211803.018916539
2018-12-31,1209820.6588498496
2019-01-02,1237403.1580529294
2019-01-03,1234414.0257700905
2019-01-04,1180312.6893747775
2019-01-07,1155281.8205304039
2019-01-08,1153802.7069279442
2019-01-09,1137420.1522886301
2019-01-10,1135317.9964384506
2019-01-11,1136816.0125051867
2019-01-14,1144090.0004093018
2019-01-15,1136027.5066044712
2019-01-16,1135264.094609296
2019-01-17,1133466.0560589707
2019-01-18,1124782.56356451
2019-01-21,1128557.857978803
2019-01-22,1136693.1600588625
2019-01-23,1132042.8956896844
2019-01-24,1137228.111341074
2019-01-25,1127050.6726855496
2019-01-28,1131182.5487143593
2019-01-29,1130385.4607389872
2019-01-30,1127830.8042947743
2019-01-31,1130499.4902952868
2019-02-01,1124494.1988831721
2019-02-04,1121371.8963115443
2019-02-05,1122716.0946758846
2019-02-06,1121949.6619419549
2019-02-07,1123682.768571382
2019-02-08,1125221.482179144
2019-02-11,1122174.8023531549
2019-02-12,1119666.8619567775
2019-02-13,1119272.1582562714
2019-02-14,1121765.849736778
2019-02-15,1124146.036667585
2019-02-18,1123279.5088754082
2019-02-19,1124727.0082524805
2019-02-20,1122713.1832899903
2019-02-21,1120229.6739288578
2019-02-22,1121570.3935201499
2019-02-25,1119150.2427507173
2019-02-26,1119262.6661890293
2019-02-27,1117201.672770138
2019-02-28,1115560.509130388
2019-03-01,1112324.3873775066
2019-03-04,1112324.3873775066
2019-03-05,1112324.3873775066
2019-03-06,1112324.3873775066
2019-03-07,1112324.3873775066
2019-03-08,1108677.7329042358
2019-03-11,1107473.5421508565
2019-03-12,1104130.7387892543
2019-03-13,1103298.878357252
2019-03-14,1104297.3816125514
2019-03-15,1105884.0146431723
2019-03-18,1108607.5663681543
2019-03-19,1107342.5737931193
2019-03-20,1099172.2619054005
2019-03-21,1111814.777146433
2019-03-22,1094008.8834012165
2019-03-25,1094284.9155912613
2019-03-26,1098149.2589324922
2019-03-27,1092407.7675631614
2019-03-28,1096354.6538075325
2019-03-29,1102097.0211214353
2019-04-01,1111788.9444725933
2019-04-02,1111690.1743367934
2019-04-03,1117050.7087173173
2019-04-04,1116808.9174573976
2019-04-05,1121661.089465661
2019-04-08,1122272.0783106256
2019-04-09,1117309.037032872
2019-04-10,1122079.5438439595
2019-04-11,1120450.8781762868
2019-04-12,1125623.6893150732
2019-04-15,1125076.9020147296
2019-04-16,1126320.8761663153
2019-04-17,1124822.3772627446
2019-04-18,1127850.1468548318
2019-04-19,1127850.1468548318
2019-04-22,1129356.912888032
2019-04-23,1139203.6353490409
2019-04-24,1136358.238859378
2019-04-25,1132864.7517958996
2019-04-26,1128782.0539318912
2019-04-29,1126868.140709114
2019-04-30,1124812.1199665095
2019-05-01,1110460.0436559203
2019-05-02,1112113.2950917298
2019-05-03,1122656.3847712534
2019-05-06,1111395.8236058261
2019-05-07,1085181.4669068065
2019-05-08,1079598.3659404123
2019-05-09,1066692.1374230802
2019-05-10,1058214.6489749646
2019-05-13,1072535.1817556445
2019-05-14,1070248.7672338146
2019-05-15,1071332.0680317774
2019-05-16,1080232.0566046126
2019-05-17,1084795.0842763088
2019-05-20,1075921.397317085
2019-05-21,1074066.3706364995
2019-05-22,1080312.879214443
2019-05-23,1082128.1270947945
2019-05-24,1075946.3797491135
2019-05-27,1077549.9299931254
2019-05-28,1085908.8893965436
2019-05-29,1091837.1637482948
2019-05-30,1092563.5248694746
2019-05-31,1096270.860608319
2019-06-03,1074108.0802015443
2019-06-04,1061970.3950301341
2019-06-05,1067222.7175032473
2019-06-06,1053622.6644770256
2019-06-07,1036338.8095076687
2019-06-10,1034958.2551683496
2019-06-11,1032273.6685504554
2019-06-12,1043178.0711975042
2019-06-13,1046628.7865047021
2019-06-14,1052518.7947940717
2019-06-17,1053398.3092180388
2019-06-18,1049081.911036393
2019-06-19,1049658.7376875246
2019-06-20,1046856.3727871767
2019-06-21,1039394.0509602875
2019-06-24,1037201.4252933774
2019-06-25,1040968.4909753454
2019-06-26,1028102.2092163389
2019-06-27,1026114.6278929434
2019-06-28,1022624.7309116345
2019-07-01,1018230.3969376554
2019-07-02,1030200.1954352757
2019-07-03,1031351.7066955256
2019-07-04,1030823.5571725209
2019-07-05,1022549.3214088321
2019-07-08,1014878.5991294618
2019-07-09,1018987.9939675463
2019-07-10,1029222.0905930424
2019-07-11,1025795.385550656
2019-07-12,1034106.9675854206
2019-07-15,1035847.8155189335
2019-07-16,1029318.1722391163
2019-07-17,1028848.6104277176
2019-07-18,1041884.5679208989
2019-07-19,1023639.8733360904
2019-07-22,1028235.8393448944
2019-07-23,1031704.4078200808
2019-07-24,1040522.5915821773
2019-07-25,1028528.8376936769
2019-07-26,1036780.4273610535
2019-07-29,1038053.4177398257
2019-07-30,1039154.439846035
2019-07-31,1024062.6562058547
2019-08-01,1036809.2688165706
2019-08-02,1024352.6727588297
2019-08-05,1023561.7518592527
2019-08-06,1010658.4708033586
2019-08-07,1020719.9390885611
2019-08-08,1017418.6240567853
2019-08-09,1022966.9129920815
2019-08-12,1035968.194288746
2019-08-13,1012507.1062258243
2019-08-14,1047626.4965436576
2019-08-15,1043794.5823343253
2019-08-16,1036067.3643862995
2019-08-19,1033284.428044224
2019-08-20,1037260.4150722453
2019-08-21,1029689.7496645493
2019-08-22,1035067.914443892
2019-08-23,1048375.8333105588
2019-08-26,1039559.0181558435
2019-08-27,1051786.0208817066
2019-08-28,1052307.3293095536
2019-08-29,1045870.9163041131
2019-08-30,1056880.3930869638
2019-09-02,1067847.5311783487
2019-09-03,1068877.2749604054
2019-09-04,1044568.682504326
2019-09-05,1025955.4865533008
2019-09-06,1023755.7075791209
2019-09-09,1015345.4915573598
2019-09-10,1011310.9256569446
2019-09-11,1017345.867426288
2019-09-12,1006559.806481469
2019-09-13,1004858.9772171014
2019-09-16,1012211.1882326675
2019-09-17,1007945.1169963836
2019-09-18,1010837.4713401112
2019-09-19,1012581.5577236627
2019-09-20,1019569.1644630077
2019-09-23,1021169.4837289095
2019-09-24,1019534.3692318589
2019-09-25,1023287.3045596316
2019-09-26,1025882.2504999959
2019-09-27,1020219.4798298591
2019-09-30,1017464.6937858149
2019-10-01,1019109.3504266721
2019-10-02,1016626.9933122293
2019-10-03,1012483.2371919545
2019-10-04,1009876.0043601646
2019-10-07,1013667.5462218971
2019-10-08,1015237.9408172047
2019-10-09,1014385.2340231467
2019-10-10,1008307.5346179149
2019-10-11,1003503.9728871823
2019-10-14,1005959.0038639904
2019-10-15,1007519.003123873
2019-10-16,1004413.7106224834
2019-10-17,993953.9349708383
2019-10-18,992342.2974822702
2019-10-21,995218.2664670557
2019-10-22,994060.7751572825
2019-10-23,996771.8899783246
2019-10-24,995228.6285550451
2019-10-25,996161.6686375857
2019-10-28,1000706.4258557948
2019-10-29,997173.698273165
2019-10-30,999182.7523250404
2019-10-31,992401.5651920795
2019-11-01,1004047.4172472224
2019-11-04,1008312.2167677649
2019-11-05,1009801.1829460554
2019-11-06,1008497.9711789435
2019-11-07,1014236.7181914591
2019-11-08,1010401.4551863268
2019-11-11,1007336.590790421
2019-11-12,1008788.226114678
2019-11-13,1007185.6189633241
2019-11-14,1004290.3899362535
2019-11-15,1011131.3285415483
2019-11-18,1011833.8458862886
2019-11-19,1010656.6906228169
2019-11-20,1007615.9813022685
2019-11-21,1005052.2582089338
2019-11-22,1007667.0493195897
2019-11-25,1017045.0642103761
2019-11-26,1019118.1405223695
2019-11-27,1024662.7865740523
2019-11-28,1022072.8421159518
2019-11-29,1018014.0849091752
2019-12-02,1007977.9526582744
2019-12-03,1001613.5453586235
2019-12-04,1007424.273440247
2019-12-05,1009170.7679631812
2019-12-06,1018987.5919683614
2019-12-09,1012993.9368118545
2019-12-10,1015340.0598064674
2019-12-11,1018512.2914377116
2019-12-12,1027969.1598615089
2019-12-13,1033492.9917544988
2019-12-16,1041675.6100777942
2019-12-17,1037477.340058991
2019-12-18,1038478.3975633372
2019-12-19,1041096.4257511894
2019-12-20,1042508.4558665755
2019-12-23,1043326.3146423276
2019-12-24,1042988.9361093352
2019-12-26,1050859.8072015194
2019-12-27,1046651.811699536
2019-12-30,1038147.7864071858
2019-12-31,1040902.0759784485
2020-01-02,1052540.9355391318
2020-01-03,1048047.8308786033
2020-01-06,1054579.680036782
2020-01-07,1052305.6941579424
2020-01-08,1049023.5461387995
2020-01-09,1050814.0241538978
2020-01-10,1049654.7544786327
2020-01-13,1052141.965356184
2020-01-14,1049607.959379178
2020-01-15,1054211.2795047173
2020-01-16,1059586.494652535
2020-01-17,1061659.466750493
2020-01-20,1064038.1762555388
2020-01-21,1060717.9527553793
2020-01-22,1057282.2261851018
2020-01-23,1060532.3163489946
2020-01-24,1053232.4354836603
2020-01-27,1041443.8583409588
2020-01-28,1049513.7239819027
2020-01-29,1049640.0729965935
2020-01-30,1057127.936829002
2020-01-31,1047216.8580593925
2020-02-03,1046755.9884935651
2020-02-04,1042469.8368025855
2020-02-05,1040229.729780565
2020-02-06,1047263.825006618
2020-02-07,1049328.9025816778
2020-02-10,1061845.2145443144
2020-02-11,1058094.7205856869
2020-02-12,1062446.6092709869
2020-02-13,1070402.7688514388
2020-02-14,1074889.471133217
2020-02-17,1074384.2560482665
2020-02-18,1087405.161706318
2020-02-19,1075349.3118211594
2020-02-20,1071912.9555099278
2020-02-21,1061138.291310133
2020-02-24,1049621.9722282833
2020-02-25,1043819.7109631137
2020-02-26,1053927.9040381347
2020-02-27,1049469.4574425335
2020-02-28,1046323.0886568396
2020-03-02,1035329.4351683466
2020-03-03,1036239.381080858
2020-03-04,1029923.339047686
2020-03-05,1037351.9743885801
2020-03-06,1042040.701518621
2020-03-09,1084271.8818130335
2020-03-10,1076547.5345856284
2020-03-11,1090354.2181068622
2020-03-12,1124910.2305684455
2020-03-13,1106402.0582704074
2020-03-16,1152971.9376347328
2020-03-17,1167553.2310399853
2020-03-18,1222431.4062050316
2020-03-19,1215478.6525320527
2020-03-20,1198332.2194849749
2020-03-23,1196220.599399337
2020-03-24,1151612.9190749475
2020-03-25,1129904.7483651473
2020-03-26,1105107.5732581476
2020-03-27,1097705.811956457
2020-03-30,1101909.319428762
2020-03-31,1111287.3072327424
2020-04-01,1140664.005107594
2020-04-02,1134101.019075135
2020-04-03,1139854.2335707198
2020-04-06,1114869.6585337967
2020-04-07,1102609.62131105
2020-04-08,1087988.3973807786
2020-04-09,1082749.026471244
2020-04-10,1082533.5878661259
2020-04-13,1091823.0764764913
2020-04-14,1088455.534150412
2020-04-15,1092002.6829773497
2020-04-16,1094688.7374190455
2020-04-17,1092827.1497817175
2020-04-20,1097424.4391095059
2020-04-21,1101926.083469748
2020-04-22,1107068.906686545
2020-04-23,1112104.8045939342
2020-04-24,1109839.8998314561
2020-04-27,1111368.7138585718
2020-04-28,1113833.1452283598
2020-04-29,1112796.4308487535
2020-04-30,1096371.943940559
2020-05-01,1092986.0306245757
2020-05-04,1098870.5741070602
2020-05-05,1102062.8632200775
2020-05-06,1106183.1611392084
2020-05-07,1106461.4390914163
2020-05-08,1102288.0814651425
2020-05-11,1099329.921387163
2020-05-12,1096396.41605451
2020-05-13,1099843.0751887893
