day,0
2005-01-04,1200000.0
2005-01-05,1200000.0
2005-01-06,1200000.0
2005-01-07,1200000.0
2005-01-10,1200000.0
2005-01-11,1200000.0
2005-01-12,1200000.0
2005-01-13,1200000.0
2005-01-14,1200000.0
2005-01-17,1200000.0
2005-01-18,1200000.0
2005-01-19,1200000.0
2005-01-20,1200000.0
2005-01-21,1200000.0
2005-01-24,1200000.0
2005-01-25,1200000.0
2005-01-26,1200000.0
2005-01-27,1200000.0
2005-01-28,1200000.0
2005-01-31,1200000.0
2005-02-01,1200000.0
2005-02-02,1200000.0
2005-02-03,1200000.0
2005-02-04,1200000.0
2005-02-07,1200000.0
2005-02-08,1200000.0
2005-02-09,1200000.0
2005-02-10,1200000.0
2005-02-11,1200000.0
2005-02-14,1200000.0
2005-02-15,1200000.0
2005-02-16,1200000.0
2005-02-17,1200000.0
2005-02-18,1200000.0
2005-02-21,1200000.0
2005-02-22,1200000.0
2005-02-23,1200000.0
2005-02-24,1200000.0
2005-02-25,1200000.0
2005-02-28,1200000.0
2005-03-01,1200000.0
2005-03-02,1200000.0
2005-03-03,1200000.0
2005-03-04,1200000.0
2005-03-07,1200000.0
2005-03-08,1200000.0
2005-03-09,1200000.0
2005-03-10,1200000.0
2005-03-11,1200000.0
2005-03-14,1200000.0
2005-03-15,1200000.0
2005-03-16,1200000.0
2005-03-17,1200000.0
2005-03-18,1200000.0
2005-03-21,1200000.0
2005-03-22,1200000.0
2005-03-23,1199650.4431565795
2005-03-24,1199584.3038985021
2005-03-25,1199584.3038985021
2005-03-28,1199531.6577756437
2005-03-29,1199747.8388708094
2005-03-30,1198784.3899834866
2005-03-31,1199120.9355328416
2005-04-01,1199592.93298068
2005-04-04,1199283.4963688261
2005-04-05,1199158.6254527424
2005-04-06,1199033.7535143415
2005-04-07,1198331.101730783
2005-04-08,1199023.7628266525
2005-04-11,1199312.162152427
2005-04-12,1198970.6244416018
2005-04-13,1199985.2592201498
2005-04-14,1201357.0017534634
2005-04-15,1203181.699356147
2005-04-18,1202792.8764256407
2005-04-19,1201029.9979333016
2005-04-20,1203417.0829250822
2005-04-21,1200458.9702128833
2005-04-22,1201406.8122799061
2005-04-25,1200401.4687304273
2005-04-26,1201975.1224588864
2005-04-27,1201478.791867996
2005-04-28,1203335.7847971418
2005-04-29,1201436.4920076353
2005-05-02,1200502.205029077
2005-05-03,1199712.0355801592
2005-05-04,1197804.0163761182
2005-05-05,1197544.007742859
2005-05-06,1197459.9814769216
2005-05-09,1195034.2635191826
2005-05-10,1196348.9779945523
2005-05-11,1196881.4385625536
2005-05-12,1198165.329748948
2005-05-13,1199629.5794206741
2005-05-16,1200974.7626323877
2005-05-17,1199804.9888084938
2005-05-18,1196494.1153690203
2005-05-19,1197187.9848330899
2005-05-20,1199785.8965098287
2005-05-23,1198787.1706014299
2005-05-24,1198585.0088809342
2005-05-25,1197813.7900957547
2005-05-26,1201034.3939419794
2005-05-27,1197539.044536259
2005-05-30,1200444.1332196654
2005-05-31,1203590.5207707882
2005-06-01,1206719.559715325
2005-06-02,1205258.1664952668
2005-06-03,1205111.7857424342
2005-06-06,1203238.6127405802
2005-06-07,1202821.5677470716
2005-06-08,1204160.1303008802
2005-06-09,1205039.8402304794
2005-06-10,1206675.1334430443
2005-06-13,1207155.831903737
2005-06-14,1208308.415595369
2005-06-15,1202274.487128538
2005-06-16,1203680.9763509557
2005-06-17,1202715.433586748
2005-06-20,1205857.7475456928
2005-06-21,1205380.015659113
2005-06-22,1206767.0504713727
2005-06-23,1208025.1961938785
2005-06-24,1204233.249103385
2005-06-27,1201519.9899357453
2005-06-28,1203182.479386839
2005-06-29,1203347.1748288346
2005-06-30,1204165.815820305
2005-07-01,1208822.4785103695
2005-07-04,1210435.3346217894
2005-07-05,1209612.355113224
2005-07-06,1211895.267405415
2005-07-07,1207573.9117083172
2005-07-08,1207424.764335896
2005-07-11,1204380.541303375
2005-07-12,1202051.6258733515
2005-07-13,1204748.0022468052
2005-07-14,1205272.0428477603
2005-07-15,1205526.024623036
2005-07-18,1205013.8718036308
2005-07-19,1207418.534468333
2005-07-20,1207335.7603354922
2005-07-21,1201925.275388736
2005-07-22,1206076.7819329351
2005-07-25,1205556.1458900776
2005-07-26,1207300.0287788848
2005-07-27,1206510.229131838
2005-07-28,1207152.8945283438
2005-07-29,1205422.6645560632
2005-08-01,1206577.9675129144
2005-08-02,1206926.4602343028
2005-08-03,1205717.7220853155
2005-08-04,1203494.9064457705
2005-08-05,1201808.6468237448
2005-08-08,1202752.047614995
2005-08-09,1204430.7345236319
2005-08-10,1206433.231350555
2005-08-11,1210620.0687920898
2005-08-12,1207582.756150241
2005-08-15,1208241.7239542364
2005-08-16,1204413.0293555546
2005-08-17,1199635.208503837
2005-08-18,1197292.7468733739
2005-08-19,1200637.1110751966
2005-08-22,1203706.8974230946
2005-08-23,1202630.5750082373
2005-08-24,1201618.6282678046
2005-08-25,1201562.154448991
2005-08-26,1197857.295828203
2005-08-29,1198972.3297426363
2005-08-30,1200862.9738232787
2005-08-31,1201012.3891226235
2005-09-01,1202245.214201247
2005-09-02,1200969.812543956
2005-09-05,1201928.3435650684
2005-09-06,1200822.4205397333
2005-09-07,1200122.343357799
2005-09-08,1199703.0613470566
2005-09-09,1202363.7751551596
2005-09-12,1202126.2237757144
2005-09-13,1201618.0680518888
2005-09-14,1202532.0647633318
2005-09-15,1203600.8329669249
2005-09-16,1204586.7497157974
2005-09-19,1206784.4488054833
2005-09-20,1206982.4230297117
2005-09-21,1206181.991739396
2005-09-22,1205733.027420892
2005-09-23,1206108.1837098321
2005-09-26,1209611.4628972008
2005-09-27,1208620.1504619247
2005-09-28,1211427.0115623025
2005-09-29,1214798.8735454143
2005-09-30,1214318.7801486566
2005-10-03,1214285.3342113618
2005-10-04,1213991.9756636198
2005-10-05,1205381.7217490089
2005-10-06,1198702.4299838317
2005-10-07,1199992.4042375616
2005-10-10,1201660.9432060258
2005-10-11,1201610.3765168276
2005-10-12,1201306.1268400664
2005-10-13,1199731.7202082584
2005-10-14,1198530.8114138076
2005-10-17,1200024.1575301385
2005-10-18,1201163.1610945906
2005-10-19,1201101.572519912
2005-10-20,1200789.453556542
2005-10-21,1200591.3690899275
2005-10-24,1200060.4662932667
2005-10-25,1199795.656126382
2005-10-26,1201842.2076173585
2005-10-27,1201329.7512233297
2005-10-28,1199874.3430630513
2005-10-31,1200839.7793188267
2005-11-01,1201777.1920025665
2005-11-02,1202534.78947609
2005-11-03,1202877.4868710455
2005-11-04,1204767.0127043366
2005-11-07,1202911.98979162
2005-11-08,1201377.900172353
2005-11-09,1201659.7413524992
2005-11-10,1204109.325118986
2005-11-11,1204179.380666715
2005-11-14,1204742.2211356398
2005-11-15,1204072.9023410196
2005-11-16,1205855.7696822411
2005-11-17,1207768.1155297305
2005-11-18,1208777.431510642
2005-11-21,1210945.5594860464
2005-11-22,1210484.763177599
2005-11-23,1211866.5301438186
2005-11-24,1210797.6714992407
2005-11-25,1214206.829110589
2005-11-28,1209348.152853372
2005-11-29,1211749.935888357
2005-11-30,1208663.6091880854
2005-12-01,1216511.7272181457
2005-12-02,1218311.9561984509
2005-12-05,1219279.614963085
2005-12-06,1221460.3580720574
2005-12-07,1218496.4006187397
2005-12-08,1213808.5134075137
2005-12-09,1217591.7120259942
2005-12-12,1219065.0451867913
2005-12-13,1220726.6734156613
2005-12-14,1212484.0372897352
2005-12-15,1206744.8776007828
2005-12-16,1206408.3903336797
2005-12-19,1203810.169564601
2005-12-20,1204203.5222639202
2005-12-21,1205018.831396326
2005-12-22,1206236.5330849697
2005-12-23,1205843.6213449708
2005-12-26,1205896.013572819
2005-12-27,1203336.4021689496
2005-12-28,1206311.3310953272
2005-12-29,1205497.097380792
2005-12-30,1202193.240369092
2006-01-02,1202292.7393561497
2006-01-03,1206221.07734306
2006-01-04,1207783.1677477818
2006-01-05,1205543.6096247796
2006-01-06,1208043.940154298
2006-01-09,1208118.237686321
2006-01-10,1206191.564563566
2006-01-11,1209700.2307187102
2006-01-12,1208199.1786126504
2006-01-13,1207485.582630398
2006-01-16,1208315.8578190694
2006-01-17,1201932.530793976
2006-01-18,1197212.0551681253
2006-01-19,1199812.6201521973
2006-01-20,1196666.1470135255
2006-01-23,1196414.0255553443
2006-01-24,1195733.6786828467
2006-01-25,1196401.427032726
2006-01-26,1198042.458914954
2006-01-27,1200699.2042166872
2006-01-30,1201454.1077561828
2006-01-31,1199941.0672572216
2006-02-01,1200670.7515379265
2006-02-02,1196751.5536305762
2006-02-03,1197395.976989132
2006-02-06,1197552.5931957487
2006-02-07,1193389.3400129639
2006-02-08,1192992.8444345968
2006-02-09,1195071.1887416646
2006-02-10,1192031.4259412135
2006-02-13,1190768.5962701316
2006-02-14,1192758.2701258617
2006-02-15,1190832.9747746491
2006-02-16,1192294.1930249727
2006-02-17,1191603.2747295883
2006-02-20,1192013.840017759
2006-02-21,1191645.3038545332
2006-02-22,1191974.1765121603
2006-02-23,1190912.2790693939
2006-02-24,1191850.4478604018
2006-02-27,1192692.521961503
2006-02-28,1191142.3517981991
2006-03-01,1192764.0256299525
2006-03-02,1192537.5424066742
2006-03-03,1193303.2586690066
2006-03-06,1193240.4901312636
2006-03-07,1191164.344141476
2006-03-08,1190167.9875777245
2006-03-09,1190675.0650711025
2006-03-10,1191639.3837081927
2006-03-13,1192183.4744510266
2006-03-14,1192482.9633408005
2006-03-15,1192752.6008083045
2006-03-16,1193658.5552799348
2006-03-17,1193628.8235548188
2006-03-20,1194297.5212004562
2006-03-21,1194521.2777959043
2006-03-22,1194820.7961245074
2006-03-23,1194715.6246814798
2006-03-24,1196619.5803530302
2006-03-27,1195339.5174060331
2006-03-28,1194043.5422969044
2006-03-29,1195269.665776936
2006-03-30,1194847.8288639856
2006-03-31,1192993.2868433888
2006-04-03,1196115.5459133293
2006-04-04,1195792.555680857
2006-04-05,1196144.2441472963
2006-04-06,1195341.2440299327
2006-04-07,1192943.8980657728
2006-04-10,1194701.725679769
2006-04-11,1191869.9454146414
2006-04-12,1190988.0107595609
2006-04-13,1191472.6733811856
2006-04-14,1191657.2463417442
2006-04-17,1191157.7936642682
2006-04-18,1196853.1728024967
2006-04-19,1198480.0958177287
2006-04-20,1196699.1774226641
2006-04-21,1198282.624825524
2006-04-24,1192434.6297504979
2006-04-25,1192449.6517632897
2006-04-26,1193039.9047345554
2006-04-27,1192625.5731759612
2006-04-28,1193698.3941816792
2006-05-01,1192595.5121928193
2006-05-02,1197834.8292515734
2006-05-03,1194893.9672800305
2006-05-04,1195981.5515082076
2006-05-05,1198698.8685257602
2006-05-08,1195076.500805611
2006-05-09,1198941.1889212846
2006-05-10,1196843.3962947084
2006-05-11,1194970.620755117
2006-05-12,1192154.453779782
2006-05-15,1187561.53853857
2006-05-16,1189737.4693720276
2006-05-17,1184951.475943655
2006-05-18,1187609.9740613606
2006-05-19,1185255.315708684
2006-05-22,1187371.0381862153
2006-05-23,1185457.5737421773
2006-05-24,1184187.8573592473
2006-05-25,1188357.4528945966
2006-05-26,1186080.812335403
2006-05-29,1186209.1441227198
2006-05-30,1190551.5211405708
2006-05-31,1188221.7419733051
2006-06-01,1187216.7619980653
2006-06-02,1190652.0098098645
2006-06-05,1189178.2911924322
2006-06-06,1186725.3111293942
2006-06-07,1185211.7618976408
2006-06-08,1181425.637553484
2006-06-09,1183665.9982730693
2006-06-12,1182868.7701329773
2006-06-13,1179458.6377505595
2006-06-14,1180933.3020496378
2006-06-15,1180578.885066982
2006-06-16,1180098.3815223405
2006-06-19,1178767.50464708
2006-06-20,1179014.1175586772
2006-06-21,1181196.632974322
2006-06-22,1179192.6571891343
2006-06-23,1177693.7118356982
2006-06-26,1178629.0351366028
2006-06-27,1179641.6183509836
2006-06-28,1179249.3049217188
2006-06-29,1179733.6943123727
2006-06-30,1180027.6920233995
2006-07-03,1180814.26182202
2006-07-04,1181260.0629342427
2006-07-05,1182886.098296842
2006-07-06,1182649.4062823968
2006-07-07,1181427.440587957
2006-07-10,1179928.3498561864
2006-07-11,1179116.880036861
2006-07-12,1181511.672317034
2006-07-13,1183643.7454317464
2006-07-14,1184146.247970879
2006-07-17,1182895.1271262725
2006-07-18,1181910.3222053056
2006-07-19,1181304.3538739586
2006-07-20,1182033.8416613028
2006-07-21,1182721.1111343773
2006-07-24,1181740.3333035833
2006-07-25,1181177.0434954586
2006-07-26,1182168.0895457782
2006-07-27,1181329.346268774
2006-07-28,1178592.9586810202
2006-07-31,1179295.8920491189
2006-08-01,1181029.4321440498
2006-08-02,1180694.9204982673
2006-08-03,1180151.380970061
2006-08-04,1180276.2300120452
2006-08-07,1182843.2042867255
2006-08-08,1182438.6625617405
2006-08-09,1183894.0377939383
2006-08-10,1181087.8940596364
2006-08-11,1182729.7264090313
2006-08-14,1181612.992710618
2006-08-15,1180678.2714733651
2006-08-16,1180955.2884995223
2006-08-17,1178678.2905435446
2006-08-18,1178257.5144004042
2006-08-21,1179322.4724631147
2006-08-22,1180215.491568065
2006-08-23,1179240.7652090841
2006-08-24,1178076.566279455
2006-08-25,1179246.325022706
2006-08-28,1180275.9465400053
2006-08-29,1181065.5048954322
2006-08-30,1182495.398194282
2006-08-31,1183527.5735099441
2006-09-01,1184807.6425242969
2006-09-04,1184298.503396684
2006-09-05,1183165.3838660554
2006-09-06,1179642.0472910192
2006-09-07,1175048.9444944302
2006-09-08,1174582.7529398887
2006-09-11,1175227.6364808646
2006-09-12,1178343.2426780392
2006-09-13,1178126.1272024775
2006-09-14,1179214.318084507
2006-09-15,1177973.0000825485
2006-09-18,1180463.1590666142
2006-09-19,1176570.0726464647
2006-09-20,1178630.0650970296
2006-09-21,1178113.1588150053
2006-09-22,1174867.1840126691
2006-09-25,1175644.4057101384
2006-09-26,1176986.1902390711
2006-09-27,1179218.5244067113
2006-09-28,1179983.5059310652
2006-09-29,1179788.9104710352
2006-10-02,1180506.244420495
2006-10-03,1181364.5100206917
2006-10-04,1182097.0815988556
2006-10-05,1182269.1308921985
2006-10-06,1181603.4131604065
2006-10-09,1181655.5270755894
2006-10-10,1183371.1597878647
2006-10-11,1183806.4847835067
2006-10-12,1185759.1106746846
2006-10-13,1186957.102803581
2006-10-16,1186347.9577963268
2006-10-17,1183964.2961378067
2006-10-18,1185656.1784215749
2006-10-19,1185312.1258762334
2006-10-20,1186507.9506757574
2006-10-23,1189419.8836014243
2006-10-24,1189553.0239865016
2006-10-25,1189869.7072114237
2006-10-26,1191072.534708112
2006-10-27,1186907.0915444486
2006-10-30,1186437.4341686969
2006-10-31,1186471.9670326936
2006-11-01,1185118.4297249091
2006-11-02,1185972.7821615303
2006-11-03,1185088.027857632
2006-11-06,1189706.5665299892
2006-11-07,1190523.0502704277
2006-11-08,1188890.6626958046
2006-11-09,1187217.666657426
2006-11-10,1187417.887052241
2006-11-13,1187235.7313024425
2006-11-14,1188608.0527097723
2006-11-15,1190409.9367017294
2006-11-16,1192874.6179457477
2006-11-17,1191812.3001350735
2006-11-20,1193159.258025951
2006-11-21,1193477.180087596
2006-11-22,1193049.5284357185
2006-11-23,1190803.0632722501
2006-11-24,1194197.2723929682
2006-11-27,1192132.338407263
2006-11-28,1196559.8572571634
2006-11-29,1195700.0214478127
2006-11-30,1200800.4559735828
2006-12-01,1202376.2486304233
2006-12-04,1204066.2237467126
2006-12-05,1200797.9020279127
2006-12-06,1198282.6975053411
2006-12-07,1198475.7988499017
2006-12-08,1196166.0109885363
2006-12-11,1199690.290386916
2006-12-12,1201364.3987699815
2006-12-13,1201534.0064768982
2006-12-14,1200730.4565329938
2006-12-15,1198028.4410526264
2006-12-18,1196523.1794298263
2006-12-19,1202162.3132693646
2006-12-20,1201639.6740873507
2006-12-21,1200222.0430546047
2006-12-22,1198819.617362801
2006-12-25,1199839.585987474
2006-12-26,1199415.9621807192
2006-12-27,1201700.5736846998
2006-12-28,1205482.2482317074
2006-12-29,1206092.5625901567
2007-01-01,1206395.8856442962
2007-01-02,1213754.5985848869
2007-01-03,1207025.8849933208
2007-01-04,1202536.6107838724
2007-01-05,1189372.5875187654
2007-01-08,1190380.6645563361
2007-01-09,1191952.3527942444
2007-01-10,1192005.231132536
2007-01-11,1196508.8971097632
2007-01-12,1197186.9345494513
2007-01-15,1198086.2382922715
2007-01-16,1198220.9153063078
2007-01-17,1197192.6565177322
2007-01-18,1197464.7298744943
2007-01-19,1197384.7215976743
2007-01-22,1197332.700040254
2007-01-23,1198736.6334759758
2007-01-24,1196769.8800079017
2007-01-25,1189484.4817746072
2007-01-26,1187941.6356755057
2007-01-29,1191145.0129777852
2007-01-30,1189649.7710451602
2007-01-31,1187347.2266553605
2007-02-01,1190538.9726480343
2007-02-02,1190167.3471345021
2007-02-05,1187173.1726770145
2007-02-06,1188752.730506254
2007-02-07,1191248.6245537493
2007-02-08,1191661.4950330306
2007-02-09,1191680.1557820733
2007-02-12,1189574.6667676514
2007-02-13,1191935.5495192201
2007-02-14,1196476.3494612651
2007-02-15,1194095.7922870405
2007-02-16,1193972.9943366556
2007-02-19,1195639.5126938177
2007-02-20,1195646.7716696623
2007-02-21,1197289.2521953904
2007-02-22,1199994.1626620044
2007-02-23,1199445.7955124418
2007-02-26,1199785.2899531934
2007-02-27,1181870.0460445387
2007-02-28,1182140.6375744925
2007-03-01,1179925.6612430369
2007-03-02,1177978.6370815851
2007-03-05,1177978.6370815851
2007-03-06,1177978.6370815851
2007-03-07,1177978.6370815851
2007-03-08,1177978.6370815851
2007-03-09,1177978.6370815851
2007-03-12,1177978.6370815851
2007-03-13,1177978.6370815851
2007-03-14,1177978.6370815851
2007-03-15,1177978.6370815851
2007-03-16,1177978.6370815851
2007-03-19,1177802.1761985146
2007-03-20,1178171.0199576695
2007-03-21,1179753.0365809707
2007-03-22,1178687.166244102
2007-03-23,1177897.1969835022
2007-03-26,1179214.5557558206
2007-03-27,1179310.7874035025
2007-03-28,1178391.9126668232
2007-03-29,1178852.455210236
2007-03-30,1179303.8216051294
2007-04-02,1180660.6966236064
2007-04-03,1179588.739717142
2007-04-04,1181491.752850899
2007-04-05,1182666.378907716
2007-04-06,1181622.426741107
2007-04-09,1181507.7348597182
2007-04-10,1184551.2581817703
2007-04-11,1185105.770329643
2007-04-12,1186707.4660288407
2007-04-13,1189131.997223052
2007-04-16,1190266.7752379796
2007-04-17,1192083.996081961
2007-04-18,1192735.8492740032
2007-04-19,1190735.4995782839
2007-04-20,1192978.8850639558
2007-04-23,1190503.8264360097
2007-04-24,1189668.7376864261
2007-04-25,1194340.278721439
2007-04-26,1189737.2470908687
2007-04-27,1193709.4442115203
2007-04-30,1191981.454100514
2007-05-01,1190165.771351005
2007-05-02,1191527.3253058747
2007-05-03,1193220.1863630742
2007-05-04,1195757.2192335562
2007-05-07,1197175.9037214986
2007-05-08,1194417.3551867993
2007-05-09,1194471.1408624183
2007-05-10,1185743.1113006016
2007-05-11,1193111.1487433831
2007-05-14,1193060.8602548651
2007-05-15,1195923.8874046993
2007-05-16,1191158.5972502306
2007-05-17,1191137.1961232256
2007-05-18,1195134.5520598807
2007-05-21,1194889.7613150405
2007-05-22,1193584.3943235693
2007-05-23,1195865.2339641496
2007-05-24,1190584.907557997
2007-05-25,1192404.5906815177
2007-05-28,1192924.1631921213
2007-05-29,1194450.2966082
2007-05-30,1196885.2440702752
2007-05-31,1200160.863584819
2007-06-01,1204967.6393506767
2007-06-04,1206619.4170916285
2007-06-05,1204880.4190442425
2007-06-06,1201790.1289303277
2007-06-07,1193682.3516735185
2007-06-08,1196047.1986314363
2007-06-11,1197032.3770089243
2007-06-12,1191397.7074978831
2007-06-13,1196361.0636149538
2007-06-14,1199213.3891836514
2007-06-15,1205835.5010784888
2007-06-18,1206279.1941984678
2007-06-19,1207795.0154575522
2007-06-20,1204201.6963739106
2007-06-21,1205060.387843842
2007-06-22,1204435.8766916795
2007-06-25,1204634.6664811778
2007-06-26,1201103.4004595072
2007-06-27,1199427.137002852
2007-06-28,1205176.2679442237
2007-06-29,1207773.1975922617
2007-07-02,1212694.5502546013
2007-07-03,1211597.8951243493
2007-07-04,1213558.2329634496
2007-07-05,1213406.682320585
2007-07-06,1217673.7693251
2007-07-09,1219228.7688772753
2007-07-10,1214505.0787419798
2007-07-11,1217583.3533333854
2007-07-12,1224040.9663683528
2007-07-13,1226016.67906409
2007-07-16,1226414.2489755224
2007-07-17,1227604.3785968912
2007-07-18,1228372.48952817
2007-07-19,1231313.5964463425
2007-07-20,1226578.6526658896
2007-07-23,1227737.1328583015
2007-07-24,1220874.0334395287
2007-07-25,1219680.8952077967
2007-07-26,1204911.3933562308
2007-07-27,1200125.736564547
2007-07-30,1200269.7054016646
2007-07-31,1200852.7124282483
2007-08-01,1199284.5334964371
2007-08-02,1199516.2010998363
2007-08-03,1199690.7575095487
2007-08-06,1197655.0019038212
2007-08-07,1196755.0196445365
2007-08-08,1196918.3837225828
2007-08-09,1195235.7398515604
2007-08-10,1195403.6794417736
2007-08-13,1194138.8925973591
2007-08-14,1193706.5731584486
2007-08-15,1193706.5731584486
2007-08-16,1193706.5731584486
2007-08-17,1193706.5731584486
2007-08-20,1193706.5731584486
2007-08-21,1193706.5731584486
2007-08-22,1193706.5731584486
2007-08-23,1193706.5731584486
2007-08-24,1193706.5731584486
2007-08-27,1193706.5731584486
2007-08-28,1193706.5731584486
2007-08-29,1193706.5731584486
2007-08-30,1193706.5731584486
2007-08-31,1193706.5731584486
2007-09-03,1193706.5731584486
2007-09-04,1193706.5731584486
2007-09-05,1193706.5731584486
2007-09-06,1193706.5731584486
2007-09-07,1194208.447343986
2007-09-10,1194463.680337313
2007-09-11,1195443.2949376828
2007-09-12,1195331.3247419375
2007-09-13,1194622.8083664319
2007-09-14,1194060.5650996952
2007-09-17,1196088.7631523944
2007-09-18,1200276.2040619436
2007-09-19,1199580.1825707583
2007-09-20,1203858.5833467683
2007-09-21,1203547.871212618
2007-09-24,1202684.7366695416
2007-09-25,1202591.872831154
2007-09-26,1203012.1284869013
2007-09-27,1205580.8389956458
2007-09-28,1207862.8045496666
2007-10-01,1208101.5073704347
2007-10-02,1203671.1360427816
2007-10-03,1202025.5104189878
2007-10-04,1205086.1422521651
2007-10-05,1209066.6642210935
2007-10-08,1205188.7173658668
2007-10-09,1208779.6145778645
2007-10-10,1209612.667752986
2007-10-11,1211406.6125009316
2007-10-12,1214489.3721552566
2007-10-15,1214452.1826900803
2007-10-16,1212246.422284756
2007-10-17,1213243.045393703
2007-10-18,1216434.455850537
2007-10-19,1209907.295239568
2007-10-22,1203164.877136401
2007-10-23,1209442.185221621
2007-10-24,1210994.3102995674
2007-10-25,1215558.1546289055
2007-10-26,1221383.4176218237
2007-10-29,1226502.6115687136
2007-10-30,1223354.8908129488
2007-10-31,1233603.609883274
2007-11-01,1222912.177695564
2007-11-02,1232200.2872012248
2007-11-05,1228525.82821977
2007-11-06,1237215.2979731397
2007-11-07,1232312.9008560784
2007-11-08,1230297.4820208703
2007-11-09,1222874.1342279192
2007-11-12,1207763.2836247243
2007-11-13,1207934.4820360467
2007-11-14,1209291.4195404868
2007-11-15,1207102.4455413069
2007-11-16,1208143.7974166665
2007-11-19,1209238.35445605
2007-11-20,1211568.2424591735
2007-11-21,1212891.7688114925
2007-11-22,1211880.4169172698
2007-11-23,1212050.4979643612
2007-11-26,1212070.838951061
2007-11-27,1208845.3352601794
2007-11-28,1206230.2308508484
2007-11-29,1204739.5661965825
2007-11-30,1201354.5746294688
2007-12-03,1201782.0287064954
2007-12-04,1203575.9636584697
2007-12-05,1200349.1743314166
2007-12-06,1200010.6661364536
2007-12-07,1200208.4288682593
2007-12-10,1200812.5215129023
2007-12-11,1200159.3079110398
2007-12-12,1200735.9209367936
2007-12-13,1199897.211639024
2007-12-14,1197845.7073171672
2007-12-17,1197845.7073171672
2007-12-18,1197845.7073171672
2007-12-19,1197845.7073171672
2007-12-20,1197845.7073171672
2007-12-21,1197845.7073171672
2007-12-24,1197845.7073171672
2007-12-25,1197845.7073171672
2007-12-26,1197845.7073171672
2007-12-27,1197845.7073171672
2007-12-28,1197845.7073171672
2007-12-31,1197845.7073171672
2008-01-01,1197845.7073171672
2008-01-02,1197845.7073171672
2008-01-03,1198263.1068622868
2008-01-04,1197896.6985370833
2008-01-07,1197791.501814615
2008-01-08,1199068.9741268004
2008-01-09,1198520.9298239043
2008-01-10,1199284.9959488625
2008-01-11,1199771.3079890434
2008-01-14,1199333.4723799136
2008-01-15,1201301.0331629217
2008-01-16,1201160.9127083113
2008-01-17,1204162.4022710386
2008-01-18,1204124.285693996
2008-01-21,1210785.1253637264
2008-01-22,1205804.8023297496
2008-01-23,1205701.9916800514
2008-01-24,1201939.5842621517
2008-01-25,1201908.46838002
2008-01-28,1203003.4280912986
2008-01-29,1200258.6945231766
2008-01-30,1202511.9914971367
2008-01-31,1199795.7957432047
2008-02-01,1196414.8090236455
2008-02-04,1195914.3189136977
2008-02-05,1197604.6199553788
2008-02-06,1199552.1104742961
2008-02-07,1201471.8388083242
2008-02-08,1202795.5409750673
2008-02-11,1203201.480721668
2008-02-12,1199317.7979462852
2008-02-13,1198120.1119298704
2008-02-14,1197361.8990834162
2008-02-15,1198444.0276245405
2008-02-18,1197898.9721789965
2008-02-19,1199931.356375849
2008-02-20,1202686.9377458051
2008-02-21,1200211.833740182
2008-02-22,1201174.8467605135
2008-02-25,1199326.63203048
2008-02-26,1198770.7290716972
2008-02-27,1201127.2516529802
2008-02-28,1204589.5952005151
2008-02-29,1202276.9815350445
2008-03-03,1204828.7709248816
2008-03-04,1202063.041325581
2008-03-05,1206556.9005893208
2008-03-06,1206554.5849889708
2008-03-07,1206002.6024947679
2008-03-10,1206484.2393971656
2008-03-11,1204485.9769643995
2008-03-12,1209234.2907063637
2008-03-13,1211102.2757730554
2008-03-14,1213131.3246581
2008-03-17,1211395.6695971591
2008-03-18,1206172.4354389426
2008-03-19,1202848.286934083
2008-03-20,1196929.000390011
2008-03-21,1196699.5465445607
2008-03-24,1192346.349413819
2008-03-25,1193823.4407221412
2008-03-26,1198532.9978339444
2008-03-27,1198120.2412346795
2008-03-28,1197581.1398303926
2008-03-31,1195745.6057666587
2008-04-01,1191106.6840791055
2008-04-02,1191988.4804127873
2008-04-03,1191818.60545867
2008-04-04,1192934.2896956478
2008-04-07,1193017.1541758077
2008-04-08,1192421.4114187413
2008-04-09,1194597.760938128
2008-04-10,1193600.2814111204
2008-04-11,1194187.3504517958
2008-04-14,1194830.0198537349
2008-04-15,1194743.9374757435
2008-04-16,1195864.6376653789
2008-04-17,1195215.2423439885
2008-04-18,1195230.8175152875
2008-04-21,1196102.8167496691
2008-04-22,1197475.4735625666
2008-04-23,1196505.936616064
2008-04-24,1194006.4726567322
2008-04-25,1194558.4059795677
2008-04-28,1194820.02828784
2008-04-29,1192624.090347778
2008-04-30,1192987.7035056425
2008-05-01,1190590.9313467864
2008-05-02,1192196.791899557
2008-05-05,1194291.377102022
2008-05-06,1195302.4001297364
2008-05-07,1194479.0469271329
2008-05-08,1194463.4794393964
2008-05-09,1194826.0968396487
2008-05-12,1194306.5840239122
2008-05-13,1195145.7255729046
2008-05-14,1194226.5446239295
2008-05-15,1194582.2673329224
2008-05-16,1195548.9929294824
2008-05-19,1195606.2110478077
2008-05-20,1196893.4929332728
2008-05-21,1199132.5636257126
2008-05-22,1197368.1348549896
2008-05-23,1197902.7330611635
2008-05-26,1198496.2732832865
2008-05-27,1196784.1566117865
2008-05-28,1198175.7208269215
2008-05-29,1196113.5599975982
2008-05-30,1196647.0510087246
2008-06-02,1195719.9445647364
2008-06-03,1194329.1507733692
2008-06-04,1194451.1962830801
2008-06-05,1197503.9154121734
2008-06-06,1199867.3672683593
2008-06-09,1197811.0513786792
2008-06-10,1196292.0435393956
2008-06-11,1196941.9520751266
2008-06-12,1196363.780412984
2008-06-13,1196863.610935017
2008-06-16,1197833.3566158232
2008-06-17,1198158.6209559457
2008-06-18,1198903.2755266347
2008-06-19,1198785.6039137389
2008-06-20,1198684.2373786906
2008-06-23,1198792.6503688737
2008-06-24,1200134.2081739418
2008-06-25,1200240.7260253755
2008-06-26,1202898.22856183
2008-06-27,1203379.3234547817
2008-06-30,1201429.4044726307
2008-07-01,1202351.983713985
2008-07-02,1207140.7898292511
2008-07-03,1206525.1608965
2008-07-04,1207560.0883314477
2008-07-07,1206220.9449640908
2008-07-08,1202017.27296077
2008-07-09,1203681.4601861995
2008-07-10,1207381.5770416765
2008-07-11,1211664.6213996073
2008-07-14,1213682.336513029
2008-07-15,1213179.1141885112
2008-07-16,1206413.0564605338
2008-07-17,1204900.5399871343
2008-07-18,1204094.515129602
2008-07-21,1207060.4968705617
2008-07-22,1201371.8488491185
2008-07-23,1196866.4613326108
2008-07-24,1198004.2142685233
2008-07-25,1198597.2327775555
2008-07-28,1201100.7733770446
2008-07-29,1196250.93902295
2008-07-30,1191236.8134320418
2008-07-31,1192901.4278048584
2008-08-01,1192583.2997590213
2008-08-04,1194679.535037256
2008-08-05,1188971.5784874083
2008-08-06,1189066.3529136947
2008-08-07,1191033.8114987307
2008-08-08,1188769.1813951507
2008-08-11,1187708.6586505387
2008-08-12,1188407.3231277857
2008-08-13,1190867.6873105243
2008-08-14,1191500.9553214076
2008-08-15,1191311.2383397594
2008-08-18,1192057.281181686
2008-08-19,1192610.3611840964
2008-08-20,1191828.1304319464
2008-08-21,1189010.3824348105
2008-08-22,1189336.2876574793
2008-08-25,1190671.3319179583
2008-08-26,1190891.7697707287
2008-08-27,1189974.4819926957
2008-08-28,1189902.7342061622
2008-08-29,1192193.328733234
2008-09-01,1193867.2750058116
2008-09-02,1197129.1677178906
2008-09-03,1197477.7579295004
2008-09-04,1206011.615783269
2008-09-05,1203597.7116859877
2008-09-08,1203030.3322007374
2008-09-09,1208835.1049569785
2008-09-10,1209877.080408471
2008-09-11,1207306.70951854
2008-09-12,1196036.1753913807
2008-09-15,1206677.184903569
2008-09-16,1209850.003406733
2008-09-17,1210472.2885607984
2008-09-18,1198947.5953729243
2008-09-19,1180297.7931094668
2008-09-22,1183114.705328225
2008-09-23,1187123.1758284357
2008-09-24,1185472.935404353
2008-09-25,1182335.2364038862
2008-09-26,1184213.8607465487
2008-09-29,1206976.8839894491
2008-09-30,1198740.0455832353
2008-10-01,1200695.897673616
2008-10-02,1211423.5041692506
2008-10-03,1213282.3031586474
2008-10-06,1240960.9026780461
2008-10-07,1244277.2728539987
2008-10-08,1260718.3683435572
2008-10-09,1267044.5187474368
2008-10-10,1282013.652833853
2008-10-13,1251470.0236175575
2008-10-14,1253142.951172844
2008-10-15,1282857.9208655765
2008-10-16,1267086.4289659613
2008-10-17,1269222.6065728092
2008-10-20,1260183.9659334053
2008-10-21,1277657.7980013376
2008-10-22,1296736.6574671217
2008-10-23,1291857.9950424163
2008-10-24,1319431.8579788802
2008-10-27,1333375.893396596
2008-10-28,1297298.3518514587
2008-10-29,1287700.684256259
2008-10-30,1280742.108870057
2008-10-31,1284039.106495601
2008-11-03,1283230.2428277119
2008-11-04,1267602.6886133165
2008-11-05,1279824.6353076336
2008-11-06,1290270.4781909538
2008-11-07,1284492.9929289445
2008-11-10,1286715.73991471
2008-11-11,1294787.553720574
2008-11-12,1306882.2353305554
2008-11-13,1291157.4701920624
2008-11-14,1301555.6673313372
2008-11-17,1302164.1946241052
2008-11-18,1299840.9453213755
2008-11-19,1310723.8593686745
2008-11-20,1322765.5347461735
2008-11-21,1309839.410101665
2008-11-24,1294920.9537524136
2008-11-25,1296777.4214500675
2008-11-26,1294571.6380248277
2008-11-27,1293667.687444048
2008-11-28,1295634.372569549
2008-12-01,1310810.0395224951
2008-12-02,1306180.187141253
2008-12-03,1304187.5088710582
2008-12-04,1308862.0187588846
2008-12-05,1306061.7531137206
2008-12-08,1297278.3714667659
2008-12-09,1299937.4484250678
2008-12-10,1297026.236788056
2008-12-11,1293337.0020219528
2008-12-12,1292715.4373577018
2008-12-15,1291770.6482032682
2008-12-16,1285080.9851878516
2008-12-17,1286548.6274859987
2008-12-18,1286635.947063615
2008-12-19,1286421.7922825376
2008-12-22,1287847.070560205
2008-12-23,1288781.9873577408
2008-12-24,1289767.6721688013
2008-12-25,1289652.878917927
2008-12-26,1289521.9354875055
2008-12-29,1288739.74976306
2008-12-30,1286856.8574335657
2008-12-31,1284285.705643337
2009-01-01,1284182.4204223463
2009-01-02,1282636.6357435104
2009-01-05,1282111.2337182825
2009-01-06,1281028.7893207357
2009-01-07,1279510.3260601736
2009-01-08,1279007.4222190825
2009-01-09,1278588.95753305
2009-01-12,1279361.2690642837
2009-01-13,1280544.0271478044
2009-01-14,1279506.2111064412
2009-01-15,1279369.7960746004
2009-01-16,1279051.5008788789
2009-01-19,1280177.02236758
2009-01-20,1281957.9382824409
2009-01-21,1281399.9918877117
2009-01-22,1282039.3291578188
2009-01-23,1282395.3493255775
2009-01-26,1280897.886976421
2009-01-27,1280565.2486266869
2009-01-28,1279451.730194514
2009-01-29,1280097.4922961837
2009-01-30,1279747.8273109777
2009-02-02,1280112.8672132662
2009-02-03,1278577.257967758
2009-02-04,1279372.224706869
2009-02-05,1278506.5718894613
2009-02-06,1276902.468120031
2009-02-09,1275898.5310043183
2009-02-10,1278670.8779537887
2009-02-11,1280080.630897234
2009-02-12,1280684.0730680919
2009-02-13,1278422.8874274485
2009-02-16,1278537.1206602098
2009-02-17,1281298.1802862503
2009-02-18,1281996.1894867355
2009-02-19,1279561.1778180704
2009-02-20,1280031.3592012487
2009-02-23,1282855.7296738855
2009-02-24,1277024.8771779456
2009-02-25,1278065.4592253112
2009-02-26,1276971.5233626892
2009-02-27,1278391.2489252246
2009-03-02,1284107.5470536554
2009-03-03,1285092.0734290234
2009-03-04,1277897.5530048928
2009-03-05,1284020.7680418903
2009-03-06,1283086.352237157
2009-03-09,1286679.784833036
2009-03-10,1277469.1762835328
2009-03-11,1274934.6828490328
2009-03-12,1272421.7179598291
2009-03-13,1269909.642328931
2009-03-16,1269922.9167356037
2009-03-17,1267727.084724656
2009-03-18,1264729.6525797495
2009-03-19,1264597.5935967036
2009-03-20,1265009.7898779048
2009-03-23,1262939.8237559518
2009-03-24,1263513.9214370933
2009-03-25,1263815.3379951161
2009-03-26,1263755.3709370617
2009-03-27,1264201.640081405
2009-03-30,1265001.52213237
2009-03-31,1264011.3984438838
2009-04-01,1262554.9290955306
2009-04-02,1260314.8162688273
2009-04-03,1259605.3333163941
2009-04-06,1260024.8238277931
2009-04-07,1259747.2330807338
2009-04-08,1259694.0534667617
2009-04-09,1258861.308342418
2009-04-10,1258810.6886225063
2009-04-13,1258810.6886225063
2009-04-14,1258810.6886225063
2009-04-15,1258810.6886225063
2009-04-16,1258810.6886225063
2009-04-17,1258810.6886225063
2009-04-20,1258810.6886225063
2009-04-21,1258810.6886225063
2009-04-22,1258810.6886225063
2009-04-23,1258810.6886225063
2009-04-24,1258810.6886225063
2009-04-27,1258810.6886225063
2009-04-28,1258810.6886225063
2009-04-29,1258810.6886225063
2009-04-30,1258810.6886225063
2009-05-01,1258810.6886225063
2009-05-04,1258810.6886225063
2009-05-05,1258810.6886225063
2009-05-06,1258810.6886225063
2009-05-07,1258810.6886225063
2009-05-08,1258810.6886225063
2009-05-11,1258810.6886225063
2009-05-12,1258810.6886225063
2009-05-13,1258810.6886225063
2009-05-14,1258810.6886225063
2009-05-15,1258810.6886225063
2009-05-18,1258810.6886225063
2009-05-19,1258810.6886225063
2009-05-20,1258810.6886225063
2009-05-21,1258810.6886225063
2009-05-22,1258810.6886225063
2009-05-25,1258810.6886225063
2009-05-26,1258810.6886225063
2009-05-27,1258810.6886225063
2009-05-28,1258810.6886225063
2009-05-29,1258810.6886225063
2009-06-01,1259251.369825513
2009-06-02,1260383.0145434265
2009-06-03,1257827.8156079322
2009-06-04,1258898.288483343
2009-06-05,1256912.8986412028
2009-06-08,1256381.868863958
2009-06-09,1257463.4550971133
2009-06-10,1257487.6607215286
2009-06-11,1258693.446183921
2009-06-12,1257316.2588273005
2009-06-15,1253969.0188008153
2009-06-16,1253277.2971635046
2009-06-17,1253238.5369046566
2009-06-18,1254370.7818170192
2009-06-19,1255085.33191172
2009-06-22,1251632.689083275
2009-06-23,1251865.1624663707
2009-06-24,1252439.5181371097
2009-06-25,1253590.4115658805
2009-06-26,1253645.3724126595
2009-06-29,1254137.0862186227
2009-06-30,1254001.6361662112
2009-07-01,1254658.2454783018
2009-07-02,1251887.2461353983
2009-07-03,1252715.256296459
2009-07-06,1252237.3869900433
2009-07-07,1251027.7324207015
2009-07-08,1249267.0932303644
2009-07-09,1249568.4735401329
2009-07-10,1249225.005213852
2009-07-13,1249619.8807283216
2009-07-14,1250390.9645725687
2009-07-15,1251018.9240962733
2009-07-16,1251169.932094228
2009-07-17,1250975.0427707809
2009-07-20,1252334.2118892614
2009-07-21,1253121.411179469
2009-07-22,1252957.5807357163
2009-07-23,1253357.2113849833
2009-07-24,1254420.188975636
2009-07-27,1254897.7208529653
2009-07-28,1255187.861754367
2009-07-29,1254514.8596280143
2009-07-30,1255920.2879832112
2009-07-31,1256609.9257892566
2009-08-03,1258885.285051883
2009-08-04,1258373.9744215598
2009-08-05,1256844.570863192
2009-08-06,1255446.717853793
2009-08-07,1255329.8869917963
2009-08-10,1252879.4433357255
2009-08-11,1248803.0438011026
2009-08-12,1252155.8680987128
2009-08-13,1254381.505796634
2009-08-14,1250420.9575804018
2009-08-17,1240572.6401507754
2009-08-18,1245558.029211522
2009-08-19,1247363.1395382583
2009-08-20,1249927.43776497
2009-08-21,1254105.7173871417
2009-08-24,1254605.2371754965
2009-08-25,1253526.217238138
2009-08-26,1250903.939320732
2009-08-27,1253410.0619577102
2009-08-28,1253578.881834715
2009-08-31,1251752.6091850628
2009-09-01,1243396.9814692226
2009-09-02,1243478.384401016
2009-09-03,1246740.470684652
2009-09-04,1252715.2592525063
2009-09-07,1256145.878616153
2009-09-08,1258273.4867079768
2009-09-09,1260014.0872154648
2009-09-10,1262089.7558223987
2009-09-11,1260929.789205336
2009-09-14,1260265.7341106217
2009-09-15,1262499.8229401088
2009-09-16,1268296.7757342316
2009-09-17,1268975.5007823987
2009-09-18,1268056.770096613
2009-09-21,1266186.7874848112
2009-09-22,1270081.8864685574
2009-09-23,1265989.2371132546
2009-09-24,1262100.7377844676
2009-09-25,1259723.5984283497
2009-09-28,1262265.0292183105
2009-09-29,1260697.811560776
2009-09-30,1263113.6314387377
2009-10-01,1255914.3310331872
2009-10-02,1255491.2691685867
2009-10-05,1260129.0405938667
2009-10-06,1266213.2718672783
2009-10-07,1266693.2376677552
2009-10-08,1270485.1661501348
2009-10-09,1271240.6130393462
2009-10-12,1273249.4752950415
2009-10-13,1275032.7338904934
2009-10-14,1278350.3390691949
2009-10-15,1278542.973376409
2009-10-16,1276631.4850095115
2009-10-19,1283078.5723871393
2009-10-20,1278150.1074174065
2009-10-21,1279909.546305584
2009-10-22,1281830.1084734143
2009-10-23,1279106.020678638
2009-10-26,1273648.8410132471
2009-10-27,1272454.4844092543
2009-10-28,1260925.6309710816
2009-10-29,1270975.660708456
2009-10-30,1260149.5800002518
2009-11-02,1261923.1156162487
2009-11-03,1263592.2100132476
2009-11-04,1265961.3230865514
2009-11-05,1266445.1311575933
2009-11-06,1266534.3358215608
2009-11-09,1270645.0276140082
2009-11-10,1270370.6400553493
2009-11-11,1270633.3175134156
2009-11-12,1266777.1276910773
2009-11-13,1270053.6808223205
2009-11-16,1275098.0936131277
2009-11-17,1274751.6819607948
2009-11-18,1274974.9286703502
2009-11-19,1270106.4462097413
2009-11-20,1268076.8774873
2009-11-23,1272966.8535004356
2009-11-24,1271924.2729432662
2009-11-25,1277621.9818616635
2009-11-26,1269380.951866495
2009-11-27,1268384.8021819636
2009-11-30,1269953.8687862789
2009-12-01,1275682.5844650804
2009-12-02,1276444.467250479
2009-12-03,1273530.9561794908
2009-12-04,1269837.4542274517
2009-12-07,1266636.187788135
2009-12-08,1261651.25683105
2009-12-09,1262324.8931164753
2009-12-10,1263776.3450782064
2009-12-11,1263086.6807372824
2009-12-14,1265028.79759181
2009-12-15,1262684.9623147114
2009-12-16,1263108.8279466555
2009-12-17,1258651.3109041443
2009-12-18,1259713.6177107256
2009-12-21,1261599.046564347
2009-12-22,1263106.9079005418
2009-12-23,1263956.490904295
2009-12-24,1265267.913282088
2009-12-25,1265267.913282088
2009-12-28,1266121.038744197
2009-12-29,1266996.8217970491
2009-12-30,1266393.3293493348
2009-12-31,1265541.2570023942
2010-01-01,1265541.2570023942
2010-01-04,1269247.3391853415
2010-01-05,1269491.5468318658
2010-01-06,1269442.0418982976
2010-01-07,1269048.7625215345
2010-01-08,1270699.2881274738
2010-01-11,1269657.737524067
2010-01-12,1264229.6887055729
2010-01-13,1266808.3725315847
2010-01-14,1269210.3271452948
2010-01-15,1264068.1554321696
2010-01-18,1266021.084485115
2010-01-19,1267251.5656833763
2010-01-20,1260439.5700302839
2010-01-21,1253218.6969695438
2010-01-22,1247218.3048439098
2010-01-25,1248067.571361798
2010-01-26,1246169.2497549779
2010-01-27,1246195.1229322846
2010-01-28,1246691.1795170375
2010-01-29,1247183.2523803052
2010-02-01,1246006.1414446735
2010-02-02,1245845.2683231276
2010-02-03,1245960.976058371
2010-02-04,1249299.7157822226
2010-02-05,1249826.5061728219
2010-02-08,1250958.0025735453
2010-02-09,1247277.8673376115
2010-02-10,1248421.6244648017
2010-02-11,1248180.5366030224
2010-02-12,1248835.0491909003
2010-02-15,1249476.1760886216
2010-02-16,1246217.4246282836
2010-02-17,1248136.7026386536
2010-02-18,1249548.8431032381
2010-02-19,1248944.3392245343
2010-02-22,1249440.2262419728
2010-02-23,1251799.4653691684
2010-02-24,1251508.346675093
2010-02-25,1253163.4553479904
2010-02-26,1252335.2478034056
2010-03-01,1254528.150855871
2010-03-02,1254130.5714367435
2010-03-03,1252616.544683219
2010-03-04,1254048.9486195298
2010-03-05,1251716.6375309234
2010-03-08,1251822.4153779792
2010-03-09,1252943.4097674969
2010-03-10,1252767.5782495749
2010-03-11,1252268.2880882202
2010-03-12,1250024.8363980441
2010-03-15,1251915.012331322
2010-03-16,1250659.0332798506
2010-03-17,1251841.6218701457
2010-03-18,1253973.9260352415
2010-03-19,1255277.0978735397
2010-03-22,1255669.8282488596
2010-03-23,1258300.9449939248
2010-03-24,1258162.465826209
2010-03-25,1258320.6980132847
2010-03-26,1256535.8845468545
2010-03-29,1256428.576860628
2010-03-30,1256129.2104234954
2010-03-31,1253958.2291796529
2010-04-01,1258076.19923067
2010-04-02,1260061.2610788303
2010-04-05,1262235.903833584
2010-04-06,1262708.742003391
2010-04-07,1259926.148725842
2010-04-08,1260572.6815573187
2010-04-09,1262120.471649867
2010-04-12,1258642.8794653553
2010-04-13,1259257.514710924
2010-04-14,1264814.5283011799
2010-04-15,1264414.2062403332
2010-04-16,1251921.039600227
2010-04-19,1251693.6138815274
2010-04-20,1258601.3939613458
2010-04-21,1255802.8194056167
2010-04-22,1257274.5338492282
2010-04-23,1261005.298207778
2010-04-26,1258923.2170959858
2010-04-27,1250471.4102822246
2010-04-28,1255335.9190802292
2010-04-29,1259584.37600872
2010-04-30,1255242.0151535615
2010-05-03,1259601.6431141056
2010-05-04,1248986.5177957676
2010-05-05,1246719.1968206537
2010-05-06,1248151.6988594176
2010-05-07,1246327.233237655
2010-05-10,1243647.9846486414
2010-05-11,1247118.454130468
2010-05-12,1247613.1960659933
2010-05-13,1250379.1519382885
2010-05-14,1253187.5547149933
2010-05-17,1252237.1376397202
2010-05-18,1256556.1193056665
2010-05-19,1251012.8727475326
2010-05-20,1252772.6366392446
2010-05-21,1249614.5471448947
2010-05-24,1253571.4635074998
2010-05-25,1253659.68240231
2010-05-26,1257336.0826119194
2010-05-27,1252864.0474072255
2010-05-28,1254717.1075166406
2010-05-31,1253503.2842305342
2010-06-01,1254959.7506335792
2010-06-02,1253275.9469115047
2010-06-03,1253419.876055151
2010-06-04,1257697.498717775
2010-06-07,1259650.6230818208
2010-06-08,1258847.170264456
2010-06-09,1258106.6506677398
2010-06-10,1254750.9908900533
2010-06-11,1255875.6984144168
2010-06-14,1253319.1265258566
2010-06-15,1252346.2295054942
2010-06-16,1252759.509674867
2010-06-17,1252566.191827705
2010-06-18,1253213.9001339234
2010-06-21,1252535.3111984169
2010-06-22,1253758.0962045286
2010-06-23,1253012.0184752482
2010-06-24,1253510.4118112302
2010-06-25,1253541.0425996345
2010-06-28,1253623.1212558954
2010-06-29,1255171.60563708
2010-06-30,1254493.491768142
2010-07-01,1249718.9313699144
2010-07-02,1250344.2964161905
2010-07-05,1249943.5945858897
2010-07-06,1248617.8687362494
2010-07-07,1248063.938507803
2010-07-08,1246978.0364533719
2010-07-09,1247324.149751348
2010-07-12,1246536.5509123774
2010-07-13,1247252.2724250085
2010-07-14,1247005.2552175047
2010-07-15,1248711.9074065804
2010-07-16,1249888.4445502039
2010-07-19,1248758.7440195684
2010-07-20,1248008.1118115126
2010-07-21,1249303.395392034
2010-07-22,1248405.363918722
2010-07-23,1247541.392312561
2010-07-26,1247593.8076206525
2010-07-27,1246797.354275845
2010-07-28,1246794.0681551192
2010-07-29,1247089.532254401
2010-07-30,1247826.138796889
2010-08-02,1247205.658281717
2010-08-03,1248294.9680856487
2010-08-04,1248421.0245754237
2010-08-05,1248587.5324502753
2010-08-06,1248402.1684529837
2010-08-09,1248053.4976317873
2010-08-10,1248150.0863093492
2010-08-11,1245815.0512995368
2010-08-12,1245036.1593806532
2010-08-13,1244782.5009618823
2010-08-16,1245406.261408476
2010-08-17,1246194.7734792903
2010-08-18,1244879.3245033463
2010-08-19,1243471.7510749248
2010-08-20,1244127.7523085212
2010-08-23,1245133.476882781
2010-08-24,1245193.4437448606
2010-08-25,1244720.9027994778
2010-08-26,1244853.2243218874
2010-08-27,1245265.446250974
2010-08-30,1245763.4490454143
2010-08-31,1246554.5264537747
2010-09-01,1247568.9944009725
2010-09-02,1247975.4043914857
2010-09-03,1248374.861678138
2010-09-06,1248134.0630524578
2010-09-07,1248804.7207007504
2010-09-08,1249457.8149335855
2010-09-09,1250405.8294297648
2010-09-10,1250120.3624713724
2010-09-13,1250709.312788529
2010-09-14,1251218.473399648
2010-09-15,1249256.437170633
2010-09-16,1249611.144622656
2010-09-17,1249070.254388044
2010-09-20,1252442.3352111743
2010-09-21,1252920.0896933745
2010-09-22,1252957.6615561806
2010-09-23,1251029.8465461722
2010-09-24,1256044.066762931
2010-09-27,1255063.5205505388
2010-09-28,1257256.909670757
2010-09-29,1256916.4890223416
2010-09-30,1255471.957338157
2010-10-01,1257896.1736512915
2010-10-04,1255340.1916618196
2010-10-05,1260929.82586994
2010-10-06,1261893.9686565322
2010-10-07,1261335.932290443
2010-10-08,1262792.328309314
2010-10-11,1263339.1931990364
2010-10-12,1263903.2749415045
2010-10-13,1267148.2657405657
2010-10-14,1268274.448989325
2010-10-15,1266601.3436168816
2010-10-18,1265023.3773982816
2010-10-19,1256905.6376400879
2010-10-20,1263311.3494557943
2010-10-21,1260554.835851821
2010-10-22,1261598.018427092
2010-10-25,1262830.3550101102
2010-10-26,1261456.9741484725
2010-10-27,1258719.4015471563
2010-10-28,1261461.432535666
2010-10-29,1261966.318100366
2010-11-01,1262528.0526005614
2010-11-02,1267130.7077375422
2010-11-03,1269726.9253989973
2010-11-04,1275236.5489675722
2010-11-05,1274920.0295603722
2010-11-08,1272951.4704807638
2010-11-09,1267727.6291038182
2010-11-10,1271057.3049101506
2010-11-11,1269142.059974925
2010-11-12,1260384.9185101849
2010-11-15,1259301.8003562633
2010-11-16,1250652.6493840953
2010-11-17,1250185.2016123137
2010-11-18,1258272.7795039024
2010-11-19,1257041.9674464383
2010-11-22,1257266.9778414057
2010-11-23,1249217.1437779434
2010-11-24,1254658.410762572
2010-11-25,1255004.9352946458
2010-11-26,1248910.58905543
2010-11-29,1249614.947552587
2010-11-30,1247414.3880955733
2010-12-01,1251964.5236826057
2010-12-02,1255030.8285053554
2010-12-03,1256450.2321204944
2010-12-06,1256238.720681661
2010-12-07,1254486.2507581622
2010-12-08,1254849.3542964286
2010-12-09,1255224.0850087232
2010-12-10,1256344.7917638193
2010-12-13,1257264.024646356
2010-12-14,1258096.9892581522
2010-12-15,1256384.687512794
2010-12-16,1256270.5417857429
2010-12-17,1255257.699820601
2010-12-20,1256013.3685930746
2010-12-21,1258316.7786534037
2010-12-22,1259591.3367371287
2010-12-23,1259340.2266047953
2010-12-24,1259442.9800578223
2010-12-27,1259454.503648569
2010-12-28,1260908.8260889247
2010-12-29,1261376.7942786368
2010-12-30,1258732.257206678
2010-12-31,1260247.1928383326
2011-01-03,1261228.6663482783
2011-01-04,1257759.3818033838
2011-01-05,1260373.1902036623
2011-01-06,1258605.653580813
2011-01-07,1259290.0590019934
2011-01-10,1259269.570329296
2011-01-11,1260113.1273130237
2011-01-12,1262865.766371501
2011-01-13,1257647.2915152265
2011-01-14,1256594.0097250382
2011-01-17,1256226.5817471936
2011-01-18,1259701.4904813918
2011-01-19,1253892.6483587974
2011-01-20,1248352.2432889275
2011-01-21,1247764.349976673
2011-01-24,1251395.852301875
2011-01-25,1250135.3726007212
2011-01-26,1253235.4631742307
2011-01-27,1252713.3403489327
2011-01-28,1245724.3709424566
2011-01-31,1249356.4662625745
2011-02-01,1255992.47721188
2011-02-02,1257753.3836466272
2011-02-03,1257576.8969151743
2011-02-04,1258688.8362953928
2011-02-07,1258673.8792187127
2011-02-08,1260692.8839964794
2011-02-09,1259768.9333620367
2011-02-10,1258201.8562923125
2011-02-11,1258890.2132097187
2011-02-14,1258438.7877370352
2011-02-15,1257709.5750649094
2011-02-16,1261983.5181761682
2011-02-17,1264353.022052733
2011-02-18,1265592.3328998126
2011-02-21,1261596.7096512541
2011-02-22,1252882.3247941416
2011-02-23,1254213.1159630038
2011-02-24,1252512.478890385
2011-02-25,1256037.9540114037
2011-02-28,1257551.2555633006
2011-03-01,1256196.758532183
2011-03-02,1259117.743871477
2011-03-03,1260038.7205672879
2011-03-04,1261520.9665555905
2011-03-07,1260055.7288249992
2011-03-08,1259945.8059240233
2011-03-09,1260363.8509786867
2011-03-10,1253207.6106491312
2011-03-11,1254960.0989845537
2011-03-14,1255396.2334895218
2011-03-15,1246615.6501176115
2011-03-16,1246214.0774565227
2011-03-17,1249485.252636064
2011-03-18,1251996.8076803004
2011-03-21,1253234.1490661304
2011-03-22,1254510.7880752804
2011-03-23,1253863.8152343754
2011-03-24,1253181.9918386848
2011-03-25,1252600.635761713
2011-03-28,1250943.8499028145
2011-03-29,1251774.7630772751
2011-03-30,1253550.1160603508
2011-03-31,1255472.7885119747
2011-04-01,1258319.9595416884
2011-04-04,1257976.5814130753
2011-04-05,1260587.9858460496
2011-04-06,1265373.7599079362
2011-04-07,1265720.097533922
2011-04-08,1271733.9068862814
2011-04-11,1267269.9001146227
2011-04-12,1261934.7035537013
2011-04-13,1263966.9937415428
2011-04-14,1266564.8047088813
2011-04-15,1266794.669177999
2011-04-18,1260921.87619339
2011-04-19,1264080.7991584707
2011-04-20,1271763.9077794347
2011-04-21,1272906.4737905916
2011-04-22,1272741.134750782
2011-04-25,1272576.9299724184
2011-04-26,1274297.9959968873
2011-04-27,1281093.245712293
2011-04-28,1281639.6295246398
2011-04-29,1285522.4838829474
2011-05-02,1282168.163659112
2011-05-03,1275818.994470007
2011-05-04,1269875.8406176937
2011-05-05,1255523.1905218703
2011-05-06,1253630.161796322
2011-05-09,1255551.764686183
2011-05-10,1258796.3927432094
2011-05-11,1255074.8131125858
2011-05-12,1256197.5971630532
2011-05-13,1252288.9058624012
2011-05-16,1248524.0792138223
2011-05-17,1249354.909626021
2011-05-18,1251607.7857150491
2011-05-19,1251839.260259534
2011-05-20,1249747.375521942
2011-05-23,1246408.515970021
2011-05-24,1245797.010696752
2011-05-25,1244895.1412925965
2011-05-26,1245413.6477213753
2011-05-27,1245708.9002948531
2011-05-30,1245708.9002948531
2011-05-31,1246590.503885475
2011-06-01,1244974.6944686538
2011-06-02,1245107.4304147824
2011-06-03,1244726.5218580444
2011-06-06,1244453.3091643364
2011-06-07,1244644.0253709198
2011-06-08,1243819.8135514501
2011-06-09,1243819.8135514501
2011-06-10,1243819.8135514501
2011-06-13,1243819.8135514501
2011-06-14,1243819.8135514501
2011-06-15,1243819.8135514501
2011-06-16,1243819.8135514501
2011-06-17,1243819.8135514501
2011-06-20,1243819.8135514501
2011-06-21,1243819.8135514501
2011-06-22,1243819.8135514501
2011-06-23,1243819.8135514501
2011-06-24,1243819.8135514501
2011-06-27,1243819.8135514501
2011-06-28,1243819.8135514501
2011-06-29,1243819.8135514501
2011-06-30,1243819.8135514501
2011-07-01,1243819.8135514501
2011-07-04,1243819.8135514501
2011-07-05,1243819.8135514501
2011-07-06,1243819.8135514501
2011-07-07,1243819.8135514501
2011-07-08,1243819.8135514501
2011-07-11,1243819.8135514501
2011-07-12,1243819.8135514501
2011-07-13,1243819.8135514501
2011-07-14,1244024.4120341165
2011-07-15,1244345.6350091705
2011-07-18,1244965.4504293979
2011-07-19,1244070.1245946959
2011-07-20,1244777.4943752445
2011-07-21,1244410.4442252582
2011-07-22,1244540.6912613013
2011-07-25,1245892.744037138
2011-07-26,1246464.6336530403
2011-07-27,1244465.7392822371
2011-07-28,1244676.1747702411
2011-07-29,1244356.481968354
2011-08-01,1242991.4445789596
2011-08-02,1240952.2268550277
2011-08-03,1240498.512905788
2011-08-04,1236569.7675296029
2011-08-05,1237525.0805172448
2011-08-08,1240796.6565670501
2011-08-09,1236479.5061787446
2011-08-10,1243828.81539218
2011-08-11,1238458.2300522472
2011-08-12,1237009.4338073002
2011-08-15,1236912.1381155765
2011-08-16,1238072.3395035183
2011-08-17,1238619.4110375417
2011-08-18,1241914.0846091334
2011-08-19,1243842.952380199
2011-08-22,1246073.4530626244
2011-08-23,1241610.4727577867
2011-08-24,1237769.1278412973
2011-08-25,1237419.8431560732
2011-08-26,1237397.1519893154
2011-08-29,1236814.8067511567
2011-08-30,1236466.1243168435
2011-08-31,1235467.6469151918
2011-09-01,1235026.9717588597
2011-09-02,1236219.6607597892
2011-09-05,1236405.0543645706
2011-09-06,1235229.859263069
2011-09-07,1234464.0252604876
2011-09-08,1234983.534742483
2011-09-09,1237443.2708787825
2011-09-12,1237665.0179123585
2011-09-13,1237411.5981816088
2011-09-14,1237382.9020845003
2011-09-15,1235830.4513576324
2011-09-16,1235699.4825370838
2011-09-19,1237278.28813605
2011-09-20,1237367.8824409042
2011-09-21,1238695.9666501852
2011-09-22,1240265.037415834
2011-09-23,1238572.8900693129
2011-09-26,1237637.360088798
2011-09-27,1235105.2848104453
2011-09-28,1237263.945540236
2011-09-29,1235235.7450949345
2011-09-30,1237494.9622068305
2011-10-03,1241662.8239101763
2011-10-04,1238913.6213863257
2011-10-05,1237411.351828514
2011-10-06,1235688.382607433
2011-10-07,1235301.9936680137
2011-10-10,1228670.859212036
2011-10-11,1229372.6210163252
2011-10-12,1223563.059173174
2011-10-13,1223991.6576981796
2011-10-14,1221818.4997734844
2011-10-17,1221139.3970694533
2011-10-18,1221361.2943209421
2011-10-19,1221202.724862374
2011-10-20,1221436.2700895113
2011-10-21,1220689.4908532614
2011-10-24,1220702.883681404
2011-10-25,1220812.6913720993
2011-10-26,1220015.2988774646
2011-10-27,1221510.2501606748
2011-10-28,1221272.7929728483
2011-10-31,1219312.3301557114
2011-11-01,1217174.3157567065
2011-11-02,1216995.195411317
2011-11-03,1217554.440873084
2011-11-04,1217390.35889027
2011-11-07,1217697.1788056402
2011-11-08,1218024.755269656
2011-11-09,1216463.3782396175
2011-11-10,1216347.7139193064
2011-11-11,1217056.27317468
2011-11-14,1216907.5434495464
2011-11-15,1217214.7599870241
2011-11-16,1216367.2458360584
2011-11-17,1215686.6163048325
2011-11-18,1215354.6199949444
2011-11-21,1214687.2502129667
2011-11-22,1214788.6588727357
2011-11-23,1214607.169887255
2011-11-24,1214538.547445355
2011-11-25,1214682.8922849328
2011-11-28,1213053.7344442117
2011-11-29,1212826.453661381
2011-11-30,1211448.2281469028
2011-12-01,1211731.9997306096
2011-12-02,1211332.0776898633
2011-12-05,1211556.4076868494
2011-12-06,1211776.2909144456
2011-12-07,1210973.7288391443
2011-12-08,1212148.9181318625
2011-12-09,1211267.2048561657
2011-12-12,1211833.4213516084
2011-12-13,1212273.1728986432
2011-12-14,1213038.1220358175
2011-12-15,1212992.561105517
2011-12-16,1213017.696621191
2011-12-19,1213850.3833924932
2011-12-20,1212126.9616823425
2011-12-21,1212355.4522584048
2011-12-22,1212132.0612599966
2011-12-23,1211847.5238524745
2011-12-26,1211739.7146008774
2011-12-27,1212206.4727881062
2011-12-28,1213446.0719053978
2011-12-29,1212994.5890739227
2011-12-30,1214270.237927306
2012-01-02,1214609.8347541706
2012-01-03,1212212.272599157
2012-01-04,1213937.3063108874
2012-01-05,1215668.5482190792
2012-01-06,1217687.9962654263
2012-01-09,1217217.6841192653
2012-01-10,1216451.4981587967
2012-01-11,1217460.6015211416
2012-01-12,1216289.0402814941
2012-01-13,1217495.2425065078
2012-01-16,1218151.149136126
2012-01-17,1216615.0465630472
2012-01-18,1213549.6640363822
2012-01-19,1212030.76688542
2012-01-20,1212367.427336443
2012-01-23,1211192.3581757233
2012-01-24,1210448.2171291115
2012-01-25,1211248.8133611057
2012-01-26,1210885.3250038398
2012-01-27,1210567.745087145
2012-01-30,1209664.6709173883
2012-01-31,1209128.2605601125
2012-02-01,1212209.3395754949
2012-02-02,1212311.843299267
2012-02-03,1214676.993147841
2012-02-06,1214215.7855096536
2012-02-07,1215806.663460671
2012-02-08,1216117.6141405771
2012-02-09,1216744.6967810967
2012-02-10,1213928.04919562
2012-02-13,1216064.804388188
2012-02-14,1215561.2781928054
2012-02-15,1214263.185048561
2012-02-16,1217220.6928232675
2012-02-17,1217595.8453035948
2012-02-20,1219467.8550299995
2012-02-21,1217616.5162623615
2012-02-22,1217569.7761936109
2012-02-23,1221107.6872428174
2012-02-24,1222197.270894359
2012-02-27,1221623.174521023
2012-02-28,1223164.1172017294
2012-02-29,1218151.7671411864
2012-03-01,1223550.426336221
2012-03-02,1221019.5045018627
2012-03-05,1218195.8047878444
2012-03-06,1210033.1074815234
2012-03-07,1212949.3314579327
2012-03-08,1217407.7154503649
2012-03-09,1218683.2871670597
2012-03-12,1216476.0403770432
2012-03-13,1222235.3839884182
2012-03-14,1219971.871023693
2012-03-15,1222307.085556465
2012-03-16,1224412.519666621
2012-03-19,1226120.156804172
2012-03-20,1222080.0275012127
2012-03-21,1220956.30574744
2012-03-22,1217190.538729281
2012-03-23,1218246.4486723456
2012-03-26,1223189.3861315507
2012-03-27,1222159.2568479462
2012-03-28,1219552.5541693799
2012-03-29,1216725.6842451172
2012-03-30,1217357.577868863
2012-04-02,1218089.2513332656
2012-04-03,1217779.1399257232
2012-04-04,1211332.2803216358
2012-04-05,1212497.0120499989
2012-04-06,1209648.7130199547
2012-04-09,1208843.0040632747
2012-04-10,1207157.810431835
2012-04-11,1207309.7632059928
2012-04-12,1208006.118024594
2012-04-13,1206939.1886472057
2012-04-16,1205954.7301562694
2012-04-17,1205954.7301562694
2012-04-18,1205954.7301562694
2012-04-19,1205954.7301562694
2012-04-20,1205954.7301562694
2012-04-23,1205952.3552263298
2012-04-24,1206087.1446327318
2012-04-25,1206292.8202031655
2012-04-26,1205988.1388586955
2012-04-27,1207394.0621452674
2012-04-30,1206310.258454939
2012-05-01,1206388.7718432064
2012-05-02,1206043.8682525717
2012-05-03,1205656.3618348418
2012-05-04,1204437.8555449701
2012-05-07,1205187.7636483172
2012-05-08,1204441.9434609767
2012-05-09,1204366.5252416895
2012-05-10,1204068.7047005827
2012-05-11,1203928.4607706417
2012-05-14,1205554.1679576754
2012-05-15,1206649.2890854916
2012-05-16,1206717.6209107346
2012-05-17,1207471.3991159585
2012-05-18,1206003.5255226626
2012-05-21,1203063.152844708
2012-05-22,1207025.6921735671
2012-05-23,1210528.450077278
2012-05-24,1210919.4653545115
2012-05-25,1210562.1056544383
2012-05-28,1208266.9104025168
2012-05-29,1209996.797412865
2012-05-30,1215874.7068989642
2012-05-31,1217387.6588548992
2012-06-01,1218981.0366870442
2012-06-04,1216277.741763372
2012-06-05,1214694.8977694425
2012-06-06,1202441.9817734852
2012-06-07,1203047.2775762514
2012-06-08,1204030.4801089454
2012-06-11,1208988.2566949215
2012-06-12,1202669.679242914
2012-06-13,1203663.661957688
2012-06-14,1198875.766283754
2012-06-15,1198698.226464774
2012-06-18,1197952.6545105225
2012-06-19,1195305.9880946015
2012-06-20,1195791.636362326
2012-06-21,1197772.169217927
2012-06-22,1196197.0382176368
2012-06-25,1196878.6060565067
2012-06-26,1196292.3232850835
2012-06-27,1196144.3178098006
2012-06-28,1197641.1976038483
2012-06-29,1193054.678857742
2012-07-02,1194166.6509135247
2012-07-03,1192247.5219373468
2012-07-04,1192961.7917067842
2012-07-05,1193994.3818805858
2012-07-06,1193922.4067262907
2012-07-09,1193323.3925339866
2012-07-10,1193567.6884062963
2012-07-11,1194416.3445358006
2012-07-12,1193171.0299334337
2012-07-13,1193485.3222546615
2012-07-16,1193305.7701638867
2012-07-17,1193769.0861272966
2012-07-18,1194195.0023403019
2012-07-19,1194550.6253575278
2012-07-20,1195356.4320550645
2012-07-23,1195339.6659067825
2012-07-24,1196151.1790481186
2012-07-25,1194973.8769343006
2012-07-26,1192954.1609075044
2012-07-27,1192248.196894405
2012-07-30,1193632.4206443669
2012-07-31,1192556.098864519
2012-08-01,1193152.7107977201
2012-08-02,1193686.4907814448
2012-08-03,1191683.4552057805
2012-08-06,1192069.8694353444
2012-08-07,1192503.6528703964
2012-08-08,1193270.6313745936
2012-08-09,1194314.7607358608
2012-08-10,1195285.1577184938
2012-08-13,1194333.8088837508
2012-08-14,1193977.7820094049
2012-08-15,1194779.3245555942
2012-08-16,1194370.6080334864
2012-08-17,1194158.3309372133
2012-08-20,1194049.2357389915
2012-08-21,1192350.3989496282
2012-08-22,1191178.216038673
2012-08-23,1189520.8407738875
2012-08-24,1189708.0263968154
2012-08-27,1189465.81362359
2012-08-28,1189623.7265362816
2012-08-29,1189153.860470578
2012-08-30,1186821.2041431323
2012-08-31,1188172.871203416
2012-09-03,1188112.4534863823
2012-09-04,1186950.0909411977
2012-09-05,1186800.792569067
2012-09-06,1191830.4104213007
2012-09-07,1195601.4123943008
2012-09-10,1193094.5565684296
2012-09-11,1194672.1924720202
2012-09-12,1195247.8841922688
2012-09-13,1201726.5409696447
2012-09-14,1204206.81457313
2012-09-17,1202934.429780646
2012-09-18,1203260.2853060146
2012-09-19,1203016.217803486
2012-09-20,1202019.0815041533
2012-09-21,1201979.884449835
2012-09-24,1200585.9784631897
2012-09-25,1197838.2470147682
2012-09-26,1194693.7728179102
2012-09-27,1199029.1513192563
2012-09-28,1196168.0249924262
2012-10-01,1196641.6124807966
2012-10-02,1196788.8430174002
2012-10-03,1196818.394214206
2012-10-04,1200507.0692359577
2012-10-05,1199297.2573207282
2012-10-08,1197222.8104227257
2012-10-09,1194069.4416833813
2012-10-10,1192388.7585359756
2012-10-11,1194406.402949554
2012-10-12,1192958.4583175848
2012-10-15,1192966.6653219995
2012-10-16,1194425.3137072742
2012-10-17,1196690.672984724
2012-10-18,1193782.0776034337
2012-10-19,1189804.523067893
2012-10-22,1190007.3923864942
2012-10-23,1186839.4642355887
2012-10-24,1187251.2373038197
2012-10-25,1187249.9697918547
2012-10-26,1187374.6782432792
2012-10-29,1187866.6639912825
2012-10-30,1188037.2024403242
2012-10-31,1187403.5850352682
2012-11-01,1187580.4791528047
2012-11-02,1188085.3126697906
2012-11-05,1187758.7222942912
2012-11-06,1186881.66203703
2012-11-07,1186689.131667202
2012-11-08,1185240.1820604915
2012-11-09,1184609.3063954818
2012-11-12,1185385.1129897851
2012-11-13,1185234.5120771935
2012-11-14,1184602.5878727927
2012-11-15,1185750.9526561953
2012-11-16,1185500.4912168735
2012-11-19,1185369.8260336202
2012-11-20,1185711.8305514548
2012-11-21,1187579.2726316138
2012-11-22,1188324.841171794
2012-11-23,1189131.5446909494
2012-11-26,1188513.4314233807
2012-11-27,1188462.468691002
2012-11-28,1188961.9090057008
2012-11-29,1188380.981442405
2012-11-30,1188783.2989359472
2012-12-03,1188065.5042171795
2012-12-04,1187804.357532476
2012-12-05,1189718.6673384765
2012-12-06,1189896.7516666004
2012-12-07,1189988.00273144
2012-12-10,1189669.5741524848
2012-12-11,1191477.7671260543
2012-12-12,1194657.3836797725
2012-12-13,1195788.3810814454
2012-12-14,1196959.2313566199
2012-12-17,1197971.3512674028
2012-12-18,1200592.4204415465
2012-12-19,1199720.3901534255
2012-12-20,1200393.1662714232
2012-12-21,1195371.4434516777
2012-12-24,1195833.7884095367
2012-12-26,1199448.97718353
2012-12-27,1200928.3988277528
2012-12-28,1200190.6356890812
2012-12-31,1203600.4243735527
2013-01-02,1211675.9958344398
2013-01-03,1205251.829458873
2013-01-04,1208874.2879844543
2013-01-07,1208788.750248453
2013-01-08,1203968.7253868217
2013-01-09,1207213.153212923
2013-01-10,1218055.5865028726
2013-01-11,1219309.8894240244
2013-01-14,1222037.5182514875
2013-01-15,1218075.9044742072
2013-01-16,1215019.7235757806
2013-01-17,1222957.5342615913
2013-01-18,1222776.2589064597
2013-01-21,1220876.3607181893
2013-01-22,1219867.2233403677
2013-01-23,1217025.8033612522
2013-01-24,1222288.606160278
2013-01-25,1227149.833014634
2013-01-28,1225771.503908934
2013-01-29,1230431.423154754
2013-01-30,1231391.9060072782
2013-01-31,1233018.7136876532
2013-02-01,1240460.1841378338
2013-02-04,1231483.388929825
2013-02-05,1238829.4224138556
2013-02-06,1237010.112937234
2013-02-07,1231836.1935973563
2013-02-08,1229275.2756439827
2013-02-11,1237154.110847922
2013-02-12,1236765.2039933251
2013-02-13,1237681.7859486153
2013-02-14,1233723.775571131
2013-02-15,1233601.4520009805
2013-02-18,1235352.8273719416
2013-02-19,1239316.4805204277
2013-02-20,1235033.8620333083
2013-02-21,1227935.7183154558
2013-02-22,1234005.8759740365
2013-02-25,1221563.1490614545
2013-02-26,1221296.5728966887
2013-02-27,1225886.6777955096
2013-02-28,1227670.8116722696
2013-03-01,1230769.3639893217
2013-03-04,1231779.550298682
2013-03-05,1234966.4840054435
2013-03-06,1237726.409361375
2013-03-07,1238514.9406090393
2013-03-08,1241751.2569479663
2013-03-11,1243030.204498737
2013-03-12,1240609.8507657344
2013-03-13,1241503.045050867
2013-03-14,1241913.6066954758
2013-03-15,1239323.6707032814
2013-03-18,1237455.9609623726
2013-03-19,1237256.0627453737
2013-03-20,1240439.322350251
2013-03-21,1235688.2688462236
2013-03-22,1236658.7581044636
2013-03-25,1235656.5614031232
2013-03-26,1237768.2900527916
2013-03-27,1237112.7702171572
2013-03-28,1237423.7229737993
2013-03-29,1237617.4149702573
2013-04-01,1232587.5181258228
2013-04-02,1237249.8958274522
2013-04-03,1235027.5417506588
2013-04-04,1242044.8434704912
2013-04-05,1239067.2678386655
2013-04-08,1245543.4538502176
2013-04-09,1245074.6915897618
2013-04-10,1252328.2017355964
2013-04-11,1252544.7339231342
2013-04-12,1252713.3475281512
2013-04-15,1248216.8662543676
2013-04-16,1254456.5049714108
2013-04-17,1249672.864819663
2013-04-18,1246782.5857482357
2013-04-19,1249928.4437447267
2013-04-22,1249101.6003292177
2013-04-23,1251694.8734147856
2013-04-24,1251832.6597164602
2013-04-25,1250534.948596761
2013-04-26,1248021.5115728863
2013-04-29,1249322.222768616
2013-04-30,1250496.4539241218
2013-05-01,1248541.4353840926
2013-05-02,1250729.6326740305
2013-05-03,1255803.5410735824
2013-05-06,1256403.4461887928
2013-05-07,1256977.339827278
2013-05-08,1259746.589496299
2013-05-09,1261386.9924292588
2013-05-10,1265078.0266535515
2013-05-13,1266999.240613358
2013-05-14,1271465.5257223146
2013-05-15,1272868.0078932466
2013-05-16,1271526.7712645165
2013-05-17,1277917.324810835
2013-05-20,1276189.8093639049
2013-05-21,1278468.6405969798
2013-05-22,1280158.0698185747
2013-05-23,1270382.0338735343
2013-05-24,1268984.1406419019
2013-05-27,1269563.455733401
2013-05-28,1272283.409604645
2013-05-29,1268812.1686958687
2013-05-30,1268950.1842794868
2013-05-31,1266954.8144379854
2013-06-03,1263428.4884664929
2013-06-04,1265443.4382614526
2013-06-05,1264112.119073179
2013-06-06,1262292.9857857437
2013-06-07,1263064.19351794
2013-06-10,1264828.601204626
2013-06-11,1262568.9028669775
2013-06-12,1261228.4168850111
2013-06-13,1258803.383570245
2013-06-14,1259102.6394340978
2013-06-17,1260698.4014577125
2013-06-18,1263163.174271522
2013-06-19,1264046.0509487784
2013-06-20,1262372.5636908168
2013-06-21,1260932.2050424337
2013-06-24,1262108.9276647707
2013-06-25,1262071.757983627
2013-06-26,1262714.1695536897
2013-06-27,1264491.3134623033
2013-06-28,1265096.613553044
2013-07-01,1264155.2914308442
2013-07-02,1266242.8589787276
2013-07-03,1266807.721074568
2013-07-04,1266408.4970558453
2013-07-05,1270195.1976349738
2013-07-08,1267949.0312635591
2013-07-09,1267423.7407403204
2013-07-10,1264570.578295221
2013-07-11,1262144.965903755
2013-07-12,1265499.5283986556
2013-07-15,1265734.5870220163
2013-07-16,1262402.8845389462
2013-07-17,1263566.637361228
2013-07-18,1263595.633528518
2013-07-19,1262644.7743913878
2013-07-22,1259639.9937338564
2013-07-23,1258143.5478489262
2013-07-24,1258673.4378650268
2013-07-25,1258011.0093656396
2013-07-26,1257595.522030549
2013-07-29,1257925.0100169124
2013-07-30,1259527.675086162
2013-07-31,1262340.3485811648
2013-08-01,1265277.7605568399
2013-08-02,1265847.2462314002
2013-08-05,1265076.5388164693
2013-08-06,1263129.1891646679
2013-08-07,1261987.269783271
2013-08-08,1259997.5082189066
2013-08-09,1258240.3390551978
2013-08-12,1259397.6818929783
2013-08-13,1259989.2419684848
2013-08-14,1258715.5877547543
2013-08-15,1256356.1611048908
2013-08-16,1255081.485519747
2013-08-19,1255530.4637841487
2013-08-20,1256378.177989213
2013-08-21,1256096.705559691
2013-08-22,1256241.029638592
2013-08-23,1257199.68941689
2013-08-26,1257130.8119776903
2013-08-27,1259183.8620723083
2013-08-28,1259316.1759238045
2013-08-29,1258104.1044730062
2013-08-30,1257804.1064114568
2013-09-02,1254786.7389916969
2013-09-03,1253309.1649547396
2013-09-04,1252140.7823508303
2013-09-05,1252047.321500847
2013-09-06,1253009.7149196619
2013-09-09,1253321.347341108
2013-09-10,1253032.7114679916
2013-09-11,1253591.991827235
2013-09-12,1252353.0151537869
2013-09-13,1251751.9359170727
2013-09-16,1251154.8966171904
2013-09-17,1252340.7874513597
2013-09-18,1259228.9443783679
2013-09-19,1259568.7656681894
2013-09-20,1257006.780446157
2013-09-23,1254371.8907417667
2013-09-24,1253263.5078501124
2013-09-25,1252928.0010917871
2013-09-26,1254300.5147925043
2013-09-27,1253431.5105329584
2013-09-30,1252619.9102636068
2013-10-01,1254127.5990160909
2013-10-02,1253862.1864244994
2013-10-03,1251851.987735887
2013-10-04,1251801.4032876403
2013-10-07,1249873.756256347
2013-10-08,1247636.9719966631
2013-10-09,1245507.052636261
2013-10-10,1246769.3327747826
2013-10-11,1247330.653794691
2013-10-14,1247970.8882699446
2013-10-15,1246330.694293016
2013-10-16,1247369.157903378
2013-10-17,1250244.9870488378
2013-10-18,1251365.3947597626
2013-10-21,1251774.8052342795
2013-10-22,1254580.8557777768
2013-10-23,1250930.2343028258
2013-10-24,1252892.8165017776
2013-10-25,1252620.5578634934
2013-10-28,1252682.8719116221
2013-10-29,1253277.728249588
2013-10-30,1252731.2854056899
2013-10-31,1249168.017149251
2013-11-01,1246854.9824282457
2013-11-04,1249230.16290675
2013-11-05,1248442.6536339838
2013-11-06,1249746.0642113024
2013-11-07,1243676.1480525844
2013-11-08,1247995.0725017628
2013-11-11,1248145.0684309858
2013-11-12,1248769.5829864405
2013-11-13,1250807.1902296464
2013-11-14,1252468.588667614
2013-11-15,1255855.668917033
2013-11-18,1254341.5163800167
2013-11-19,1255080.0705412761
2013-11-20,1253132.4280442498
2013-11-21,1259687.7466216306
2013-11-22,1260675.440439682
2013-11-25,1260373.2445567786
2013-11-26,1259827.6335001849
2013-11-27,1263951.234538916
2013-11-28,1265244.5031547297
2013-11-29,1265253.9549576622
2013-12-02,1265879.4360066305
2013-12-03,1262052.4935074227
2013-12-04,1261044.410399594
2013-12-05,1257888.3417064317
2013-12-06,1264498.7856997945
2013-12-09,1266741.2347269708
2013-12-10,1263340.2062619543
2013-12-11,1258619.2143132528
2013-12-12,1262408.753895457
2013-12-13,1259735.3039211081
2013-12-16,1260076.8358067975
2013-12-17,1259117.2912402707
2013-12-18,1269884.5913734955
2013-12-19,1269168.3564532935
2013-12-20,1269445.4235282377
2013-12-23,1271223.4709661969
2013-12-24,1271024.9165179676
2013-12-26,1275335.579234621
2013-12-27,1277911.5665162683
2013-12-30,1277317.0355197971
2013-12-31,1277501.5612283263
2014-01-02,1271628.35504172
2014-01-03,1268549.8212945918
2014-01-06,1266046.9289257484
2014-01-07,1270888.2638244077
2014-01-08,1273434.0321492313
2014-01-09,1273365.7491293654
2014-01-10,1271991.7193955325
2014-01-13,1264109.7317424996
2014-01-14,1270263.0849204836
2014-01-15,1272044.1171266567
2014-01-16,1271880.4888339634
2014-01-17,1272862.8643327462
2014-01-20,1272264.5673486535
2014-01-21,1274573.7593023973
2014-01-22,1277579.0518916524
2014-01-23,1273263.3145417303
2014-01-24,1266318.6364184064
2014-01-27,1265532.1889992002
2014-01-28,1265521.919640974
2014-01-29,1266193.2193217042
2014-01-30,1264657.0880948366
2014-01-31,1264333.7236066035
2014-02-03,1263188.698444719
2014-02-04,1258424.7080056067
2014-02-05,1258773.0231730496
2014-02-06,1257026.7781423528
2014-02-07,1256804.1239610738
2014-02-10,1257370.628772357
2014-02-11,1254767.8222121426
2014-02-12,1255898.9189945057
2014-02-13,1256696.2333976438
2014-02-14,1257337.1114876862
2014-02-17,1256894.1430987231
2014-02-18,1256347.1511272315
2014-02-19,1258100.5505556932
2014-02-20,1258527.9059977885
2014-02-21,1258354.5037018342
2014-02-24,1257807.1031129924
2014-02-25,1258792.1730210728
2014-02-26,1259429.33846071
2014-02-27,1260318.2320004143
2014-02-28,1260246.3267245025
2014-03-03,1259098.386443916
2014-03-04,1260301.5695706916
2014-03-05,1258224.8513487848
2014-03-06,1257631.5822890466
2014-03-07,1259020.4113405657
2014-03-10,1257744.386527788
2014-03-11,1255387.2536262153
2014-03-12,1256072.6311937114
2014-03-13,1252762.4700450383
2014-03-14,1252234.3378651931
2014-03-17,1253373.9801282429
2014-03-18,1256019.7718261026
2014-03-19,1255870.9285152142
2014-03-20,1256890.2026998578
2014-03-21,1254693.5451463072
2014-03-24,1253185.5266672703
2014-03-25,1253754.0702518595
2014-03-26,1251079.0200491108
2014-03-27,1249544.2864294397
2014-03-28,1250581.7020127752
2014-03-31,1251809.5615746907
2014-04-01,1252088.8468010523
2014-04-02,1252710.9672083398
2014-04-03,1252480.0924471254
2014-04-04,1250092.256037967
2014-04-07,1248551.2649093904
2014-04-08,1249394.0200052317
2014-04-09,1251227.5716907803
2014-04-10,1248949.4010606522
2014-04-11,1247395.4710122466
2014-04-14,1247824.4134283254
2014-04-15,1247212.204460453
2014-04-16,1248215.636122806
2014-04-17,1247919.3827045094
2014-04-18,1247982.6326842643
2014-04-21,1248109.4913685108
2014-04-22,1248733.5564537812
2014-04-23,1247531.5662378084
2014-04-24,1247168.1917693533
2014-04-25,1247257.5079887467
2014-04-28,1247429.5646147549
2014-04-29,1247799.837361015
2014-04-30,1247929.9047334695
2014-05-01,1247892.8963633298
2014-05-02,1247833.536690944
2014-05-05,1247749.0811575342
2014-05-06,1248781.8750561434
2014-05-07,1248637.1134784748
2014-05-08,1248688.9003407874
2014-05-09,1248237.7964363603
2014-05-12,1248635.0159227855
2014-05-13,1248421.9680047573
2014-05-14,1247764.3664297813
2014-05-15,1247242.7005178432
2014-05-16,1247573.7933416679
2014-05-19,1246984.7336647375
2014-05-20,1245290.7602657562
2014-05-21,1245842.5370248563
2014-05-22,1245576.1171539463
2014-05-23,1245246.5518130849
2014-05-26,1245200.2004219468
2014-05-27,1245691.0372319405
2014-05-28,1244453.2482735403
2014-05-29,1245894.2546733127
2014-05-30,1245466.4702528792
2014-06-02,1245654.4481223372
2014-06-03,1245679.1840057517
2014-06-04,1245613.7774539602
2014-06-05,1246487.0234255872
2014-06-06,1248513.3770623277
2014-06-09,1249449.7008275941
2014-06-10,1249196.6090372575
2014-06-11,1248418.1274758652
2014-06-12,1247486.4692842371
2014-06-13,1246803.4216048538
2014-06-16,1247057.55474384
2014-06-17,1247575.917078241
2014-06-18,1248700.3199113046
2014-06-19,1247496.0778757771
2014-06-20,1248621.718836617
2014-06-23,1247158.5621737905
2014-06-24,1245115.0266654422
2014-06-25,1246610.1523771533
2014-06-26,1246297.1927709768
2014-06-27,1246108.7843709732
2014-06-30,1247066.1618382812
2014-07-01,1251207.3062791296
2014-07-02,1249714.2600214446
2014-07-03,1248351.9185715625
2014-07-04,1248665.0836869457
2014-07-07,1245854.545853519
2014-07-08,1243128.093270483
2014-07-09,1244263.558800724
2014-07-10,1240188.9367598183
2014-07-11,1241269.3624034747
2014-07-14,1243634.7496236323
2014-07-15,1243688.8610701635
2014-07-16,1243590.6293135816
2014-07-17,1237900.9621006625
2014-07-18,1243289.9801531087
2014-07-21,1241673.6444442277
2014-07-22,1244120.284022286
2014-07-23,1247103.0304216058
2014-07-24,1245315.8712578758
2014-07-25,1244511.3396579127
2014-07-28,1245516.9163199672
2014-07-29,1245085.2927453793
2014-07-30,1245317.5253361517
2014-07-31,1238041.6118116064
2014-08-01,1236138.0521594107
2014-08-04,1237530.4263773793
2014-08-05,1235974.2082023066
2014-08-06,1233372.3701038884
2014-08-07,1232195.785303759
2014-08-08,1230824.8620560314
2014-08-11,1230499.0665671474
2014-08-12,1230849.4242134076
2014-08-13,1230739.4400955604
2014-08-14,1230512.2362750755
2014-08-15,1229611.1317125645
2014-08-18,1230200.2525172012
2014-08-19,1233190.58915598
2014-08-20,1234683.5109170044
2014-08-21,1233607.1082104784
2014-08-22,1235058.098010186
2014-08-25,1237466.7589557038
2014-08-26,1237872.5127271865
2014-08-27,1235770.807780442
2014-08-28,1235759.7820525973
2014-08-29,1236891.7925744029
2014-09-01,1237374.8235582202
2014-09-02,1240169.5742806324
2014-09-03,1238175.213847559
2014-09-04,1243432.1868407289
2014-09-05,1244821.42419129
2014-09-08,1246512.0771412891
2014-09-09,1243457.1981963804
2014-09-10,1246246.216740964
2014-09-11,1246485.2290450744
2014-09-12,1245102.7037304526
2014-09-15,1242463.437947043
2014-09-16,1241957.6693305264
2014-09-17,1246803.4241419332
2014-09-18,1248553.2794133427
2014-09-19,1252077.6396725965
2014-09-22,1249862.6363677005
2014-09-23,1246347.392601018
2014-09-24,1250565.881191127
2014-09-25,1247055.4578664834
2014-09-26,1252964.4445253466
2014-09-29,1252183.2563381728
2014-09-30,1254178.348844556
2014-10-01,1247499.3448164351
2014-10-02,1242077.4750724544
2014-10-03,1251463.562925802
2014-10-06,1242721.473994975
2014-10-07,1243145.410970615
2014-10-08,1239374.8880886587
2014-10-09,1244515.0060720555
2014-10-10,1247010.382250792
2014-10-13,1242757.0431592024
2014-10-14,1249479.6448213337
2014-10-15,1244555.0974337931
2014-10-16,1244481.213113572
2014-10-17,1243474.2054987387
2014-10-20,1242715.1910908371
2014-10-21,1240194.6371423553
2014-10-22,1242595.8781904338
2014-10-23,1240809.644110113
2014-10-24,1239870.497941791
2014-10-27,1240410.8295855273
2014-10-28,1237006.8650477948
2014-10-29,1238468.6221250417
2014-10-30,1238012.3013859447
2014-10-31,1239519.9090405167
2014-11-03,1246341.7586562044
2014-11-04,1244583.9017851576
2014-11-05,1248818.4903317667
2014-11-06,1252310.9069206438
2014-11-07,1244699.5030526568
2014-11-10,1250155.0137568037
2014-11-11,1251229.7890450219
2014-11-12,1251173.9116700306
2014-11-13,1255568.313676083
2014-11-14,1253182.8313874635
2014-11-17,1253765.9575011274
2014-11-18,1255265.6387590345
2014-11-19,1258147.112826189
2014-11-20,1256642.3613001343
2014-11-21,1255137.2290393885
2014-11-24,1258458.94881215
2014-11-25,1258764.4015144429
2014-11-26,1258021.9085788843
2014-11-27,1262413.0777469892
2014-11-28,1268669.16683015
2014-12-01,1262999.979863795
2014-12-02,1269835.6877845656
2014-12-03,1270971.6995869705
2014-12-04,1271546.4104605508
2014-12-05,1278336.6114104942
2014-12-08,1276313.4013789468
2014-12-09,1272940.831341874
2014-12-10,1266803.6626918383
2014-12-11,1270555.9718377695
2014-12-12,1271432.581358947
2014-12-15,1272108.9829261915
2014-12-16,1268494.317354373
2014-12-17,1273877.778713494
2014-12-18,1272198.9820857898
2014-12-19,1272553.3128569056
2014-12-22,1275434.4728584345
2014-12-23,1276167.8149573226
2014-12-24,1276189.645838925
2014-12-26,1276448.2570383353
2014-12-29,1277923.767624286
2014-12-30,1274218.0762025984
2014-12-31,1275130.0188030393
2015-01-02,1280700.5850673832
2015-01-05,1282081.4512771883
2015-01-06,1285027.8617656915
2015-01-07,1285124.7230238505
2015-01-08,1285253.3579457116
2015-01-09,1283914.3059562664
2015-01-12,1288026.7895038996
2015-01-13,1288042.6185316702
2015-01-14,1286178.5013773912
2015-01-15,1288665.519719105
2015-01-16,1288673.3917204062
2015-01-19,1288403.3168353746
2015-01-20,1293248.6916761834
2015-01-21,1297552.1589350097
2015-01-22,1303536.847409248
2015-01-23,1308645.1063336413
2015-01-26,1308453.9732637347
2015-01-27,1303889.075094406
2015-01-28,1309346.78750187
2015-01-29,1313015.1217734844
2015-01-30,1313292.059261631
2015-02-02,1308046.6831948909
2015-02-03,1300374.3876651262
2015-02-04,1304397.177605034
2015-02-05,1298306.0618556093
2015-02-06,1301968.649372657
2015-02-09,1300875.48690441
2015-02-10,1303412.5153768726
2015-02-11,1304917.7748935043
2015-02-12,1301122.4387648941
2015-02-13,1299574.7591114084
2015-02-16,1300016.2601951056
2015-02-17,1297852.0137999335
2015-02-18,1299230.4119336256
2015-02-19,1301425.0282101473
2015-02-20,1302407.9073165136
2015-02-23,1304113.0091906162
2015-02-24,1303445.8375335494
2015-02-25,1300921.840201729
2015-02-26,1305830.1046894314
2015-02-27,1304816.8039556409
2015-03-02,1307143.606179062
2015-03-03,1303755.9888145314
2015-03-04,1302775.7736319213
2015-03-05,1306356.7255919068
2015-03-06,1309473.7098407678
2015-03-09,1309490.7157518922
2015-03-10,1309315.4383993126
2015-03-11,1314448.32533607
2015-03-12,1313647.6823842893
2015-03-13,1318918.4042272305
2015-03-16,1319294.340210677
2015-03-17,1321016.9204239862
2015-03-18,1308850.9465848857
2015-03-19,1314933.5084408976
2015-03-20,1309095.0530692863
2015-03-23,1304898.805406753
2015-03-24,1304598.8214972627
2015-03-25,1300273.5169283627
2015-03-26,1297511.82040427
2015-03-27,1302113.0786540904
2015-03-30,1307762.926495815
2015-03-31,1306467.8743906452
2015-04-01,1303389.2505457713
2015-04-02,1302627.8669346313
2015-04-03,1299030.8499016853
2015-04-06,1299131.0049496817
2015-04-07,1301416.5433630762
2015-04-08,1301608.540510575
2015-04-09,1305750.7790206855
2015-04-10,1307948.9171114634
2015-04-13,1308767.4455801896
2015-04-14,1306217.5133005402
2015-04-15,1302554.30945461
2015-04-16,1298987.8106730005
2015-04-17,1295650.1630477183
2015-04-20,1298514.9601443496
2015-04-21,1299490.6414715657
2015-04-22,1299460.8893212955
2015-04-23,1298860.116579519
2015-04-24,1298081.554751448
2015-04-27,1296994.0500730148
2015-04-28,1296152.5173049136
2015-04-29,1292825.3526185397
2015-04-30,1289160.5454696282
2015-05-01,1292325.7014767202
2015-05-04,1292577.2752130786
2015-05-05,1289453.105944248
2015-05-06,1287982.1214405098
2015-05-07,1288227.764804064
2015-05-08,1291545.259806695
2015-05-11,1290414.4340884644
2015-05-12,1290683.1986324082
2015-05-13,1291815.6387399444
2015-05-14,1294414.907844779
2015-05-15,1294259.071554598
2015-05-18,1294448.923145391
2015-05-19,1293302.9364626973
2015-05-20,1293195.4027334813
2015-05-21,1294276.6659966481
2015-05-22,1294308.4126497053
2015-05-25,1294394.501575039
2015-05-26,1292197.884494453
2015-05-27,1295597.423079768
2015-05-28,1295445.0373649958
2015-05-29,1293224.0933252377
2015-06-01,1293927.3120703262
2015-06-02,1292091.4966973485
2015-06-03,1293764.4550542186
2015-06-04,1290917.1093293044
2015-06-05,1290894.1229958837
2015-06-08,1287802.0005770961
2015-06-09,1286697.03055483
2015-06-10,1288746.7056502223
2015-06-11,1290487.430462881
2015-06-12,1288604.09264868
2015-06-15,1287957.3001534909
2015-06-16,1288681.1474885894
2015-06-17,1288127.7631743145
2015-06-18,1290470.6162474768
2015-06-19,1289094.7537385796
2015-06-22,1292461.4334017127
2015-06-23,1294385.2740229669
2015-06-24,1292616.325081655
2015-06-25,1292049.9107062698
2015-06-26,1291992.9871123005
2015-06-29,1284808.7121351815
2015-06-30,1285774.6191962552
2015-07-01,1288690.867154843
2015-07-02,1287882.4522789922
2015-07-03,1287580.9589601574
2015-07-06,1286634.1665306913
2015-07-07,1286674.3373787724
2015-07-08,1284519.8537167362
2015-07-09,1282483.442785455
2015-07-10,1280717.752620604
2015-07-13,1282946.0159255192
2015-07-14,1281114.1913046557
2015-07-15,1285911.25176606
2015-07-16,1286202.8818777667
2015-07-17,1288588.7510192166
2015-07-20,1292555.9407170196
2015-07-21,1289443.3022585302
2015-07-22,1292643.4349483224
2015-07-23,1294145.8941949382
2015-07-24,1294297.0311135473
2015-07-27,1295219.7450486366
2015-07-28,1292185.1951221768
2015-07-29,1292790.8378902483
2015-07-30,1294415.523361711
2015-07-31,1295369.670898257
2015-08-03,1297985.9249970305
2015-08-04,1294618.1114395885
2015-08-05,1296366.1727975062
2015-08-06,1294518.8429923097
2015-08-07,1293279.2436403728
2015-08-10,1291637.297794316
2015-08-11,1294283.8971176508
2015-08-12,1289013.7219681775
2015-08-13,1291640.1250064785
2015-08-14,1291662.503105511
2015-08-17,1291605.6613800908
2015-08-18,1291888.3770301226
2015-08-19,1292562.758237738
2015-08-20,1292738.4856153582
2015-08-21,1297007.103663839
2015-08-24,1307980.8495964464
2015-08-25,1306332.9139811597
2015-08-26,1304390.28875997
2015-08-27,1298437.326545046
2015-08-28,1296568.8438533095
2015-08-31,1297621.4550236769
2015-09-01,1304243.9035095633
2015-09-02,1302144.0958409226
2015-09-03,1302028.4807692766
2015-09-04,1307333.3846431696
2015-09-07,1306020.5419635328
2015-09-08,1300859.4450735813
2015-09-09,1302305.559765501
2015-09-10,1298895.5204081652
2015-09-11,1298999.9032665985
2015-09-14,1298699.537724486
2015-09-15,1298297.1404541682
2015-09-16,1294390.8211685088
2015-09-17,1295103.8552340828
2015-09-18,1295757.1591920597
2015-09-21,1296897.2111401393
2015-09-22,1299663.2677856619
2015-09-23,1301516.9977517347
2015-09-24,1302139.299696855
2015-09-25,1300330.8172661054
2015-09-28,1303541.5327127841
2015-09-29,1303706.8804212867
2015-09-30,1300790.6540378865
2015-10-01,1299412.9859318885
2015-10-02,1296450.0743012235
2015-10-05,1293980.3790990615
2015-10-06,1291252.8413128203
2015-10-07,1289275.1128504388
2015-10-08,1287753.9191189224
2015-10-09,1287572.1731762043
2015-10-12,1287360.8260127427
2015-10-13,1287979.5951129664
2015-10-14,1286432.7879373108
2015-10-15,1286508.43866575
2015-10-16,1286686.2261396567
2015-10-19,1286517.9705240515
2015-10-20,1286656.2886917507
2015-10-21,1286850.5376752717
2015-10-22,1287010.430088591
2015-10-23,1287506.334271477
2015-10-26,1287321.5079046618
2015-10-27,1287908.6066687086
2015-10-28,1288504.2936942822
2015-10-29,1287476.693327738
2015-10-30,1286178.27985808
2015-11-02,1286697.4292213577
2015-11-03,1287549.71048883
2015-11-04,1288910.5129015215
2015-11-05,1289773.825170852
2015-11-06,1292541.9462914185
2015-11-09,1291027.6341523044
2015-11-10,1291405.184761751
2015-11-11,1290621.650297995
2015-11-12,1289077.3844056868
2015-11-13,1288375.4707546197
2015-11-16,1289962.7018765043
2015-11-17,1291891.1614554808
2015-11-18,1293005.4302244443
2015-11-19,1290808.5225727854
2015-11-20,1293698.6554758435
2015-11-23,1293953.4372461322
2015-11-24,1293286.3061299927
2015-11-25,1293266.5068449448
2015-11-26,1294592.5213012241
2015-11-27,1295896.0732601013
2015-11-30,1295287.4076084697
2015-12-01,1295138.0553222983
2015-12-02,1297439.0901898213
2015-12-03,1289019.4254800621
2015-12-04,1290213.5213643878
2015-12-07,1292984.1559476235
2015-12-08,1292372.7616157897
2015-12-09,1289154.1753032578
2015-12-10,1290980.8396630723
2015-12-11,1290150.4815412497
2015-12-14,1291323.4190845373
2015-12-15,1292112.5597352874
2015-12-16,1293406.7937075596
2015-12-17,1296652.1514609675
2015-12-18,1295263.4218981175
2015-12-21,1295333.4380517919
2015-12-22,1295407.6442430718
2015-12-23,1293796.3926962367
2015-12-24,1292881.9219635127
2015-12-28,1295085.2666049532
2015-12-29,1295224.8396389477
2015-12-30,1295920.6650060965
2015-12-31,1295030.3029319698
2016-01-01,1294941.9311383714
2016-01-04,1293965.4373200182
2016-01-05,1296267.474519327
2016-01-06,1299504.9458941405
2016-01-07,1300529.33809451
2016-01-08,1304320.0780071677
2016-01-11,1303543.6075058305
2016-01-12,1304861.8978761588
2016-01-13,1308449.2250373897
2016-01-14,1304832.579260598
2016-01-15,1316735.244406902
2016-01-18,1317030.9496797724
2016-01-19,1315218.2408291933
2016-01-20,1319986.6969700912
2016-01-21,1311584.8136692566
2016-01-22,1302155.76228247
2016-01-25,1310210.0810056566
2016-01-26,1303756.7943525803
2016-01-27,1302230.0894106282
2016-01-28,1297407.981662184
2016-01-29,1289903.323051512
2016-02-01,1290693.9077168857
2016-02-02,1295975.410844894
2016-02-03,1292032.9896445153
2016-02-04,1292814.4262091776
2016-02-05,1294532.5672830057
2016-02-08,1297139.8649724873
2016-02-09,1299194.791061372
2016-02-10,1301719.009579218
2016-02-11,1304440.9289529116
2016-02-12,1299854.2733642666
2016-02-15,1295536.451296958
2016-02-16,1294954.9048848222
2016-02-17,1289857.9219777784
2016-02-18,1292262.2915540917
2016-02-19,1293240.7034722245
2016-02-22,1289899.654351383
2016-02-23,1294753.421803668
2016-02-24,1293220.5480639942
2016-02-25,1289402.2512060176
2016-02-26,1289451.8140608775
2016-02-29,1292065.3923684421
2016-03-01,1286926.2568454694
2016-03-02,1285859.6703633347
2016-03-03,1284205.726078982
2016-03-04,1282132.2814721987
2016-03-07,1283069.4127096029
2016-03-08,1284101.3258928584
2016-03-09,1282966.009238041
2016-03-10,1282192.1516534034
2016-03-11,1279520.4017631714
2016-03-14,1279593.9401705647
2016-03-15,1280749.4500527645
2016-03-16,1281391.7065605177
2016-03-17,1280615.8101729886
2016-03-18,1280855.5017710018
2016-03-21,1280353.3545066232
2016-03-22,1280490.6532450242
2016-03-23,1279184.3440251483
2016-03-24,1278648.3065566209
2016-03-25,1278487.533634339
2016-03-28,1278001.5315738937
2016-03-29,1279253.0370474637
2016-03-30,1278436.5118440255
2016-03-31,1278751.3764215317
2016-04-01,1278586.2340523151
2016-04-04,1278032.624017797
2016-04-05,1278567.201195429
2016-04-06,1278526.1697869326
2016-04-07,1278902.2307314016
2016-04-08,1278890.0822771983
2016-04-11,1279570.4732576278
2016-04-12,1279842.5478523388
2016-04-13,1279646.8106847713
2016-04-14,1278925.374516734
2016-04-15,1278956.1890929607
2016-04-18,1279399.070607943
2016-04-19,1281044.1539768956
2016-04-20,1280979.8188004598
2016-04-21,1278739.6051485648
2016-04-22,1277749.906794536
2016-04-25,1278000.7104893585
2016-04-26,1278342.3533186908
2016-04-27,1277217.483693825
2016-04-28,1277595.6040925768
2016-04-29,1277218.9002143368
2016-05-02,1279117.568579011
2016-05-03,1273347.9527086378
2016-05-04,1270241.1693091446
2016-05-05,1268891.0558882793
2016-05-06,1269366.9857306322
2016-05-09,1267138.7496412299
2016-05-10,1267229.7689747799
2016-05-11,1268506.4922302922
2016-05-12,1267156.4184817395
2016-05-13,1265731.736900499
2016-05-16,1266503.412129871
2016-05-17,1265677.0246033939
2016-05-18,1262512.708100888
2016-05-19,1262206.2913044973
2016-05-20,1262423.521018564
2016-05-23,1262624.572694864
2016-05-24,1262550.522123669
2016-05-25,1262046.3305286893
2016-05-26,1261692.5551796893
2016-05-27,1262361.3993807372
2016-05-30,1262206.486474348
2016-05-31,1261430.9031980576
2016-06-01,1261988.1765010937
2016-06-02,1262886.5601565065
2016-06-03,1262206.312510045
2016-06-06,1261707.6319987872
2016-06-07,1261924.0053789055
2016-06-08,1263060.194974822
2016-06-09,1263205.3905199522
2016-06-10,1262546.4562126144
2016-06-13,1262432.5212969224
2016-06-14,1263914.6806350024
2016-06-15,1262534.3601531133
2016-06-16,1264587.4546654248
2016-06-17,1264795.5024199553
2016-06-20,1264893.5828870581
2016-06-21,1263361.4826268198
2016-06-22,1261088.971740236
2016-06-23,1258410.760614348
2016-06-24,1261543.4703267564
2016-06-27,1262327.911488646
2016-06-28,1259481.9799187623
2016-06-29,1257709.5166528646
2016-06-30,1258302.2301276647
2016-07-01,1259188.3405821805
2016-07-04,1258696.8113642407
2016-07-05,1261823.9643172256
2016-07-06,1262477.9120416457
2016-07-07,1263439.7360030336
2016-07-08,1263557.3147452592
2016-07-11,1258464.4145143956
2016-07-12,1254114.135480054
2016-07-13,1255353.2124499811
2016-07-14,1253323.7319565252
2016-07-15,1252303.87733771
2016-07-18,1252372.5237576158
2016-07-19,1252914.5804120917
2016-07-20,1252664.5974432756
2016-07-21,1252366.0667062008
2016-07-22,1253124.450885342
2016-07-25,1252393.800542771
2016-07-26,1252994.6444522461
2016-07-27,1254328.7798217312
2016-07-28,1254557.1672787461
2016-07-29,1254658.8131702715
2016-08-01,1254655.993266174
2016-08-02,1253576.4649116541
2016-08-03,1253671.806454044
2016-08-04,1255439.111776891
2016-08-05,1255637.6789930672
2016-08-08,1255723.1675517138
2016-08-09,1256440.1774342947
2016-08-10,1256376.1354798656
2016-08-11,1256957.0288517117
2016-08-12,1256312.8560884122
2016-08-15,1257499.5223427971
2016-08-16,1256723.137691312
2016-08-17,1256460.3197928164
2016-08-18,1256584.2168505231
2016-08-19,1255300.6130034223
2016-08-22,1255012.0827442599
2016-08-23,1254869.9290078736
2016-08-24,1252927.7442125387
2016-08-25,1252909.727848497
2016-08-26,1251924.432511409
2016-08-29,1252910.9027455216
2016-08-30,1251210.3985760037
2016-08-31,1250448.1073346308
2016-09-01,1250622.5965241313
2016-09-02,1252741.3908653997
2016-09-05,1252744.076052476
2016-09-06,1255504.8045249956
2016-09-07,1255007.6317789652
2016-09-08,1253545.7788643488
2016-09-09,1247085.2642185076
2016-09-12,1247190.3360288485
2016-09-13,1245098.5343629762
2016-09-14,1245391.7555403863
2016-09-15,1245621.0073728785
2016-09-16,1245037.6340757774
2016-09-19,1245823.3636061507
2016-09-20,1246118.4657810242
2016-09-21,1248176.9146528232
2016-09-22,1249225.4806688677
2016-09-23,1248340.7348905618
2016-09-26,1247682.7828962526
2016-09-27,1248477.3416838862
2016-09-28,1248708.434342676
2016-09-29,1247324.0530067752
2016-09-30,1247866.8804496464
2016-10-03,1247913.8292451694
2016-10-04,1247517.64712781
2016-10-05,1248076.6582673285
2016-10-06,1248983.7374977611
2016-10-07,1249436.0664106878
2016-10-10,1251386.3927605688
2016-10-11,1251225.502245672
2016-10-12,1250095.8475230169
2016-10-13,1248735.3853584856
2016-10-14,1249348.4636354703
2016-10-17,1248322.4402658297
2016-10-18,1249617.7290055347
2016-10-19,1251196.661629729
2016-10-20,1251778.5876170085
2016-10-21,1253716.4146883304
2016-10-24,1254522.3566936632
2016-10-25,1253945.7195049715
2016-10-26,1252394.5893976756
2016-10-27,1252364.6311815674
2016-10-28,1249647.9044435197
2016-10-31,1248262.0389659128
2016-11-01,1245751.7295506014
2016-11-02,1243059.452814816
2016-11-03,1241773.765729512
2016-11-04,1240807.3366906364
2016-11-07,1243256.5443791961
2016-11-08,1243250.4247248017
2016-11-09,1240618.3520331257
2016-11-10,1240333.88385261
2016-11-11,1239669.6791306264
2016-11-14,1239636.2943922281
2016-11-15,1239453.2740383365
2016-11-16,1238381.14189036
2016-11-17,1241267.8339594507
2016-11-18,1240928.3720832227
2016-11-21,1239558.53565237
2016-11-22,1240808.5766147813
2016-11-23,1243051.2845909102
2016-11-24,1243321.236605099
2016-11-25,1243124.2007250777
2016-11-28,1240731.6101629161
2016-11-29,1240910.4293460252
2016-11-30,1242578.5072496412
2016-12-01,1239501.4675316785
2016-12-02,1238651.0018638794
2016-12-05,1237912.8673337016
2016-12-06,1238995.812782859
2016-12-07,1239815.7206443753
2016-12-08,1242463.102184729
2016-12-09,1245651.27909312
2016-12-12,1244381.4690302499
2016-12-13,1246031.2113896129
2016-12-14,1245935.577557696
2016-12-15,1249546.2247100947
2016-12-16,1247487.4351160575
2016-12-19,1248162.6016926018
2016-12-20,1250542.4796822693
2016-12-21,1248290.8712614872
2016-12-22,1248166.743493558
2016-12-23,1248288.7395681313
2016-12-27,1248715.5455302359
2016-12-28,1247486.178637479
2016-12-29,1243738.4833169659
2016-12-30,1242925.6228841904
2017-01-03,1245994.3073569257
2017-01-04,1246693.4909437671
2017-01-05,1242492.0349514375
2017-01-06,1246666.477268774
2017-01-09,1243331.567661892
2017-01-10,1242614.8162920899
2017-01-11,1243538.7955939225
2017-01-12,1242731.5241584112
2017-01-13,1243124.043935053
2017-01-16,1242152.7725379723
2017-01-17,1238572.225081227
2017-01-18,1240467.4634150926
2017-01-19,1240547.2453763103
2017-01-20,1241412.612170485
2017-01-23,1238422.7374053742
2017-01-24,1241186.4981806616
2017-01-25,1242496.6460656917
2017-01-26,1244550.1793644323
2017-01-27,1244654.1969657943
2017-01-30,1240822.7603718052
2017-01-31,1239659.2478311819
2017-02-01,1241004.7557102921
2017-02-02,1241051.643583746
2017-02-03,1242762.8644239716
2017-02-06,1240127.5706821945
2017-02-07,1239483.1986631209
2017-02-08,1240288.4091088495
2017-02-09,1243397.9103989068
2017-02-10,1245618.143314827
2017-02-13,1246986.8337418654
2017-02-14,1248061.0289480763
2017-02-15,1249846.8141283581
2017-02-16,1247668.061374517
2017-02-17,1246565.373719396
2017-02-20,1248360.2200650338
2017-02-21,1249600.9139870685
2017-02-22,1249913.3645887452
2017-02-23,1249142.1740404544
2017-02-24,1247052.306930896
2017-02-27,1247721.2384954365
2017-02-28,1247229.4174966156
2017-03-01,1252576.8562516747
2017-03-02,1248567.7613334812
2017-03-03,1249007.308842179
2017-03-06,1247275.183733551
2017-03-07,1246621.2781326459
2017-03-08,1243446.7996302636
2017-03-09,1243724.3264256348
2017-03-10,1245824.6209665535
2017-03-13,1247536.4516921144
2017-03-14,1245928.5583214278
2017-03-15,1250243.2071800183
2017-03-16,1249566.8418730954
2017-03-17,1249378.0234543234
2017-03-20,1249565.2301193886
2017-03-21,1243740.50459642
2017-03-22,1242736.8623038451
2017-03-23,1241762.3717938268
2017-03-24,1242878.5114043218
2017-03-27,1241610.733298828
2017-03-28,1243683.413680673
2017-03-29,1244622.668142047
2017-03-30,1244436.881878202
2017-03-31,1242661.427080318
2017-04-03,1242094.8084433451
2017-04-04,1241828.4551996423
2017-04-05,1240386.9463642368
2017-04-06,1239633.0622248102
2017-04-07,1239321.2956507416
2017-04-10,1239354.0354488248
2017-04-11,1239325.1536275432
2017-04-12,1239255.6043431666
2017-04-13,1239274.638772035
2017-04-14,1239952.8117567752
2017-04-17,1239470.8548595137
2017-04-18,1238570.4818661937
2017-04-19,1237629.0228881682
2017-04-20,1237910.4072027975
2017-04-21,1237969.9575812237
2017-04-24,1234933.1489878974
2017-04-25,1234706.0520269088
2017-04-26,1235473.4310320897
2017-04-27,1236089.7746104777
2017-04-28,1236531.0975900707
2017-05-01,1236816.653936059
2017-05-02,1237048.8684688122
2017-05-03,1235856.296196561
2017-05-04,1236380.1722627531
2017-05-05,1235335.237255514
2017-05-08,1236718.8704655548
2017-05-09,1237478.6621371377
2017-05-10,1236841.2339471392
2017-05-11,1236728.9392620318
2017-05-12,1236748.3912834052
2017-05-15,1236751.747474208
2017-05-16,1237130.731488946
2017-05-17,1229856.6856752469
2017-05-18,1231438.1576751198
2017-05-19,1231540.6169147168
2017-05-22,1232545.1476392238
2017-05-23,1232257.9037228902
2017-05-24,1231246.1895861607
2017-05-25,1233008.9281652926
2017-05-26,1231717.1897363802
2017-05-29,1230629.2201219026
2017-05-30,1230156.6215209411
2017-05-31,1232472.62297946
2017-06-01,1235489.990802235
2017-06-02,1239143.450487637
2017-06-05,1237903.5017389816
2017-06-06,1235132.7383563514
2017-06-07,1235594.485821236
2017-06-08,1234606.7537752823
2017-06-09,1230444.6995650663
2017-06-12,1229716.068394307
2017-06-13,1231061.8113359357
2017-06-14,1229851.4205292827
2017-06-15,1228790.1220994163
2017-06-16,1231078.9815001963
2017-06-19,1232947.0813573704
2017-06-20,1231146.3767405127
2017-06-21,1231821.2126792753
2017-06-22,1230850.875297058
2017-06-23,1231470.026092428
2017-06-26,1232587.637463967
2017-06-27,1235087.3510342217
2017-06-28,1237914.963457733
2017-06-29,1237664.7905902467
2017-06-30,1237198.8712008498
2017-07-03,1236338.7209055577
2017-07-04,1233438.854822985
2017-07-05,1234682.0262448175
2017-07-06,1233784.6173687167
2017-07-07,1237931.3980573637
2017-07-10,1238105.4369415564
2017-07-11,1239947.4420450162
2017-07-12,1241792.34556609
2017-07-13,1243417.174568555
2017-07-14,1247624.9282867904
2017-07-17,1246567.1161136858
2017-07-18,1251967.4314564664
2017-07-19,1252020.7518057
2017-07-20,1255333.0118597683
2017-07-21,1252929.5831173805
2017-07-24,1252985.1648776615
2017-07-25,1256465.242113555
2017-07-26,1261674.551065698
2017-07-27,1255778.4667641283
2017-07-28,1258779.11827038
2017-07-31,1259691.6844345625
2017-08-01,1259084.890584813
2017-08-02,1260574.6726403711
2017-08-03,1256740.4981031038
2017-08-04,1253746.5914969665
2017-08-07,1254532.5750867676
2017-08-08,1250785.1094117686
2017-08-09,1248300.210998587
2017-08-10,1240238.927032279
2017-08-11,1243945.4090691705
2017-08-14,1244268.8597843617
2017-08-15,1242650.1446689523
2017-08-16,1246457.4778475997
2017-08-17,1238327.8018827287
2017-08-18,1241034.7664589968
2017-08-21,1242593.7927215477
2017-08-22,1242764.839660523
2017-08-23,1242577.2157648986
2017-08-24,1243448.472095728
2017-08-25,1247171.8073925688
2017-08-28,1247737.4636443015
2017-08-29,1248515.2113726928
2017-08-30,1245902.1984373268
2017-08-31,1250666.3227650477
2017-09-01,1251075.9567772392
2017-09-04,1251225.7292066305
2017-09-05,1251820.0692892515
2017-09-06,1254282.9939532494
2017-09-07,1259391.040437568
2017-09-08,1257870.7329790469
2017-09-11,1257284.1836363054
2017-09-12,1257931.3781424058
2017-09-13,1254143.4202983696
2017-09-14,1256273.405766559
2017-09-15,1259344.7926444544
2017-09-18,1256389.3743033404
2017-09-19,1259074.3201520375
2017-09-20,1257085.3844564136
2017-09-21,1254398.3627175794
2017-09-22,1253115.2920727816
2017-09-25,1247106.4231196584
2017-09-26,1245587.4850179148
2017-09-27,1244306.771365408
2017-09-28,1243592.2463888193
2017-09-29,1245223.19631721
2017-10-02,1242743.8209700575
2017-10-03,1243362.5373220837
2017-10-04,1244060.776916009
2017-10-05,1244032.2851990943
2017-10-06,1241456.3802486965
2017-10-09,1241665.4390106425
2017-10-10,1244680.4322287615
2017-10-11,1246959.509379155
2017-10-12,1246119.586097972
2017-10-13,1248619.3074460928
2017-10-16,1250224.221762088
2017-10-17,1250078.2676300774
2017-10-18,1252762.0511258382
2017-10-19,1251283.2438421266
2017-10-20,1254391.1474471362
2017-10-23,1252909.2758102166
2017-10-24,1255971.252048181
2017-10-25,1253303.3857801824
2017-10-26,1253782.5775449688
2017-10-27,1257897.150212693
2017-10-30,1256343.7626898487
2017-10-31,1260068.0507268934
2017-11-01,1261753.6984044362
2017-11-02,1263497.215895776
2017-11-03,1264451.054672613
2017-11-06,1266070.2296386063
2017-11-07,1267449.20163339
2017-11-08,1268608.280152675
2017-11-09,1266006.3370274594
2017-11-10,1264616.3916688834
2017-11-13,1264105.2841185865
2017-11-14,1263004.6004362241
2017-11-15,1259463.560157114
2017-11-16,1261925.8149664153
2017-11-17,1261057.1538323278
2017-11-20,1261137.5092056557
2017-11-21,1263399.6963587198
2017-11-22,1263735.4265530738
2017-11-23,1264581.0118359728
2017-11-24,1266896.963549198
2017-11-27,1265090.1760096722
2017-11-28,1266348.9985043847
2017-11-29,1264780.306815131
2017-11-30,1267934.7533347558
2017-12-01,1268115.9886226763
2017-12-04,1265549.084540213
2017-12-05,1264904.3820040538
2017-12-06,1263518.4872100593
2017-12-07,1265667.701517622
2017-12-08,1267756.8415556657
2017-12-11,1269709.1227553615
2017-12-12,1267991.8008048395
2017-12-13,1265690.9777206038
2017-12-14,1263507.0298156724
2017-12-15,1267107.9312644163
2017-12-18,1268460.1553610298
2017-12-19,1268707.7769281403
2017-12-20,1269485.5292428676
2017-12-21,1269599.4305846607
2017-12-22,1269059.0365102002
2017-12-26,1270141.7475354963
2017-12-27,1270568.5079123236
2017-12-28,1271137.1550600587
2017-12-29,1270533.8687280973
2018-01-02,1274932.7342059354
2018-01-03,1276852.500933319
2018-01-04,1281369.529669871
2018-01-05,1282766.0133230514
2018-01-08,1282206.4888581743
2018-01-09,1280210.860643886
2018-01-10,1277230.949985827
2018-01-11,1283871.417493826
2018-01-12,1295212.6769350905
2018-01-15,1298922.712912631
2018-01-16,1296007.072336656
2018-01-17,1298283.2054157685
2018-01-18,1298881.3557140834
2018-01-19,1298260.199597255
2018-01-22,1305536.14058362
2018-01-23,1307705.259039555
2018-01-24,1314014.4558837384
2018-01-25,1309880.5864086153
2018-01-26,1317879.8339503964
2018-01-29,1310975.1945975097
2018-01-30,1304886.3617186276
2018-01-31,1307051.0643011963
2018-02-01,1312431.8809682322
2018-02-02,1297123.3266916573
2018-02-05,1288063.0974865982
2018-02-06,1288238.5259227192
2018-02-07,1280736.7945548282
2018-02-08,1278448.103944263
2018-02-09,1277148.6170865763
2018-02-12,1277830.1600082577
2018-02-13,1278997.5366843992
2018-02-14,1280104.2883968167
2018-02-15,1281009.6476422267
2018-02-16,1279703.3818110148
2018-02-19,1279662.2029211367
2018-02-20,1278947.9257528405
2018-02-21,1278363.2887362048
2018-02-22,1279185.6023373548
2018-02-23,1278037.9152793977
2018-02-26,1278731.9326788806
2018-02-27,1277767.5817564426
2018-02-28,1277427.0412013712
2018-03-01,1279285.9877839945
2018-03-02,1280633.595607802
2018-03-05,1280746.6846707673
2018-03-06,1280991.9428779676
2018-03-07,1281299.240157411
2018-03-08,1279757.7974591649
2018-03-09,1278017.9846250012
2018-03-12,1278768.5315450574
2018-03-13,1279554.063220809
2018-03-14,1278878.0145838351
2018-03-15,1279046.9575309223
2018-03-16,1279905.33112832
2018-03-19,1279445.4779226582
2018-03-20,1277723.9275190504
2018-03-21,1277978.3375849384
2018-03-22,1277269.1136573015
2018-03-23,1278136.7661082002
2018-03-26,1277811.757035709
2018-03-27,1277944.6863299136
2018-03-28,1274482.8916263026
2018-03-29,1273927.311967748
2018-03-30,1274377.314356601
2018-04-02,1274581.8634296963
2018-04-03,1273253.782844222
2018-04-04,1272498.7475256093
2018-04-05,1270626.515166477
2018-04-06,1271853.1539353016
2018-04-09,1272421.1823504742
2018-04-10,1271777.23367082
2018-04-11,1272437.7240117306
2018-04-12,1271406.0817046203
2018-04-13,1271388.2402305363
2018-04-16,1271592.5524686144
2018-04-17,1271460.550425937
2018-04-18,1272117.043181217
2018-04-19,1269492.1862173039
2018-04-20,1267435.879256954
2018-04-23,1266086.9948859492
2018-04-24,1264981.1785235591
2018-04-25,1265843.6502665267
2018-04-26,1266064.7243310078
2018-04-27,1265312.3943497888
2018-04-30,1266638.6258005677
2018-05-01,1266656.4443320476
2018-05-02,1266695.2026888698
2018-05-03,1266527.991671246
2018-05-04,1267264.3395396757
2018-05-07,1267845.2002033023
2018-05-08,1269010.5123965165
2018-05-09,1269706.563875299
2018-05-10,1268458.6418147672
2018-05-11,1267607.0783580984
2018-05-14,1268776.8772869145
2018-05-15,1269227.613511749
2018-05-16,1269280.6001239293
2018-05-17,1270030.4558606416
2018-05-18,1269442.672846633
2018-05-21,1270399.4803233051
2018-05-22,1269762.7942261125
2018-05-23,1267898.734479218
2018-05-24,1265028.1652356393
2018-05-25,1263357.6298339125
2018-05-28,1263287.2848920766
2018-05-29,1263477.364202592
2018-05-30,1260939.6969055538
2018-05-31,1260792.9674234637
2018-06-01,1260269.7801544305
2018-06-04,1259160.3192150053
2018-06-05,1259087.669954601
2018-06-06,1259152.39543332
2018-06-07,1258530.6732962108
2018-06-08,1258993.352355203
2018-06-11,1259644.725179215
2018-06-12,1260276.5285743382
2018-06-13,1259545.770731183
2018-06-14,1262803.9781962854
2018-06-15,1262535.426201792
2018-06-18,1262897.8436675435
2018-06-19,1263282.273717194
2018-06-20,1264547.380343545
2018-06-21,1262173.6139598822
2018-06-22,1260179.2706760087
2018-06-25,1258183.9419293602
2018-06-26,1260082.5880595662
2018-06-27,1260846.1687695382
2018-06-28,1261829.1913247872
2018-06-29,1258575.4784881298
2018-07-02,1262551.3713631856
2018-07-03,1258601.0800140717
2018-07-04,1258353.7690887516
2018-07-05,1259089.7136816296
2018-07-06,1259972.743112761
2018-07-09,1261336.569945209
2018-07-10,1261706.4901639784
2018-07-11,1262800.538927027
2018-07-12,1263030.5077000076
2018-07-13,1263263.9841908219
2018-07-16,1260503.7761033247
2018-07-17,1264971.1109134604
2018-07-18,1264589.9598479953
2018-07-19,1266494.967875728
2018-07-20,1262258.910856751
2018-07-23,1264913.846507109
2018-07-24,1263878.6320006195
2018-07-25,1263045.1436306655
2018-07-26,1265122.866151665
2018-07-27,1262128.9590924166
2018-07-30,1260235.0156740453
2018-07-31,1260971.3324916295
2018-08-01,1261411.7302366104
2018-08-02,1265333.1433105008
2018-08-03,1264892.2558193451
2018-08-06,1266848.1510210824
2018-08-07,1266729.065399341
2018-08-08,1266154.3406639646
2018-08-09,1267790.9980914567
2018-08-10,1268734.612705599
2018-08-13,1269961.105333968
2018-08-14,1272892.3915896113
2018-08-15,1273594.6533807893
2018-08-16,1272913.4211503682
2018-08-17,1269815.0452594003
2018-08-20,1267781.6951375594
2018-08-21,1264309.8195752401
2018-08-22,1264782.190451222
2018-08-23,1269462.144862547
2018-08-24,1265208.1981258043
2018-08-27,1264992.9751287512
2018-08-28,1266491.9538960957
2018-08-29,1266573.5314406657
2018-08-30,1266588.4526428
2018-08-31,1270299.1676363815
2018-09-03,1270104.704958179
2018-09-04,1270714.9118093327
2018-09-05,1267112.602784503
2018-09-06,1265222.646088605
2018-09-07,1267338.379694167
2018-09-10,1267385.647902721
2018-09-11,1268561.555814242
2018-09-12,1265691.7550036241
2018-09-13,1267977.6241496962
2018-09-14,1270632.59338402
2018-09-17,1267367.3355393538
2018-09-18,1269936.467437266
2018-09-19,1268112.8934327534
2018-09-20,1269155.4326073069
2018-09-21,1268791.471635029
2018-09-24,1269728.797337076
2018-09-25,1270071.490888264
2018-09-26,1269942.020067747
2018-09-27,1273922.4641820553
2018-09-28,1273393.5199387597
2018-10-01,1276469.4433482187
2018-10-02,1274563.5010694205
2018-10-03,1277398.0469531256
2018-10-04,1272302.8005756252
2018-10-05,1269449.6459771437
2018-10-08,1269771.1684652937
2018-10-09,1268853.1749624843
2018-10-10,1265572.9061020925
2018-10-11,1261921.2372183362
2018-10-12,1261885.3375841833
2018-10-15,1261585.4725196252
2018-10-16,1261450.2876872397
2018-10-17,1260573.808073786
2018-10-18,1261135.4949487727
2018-10-19,1260537.5587076289
2018-10-22,1261092.277767579
2018-10-23,1261376.5915885726
2018-10-24,1262573.0766525546
2018-10-25,1261588.6989978678
2018-10-26,1261703.4065444893
2018-10-29,1261962.560034011
2018-10-30,1260352.2174246884
2018-10-31,1260659.0838782152
2018-11-01,1258613.298621005
2018-11-02,1258725.921572714
2018-11-05,1258632.7601612122
2018-11-06,1258550.376529697
2018-11-07,1257676.0741332967
2018-11-08,1257637.4520977223
2018-11-09,1257338.2809739984
2018-11-12,1257419.3555014478
2018-11-13,1256687.2770617157
2018-11-14,1256690.455400481
2018-11-15,1255342.82568243
2018-11-16,1254391.2873814148
2018-11-19,1254149.0171483294
2018-11-20,1257155.5721256551
2018-11-21,1254761.3166107403
2018-11-22,1254838.1442604268
2018-11-23,1258176.125605615
2018-11-26,1256983.056377078
2018-11-27,1258024.3154191657
2018-11-28,1257946.339826855
2018-11-29,1257418.7465668865
2018-11-30,1259179.0402244455
2018-12-03,1255980.7707159529
2018-12-04,1258436.095507783
2018-12-05,1259363.2678657542
2018-12-06,1260503.177339398
2018-12-07,1259549.9920431862
2018-12-10,1261556.2526682315
2018-12-11,1261556.2219717528
2018-12-12,1259482.0252850177
2018-12-13,1258789.4176293986
2018-12-14,1261530.3234408365
2018-12-17,1262683.6060389061
2018-12-18,1265371.7118678296
2018-12-19,1265685.5912275575
2018-12-20,1266541.4846179325
2018-12-21,1273752.157208378
2018-12-24,1279152.9248779535
2018-12-25,1279152.9248779535
2018-12-26,1268766.3485686479
2018-12-27,1268107.8413202942
2018-12-28,1269054.9174414778
2018-12-31,1268569.4361008918
2019-01-02,1275442.8785462838
2019-01-03,1275081.5932264363
2019-01-04,1260413.2107969304
2019-01-07,1254508.4980167577
2019-01-08,1253836.3319134996
2019-01-09,1249650.8136296533
2019-01-10,1248944.5523849512
2019-01-11,1248836.6049253896
2019-01-14,1250826.6130996097
2019-01-15,1248777.857936591
2019-01-16,1248693.1145199663
2019-01-17,1248043.0430406665
2019-01-18,1245465.0824622125
2019-01-21,1246417.3669919989
2019-01-22,1249023.585031381
2019-01-23,1248083.0591979611
2019-01-24,1249625.997785775
2019-01-25,1247124.671885076
2019-01-28,1248231.11023958
2019-01-29,1247795.1534962978
2019-01-30,1246635.267704749
2019-01-31,1247067.289818919
2019-02-01,1245254.379426108
2019-02-04,1244352.036983458
2019-02-05,1245026.0685322606
2019-02-06,1244482.4615040142
2019-02-07,1244851.9289304418
2019-02-08,1245323.9540229654
2019-02-11,1244397.0775834422
2019-02-12,1244001.4682328268
2019-02-13,1243872.6890377344
2019-02-14,1244734.470423663
2019-02-15,1245681.6659939596
2019-02-18,1245597.771483415
2019-02-19,1246325.4276558536
2019-02-20,1245940.9221848587
2019-02-21,1244676.9069366793
2019-02-22,1245149.0460547449
2019-02-25,1244504.9921619536
2019-02-26,1244397.5678801192
2019-02-27,1243600.5127497078
2019-02-28,1242965.819845346
2019-03-01,1241714.3032601268
2019-03-04,1241714.3032601268
2019-03-05,1241714.3032601268
2019-03-06,1241714.3032601268
2019-03-07,1241714.3032601268
2019-03-08,1240934.4985232262
2019-03-11,1240676.9930039893
2019-03-12,1239962.1641341276
2019-03-13,1239880.350457524
2019-03-14,1240050.5769478127
2019-03-15,1240500.417730169
2019-03-18,1241068.7847277094
2019-03-19,1240831.6841150497
2019-03-20,1239156.1831145345
2019-03-21,1241954.541324014
2019-03-22,1238033.7143741564
2019-03-25,1238091.0698792725
2019-03-26,1238906.2847138408
2019-03-27,1237636.2026615038
2019-03-28,1238483.2040420251
2019-03-29,1239750.087226121
2019-04-01,1241866.2742954527
2019-04-02,1241885.1027051806
2019-04-03,1243092.7106127236
2019-04-04,1243004.5605618816
2019-04-05,1244074.8803830498
2019-04-08,1244112.6788513989
2019-04-09,1242791.101293312
2019-04-10,1243784.099670358
2019-04-11,1243544.714339618
2019-04-12,1244805.6905607993
2019-04-15,1244617.0003780755
2019-04-16,1244989.925448421
2019-04-17,1244876.5541429883
2019-04-18,1245595.8530364484
2019-04-19,1245595.8530364484
2019-04-22,1245947.7244034992
2019-04-23,1248473.3702143
2019-04-24,1247494.4798351636
2019-04-25,1246359.2920673792
2019-04-26,1244599.1237593829
2019-04-29,1244398.9055811325
2019-04-30,1243574.2803498083
2019-05-01,1240021.284994127
2019-05-02,1239788.151237745
2019-05-03,1242251.0905150173
2019-05-06,1239923.8569591856
2019-05-07,1233558.782546103
2019-05-08,1232703.7602802187
2019-05-09,1229954.5520980286
2019-05-10,1227668.4239005223
2019-05-13,1232006.1842577753
2019-05-14,1231222.4451752964
2019-05-15,1231625.5948008278
2019-05-16,1234296.881309572
2019-05-17,1235972.751620859
2019-05-20,1233347.7379105256
2019-05-21,1233023.4010025228
2019-05-22,1234923.8154405404
2019-05-23,1235559.8496045605
2019-05-24,1233638.9027851326
2019-05-27,1234210.5207781938
2019-05-28,1236361.2599122915
2019-05-29,1237920.8536945623
2019-05-30,1238262.5239202438
2019-05-31,1239419.6443281474
2019-06-03,1233599.3735682971
2019-06-04,1230249.9388563328
2019-06-05,1231911.6880841118
2019-06-06,1228328.6980671335
2019-06-07,1223694.1636324404
2019-06-10,1223608.197491827
2019-06-11,1222714.6648853153
2019-06-12,1226412.8859728512
2019-06-13,1227592.892440919
2019-06-14,1229741.0004427675
2019-06-17,1230467.736686147
2019-06-18,1228933.1504458042
2019-06-19,1229143.5354492746
2019-06-20,1228499.0537405342
2019-06-21,1226762.3058398657
2019-06-24,1226565.5764874157
2019-06-25,1227850.7138697915
2019-06-26,1223656.7940546225
2019-06-27,1223123.293267062
2019-06-28,1221877.1742139864
2019-07-01,1220113.7765664891
2019-07-02,1224414.5133670617
2019-07-03,1224898.6898790929
2019-07-04,1224551.5788258628
2019-07-05,1222203.2764513649
2019-07-08,1220243.4936468038
2019-07-09,1221756.9438331572
2019-07-10,1224467.0307403621
2019-07-11,1222752.1055600888
2019-07-12,1224370.4735595284
2019-07-15,1225070.7942372416
2019-07-16,1224085.4059622013
2019-07-17,1224786.005861367
2019-07-18,1227318.3721188186
2019-07-19,1222849.7319689912
2019-07-22,1223789.2935097155
2019-07-23,1224805.8172670472
2019-07-24,1226688.3607569495
2019-07-25,1223324.4924170007
2019-07-26,1226525.8179630353
2019-07-29,1229034.4117554296
2019-07-30,1229908.2722601562
2019-07-31,1225655.53912772
2019-08-01,1230882.1254833916
2019-08-02,1227196.5514901027
2019-08-05,1228723.0273950633
2019-08-06,1225169.5884766022
2019-08-07,1228830.4150155894
2019-08-08,1227657.7784077404
2019-08-09,1229778.70568143
2019-08-12,1233807.0626956038
2019-08-13,1226492.08613019
2019-08-14,1236954.3324682491
2019-08-15,1235573.5174788495
2019-08-16,1232723.99780783
2019-08-19,1231626.1840712992
2019-08-20,1232800.1510264743
2019-08-21,1230663.5180820078
2019-08-22,1231572.7135927617
2019-08-23,1236160.9558566124
2019-08-26,1233667.1228750423
2019-08-27,1237267.8301126633
2019-08-28,1237781.5401442442
2019-08-29,1235777.2232992032
2019-08-30,1238437.7421746142
2019-09-02,1242284.7150218643
2019-09-03,1242685.1448424459
2019-09-04,1235069.5341457513
2019-09-05,1228358.364625656
2019-09-06,1227352.9882594342
2019-09-09,1224612.105929835
2019-09-10,1223237.0284606318
2019-09-11,1225192.6070624525
2019-09-12,1222732.5003329841
2019-09-13,1222468.8743700245
2019-09-16,1224451.4898779197
2019-09-17,1223588.6706901502
2019-09-18,1224027.4914121097
2019-09-19,1224559.7401469385
2019-09-20,1226668.2684604882
2019-09-23,1227116.7056389996
2019-09-24,1227079.772365927
2019-09-25,1226969.4176845641
2019-09-26,1227595.586188792
2019-09-27,1225838.5320754126
2019-09-30,1224208.048767789
2019-10-01,1224695.0085940294
2019-10-02,1224022.1059450994
2019-10-03,1222869.0829601826
2019-10-04,1222142.5298798147
2019-10-07,1223199.1264534178
2019-10-08,1223626.4586845643
2019-10-09,1223401.1027029452
2019-10-10,1221726.1210359132
2019-10-11,1220402.4572602
2019-10-14,1221078.9239144917
2019-10-15,1221521.2975910914
2019-10-16,1220687.0637342553
2019-10-17,1217799.5030082164
2019-10-18,1217342.4400948286
2019-10-21,1218242.6077852603
2019-10-22,1217905.7190676092
2019-10-23,1218726.6240343761
2019-10-24,1218294.0599713817
2019-10-25,1218578.2427337952
2019-10-28,1219834.484088573
2019-10-29,1218842.3247992506
2019-10-30,1219079.8204894722
2019-10-31,1217299.115197497
2019-11-01,1220302.367949124
2019-11-04,1221332.0349507257
2019-11-05,1221827.6548959112
2019-11-06,1221355.4018386174
2019-11-07,1222915.4502600036
2019-11-08,1221644.281030247
2019-11-11,1220804.0007234442
2019-11-12,1221173.0119493173
2019-11-13,1220623.5773083891
2019-11-14,1219737.0906981006
2019-11-15,1221402.7100115996
2019-11-18,1221551.8972952627
2019-11-19,1221303.953885522
2019-11-20,1220597.777765228
2019-11-21,1219906.4417176393
2019-11-22,1220596.044369314
2019-11-25,1222978.8127379357
2019-11-26,1223387.2376903384
2019-11-27,1224825.869552215
2019-11-28,1224136.5634097306
2019-11-29,1223063.620085494
2019-12-02,1220660.2856725336
2019-12-03,1219123.34055571
2019-12-04,1220515.8551128828
2019-12-05,1221214.149662457
2019-12-06,1223510.4935862967
2019-12-09,1221995.669763124
2019-12-10,1222681.556314549
2019-12-11,1223667.2799392107
2019-12-12,1225953.2049494858
2019-12-13,1228328.6604248194
2019-12-16,1230351.879383453
2019-12-17,1228149.0598336593
2019-12-18,1228314.9226754569
2019-12-19,1228619.786759805
2019-12-20,1228658.874173472
2019-12-23,1228748.7821909112
2019-12-24,1228872.3579387213
2019-12-26,1231012.6660626112
2019-12-27,1229882.6016694068
2019-12-30,1227256.0912929934
2019-12-31,1227605.5578004378
2020-01-02,1230943.7181580523
2020-01-03,1230348.4386967006
2020-01-06,1232174.4291977535
2020-01-07,1231452.9030605108
2020-01-08,1229349.5548610082
2020-01-09,1229627.5717811408
2020-01-10,1229177.7208428255
2020-01-13,1229376.5293188458
2020-01-14,1228659.0292878665
2020-01-15,1230034.2024641258
2020-01-16,1231177.3176651746
2020-01-17,1231944.6552700556
2020-01-20,1232523.4525363576
2020-01-21,1231239.553391424
2020-01-22,1229925.0984384965
2020-01-23,1230552.526557981
2020-01-24,1229078.6858094952
2020-01-27,1225662.3784750218
2020-01-28,1227245.684297565
2020-01-29,1227489.6655760752
2020-01-30,1229212.8785680095
2020-01-31,1227965.843900803
2020-02-03,1227676.417311346
2020-02-04,1225417.8046186639
2020-02-05,1224169.5278732895
2020-02-06,1226238.5328698368
2020-02-07,1228104.9922801177
2020-02-10,1231031.945977236
2020-02-11,1229528.9411840949
2020-02-12,1229508.3357404883
2020-02-13,1232144.59058906
2020-02-14,1233213.8723630656
2020-02-17,1232932.3518559104
2020-02-18,1236968.4360907895
2020-02-19,1233605.4124250715
2020-02-20,1233784.959896793
2020-02-21,1231825.244438555
2020-02-24,1231293.9970716045
2020-02-25,1230032.1384810475
2020-02-26,1233642.1876512389
2020-02-27,1233154.4477735898
2020-02-28,1233248.3430615999
2020-03-02,1228927.2671658532
2020-03-03,1229713.317926195
2020-03-04,1227380.1093340812
2020-03-05,1230554.0170720373
2020-03-06,1233076.5429002158
2020-03-09,1250692.0544044543
2020-03-10,1247222.74122743
2020-03-11,1252690.9741399584
2020-03-12,1266200.85000202
2020-03-13,1259351.4777032156
2020-03-16,1277205.3561545075
2020-03-17,1282211.5828371684
2020-03-18,1302190.5406863866
2020-03-19,1299272.3319959135
2020-03-20,1293622.625372466
2020-03-23,1293930.993064699
2020-03-24,1278762.8248595588
2020-03-25,1270940.6810075925
2020-03-26,1262559.3360978675
2020-03-27,1260537.8356928974
2020-03-30,1261685.890980106
2020-03-31,1264237.815941483
2020-04-01,1273112.8421833017
2020-04-02,1269972.5037785727
2020-04-03,1271135.829428979
2020-04-06,1263661.435892576
2020-04-07,1260365.9001342948
2020-04-08,1255232.859204482
2020-04-09,1254106.4145932538
2020-04-10,1254120.6998099564
2020-04-13,1256563.0127944348
2020-04-14,1256106.0881994178
2020-04-15,1257255.107405737
2020-04-16,1258147.9324994963
2020-04-17,1257281.4229440545
2020-04-20,1259338.8834875156
2020-04-21,1261732.5624291021
2020-04-22,1262747.463182527
2020-04-23,1263993.4805962471
2020-04-24,1263469.4579992124
2020-04-27,1264299.2153454628
2020-04-28,1264944.2711977658
2020-04-29,1264799.7547295552
2020-04-30,1259817.6071604842
2020-05-01,1258372.3233371251
2020-05-04,1259558.4621937578
2020-05-05,1259527.8222742365
2020-05-06,1260513.1594383917
2020-05-07,1260865.4222260674
2020-05-08,1259511.2508715251
2020-05-11,1258965.4638515364
2020-05-12,1258078.0936542004
2020-05-13,1258846.4337223617
