day,0
2005-01-04,1200000.0
2005-01-05,1200000.0
2005-01-06,1200000.0
2005-01-07,1200000.0
2005-01-10,1200000.0
2005-01-11,1200000.0
2005-01-12,1200000.0
2005-01-13,1200000.0
2005-01-14,1200000.0
2005-01-17,1200000.0
2005-01-18,1200000.0
2005-01-19,1200000.0
2005-01-20,1200000.0
2005-01-21,1200000.0
2005-01-24,1200000.0
2005-01-25,1200000.0
2005-01-26,1200000.0
2005-01-27,1200000.0
2005-01-28,1200000.0
2005-01-31,1200000.0
2005-02-01,1200000.0
2005-02-02,1200000.0
2005-02-03,1200000.0
2005-02-04,1200000.0
2005-02-07,1200000.0
2005-02-08,1200000.0
2005-02-09,1200000.0
2005-02-10,1200000.0
2005-02-11,1200000.0
2005-02-14,1200000.0
2005-02-15,1200000.0
2005-02-16,1200000.0
2005-02-17,1200000.0
2005-02-18,1200000.0
2005-02-21,1200000.0
2005-02-22,1200000.0
2005-02-23,1200000.0
2005-02-24,1200000.0
2005-02-25,1200000.0
2005-02-28,1200000.0
2005-03-01,1200000.0
2005-03-02,1200000.0
2005-03-03,1200000.0
2005-03-04,1200000.0
2005-03-07,1200000.0
2005-03-08,1200000.0
2005-03-09,1200000.0
2005-03-10,1200000.0
2005-03-11,1200000.0
2005-03-14,1200000.0
2005-03-15,1200000.0
2005-03-16,1200000.0
2005-03-17,1200000.0
2005-03-18,1200000.0
2005-03-21,1200000.0
2005-03-22,1200000.0
2005-03-23,1199912.6107891449
2005-03-24,1199896.0759746255
2005-03-25,1199896.0759746255
2005-03-28,1199882.914443911
2005-03-29,1199936.9597177024
2005-03-30,1199696.0974958716
2005-03-31,1199780.2338832105
2005-04-01,1199902.6096419422
2005-04-04,1199902.6096419422
2005-04-05,1199902.6096419422
2005-04-06,1199902.6096419422
2005-04-07,1199902.6096419422
2005-04-08,1199902.6096419422
2005-04-11,1199902.6096419422
2005-04-12,1199902.6096419422
2005-04-13,1199902.6096419422
2005-04-14,1199902.6096419422
2005-04-15,1200290.9019148173
2005-04-18,1200290.9019148173
2005-04-19,1200290.9019148173
2005-04-20,1200290.9019148173
2005-04-21,1200290.9019148173
2005-04-22,1200290.9019148173
2005-04-25,1200290.9019148173
2005-04-26,1200290.9019148173
2005-04-27,1200290.9019148173
2005-04-28,1200290.9019148173
2005-04-29,1200290.9019148173
2005-05-02,1200179.411083601
2005-05-03,1200146.567422146
2005-05-04,1199976.58338298
2005-05-05,1199926.2882018837
2005-05-06,1199871.404752058
2005-05-09,1199461.9800872202
2005-05-10,1199423.1602962748
2005-05-11,1199682.6282792327
2005-05-12,1199682.6282792327
2005-05-13,1199808.785242767
2005-05-16,1200294.5750322056
2005-05-17,1200294.5750322056
2005-05-18,1200294.5750322056
2005-05-19,1200294.5750322056
2005-05-20,1200294.5750322056
2005-05-23,1200228.2527956567
2005-05-24,1200237.3226717035
2005-05-25,1200097.1930124508
2005-05-26,1200350.776541844
2005-05-27,1200350.776541844
2005-05-30,1200350.776541844
2005-05-31,1200569.678544892
2005-06-01,1200885.618134297
2005-06-02,1200547.9758758477
2005-06-03,1200437.3354063132
2005-06-06,1200264.6011439431
2005-06-07,1200284.8231786387
2005-06-08,1200414.0393038318
2005-06-09,1200414.0393038318
2005-06-10,1200414.0393038318
2005-06-13,1200548.510621069
2005-06-14,1200578.6012056088
2005-06-15,1200249.7890280895
2005-06-16,1200386.2982166521
2005-06-17,1200230.3172361844
2005-06-20,1200662.692129432
2005-06-21,1200656.3906441012
2005-06-22,1200799.945889747
2005-06-23,1200799.945889747
2005-06-24,1200799.945889747
2005-06-27,1200799.945889747
2005-06-28,1200461.622946169
2005-06-29,1200305.3749852008
2005-06-30,1200221.4022739348
2005-07-01,1200645.8430514957
2005-07-04,1200892.4311812937
2005-07-05,1200953.2596626792
2005-07-06,1201304.2464036953
2005-07-07,1201367.799401422
2005-07-08,1201522.002458294
2005-07-11,1201151.6747889589
2005-07-12,1200774.2559062075
2005-07-13,1201032.0503280107
2005-07-14,1201149.324718698
2005-07-15,1201149.324718698
2005-07-18,1201149.324718698
2005-07-19,1201149.324718698
2005-07-20,1201149.324718698
2005-07-21,1200810.1974217226
2005-07-22,1200982.0618639588
2005-07-25,1200982.0618639588
2005-07-26,1200982.0618639588
2005-07-27,1200982.0618639588
2005-07-28,1201040.497049703
2005-07-29,1200654.7332131364
2005-08-01,1200646.8849166369
2005-08-02,1201066.2672266734
2005-08-03,1201110.1581791723
2005-08-04,1200904.6020255047
2005-08-05,1201217.8936466328
2005-08-08,1201217.8936466328
2005-08-09,1201188.2027904964
2005-08-10,1201331.8800669091
2005-08-11,1201462.9510346455
2005-08-12,1201376.9487028066
2005-08-15,1201432.7512891172
2005-08-16,1201474.248629814
2005-08-17,1201091.4547692188
2005-08-18,1200983.6060233968
2005-08-19,1201177.9106767867
2005-08-22,1201177.9106767867
2005-08-23,1201193.5255171736
2005-08-24,1201038.5844688322
2005-08-25,1201031.9184249875
2005-08-26,1200609.9198588813
2005-08-29,1201373.6870860436
2005-08-30,1201327.660979892
2005-08-31,1201444.425558125
2005-09-01,1201444.425558125
2005-09-02,1201333.1697028386
2005-09-05,1201295.7034338524
2005-09-06,1201438.9746554845
2005-09-07,1201481.1813116448
2005-09-08,1201621.746364046
2005-09-09,1201621.746364046
2005-09-12,1201376.5285959237
2005-09-13,1201596.096116065
2005-09-14,1201596.096116065
2005-09-15,1201596.096116065
2005-09-16,1201690.645068519
2005-09-19,1201690.645068519
2005-09-20,1201473.6025692148
2005-09-21,1201103.2723997445
2005-09-22,1201175.4918052172
2005-09-23,1201382.3277673954
2005-09-26,1201335.3332258277
2005-09-27,1201231.4550441122
2005-09-28,1201698.4372617565
2005-09-29,1201698.4372617565
2005-09-30,1201847.5430611945
2005-10-03,1201991.1744600686
2005-10-04,1201965.1405175813
2005-10-05,1201261.7470244276
2005-10-06,1201017.5658875788
2005-10-07,1201190.5119234761
2005-10-10,1201190.5119234761
2005-10-11,1201190.5119234761
2005-10-12,1201190.5119234761
2005-10-13,1201190.5119234761
2005-10-14,1201190.5119234761
2005-10-17,1201190.5119234761
2005-10-18,1201190.5119234761
2005-10-19,1201190.5119234761
2005-10-20,1201190.5119234761
2005-10-21,1201190.5119234761
2005-10-24,1201190.5119234761
2005-10-25,1201190.5119234761
2005-10-26,1201316.5442175902
2005-10-27,1201329.291144067
2005-10-28,1200921.659572976
2005-10-31,1201090.2368778924
2005-11-01,1201216.3390561321
2005-11-02,1201345.5710055882
2005-11-03,1201080.00792219
2005-11-04,1201313.4146684806
2005-11-07,1201361.83959402
2005-11-08,1201461.6945669681
2005-11-09,1201605.786486993
2005-11-10,1201770.0385827976
2005-11-11,1201714.634305829
2005-11-14,1201717.7778811667
2005-11-15,1201312.7806169265
2005-11-16,1201699.0975800469
2005-11-17,1201941.144923961
2005-11-18,1202063.3594676212
2005-11-21,1202317.9636875966
2005-11-22,1202151.33167143
2005-11-23,1202291.2338786782
2005-11-24,1202070.7286556691
2005-11-25,1202446.785942986
2005-11-28,1202094.2109292652
2005-11-29,1202094.4861410859
2005-11-30,1201821.1657892046
2005-12-01,1202158.5940186176
2005-12-02,1202150.9141865184
2005-12-05,1202408.751816709
2005-12-06,1202693.1212096016
2005-12-07,1202621.4660260538
2005-12-08,1202649.346835587
2005-12-09,1202689.0822706914
2005-12-12,1202809.0990223922
2005-12-13,1202915.623605577
2005-12-14,1201639.4036348986
2005-12-15,1200824.001392793
2005-12-16,1200938.6841773987
2005-12-19,1200938.6841773987
2005-12-20,1200938.6841773987
2005-12-21,1200938.6841773987
2005-12-22,1200998.6980642038
2005-12-23,1200927.1529497379
2005-12-26,1200927.1529497379
2005-12-27,1200783.0419321454
2005-12-28,1201183.2555460942
2005-12-29,1201076.777315708
2005-12-30,1200985.3042264287
2006-01-02,1200969.8821101584
2006-01-03,1200991.1566632353
2006-01-04,1200730.0947781731
2006-01-05,1200538.000067185
2006-01-06,1200713.25528513
2006-01-09,1200840.6513643963
2006-01-10,1200595.7576581372
2006-01-11,1201013.3261531189
2006-01-12,1200876.5825351146
2006-01-13,1200836.598735452
2006-01-16,1200899.5514830297
2006-01-17,1200621.480619302
2006-01-18,1200435.614818759
2006-01-19,1200674.266512881
2006-01-20,1200674.266512881
2006-01-23,1200574.6760517308
2006-01-24,1200428.6630905797
2006-01-25,1200242.6593074652
2006-01-26,1200382.0213892825
2006-01-27,1200382.0213892825
2006-01-30,1200383.7750718647
2006-01-31,1200116.8407540498
2006-02-01,1200265.825351355
2006-02-02,1200080.108188882
2006-02-03,1200221.4378510504
2006-02-06,1200154.426333103
2006-02-07,1199973.1269208747
2006-02-08,1200082.9705692062
2006-02-09,1200205.4095866776
2006-02-10,1200205.4095866776
2006-02-13,1200205.4095866776
2006-02-14,1200205.4095866776
2006-02-15,1200205.4095866776
2006-02-16,1200205.4095866776
2006-02-17,1200353.3055828684
2006-02-20,1200353.3055828684
2006-02-21,1200192.0832455175
2006-02-22,1200323.8829825635
2006-02-23,1200323.8829825635
2006-02-24,1200323.8829825635
2006-02-27,1200323.8829825635
2006-02-28,1200323.8829825635
2006-03-01,1200388.0007284835
2006-03-02,1200493.0171366166
2006-03-03,1200408.5002912981
2006-03-06,1200246.0861416145
2006-03-07,1199767.9250542712
2006-03-08,1199474.203581955
2006-03-09,1199443.3256300092
2006-03-10,1199443.3256300092
2006-03-13,1199584.149263191
2006-03-14,1199584.149263191
2006-03-15,1199584.149263191
2006-03-16,1199710.974623242
2006-03-17,1199834.4649558305
2006-03-20,1200098.0544254817
2006-03-21,1200098.0544254817
2006-03-22,1200105.9119910419
2006-03-23,1200280.6774546013
2006-03-24,1200280.6774546013
2006-03-27,1200475.1906247253
2006-03-28,1200475.1906247253
2006-03-29,1200475.1906247253
2006-03-30,1200514.9255967757
2006-03-31,1200382.5402859475
2006-04-03,1200782.1031678803
2006-04-04,1200782.1031678803
2006-04-05,1200844.589037769
2006-04-06,1200769.6634818371
2006-04-07,1200410.1368546435
2006-04-10,1200591.3953640496
2006-04-11,1200511.6649815016
2006-04-12,1200370.59054695
2006-04-13,1200362.0727080428
2006-04-14,1200362.0727080428
2006-04-17,1200124.1276024191
2006-04-18,1200507.5415302075
2006-04-19,1200507.5415302075
2006-04-20,1200126.3282051785
2006-04-21,1200334.4889586105
2006-04-24,1199890.800125842
2006-04-25,1200049.691584581
2006-04-26,1200049.691584581
2006-04-27,1200195.395654461
2006-04-28,1200195.395654461
2006-05-01,1200168.1370501455
2006-05-02,1200296.2372621044
2006-05-03,1200423.2096655797
2006-05-04,1200423.2096655797
2006-05-05,1200544.1046512192
2006-05-08,1200623.137059144
2006-05-09,1200647.9102004725
2006-05-10,1200561.0162356808
2006-05-11,1200194.7838435683
2006-05-12,1199942.274685774
2006-05-15,1199883.958540755
2006-05-16,1199976.9895711953
2006-05-17,1199727.4898136149
2006-05-18,1199727.4898136149
2006-05-19,1199727.4898136149
2006-05-22,1199727.4898136149
2006-05-23,1199727.4898136149
2006-05-24,1199727.4898136149
2006-05-25,1199727.4898136149
2006-05-26,1199727.4898136149
2006-05-29,1199727.4898136149
2006-05-30,1199727.4898136149
2006-05-31,1199727.4898136149
2006-06-01,1199727.4898136149
2006-06-02,1199727.4898136149
2006-06-05,1199727.4898136149
2006-06-06,1199727.4898136149
2006-06-07,1199727.4898136149
2006-06-08,1199727.4898136149
2006-06-09,1199727.4898136149
2006-06-12,1199727.4898136149
2006-06-13,1199784.9455286516
2006-06-14,1199655.0404657118
2006-06-15,1199268.617293481
2006-06-16,1199423.5883525193
2006-06-19,1199423.5883525193
2006-06-20,1199423.5883525193
2006-06-21,1199423.5883525193
2006-06-22,1199423.5883525193
2006-06-23,1199339.4232659342
2006-06-26,1199479.2667181494
2006-06-27,1199479.2667181494
2006-06-28,1199479.2667181494
2006-06-29,1199479.2667181494
2006-06-30,1199479.2667181494
2006-07-03,1199479.2667181494
2006-07-04,1199510.59359429
2006-07-05,1199563.754020347
2006-07-06,1199487.4239716912
2006-07-07,1199344.8688562345
2006-07-10,1199200.2855969453
2006-07-11,1199301.7462295783
2006-07-12,1199460.0496860635
2006-07-13,1199577.5142881088
2006-07-14,1199368.8616351963
2006-07-17,1199440.861679539
2006-07-18,1199601.5505193588
2006-07-19,1199601.5505193588
2006-07-20,1199601.5505193588
2006-07-21,1199519.5465897997
2006-07-24,1199486.8463758249
2006-07-25,1199511.04519392
2006-07-26,1199783.4766720529
2006-07-27,1199777.1365498304
2006-07-28,1199777.1365498304
2006-07-31,1199777.1365498304
2006-08-01,1199777.1365498304
2006-08-02,1199777.1365498304
2006-08-03,1199777.1365498304
2006-08-04,1199777.1365498304
2006-08-07,1199706.5188175482
2006-08-08,1199743.3411195017
2006-08-09,1199717.9165154751
2006-08-10,1199244.1536493152
2006-08-11,1199298.3948287824
2006-08-14,1199090.991879791
2006-08-15,1199298.2658625413
2006-08-16,1199527.508431295
2006-08-17,1199322.1086274409
2006-08-18,1199186.796791914
2006-08-21,1199391.6549590295
2006-08-22,1199386.744346383
2006-08-23,1199298.8112637363
2006-08-24,1199302.2159357588
2006-08-25,1199315.7408509087
2006-08-28,1199425.3473576778
2006-08-29,1199351.5132373595
2006-08-30,1199492.7722783838
2006-08-31,1199492.7722783838
2006-09-01,1199586.7682063375
2006-09-04,1199550.2147922162
2006-09-05,1199468.1274492587
2006-09-06,1198631.2066129511
2006-09-07,1197890.0910322
2006-09-08,1198000.4952199408
2006-09-11,1198065.6893770467
2006-09-12,1198420.993046863
2006-09-13,1198417.327926198
2006-09-14,1198583.1128817014
2006-09-15,1198714.7097289213
2006-09-18,1198714.7097289213
2006-09-19,1198714.7097289213
2006-09-20,1198714.7097289213
2006-09-21,1198714.7097289213
2006-09-22,1198714.7097289213
2006-09-25,1198714.7097289213
2006-09-26,1198714.7097289213
2006-09-27,1198733.9697838225
2006-09-28,1198746.7951450325
2006-09-29,1198693.0960801272
2006-10-02,1198579.4459109013
2006-10-03,1198729.528456545
2006-10-04,1198590.7805218042
2006-10-05,1198644.967422802
2006-10-06,1198499.8195316163
2006-10-09,1198464.9239652355
2006-10-10,1198992.2258684947
2006-10-11,1198961.3004075454
2006-10-12,1199137.9821794697
2006-10-13,1199136.4903877117
2006-10-16,1199049.8801462092
2006-10-17,1198534.2773048545
2006-10-18,1198730.2389290233
2006-10-19,1198873.8395652557
2006-10-20,1198839.2264277781
2006-10-23,1199317.6022601842
2006-10-24,1199396.6090706964
2006-10-25,1199347.826460785
2006-10-26,1199215.3575694778
2006-10-27,1198335.6777189348
2006-10-30,1198079.3925812822
2006-10-31,1198244.3156630257
2006-11-01,1198216.8624600465
2006-11-02,1198270.5488683512
2006-11-03,1198392.0940650401
2006-11-06,1198533.6081043838
2006-11-07,1198533.6081043838
2006-11-08,1198533.6081043838
2006-11-09,1198356.4759911788
2006-11-10,1198374.77556903
2006-11-13,1198589.6109161547
2006-11-14,1198383.3813815382
2006-11-15,1198657.3871113905
2006-11-16,1198734.6878028575
2006-11-17,1198711.920426706
2006-11-20,1198758.0092509189
2006-11-21,1198815.160208172
2006-11-22,1198879.3455386218
2006-11-23,1198880.0736550526
2006-11-24,1199262.9067064994
2006-11-27,1199320.3498481314
2006-11-28,1199501.5212691282
2006-11-29,1199340.118650137
2006-11-30,1199954.427421766
2006-12-01,1200508.814337738
2006-12-04,1200523.7598743716
2006-12-05,1200475.872620015
2006-12-06,1200355.1189192021
2006-12-07,1200287.5432513857
2006-12-08,1200412.2566017336
2006-12-11,1200412.2566017336
2006-12-12,1200508.9652851878
2006-12-13,1200865.0751008182
2006-12-14,1200703.942714293
2006-12-15,1200771.462872579
2006-12-18,1200709.5120773565
2006-12-19,1200752.537232797
2006-12-20,1200984.0672618875
2006-12-21,1200862.7915638278
2006-12-22,1200619.7413256888
2006-12-25,1200619.7413256888
2006-12-26,1200761.6983431648
2006-12-27,1200923.0573035476
2006-12-28,1200953.085461236
2006-12-29,1201057.3890687672
2007-01-01,1201057.3890687672
2007-01-02,1201420.8268198825
2007-01-03,1201318.033482163
2007-01-04,1201012.197581195
2007-01-05,1200312.963753385
2007-01-08,1200240.6523883229
2007-01-09,1200648.9786183487
2007-01-10,1200648.9786183487
2007-01-11,1200809.3028055797
2007-01-12,1200912.6353002663
2007-01-15,1200946.7542786428
2007-01-16,1200709.0799983433
2007-01-17,1200457.454607305
2007-01-18,1200189.2035950387
2007-01-19,1200320.957842281
2007-01-22,1200222.061206299
2007-01-23,1200238.8235112175
2007-01-24,1200162.6276018012
2007-01-25,1199809.8699556512
2007-01-26,1199894.9289705083
2007-01-29,1199865.3921171194
2007-01-30,1199991.276230317
2007-01-31,1199991.276230317
2007-02-01,1199991.276230317
2007-02-02,1199763.425437783
2007-02-05,1199786.9268337076
2007-02-06,1199952.5752511122
2007-02-07,1199967.324921303
2007-02-08,1199887.831008899
2007-02-09,1199793.0116985252
2007-02-12,1199618.2044646204
2007-02-13,1199869.6168317597
2007-02-14,1199992.6621792458
2007-02-15,1199975.892246332
2007-02-16,1199958.6058264289
2007-02-19,1200054.0941179611
2007-02-20,1200003.6267051857
2007-02-21,1199729.1135402885
2007-02-22,1199758.8608198154
2007-02-23,1199685.4898293407
2007-02-26,1199751.881197049
2007-02-27,1198111.1167746806
2007-02-28,1198266.1503893153
2007-03-01,1198246.3299572936
2007-03-02,1198246.3299572936
2007-03-05,1198246.3299572936
2007-03-06,1198246.3299572936
2007-03-07,1198246.3299572936
2007-03-08,1198246.3299572936
2007-03-09,1198246.3299572936
2007-03-12,1198246.3299572936
2007-03-13,1198246.3299572936
2007-03-14,1198246.3299572936
2007-03-15,1198246.3299572936
2007-03-16,1198246.3299572936
2007-03-19,1198201.238820291
2007-03-20,1198298.5309003803
2007-03-21,1198687.3016488652
2007-03-22,1198687.3016488652
2007-03-23,1198687.3016488652
2007-03-26,1198687.3016488652
2007-03-27,1198602.609027768
2007-03-28,1198508.3890721702
2007-03-29,1198645.3981139758
2007-03-30,1198645.3981139758
2007-04-02,1198645.3981139758
2007-04-03,1198489.9176764707
2007-04-04,1198819.3319729299
2007-04-05,1198819.3319729299
2007-04-06,1198541.730513071
2007-04-09,1198509.4560005316
2007-04-10,1198897.4551402181
2007-04-11,1198973.3303249388
2007-04-12,1199080.73878802
2007-04-13,1199579.6154794781
2007-04-16,1199759.109799725
2007-04-17,1199699.822964949
2007-04-18,1199670.2640141544
2007-04-19,1199146.6440884029
2007-04-20,1199625.1420468139
2007-04-23,1199090.7322028023
2007-04-24,1199097.046528156
2007-04-25,1199556.3727968617
2007-04-26,1199041.1602483045
2007-04-27,1199494.2260453445
2007-04-30,1199224.8874157849
2007-05-01,1199255.3363226817
2007-05-02,1199544.5848825672
2007-05-03,1199538.2336915524
2007-05-04,1199820.7728345932
2007-05-07,1199949.4363634586
2007-05-08,1199949.4363634586
2007-05-09,1199949.4363634586
2007-05-10,1199949.4363634586
2007-05-11,1199949.4363634586
2007-05-14,1199949.4363634586
2007-05-15,1199949.4363634586
2007-05-16,1199751.880535646
2007-05-17,1199885.4652597313
2007-05-18,1199885.4652597313
2007-05-21,1199934.4423450504
2007-05-22,1199745.1623064838
2007-05-23,1199984.4939962064
2007-05-24,1199984.4939962064
2007-05-25,1199984.4939962064
2007-05-28,1199984.4939962064
2007-05-29,1199984.4939962064
2007-05-30,1199955.6495712101
2007-05-31,1200098.0477336561
2007-06-01,1200306.3525106537
2007-06-04,1200395.4522740222
2007-06-05,1200102.2360002021
2007-06-06,1199672.2045922487
2007-06-07,1198971.1650182928
2007-06-08,1198759.3072361744
2007-06-11,1198912.1794458549
2007-06-12,1198912.1794458549
2007-06-13,1198912.1794458549
2007-06-14,1198836.276427378
2007-06-15,1199038.911517508
2007-06-18,1199051.5033943993
2007-06-19,1199032.2247147348
2007-06-20,1198531.3454972932
2007-06-21,1198795.744113589
2007-06-22,1198567.012579527
2007-06-25,1198576.5055258141
2007-06-26,1198230.072253405
2007-06-27,1197720.4035574354
2007-06-28,1198017.7076576415
2007-06-29,1198017.7076576415
2007-07-02,1198121.7939600379
2007-07-03,1197992.887556859
2007-07-04,1198179.6893303832
2007-07-05,1198215.1965579172
2007-07-06,1198313.2159547096
2007-07-09,1198524.126625954
2007-07-10,1197598.881887643
2007-07-11,1198216.6579674415
2007-07-12,1198379.1516136483
2007-07-13,1198612.142091545
2007-07-16,1198589.7206048532
2007-07-17,1198928.2911950464
2007-07-18,1199287.0257380418
2007-07-19,1199293.7262530061
2007-07-20,1198885.8893440873
2007-07-23,1199230.4364199506
2007-07-24,1199074.1597384398
2007-07-25,1199070.3151801003
2007-07-26,1198615.5064967247
2007-07-27,1198365.4036321915
2007-07-30,1198245.3836357722
2007-07-31,1198267.3558355088
2007-08-01,1197904.151707232
2007-08-02,1197883.6078118153
2007-08-03,1197666.9791327382
2007-08-06,1197096.905152526
2007-08-07,1197050.329181913
2007-08-08,1196924.5032485102
2007-08-09,1196924.5032485102
2007-08-10,1196924.5032485102
2007-08-13,1196924.5032485102
2007-08-14,1196924.5032485102
2007-08-15,1196924.5032485102
2007-08-16,1196924.5032485102
2007-08-17,1196924.5032485102
2007-08-20,1196924.5032485102
2007-08-21,1196924.5032485102
2007-08-22,1196924.5032485102
2007-08-23,1196924.5032485102
2007-08-24,1196924.5032485102
2007-08-27,1196924.5032485102
2007-08-28,1196924.5032485102
2007-08-29,1196924.5032485102
2007-08-30,1196924.5032485102
2007-08-31,1196924.5032485102
2007-09-03,1196924.5032485102
2007-09-04,1196924.5032485102
2007-09-05,1196924.5032485102
2007-09-06,1196924.5032485102
2007-09-07,1197144.5981987591
2007-09-10,1197144.5981987591
2007-09-11,1197144.5981987591
2007-09-12,1197145.818451401
2007-09-13,1196959.183132286
2007-09-14,1197073.7205963861
2007-09-17,1197252.7432377061
2007-09-18,1197980.3409241668
2007-09-19,1197932.374926175
2007-09-20,1198088.7425888726
2007-09-21,1198398.9920890178
2007-09-24,1198360.3546925178
2007-09-25,1198532.896139278
2007-09-26,1198595.122244075
2007-09-27,1198660.3985752282
2007-09-28,1198419.2680016563
2007-10-01,1198385.0970370132
2007-10-02,1197573.4077032262
2007-10-03,1197546.030196209
2007-10-04,1197867.8374717534
2007-10-05,1198111.6502068623
2007-10-08,1198029.5063684355
2007-10-09,1198399.9193777135
2007-10-10,1198415.0564672244
2007-10-11,1198525.289071491
2007-10-12,1198769.719165034
2007-10-15,1198668.5279563162
2007-10-16,1198906.3203107135
2007-10-17,1199039.3435906987
2007-10-18,1199039.3435906987
2007-10-19,1198783.078647205
2007-10-22,1197356.56616915
2007-10-23,1197906.6983721887
2007-10-24,1198208.1058660655
2007-10-25,1198317.079451418
2007-10-26,1198762.0028109245
2007-10-29,1198826.741696309
2007-10-30,1198234.7210045701
2007-10-31,1199076.8236211874
2007-11-01,1198341.9083919579
2007-11-02,1198669.896951868
2007-11-05,1198504.581248497
2007-11-06,1199063.2261945794
2007-11-07,1199196.9404105907
2007-11-08,1199656.5355277134
2007-11-09,1199656.5355277134
2007-11-12,1199753.1240795269
2007-11-13,1199416.8530302225
2007-11-14,1199364.6183861776
2007-11-15,1199525.9394622352
2007-11-16,1199525.9394622352
2007-11-19,1199525.9394622352
2007-11-20,1199665.169396113
2007-11-21,1199630.2883377743
2007-11-22,1199484.1609678639
2007-11-23,1199646.3134207025
2007-11-26,1199763.8822527933
2007-11-27,1199471.570464497
2007-11-28,1199471.570464497
2007-11-29,1199471.570464497
2007-11-30,1199471.570464497
2007-12-03,1199471.570464497
2007-12-04,1199471.570464497
2007-12-05,1199471.570464497
2007-12-06,1199471.570464497
2007-12-07,1199471.570464497
2007-12-10,1199471.570464497
2007-12-11,1199471.570464497
2007-12-12,1199471.570464497
2007-12-13,1199471.570464497
2007-12-14,1199471.570464497
2007-12-17,1199471.570464497
2007-12-18,1199471.570464497
2007-12-19,1199471.570464497
2007-12-20,1199471.570464497
2007-12-21,1199471.570464497
2007-12-24,1199471.570464497
2007-12-25,1199471.570464497
2007-12-26,1199471.570464497
2007-12-27,1199471.570464497
2007-12-28,1199471.570464497
2007-12-31,1199471.570464497
2008-01-01,1199471.570464497
2008-01-02,1199471.570464497
2008-01-03,1199607.9489877303
2008-01-04,1199607.9489877303
2008-01-07,1199607.9489877303
2008-01-08,1199607.9489877303
2008-01-09,1199650.821931111
2008-01-10,1199604.803613417
2008-01-11,1199716.6528752125
2008-01-14,1199636.6369286503
2008-01-15,1199961.1438500385
2008-01-16,1199961.1438500385
2008-01-17,1200278.031786159
2008-01-18,1200453.9498295812
2008-01-21,1200453.9498295812
2008-01-22,1198515.7566019553
2008-01-23,1199367.3321471051
2008-01-24,1199367.3321471051
2008-01-25,1199367.3321471051
2008-01-28,1199367.3321471051
2008-01-29,1199306.0129663837
2008-01-30,1199445.4156892686
2008-01-31,1199445.4156892686
2008-02-01,1199445.4156892686
2008-02-04,1199533.9934852112
2008-02-05,1199309.6545249566
2008-02-06,1199281.255557972
2008-02-07,1199255.7627536394
2008-02-08,1199282.9767437475
2008-02-11,1199412.3955382993
2008-02-12,1199412.3955382993
2008-02-13,1199412.3955382993
2008-02-14,1199412.3955382993
2008-02-15,1199412.3955382993
2008-02-18,1199412.3955382993
2008-02-19,1199543.3891164744
2008-02-20,1199543.3891164744
2008-02-21,1199318.94210199
2008-02-22,1199459.502547806
2008-02-25,1199380.5856072383
2008-02-26,1199633.6110055298
2008-02-27,1199638.3141422977
2008-02-28,1200080.5463192535
2008-02-29,1199807.35147465
2008-03-03,1200062.6885960365
2008-03-04,1199990.4210868364
2008-03-05,1200138.4323804085
2008-03-06,1200066.7675141594
2008-03-07,1199897.1656676824
2008-03-10,1200087.0094220915
2008-03-11,1199691.8683570619
2008-03-12,1200179.4468486642
2008-03-13,1200443.4842045722
2008-03-14,1200588.6761544456
2008-03-17,1200741.677190102
2008-03-18,1200030.487046607
2008-03-19,1200372.9166518375
2008-03-20,1200372.9166518375
2008-03-21,1200372.9166518375
2008-03-24,1200372.9166518375
2008-03-25,1200372.9166518375
2008-03-26,1200372.9166518375
2008-03-27,1200372.9166518375
2008-03-28,1200372.9166518375
2008-03-31,1200372.9166518375
2008-04-01,1200372.9166518375
2008-04-02,1200372.9166518375
2008-04-03,1200372.9166518375
2008-04-04,1200372.9166518375
2008-04-07,1200372.9166518375
2008-04-08,1200372.9166518375
2008-04-09,1200372.9166518375
2008-04-10,1200372.9166518375
2008-04-11,1200372.9166518375
2008-04-14,1200372.9166518375
2008-04-15,1200372.9166518375
2008-04-16,1200482.5650461963
2008-04-17,1200369.7316693175
2008-04-18,1200379.107846308
2008-04-21,1200518.9167963373
2008-04-22,1200659.8374068844
2008-04-23,1200498.4850186831
2008-04-24,1200180.042113124
2008-04-25,1200098.5673674534
2008-04-28,1200141.4400367334
2008-04-29,1200005.2165356388
2008-04-30,1200087.0686967752
2008-05-01,1199851.7454550718
2008-05-02,1199784.962868075
2008-05-05,1199929.547266241
2008-05-06,1199929.547266241
2008-05-07,1200054.7769564386
2008-05-08,1200054.7769564386
2008-05-09,1200186.0695962666
2008-05-12,1200186.0695962666
2008-05-13,1200186.0695962666
2008-05-14,1200186.0695962666
2008-05-15,1200186.0695962666
2008-05-16,1200186.0695962666
2008-05-19,1200138.356513721
2008-05-20,1200327.6099349419
2008-05-21,1200472.0301835344
2008-05-22,1200347.0473097495
2008-05-23,1200490.3929558008
2008-05-26,1200490.3929558008
2008-05-27,1200490.3929558008
2008-05-28,1200490.3929558008
2008-05-29,1200519.8866650173
2008-05-30,1200529.9975021165
2008-06-02,1200325.1508802748
2008-06-03,1200460.1442999803
2008-06-04,1200460.1442999803
2008-06-05,1200460.1442999803
2008-06-06,1200043.9154227967
2008-06-09,1199995.7226051618
2008-06-10,1199648.5085848174
2008-06-11,1199633.9685798346
2008-06-12,1199809.5370312538
2008-06-13,1199809.5370312538
2008-06-16,1199809.5370312538
2008-06-17,1199817.6325586585
2008-06-18,1199826.5286598406
2008-06-19,1199811.375947925
2008-06-20,1199819.2973686971
2008-06-23,1199785.618043945
2008-06-24,1200176.9822886684
2008-06-25,1200179.3229331486
2008-06-26,1199942.766599499
2008-06-27,1199995.4344321243
2008-06-30,1199574.035691234
2008-07-01,1200101.3248508903
2008-07-02,1200370.854950657
2008-07-03,1200166.7657926597
2008-07-04,1200194.948755641
2008-07-07,1200058.7427593549
2008-07-08,1199542.1932323405
2008-07-09,1199662.222170145
2008-07-10,1199791.344243675
2008-07-11,1199942.0023777043
2008-07-14,1200033.5715142577
2008-07-15,1200619.6733930358
2008-07-16,1200213.2666137693
2008-07-17,1200143.6706400015
2008-07-18,1199927.5903021349
2008-07-21,1200288.9155511074
2008-07-22,1200048.085516071
2008-07-23,1199980.045615722
2008-07-24,1200111.561610212
2008-07-25,1200111.561610212
2008-07-28,1200111.561610212
2008-07-29,1200111.561610212
2008-07-30,1200111.561610212
2008-07-31,1200111.561610212
2008-08-01,1200111.561610212
2008-08-04,1200111.561610212
2008-08-05,1200111.561610212
2008-08-06,1200111.561610212
2008-08-07,1200240.4822809873
2008-08-08,1200240.4822809873
2008-08-11,1200405.4723144183
2008-08-12,1200282.8943095212
2008-08-13,1200611.9490715475
2008-08-14,1200611.9490715475
2008-08-15,1200611.9490715475
2008-08-18,1200611.9490715475
2008-08-19,1200611.9490715475
2008-08-20,1200611.9490715475
2008-08-21,1200611.9490715475
2008-08-22,1200611.9490715475
2008-08-25,1200611.9490715475
2008-08-26,1200611.9490715475
2008-08-27,1200675.0663237143
2008-08-28,1200758.5591343418
2008-08-29,1200896.7826212086
2008-09-01,1200896.7826212086
2008-09-02,1201377.7857795157
2008-09-03,1201377.7857795157
2008-09-04,1201553.9004507614
2008-09-05,1201949.8271160545
2008-09-08,1201949.8271160545
2008-09-09,1202091.4979373328
2008-09-10,1202222.9195442558
2008-09-11,1202532.7053761058
2008-09-12,1202206.1547409655
2008-09-15,1202354.4348138608
2008-09-16,1202872.588892072
2008-09-17,1202872.588892072
2008-09-18,1203690.0993140624
2008-09-19,1203690.0993140624
2008-09-22,1203690.0993140624
2008-09-23,1203690.0993140624
2008-09-24,1203690.0993140624
2008-09-25,1203690.0993140624
2008-09-26,1203690.0993140624
2008-09-29,1203690.0993140624
2008-09-30,1202495.2916325307
2008-10-01,1202929.7404049826
2008-10-02,1203088.5544616473
2008-10-03,1203149.2480374258
2008-10-06,1204487.9435844542
2008-10-07,1204360.9644496776
2008-10-08,1205094.2632703725
2008-10-09,1205247.7871524738
2008-10-10,1205988.213817819
2008-10-13,1204738.9655869843
2008-10-14,1204956.9972057403
2008-10-15,1205308.566991684
2008-10-16,1205463.503515506
2008-10-17,1205463.503515506
2008-10-20,1205463.503515506
2008-10-21,1205463.503515506
2008-10-22,1205871.0351774136
2008-10-23,1205946.8059003719
2008-10-24,1206311.868167218
2008-10-27,1207143.909007644
2008-10-28,1206224.336829539
2008-10-29,1205927.8003654152
2008-10-30,1205749.3549272558
2008-10-31,1205940.1926450543
2008-11-03,1205922.5816460107
2008-11-04,1205806.459343214
2008-11-05,1206009.2603186509
2008-11-06,1206011.1473563493
2008-11-07,1205982.7551195666
2008-11-10,1205945.8025289064
2008-11-11,1206087.623818464
2008-11-12,1206087.623818464
2008-11-13,1206045.1858033158
2008-11-14,1206182.7455339925
2008-11-17,1206182.7455339925
2008-11-18,1206182.7455339925
2008-11-19,1206235.2275891495
2008-11-20,1206734.2027901337
2008-11-21,1206745.6261931725
2008-11-24,1206745.6261931725
2008-11-25,1206745.6261931725
2008-11-26,1206745.6261931725
2008-11-27,1206745.6261931725
2008-11-28,1206745.6261931725
2008-12-01,1206745.6261931725
2008-12-02,1206745.6261931725
2008-12-03,1206774.7651033609
2008-12-04,1206907.6732436945
2008-12-05,1206907.6732436945
2008-12-08,1206773.7767424008
2008-12-09,1206862.7815439962
2008-12-10,1206776.6171151113
2008-12-11,1206584.6630167933
2008-12-12,1206714.0049335528
2008-12-15,1206714.0049335528
2008-12-16,1206714.0049335528
2008-12-17,1206714.0049335528
2008-12-18,1206714.0049335528
2008-12-19,1206668.3510859932
2008-12-22,1206807.2568488668
2008-12-23,1206807.2568488668
2008-12-24,1207009.3003139098
2008-12-25,1207009.3003139098
2008-12-26,1207009.3003139098
2008-12-29,1207009.3003139098
2008-12-30,1207015.90858855
2008-12-31,1206852.158989311
2009-01-01,1206805.2316449473
2009-01-02,1206936.4541154488
2009-01-05,1206936.4541154488
2009-01-06,1206936.4541154488
2009-01-07,1206936.4541154488
2009-01-08,1206936.4541154488
2009-01-09,1206936.4541154488
2009-01-12,1206936.4541154488
2009-01-13,1206936.4541154488
2009-01-14,1206936.4541154488
2009-01-15,1206936.4541154488
2009-01-16,1206936.4541154488
2009-01-19,1206936.4541154488
2009-01-20,1206936.4541154488
2009-01-21,1207085.0000708397
2009-01-22,1207233.508942123
2009-01-23,1207233.508942123
2009-01-26,1207233.508942123
2009-01-27,1207233.508942123
2009-01-28,1207233.508942123
2009-01-29,1207233.508942123
2009-01-30,1207233.508942123
2009-02-02,1207025.8169481822
2009-02-03,1206979.5259552351
2009-02-04,1207030.9439675733
2009-02-05,1207199.886478392
2009-02-06,1207199.886478392
2009-02-09,1207199.886478392
2009-02-10,1207199.886478392
2009-02-11,1207199.886478392
2009-02-12,1207273.461344959
2009-02-13,1206935.2184319806
2009-02-16,1206862.4802736063
2009-02-17,1207151.952124067
2009-02-18,1207251.574329111
2009-02-19,1207067.0630296585
2009-02-20,1207335.8524934389
2009-02-23,1207658.8523200967
2009-02-24,1207297.5904678751
2009-02-25,1207537.6682957828
2009-02-26,1207537.6682957828
2009-02-27,1207537.6682957828
2009-03-02,1207779.7357173965
2009-03-03,1208085.2372330213
2009-03-04,1207422.6937457332
2009-03-05,1207865.068911596
2009-03-06,1207865.068911596
2009-03-09,1207865.068911596
2009-03-10,1207650.5100465433
2009-03-11,1207682.363478413
2009-03-12,1207608.740825105
2009-03-13,1207537.0170232316
2009-03-16,1207530.6890534693
2009-03-17,1207510.1582508679
2009-03-18,1207240.4929791894
2009-03-19,1207148.840501197
2009-03-20,1207171.2231278073
2009-03-23,1206976.8920166842
2009-03-24,1207049.7475348578
2009-03-25,1207063.8093013675
2009-03-26,1207033.6316167635
2009-03-27,1207159.9102395514
2009-03-30,1207159.9102395514
2009-03-31,1207159.9102395514
2009-04-01,1207159.9102395514
2009-04-02,1207159.9102395514
2009-04-03,1207159.9102395514
2009-04-06,1207159.9102395514
2009-04-07,1207159.9102395514
2009-04-08,1207159.9102395514
2009-04-09,1207159.9102395514
2009-04-10,1207159.9102395514
2009-04-13,1207159.9102395514
2009-04-14,1207159.9102395514
2009-04-15,1207159.9102395514
2009-04-16,1207159.9102395514
2009-04-17,1207159.9102395514
2009-04-20,1207159.9102395514
2009-04-21,1207159.9102395514
2009-04-22,1207159.9102395514
2009-04-23,1207159.9102395514
2009-04-24,1207159.9102395514
2009-04-27,1207159.9102395514
2009-04-28,1207159.9102395514
2009-04-29,1207159.9102395514
2009-04-30,1207159.9102395514
2009-05-01,1207159.9102395514
2009-05-04,1207159.9102395514
2009-05-05,1207159.9102395514
2009-05-06,1207159.9102395514
2009-05-07,1207159.9102395514
2009-05-08,1207159.9102395514
2009-05-11,1207159.9102395514
2009-05-12,1207159.9102395514
2009-05-13,1207159.9102395514
2009-05-14,1207159.9102395514
2009-05-15,1207159.9102395514
2009-05-18,1207159.9102395514
2009-05-19,1207159.9102395514
2009-05-20,1207159.9102395514
2009-05-21,1207159.9102395514
2009-05-22,1207159.9102395514
2009-05-25,1207159.9102395514
2009-05-26,1207159.9102395514
2009-05-27,1207159.9102395514
2009-05-28,1207159.9102395514
2009-05-29,1207159.9102395514
2009-06-01,1207217.544763172
2009-06-02,1207367.9361506081
2009-06-03,1207018.780424346
2009-06-04,1207055.8526999496
2009-06-05,1206908.9172910016
2009-06-08,1206842.1448558746
2009-06-09,1206985.355591899
2009-06-10,1206985.355591899
2009-06-11,1206985.355591899
2009-06-12,1206964.805339312
2009-06-15,1206668.68812705
2009-06-16,1206484.9474686899
2009-06-17,1206418.1557427745
2009-06-18,1206595.2097154495
2009-06-19,1206595.2097154495
2009-06-22,1206595.2097154495
2009-06-23,1206595.2097154495
2009-06-24,1206595.2097154495
2009-06-25,1206595.2097154495
2009-06-26,1206595.2097154495
2009-06-29,1206595.2097154495
2009-06-30,1206595.2097154495
2009-07-01,1206595.2097154495
2009-07-02,1206595.2097154495
2009-07-03,1206595.2097154495
2009-07-06,1206595.2097154495
2009-07-07,1206595.2097154495
2009-07-08,1206595.2097154495
2009-07-09,1206595.2097154495
2009-07-10,1206595.2097154495
2009-07-13,1206595.2097154495
2009-07-14,1206595.2097154495
2009-07-15,1206595.2097154495
2009-07-16,1206595.2097154495
2009-07-17,1206595.2097154495
2009-07-20,1206705.5885401748
2009-07-21,1206705.5885401748
2009-07-22,1206675.2856541588
2009-07-23,1206839.5812759204
2009-07-24,1206839.5812759204
2009-07-27,1206839.5812759204
2009-07-28,1206839.5812759204
2009-07-29,1206700.1373146174
2009-07-30,1207017.5324905224
2009-07-31,1207017.5324905224
2009-08-03,1207144.9883666362
2009-08-04,1207083.715930674
2009-08-05,1207018.8018527501
2009-08-06,1206668.8937839838
2009-08-07,1206222.5819589924
2009-08-10,1205726.93726732
2009-08-11,1205096.5113068582
2009-08-12,1205738.938486245
2009-08-13,1206059.2581271515
2009-08-14,1205987.2350131415
2009-08-17,1205690.9114614162
2009-08-18,1205819.5295595778
2009-08-19,1205819.5295595778
2009-08-20,1205819.5295595778
2009-08-21,1205819.5295595778
2009-08-24,1205707.6636316974
2009-08-25,1205870.5626050597
2009-08-26,1205888.3556297845
2009-08-27,1205922.8891267702
2009-08-28,1205892.5624684899
2009-08-31,1205799.6082938237
2009-09-01,1205491.6009638025
2009-09-02,1205455.315067931
2009-09-03,1205691.769585763
2009-09-04,1205833.4249749708
2009-09-07,1205909.241422966
2009-09-08,1206057.5513837556
2009-09-09,1206336.0503713032
2009-09-10,1206336.0503713032
2009-09-11,1206282.8797477444
2009-09-14,1206453.2020834591
2009-09-15,1206646.7696476902
2009-09-16,1207111.2267343283
2009-09-17,1207085.9109439757
2009-09-18,1206991.264343902
2009-09-21,1206764.7423979824
2009-09-22,1207266.7321077387
2009-09-23,1207266.7321077387
2009-09-24,1207266.7321077387
2009-09-25,1207266.7321077387
2009-09-28,1207266.7321077387
2009-09-29,1207266.7321077387
2009-09-30,1207266.7321077387
2009-10-01,1206967.1857238454
2009-10-02,1206857.7526814004
2009-10-05,1207018.8742267839
2009-10-06,1207018.8742267839
2009-10-07,1207050.0069973874
2009-10-08,1207511.389917603
2009-10-09,1207511.389917603
2009-10-12,1207682.1518177371
2009-10-13,1207682.1518177371
2009-10-14,1208067.1045316767
2009-10-15,1208074.6992161772
2009-10-16,1207765.691287521
2009-10-19,1208413.6260121032
2009-10-20,1208084.9405322461
2009-10-21,1208581.2953337857
2009-10-22,1208668.0344424394
2009-10-23,1208695.5348644725
2009-10-26,1208346.1911621843
2009-10-27,1208145.494821102
2009-10-28,1207397.3733999045
2009-10-29,1207695.8334324225
2009-10-30,1207695.8334324225
2009-11-02,1207695.8334324225
2009-11-03,1207695.8334324225
2009-11-04,1207882.2928322311
2009-11-05,1207882.2928322311
2009-11-06,1207882.2928322311
2009-11-09,1207882.2928322311
2009-11-10,1207888.8633804554
2009-11-11,1207787.9229109073
2009-11-12,1207689.4636137753
2009-11-13,1207949.4539904569
2009-11-16,1207949.4539904569
2009-11-17,1208048.856640976
2009-11-18,1208036.0238122302
2009-11-19,1207362.7186463538
2009-11-20,1207303.0336261825
2009-11-23,1207882.0211474984
2009-11-24,1207882.0211474984
2009-11-25,1207882.0211474984
2009-11-26,1207655.2942091594
2009-11-27,1207378.3662248857
2009-11-30,1207546.6754227178
2009-12-01,1207772.8039690875
2009-12-02,1207772.8039690875
2009-12-03,1207913.5583693204
2009-12-04,1207913.5583693204
2009-12-07,1207913.5583693204
2009-12-08,1207913.5583693204
2009-12-09,1207913.5583693204
2009-12-10,1207913.5583693204
2009-12-11,1207913.5583693204
2009-12-14,1207913.5583693204
2009-12-15,1207913.5583693204
2009-12-16,1207913.5583693204
2009-12-17,1207913.5583693204
2009-12-18,1207913.5583693204
2009-12-21,1207913.5583693204
2009-12-22,1208028.2965053164
2009-12-23,1208135.7583385098
2009-12-24,1208435.9797446877
2009-12-25,1208435.9797446877
2009-12-28,1208585.23521515
2009-12-29,1208547.9528424663
2009-12-30,1208645.984101472
2009-12-31,1208387.028526632
2010-01-01,1208387.028526632
2010-01-04,1208793.8826197188
2010-01-05,1208863.3728477668
2010-01-06,1208900.3435860192
2010-01-07,1208846.4024943446
2010-01-08,1209139.478352484
2010-01-11,1209326.6581427534
2010-01-12,1208705.6275045301
2010-01-13,1209151.8243368121
2010-01-14,1209151.8243368121
2010-01-15,1208829.0308460149
2010-01-18,1208934.687461226
2010-01-19,1208824.438532137
2010-01-20,1208135.2076463779
2010-01-21,1208214.8347228488
2010-01-22,1208342.3650637828
2010-01-25,1208342.3650637828
2010-01-26,1208342.3650637828
2010-01-27,1208333.1212551687
2010-01-28,1208463.9854164983
2010-01-29,1208463.9854164983
2010-02-01,1208463.9854164983
2010-02-02,1208463.9854164983
2010-02-03,1208463.9854164983
2010-02-04,1208463.9854164983
2010-02-05,1208737.8148333097
2010-02-08,1208824.4405217848
2010-02-09,1208528.860438424
2010-02-10,1208723.5446945813
2010-02-11,1208723.5446945813
2010-02-12,1208723.5446945813
2010-02-15,1208723.5446945813
2010-02-16,1208723.5446945813
2010-02-17,1208723.5446945813
2010-02-18,1208723.5446945813
2010-02-19,1208633.1788213446
2010-02-22,1208661.7447087357
2010-02-23,1208797.7921790604
2010-02-24,1208797.7921790604
2010-02-25,1208797.7921790604
2010-02-26,1208858.436360354
2010-03-01,1208908.0996576452
2010-03-02,1209070.7468534613
2010-03-03,1209041.868316024
2010-03-04,1209077.695995052
2010-03-05,1208791.601804566
2010-03-08,1208737.4531632056
2010-03-09,1208861.1218238429
2010-03-10,1209095.4157554596
2010-03-11,1209095.4157554596
2010-03-12,1209087.2342477657
2010-03-15,1209020.5684241233
2010-03-16,1209236.4653388916
2010-03-17,1209439.206239778
2010-03-18,1209422.0060858917
2010-03-19,1209488.3130585847
2010-03-22,1209682.9097631832
2010-03-23,1209823.847536868
2010-03-24,1209570.7002676586
2010-03-25,1209878.0779617107
2010-03-26,1209637.817313762
2010-03-29,1209510.3960587415
2010-03-30,1209582.7213072039
2010-03-31,1209616.3955977135
2010-04-01,1210105.8559314595
2010-04-02,1210105.8559314595
2010-04-05,1210137.2264417019
2010-04-06,1210329.5832766388
2010-04-07,1209597.886787851
2010-04-08,1209800.5541658548
2010-04-09,1210359.9562619454
2010-04-12,1210165.977663428
2010-04-13,1210386.1167448792
2010-04-14,1210917.8985764193
2010-04-15,1211002.8214249108
2010-04-16,1210796.454934481
2010-04-19,1210917.120896764
2010-04-20,1211040.2778604757
2010-04-21,1211040.2778604757
2010-04-22,1211040.2778604757
2010-04-23,1211040.2778604757
2010-04-26,1210905.228791493
2010-04-27,1210013.237614171
2010-04-28,1210224.4250779059
2010-04-29,1210148.2346476614
2010-04-30,1210057.0267076313
2010-05-03,1210347.2243058344
2010-05-04,1210347.2243058344
2010-05-05,1210535.7273297973
2010-05-06,1210535.7273297973
2010-05-07,1210277.7134486835
2010-05-10,1209856.2383512175
2010-05-11,1210373.5461486464
2010-05-12,1210373.5461486464
2010-05-13,1210283.0825792756
2010-05-14,1210446.5089431934
2010-05-17,1210572.3795210524
2010-05-18,1210572.3795210524
2010-05-19,1210218.8498141614
2010-05-20,1210356.6842750872
2010-05-21,1210356.6842750872
2010-05-24,1210356.6842750872
2010-05-25,1210356.6842750872
2010-05-26,1210356.6842750872
2010-05-27,1210356.6842750872
2010-05-28,1210356.6842750872
2010-05-31,1210356.6842750872
2010-06-01,1210356.6842750872
2010-06-02,1210356.6842750872
2010-06-03,1210356.6842750872
2010-06-04,1210356.6842750872
2010-06-07,1210422.5241898852
2010-06-08,1210358.0260786747
2010-06-09,1210330.102685619
2010-06-10,1210164.710595352
2010-06-11,1210157.686728321
2010-06-14,1210020.6915605178
2010-06-15,1209872.03363508
2010-06-16,1209904.5152380238
2010-06-17,1209793.9035520123
2010-06-18,1209783.0782121604
2010-06-21,1209489.2833486476
2010-06-22,1209654.6953026042
2010-06-23,1209569.6666243717
2010-06-24,1209642.8025825776
2010-06-25,1209726.0140416943
2010-06-28,1209845.6163467595
2010-06-29,1209845.6163467595
2010-06-30,1209831.6777452559
2010-07-01,1209796.8798547783
2010-07-02,1209748.917983442
2010-07-05,1209772.2094810116
2010-07-06,1209707.5964539186
2010-07-07,1209841.5391686913
2010-07-08,1209841.5391686913
2010-07-09,1209841.5391686913
2010-07-12,1209841.5391686913
2010-07-13,1209841.5391686913
2010-07-14,1209841.5391686913
2010-07-15,1209841.5391686913
2010-07-16,1209841.5391686913
2010-07-19,1209841.5391686913
2010-07-20,1209841.5391686913
2010-07-21,1209841.5391686913
2010-07-22,1209841.5391686913
2010-07-23,1209841.5391686913
2010-07-26,1209841.5391686913
2010-07-27,1209841.5391686913
2010-07-28,1209841.5391686913
2010-07-29,1209841.5391686913
2010-07-30,1209841.5391686913
2010-08-02,1209841.5391686913
2010-08-03,1209961.2792475848
2010-08-04,1210029.460336567
2010-08-05,1209987.2083735382
2010-08-06,1209899.8100895097
2010-08-09,1209915.5461052235
2010-08-10,1209752.8282029596
2010-08-11,1208645.296732918
2010-08-12,1208611.5674488943
2010-08-13,1208735.313329171
2010-08-16,1208690.027792113
2010-08-17,1208943.1929502743
2010-08-18,1208943.1929502743
2010-08-19,1208943.1929502743
2010-08-20,1208943.1929502743
2010-08-23,1208943.1929502743
2010-08-24,1208943.1929502743
2010-08-25,1208939.1800563922
2010-08-26,1208895.0023613959
2010-08-27,1208682.6667434587
2010-08-30,1208806.6523524476
2010-08-31,1208806.6523524476
2010-09-01,1208806.6523524476
2010-09-02,1208806.6523524476
2010-09-03,1208806.6523524476
2010-09-06,1208770.6286039106
2010-09-07,1208626.3821704295
2010-09-08,1208744.5793731292
2010-09-09,1208744.5793731292
2010-09-10,1208872.5971235987
2010-09-13,1209117.1728354627
2010-09-14,1209132.6967926035
2010-09-15,1209198.9020189708
2010-09-16,1209284.7439717008
2010-09-17,1209380.220394909
2010-09-20,1209567.639130935
2010-09-21,1209492.8130912152
2010-09-22,1209569.1816880042
2010-09-23,1209303.4953617658
2010-09-24,1209737.6361323954
2010-09-27,1209553.2004976496
2010-09-28,1209778.2663835231
2010-09-29,1209788.024844863
2010-09-30,1209633.4253835487
2010-10-01,1209760.6114367521
2010-10-04,1209558.1575195706
2010-10-05,1209922.186876567
2010-10-06,1209903.862970268
2010-10-07,1210198.584216585
2010-10-08,1210265.128400289
2010-10-11,1210302.9732002015
2010-10-12,1210395.1905099773
2010-10-13,1210785.1561198803
2010-10-14,1210943.2246448593
2010-10-15,1210813.8187083304
2010-10-18,1210603.42743649
2010-10-19,1209893.4950465332
2010-10-20,1210258.9799527698
2010-10-21,1210258.9799527698
2010-10-22,1210258.9799527698
2010-10-25,1210258.9799527698
2010-10-26,1210318.0395625941
2010-10-27,1210340.0165444864
2010-10-28,1210397.558959077
2010-10-29,1210359.0530300094
2010-11-01,1210477.1087413253
2010-11-02,1210477.1087413253
2010-11-03,1210639.7241610815
2010-11-04,1211193.333606241
2010-11-05,1210929.7101236044
2010-11-08,1210618.271636142
2010-11-09,1209969.7845446223
2010-11-10,1210244.3337728782
2010-11-11,1210027.8732090497
2010-11-12,1209549.6598516088
2010-11-15,1209855.5376706077
2010-11-16,1209469.5371512591
2010-11-17,1209530.114377085
2010-11-18,1209657.6630909313
2010-11-19,1209657.6630909313
2010-11-22,1209657.6630909313
2010-11-23,1209657.6630909313
2010-11-24,1209657.6630909313
2010-11-25,1209657.6630909313
2010-11-26,1209657.6630909313
2010-11-29,1209657.6630909313
2010-11-30,1209657.6630909313
2010-12-01,1209657.6630909313
2010-12-02,1209657.6630909313
2010-12-03,1209657.6630909313
2010-12-06,1209593.4824113762
2010-12-07,1209730.5442357413
2010-12-08,1209730.5442357413
2010-12-09,1209730.5442357413
2010-12-10,1209730.5442357413
2010-12-13,1209649.4126237417
2010-12-14,1209807.3092398476
2010-12-15,1209616.1889187915
2010-12-16,1209816.3246518287
2010-12-17,1209752.8039277028
2010-12-20,1209730.8032394943
2010-12-21,1210012.2295562217
2010-12-22,1210167.7003695683
2010-12-23,1210085.3919379201
2010-12-24,1210139.9993183655
2010-12-27,1210090.0539721292
2010-12-28,1210175.2064022594
2010-12-29,1210238.0555435698
2010-12-30,1210032.8833212215
2010-12-31,1209909.6564625
2011-01-03,1209905.2927669922
2011-01-04,1209812.4165321724
2011-01-05,1209617.5032900928
2011-01-06,1209627.5675765472
2011-01-07,1209735.3740481222
2011-01-10,1209783.126008619
2011-01-11,1209393.5564157192
2011-01-12,1209213.9613798948
2011-01-13,1208294.8303761026
2011-01-14,1208441.2971120586
2011-01-17,1208347.8875652647
2011-01-18,1208602.7850318905
2011-01-19,1208242.5750836069
2011-01-20,1208229.9554016101
2011-01-21,1208412.8333685475
2011-01-24,1208412.8333685475
2011-01-25,1208412.8333685475
2011-01-26,1208412.8333685475
2011-01-27,1208412.8333685475
2011-01-28,1208412.8333685475
2011-01-31,1208412.8333685475
2011-02-01,1208412.8333685475
2011-02-02,1208472.6488513069
2011-02-03,1208238.8612305375
2011-02-04,1208220.3896525444
2011-02-07,1208394.551886554
2011-02-08,1208611.2629750639
2011-02-09,1208238.6868311733
2011-02-10,1208139.156699876
2011-02-11,1208619.3568534881
2011-02-14,1208694.9221670346
2011-02-15,1208713.7185869645
2011-02-16,1208830.0023928822
2011-02-17,1209101.6485819167
2011-02-18,1209108.1397549412
2011-02-21,1208597.2058573824
2011-02-22,1207992.6211796599
2011-02-23,1207534.5197603893
2011-02-24,1207747.0980884961
2011-02-25,1207886.850652067
2011-02-28,1208013.5454486967
2011-03-01,1208013.5454486967
2011-03-02,1208024.7645067999
2011-03-03,1207934.876834686
2011-03-04,1208082.8896118153
2011-03-07,1208190.7860488098
2011-03-08,1208071.2473693693
2011-03-09,1208078.1543644487
2011-03-10,1207869.7456543373
2011-03-11,1207993.0250160012
2011-03-14,1207993.0250160012
2011-03-15,1207993.0250160012
2011-03-16,1207993.0250160012
2011-03-17,1207993.0250160012
2011-03-18,1207993.0250160012
2011-03-21,1208059.569484366
2011-03-22,1208022.2381256067
2011-03-23,1207598.725437129
2011-03-24,1207562.4771367388
2011-03-25,1207581.8280229191
2011-03-28,1207488.6935966166
2011-03-29,1207516.3561686042
2011-03-30,1207783.1857507771
2011-03-31,1207812.4597760136
2011-04-01,1208193.7483889724
2011-04-04,1208040.1954805367
2011-04-05,1208032.3935383838
2011-04-06,1208641.8319816221
2011-04-07,1208576.4619362243
2011-04-08,1209168.9749968266
2011-04-11,1209059.073361778
2011-04-12,1208666.3488215427
2011-04-13,1208944.154433142
2011-04-14,1208944.154433142
2011-04-15,1208944.154433142
2011-04-18,1209076.740538505
2011-04-19,1209076.740538505
2011-04-20,1209076.740538505
2011-04-21,1209572.9545286663
2011-04-22,1209599.8810708148
2011-04-25,1209704.7732915452
2011-04-26,1209689.1105943278
2011-04-27,1210140.0832793047
2011-04-28,1210293.5671472056
2011-04-29,1210814.1941177035
2011-05-02,1210698.3839572368
2011-05-03,1210097.7861649604
2011-05-04,1209849.214174126
2011-05-05,1209144.5972402354
2011-05-06,1209285.678341408
2011-05-09,1209285.678341408
2011-05-10,1209285.678341408
2011-05-11,1209285.678341408
2011-05-12,1209285.678341408
2011-05-13,1209285.678341408
2011-05-16,1209285.678341408
2011-05-17,1209285.678341408
2011-05-18,1209285.678341408
2011-05-19,1209285.678341408
2011-05-20,1209285.678341408
2011-05-23,1209285.678341408
2011-05-24,1209285.678341408
2011-05-25,1209285.678341408
2011-05-26,1209285.678341408
2011-05-27,1209285.678341408
2011-05-30,1209285.678341408
2011-05-31,1209285.678341408
2011-06-01,1209285.678341408
2011-06-02,1209285.678341408
2011-06-03,1209285.678341408
2011-06-06,1209285.678341408
2011-06-07,1209285.678341408
2011-06-08,1209285.678341408
2011-06-09,1209285.678341408
2011-06-10,1209285.678341408
2011-06-13,1209285.678341408
2011-06-14,1209285.678341408
2011-06-15,1209285.678341408
2011-06-16,1209285.678341408
2011-06-17,1209285.678341408
2011-06-20,1209285.678341408
2011-06-21,1209285.678341408
2011-06-22,1209285.678341408
2011-06-23,1209285.678341408
2011-06-24,1209285.678341408
2011-06-27,1209285.678341408
2011-06-28,1209285.678341408
2011-06-29,1209285.678341408
2011-06-30,1209285.678341408
2011-07-01,1209285.678341408
2011-07-04,1209285.678341408
2011-07-05,1209285.678341408
2011-07-06,1209285.678341408
2011-07-07,1209285.678341408
2011-07-08,1209285.678341408
2011-07-11,1209285.678341408
2011-07-12,1209285.678341408
2011-07-13,1209285.678341408
2011-07-14,1209338.5578294825
2011-07-15,1209421.579493462
2011-07-18,1209554.9883274739
2011-07-19,1209554.9883274739
2011-07-20,1209554.9883274739
2011-07-21,1209626.4497077835
2011-07-22,1209511.9204197961
2011-07-25,1209657.4381172156
2011-07-26,1209855.3473286335
2011-07-27,1209956.4953480663
2011-07-28,1209996.9862670498
2011-07-29,1210159.059417113
2011-08-01,1210159.059417113
2011-08-02,1210159.059417113
2011-08-03,1210293.9435807648
2011-08-04,1210293.9435807648
2011-08-05,1210293.9435807648
2011-08-08,1210293.9435807648
2011-08-09,1210117.2916459641
2011-08-10,1210271.1498548458
2011-08-11,1209916.5828520975
2011-08-12,1209728.562948501
2011-08-15,1209889.0056857034
2011-08-16,1209889.0056857034
2011-08-17,1209889.0056857034
2011-08-18,1209828.0606315716
2011-08-19,1210116.7899216136
2011-08-22,1210060.2457996288
2011-08-23,1209241.8544893926
2011-08-24,1209542.1379125784
2011-08-25,1209542.1379125784
2011-08-26,1209542.1379125784
2011-08-29,1209542.1379125784
2011-08-30,1209542.1379125784
2011-08-31,1209542.1379125784
2011-09-01,1209542.1379125784
2011-09-02,1209542.1379125784
2011-09-05,1209542.1379125784
2011-09-06,1209542.1379125784
2011-09-07,1209542.1379125784
2011-09-08,1209542.1379125784
2011-09-09,1209732.6360995076
2011-09-12,1209669.608604756
2011-09-13,1209590.4504212781
2011-09-14,1209721.5897674505
2011-09-15,1209721.5897674505
2011-09-16,1209721.5897674505
2011-09-19,1209721.5897674505
2011-09-20,1209721.5897674505
2011-09-21,1209721.5897674505
2011-09-22,1209843.5397949545
2011-09-23,1209634.2266380647
2011-09-26,1209554.4197424254
2011-09-27,1209422.825438513
2011-09-28,1209524.688242637
2011-09-29,1209466.2420610685
2011-09-30,1209497.3579761733
2011-10-03,1209703.7494969245
2011-10-04,1209359.3664337944
2011-10-05,1209209.2379301845
2011-10-06,1208947.129566215
2011-10-07,1209002.9087885357
2011-10-10,1208076.692110235
2011-10-11,1208077.7227338252
2011-10-12,1207234.6811426848
2011-10-13,1207303.4228096828
2011-10-14,1207228.858347858
2011-10-17,1207294.75874135
2011-10-18,1207294.75874135
2011-10-19,1207294.75874135
2011-10-20,1207294.75874135
2011-10-21,1207294.75874135
2011-10-24,1207294.75874135
2011-10-25,1207294.75874135
2011-10-26,1207294.75874135
2011-10-27,1207294.75874135
2011-10-28,1207303.6131945304
2011-10-31,1207092.7004069781
2011-11-01,1206952.3526251
2011-11-02,1207000.8058338885
2011-11-03,1207124.4777006195
2011-11-04,1207124.4777006195
2011-11-07,1207124.4777006195
2011-11-08,1207124.4777006195
2011-11-09,1207124.4777006195
2011-11-10,1207124.4777006195
2011-11-11,1207124.4777006195
2011-11-14,1207124.4777006195
2011-11-15,1207124.4777006195
2011-11-16,1207124.4777006195
2011-11-17,1207124.4777006195
2011-11-18,1207124.4777006195
2011-11-21,1207124.4777006195
2011-11-22,1207136.246230573
2011-11-23,1207276.7491696118
2011-11-24,1207276.7491696118
2011-11-25,1207276.7491696118
2011-11-28,1207276.7491696118
2011-11-29,1207276.7491696118
2011-11-30,1207276.7491696118
2011-12-01,1207276.7491696118
2011-12-02,1207276.7491696118
2011-12-05,1207276.7491696118
2011-12-06,1207276.7491696118
2011-12-07,1207276.7491696118
2011-12-08,1207276.7491696118
2011-12-09,1207276.7491696118
2011-12-12,1207276.7491696118
2011-12-13,1207276.7491696118
2011-12-14,1207348.8817464078
2011-12-15,1207300.0491205235
2011-12-16,1207256.0669534507
2011-12-19,1207321.5716969941
2011-12-20,1207197.6274588879
2011-12-21,1207247.669220176
2011-12-22,1207241.5636399246
2011-12-23,1207248.4784815563
2011-12-26,1207221.954889493
2011-12-27,1207205.6389364684
2011-12-28,1207330.2496879376
2011-12-29,1207508.7199052395
2011-12-30,1207508.7199052395
2012-01-02,1207542.4616032382
2012-01-03,1207378.0472433611
2012-01-04,1207513.4327509357
2012-01-05,1207513.4327509357
2012-01-06,1207781.578836411
2012-01-09,1207781.578836411
2012-01-10,1207781.578836411
2012-01-11,1207781.578836411
2012-01-12,1207770.7449287865
2012-01-13,1207795.0825594242
2012-01-16,1207779.6241367483
2012-01-17,1207761.098996295
2012-01-18,1207560.710041742
2012-01-19,1207661.1936116081
2012-01-20,1207499.848232532
2012-01-23,1207496.402773364
2012-01-24,1207371.3261307096
2012-01-25,1207742.409756588
2012-01-26,1207641.363649459
2012-01-27,1207688.7216955412
2012-01-30,1207568.6618619
2012-01-31,1207629.9912603362
2012-02-01,1207909.4974641097
2012-02-02,1207912.8975582165
2012-02-03,1208039.3734556485
2012-02-06,1208095.12251658
2012-02-07,1208132.2965382906
2012-02-08,1208273.346503653
2012-02-09,1208413.6941252777
2012-02-10,1207934.741760096
2012-02-13,1208353.7466462085
2012-02-14,1208418.1001093937
2012-02-15,1208592.1239940648
2012-02-16,1208592.1239940648
2012-02-17,1208734.6031979474
2012-02-20,1208779.8443989411
2012-02-21,1208571.9982272526
2012-02-22,1208627.7988326396
2012-02-23,1209132.9814809437
2012-02-24,1208990.9181524108
2012-02-27,1208860.0896667058
2012-02-28,1208971.049789629
2012-02-29,1208541.999992743
2012-03-01,1209189.82010164
2012-03-02,1209220.8124135667
2012-03-05,1209028.0283999662
2012-03-06,1208613.7616623598
2012-03-07,1208728.5831027885
2012-03-08,1208924.80070944
2012-03-09,1208924.80070944
2012-03-12,1208753.0289628583
2012-03-13,1208893.5422915937
2012-03-14,1208639.95022768
2012-03-15,1208937.115645663
2012-03-16,1209001.3905605776
2012-03-19,1209152.7691638789
2012-03-20,1208782.90698416
2012-03-21,1208605.1659471085
2012-03-22,1208196.1094451922
2012-03-23,1208284.2184309224
2012-03-26,1208708.236139676
2012-03-27,1208561.9022053124
2012-03-28,1208481.4494141287
2012-03-29,1208431.0107516635
2012-03-30,1208546.0614970026
2012-04-02,1208546.0614970026
2012-04-03,1208546.0614970026
2012-04-04,1208546.0614970026
2012-04-05,1208546.0614970026
2012-04-06,1208546.0614970026
2012-04-09,1208546.0614970026
2012-04-10,1208546.0614970026
2012-04-11,1208546.0614970026
2012-04-12,1208546.0614970026
2012-04-13,1208546.0614970026
2012-04-16,1208546.0614970026
2012-04-17,1208546.0614970026
2012-04-18,1208546.0614970026
2012-04-19,1208546.0614970026
2012-04-20,1208546.0614970026
2012-04-23,1208545.33936028
2012-04-24,1208586.324308329
2012-04-25,1208648.8633668069
2012-04-26,1208570.4338180353
2012-04-27,1208835.2516957012
2012-04-30,1208835.2516957012
2012-05-01,1208835.2516957012
2012-05-02,1208835.2516957012
2012-05-03,1208835.2516957012
2012-05-04,1208835.2516957012
2012-05-07,1208835.2516957012
2012-05-08,1208960.4589868286
2012-05-09,1208960.4589868286
2012-05-10,1208906.7779303656
2012-05-11,1208952.7426717577
2012-05-14,1209204.1783678543
2012-05-15,1209466.5753746857
2012-05-16,1209569.3461370561
2012-05-17,1209550.340010152
2012-05-18,1209239.1537876609
2012-05-21,1208886.4485234802
2012-05-22,1209150.7593899076
2012-05-23,1209418.4941957032
2012-05-24,1209614.7395901452
2012-05-25,1209602.204499238
2012-05-28,1209492.3408426475
2012-05-29,1209586.8121712457
2012-05-30,1210002.985940743
2012-05-31,1210180.8337189218
2012-06-01,1210530.8392952175
2012-06-04,1210521.477268544
2012-06-05,1210696.1128047858
2012-06-06,1210696.1128047858
2012-06-07,1210696.1128047858
2012-06-08,1210696.1128047858
2012-06-11,1210696.1128047858
2012-06-12,1210483.3791140679
2012-06-13,1210592.4765806324
2012-06-14,1210386.2512732055
2012-06-15,1210402.3672688645
2012-06-18,1210556.6099832815
2012-06-19,1210556.6099832815
2012-06-20,1210556.6099832815
2012-06-21,1210705.422895582
2012-06-22,1210705.422895582
2012-06-25,1210705.422895582
2012-06-26,1210705.422895582
2012-06-27,1210705.422895582
2012-06-28,1210705.422895582
2012-06-29,1210705.422895582
2012-07-02,1210705.422895582
2012-07-03,1210705.422895582
2012-07-04,1210705.422895582
2012-07-05,1210705.422895582
2012-07-06,1210705.422895582
2012-07-09,1210558.5184737816
2012-07-10,1210685.8734194976
2012-07-11,1210685.8734194976
2012-07-12,1210685.8734194976
2012-07-13,1210593.2228553426
2012-07-16,1210726.892331181
2012-07-17,1210726.892331181
2012-07-18,1210726.892331181
2012-07-19,1210726.892331181
2012-07-20,1210726.892331181
2012-07-23,1210881.3324045343
2012-07-24,1211017.1734497687
2012-07-25,1211017.1734497687
2012-07-26,1211017.1734497687
2012-07-27,1211017.1734497687
2012-07-30,1211013.2400555045
2012-07-31,1210920.8630029676
2012-08-01,1210885.4308091304
2012-08-02,1210782.1520014368
2012-08-03,1210928.7531119103
2012-08-06,1211045.0175964157
2012-08-07,1211045.0175964157
2012-08-08,1211011.5363531047
2012-08-09,1211053.312496811
2012-08-10,1211158.9471173696
2012-08-13,1211146.2337154443
2012-08-14,1211141.6178831584
2012-08-15,1211258.5073811742
2012-08-16,1211507.5297522037
2012-08-17,1211385.5111594046
2012-08-20,1211380.372750825
2012-08-21,1211432.1374493912
2012-08-22,1211369.1655145756
2012-08-23,1211160.5563648338
2012-08-24,1211271.567885075
2012-08-27,1211271.935826352
2012-08-28,1211266.7774831853
2012-08-29,1211213.9184584327
2012-08-30,1211123.5377042855
2012-08-31,1211212.5380188504
2012-09-03,1211212.5380188504
2012-09-04,1211212.5380188504
2012-09-05,1211181.9427412339
2012-09-06,1211308.4691988558
2012-09-07,1211597.1949989418
2012-09-10,1210953.9832070572
2012-09-11,1211193.0241359342
2012-09-12,1211210.5083861346
2012-09-13,1211483.0007833918
2012-09-14,1211727.5109350155
2012-09-17,1211718.5629022878
2012-09-18,1211882.4272491932
2012-09-19,1211864.982181883
2012-09-20,1211849.0484448983
2012-09-21,1212049.657831918
2012-09-24,1211965.7015233664
2012-09-25,1211700.1893782555
2012-09-26,1211500.6434927452
2012-09-27,1211639.9689856335
2012-09-28,1211639.9689856335
2012-10-01,1211639.9689856335
2012-10-02,1211639.9689856335
2012-10-03,1211639.9689856335
2012-10-04,1211639.9689856335
2012-10-05,1211639.9689856335
2012-10-08,1211639.9689856335
2012-10-09,1211639.9689856335
2012-10-10,1211639.9689856335
2012-10-11,1211639.9689856335
2012-10-12,1211639.9689856335
2012-10-15,1211639.9689856335
2012-10-16,1211639.9689856335
2012-10-17,1211639.9689856335
2012-10-18,1211639.9689856335
2012-10-19,1211639.9689856335
2012-10-22,1211639.9689856335
2012-10-23,1211639.9689856335
2012-10-24,1211731.7708055882
2012-10-25,1211686.8878769767
2012-10-26,1211663.1264074503
2012-10-29,1211760.4108909443
2012-10-30,1211715.5304794025
2012-10-31,1211679.2435988812
2012-11-01,1211590.5123668162
2012-11-02,1211720.8538897086
2012-11-05,1211720.8538897086
2012-11-06,1211720.8538897086
2012-11-07,1211533.3243071202
2012-11-08,1211352.4358897915
2012-11-09,1211315.4511371793
2012-11-12,1211426.1133623875
2012-11-13,1211408.0940592175
2012-11-14,1211563.6658941598
2012-11-15,1211563.6658941598
2012-11-16,1211563.6658941598
2012-11-19,1211563.6658941598
2012-11-20,1211627.4970429854
2012-11-21,1211895.1298437258
2012-11-22,1211895.1298437258
2012-11-23,1212194.6065365858
2012-11-26,1212194.6065365858
2012-11-27,1212194.6065365858
2012-11-28,1212194.6065365858
2012-11-29,1212194.6065365858
2012-11-30,1212194.6065365858
2012-12-03,1212097.2390586678
2012-12-04,1212014.1466560424
2012-12-05,1212125.75236361
2012-12-06,1211911.3357919473
2012-12-07,1211833.265083497
2012-12-10,1211760.1910473644
2012-12-11,1212008.3234585598
2012-12-12,1212322.7784360426
2012-12-13,1212573.1243191978
2012-12-14,1212695.8872616517
2012-12-17,1212479.5994449498
2012-12-18,1212855.319453046
2012-12-19,1212991.2967373033
2012-12-20,1213299.9267624223
2012-12-21,1213157.7175286056
2012-12-24,1213257.2162182212
2012-12-26,1213555.039716731
2012-12-27,1213678.6456782923
2012-12-28,1213447.9714605596
2012-12-31,1213783.33065877
2013-01-02,1213783.33065877
2013-01-03,1213201.6874796948
2013-01-04,1213649.2160618184
2013-01-07,1213418.8035289894
2013-01-08,1213108.3209893599
2013-01-09,1213303.1798521753
2013-01-10,1213303.1798521753
2013-01-11,1213141.777106792
2013-01-14,1213463.414797413
2013-01-15,1212906.4932494867
2013-01-16,1212268.3723610756
2013-01-17,1212969.3094160717
2013-01-18,1212927.7172643347
2013-01-21,1212883.322060036
2013-01-22,1212932.8172619396
2013-01-23,1212675.2896206132
2013-01-24,1212932.0001579418
2013-01-25,1213252.9644855969
2013-01-28,1213388.9024015432
2013-01-29,1213482.3337108747
2013-01-30,1213430.838393645
2013-01-31,1213402.5950817496
2013-02-01,1213973.2466472504
2013-02-04,1213131.3382122964
2013-02-05,1213566.3731232607
2013-02-06,1213395.0195446112
2013-02-07,1213202.3850365437
2013-02-08,1212840.3927063344
2013-02-11,1213114.3724546982
2013-02-12,1213118.8363730256
2013-02-13,1213153.9792419197
2013-02-14,1213217.7920128785
2013-02-15,1213066.4237298407
2013-02-18,1213078.9975953118
2013-02-19,1213523.9353160793
2013-02-20,1213904.7570579234
2013-02-21,1214048.3715530292
2013-02-22,1214048.3715530292
2013-02-25,1214180.4166534105
2013-02-26,1214180.4166534105
2013-02-27,1214180.4166534105
2013-02-28,1214180.4166534105
2013-03-01,1214010.5311838386
2013-03-04,1214025.005521408
2013-03-05,1214086.5524456801
2013-03-06,1214268.86836945
2013-03-07,1214450.3074306352
2013-03-08,1214805.8324711449
2013-03-11,1215052.5164209327
2013-03-12,1215193.406004984
2013-03-13,1215220.43488801
2013-03-14,1215431.940970174
2013-03-15,1215095.4494776388
2013-03-18,1214811.1597978512
2013-03-19,1214723.8050638202
2013-03-20,1214956.453777648
2013-03-21,1214784.547307555
2013-03-22,1214772.8729428167
2013-03-25,1214891.9968366108
2013-03-26,1214891.9968366108
2013-03-27,1214891.9968366108
2013-03-28,1214891.9968366108
2013-03-29,1214891.9968366108
2013-04-01,1214771.3720495265
2013-04-02,1214901.7195095397
2013-04-03,1214901.7195095397
2013-04-04,1214901.7195095397
2013-04-05,1215200.0147940414
2013-04-08,1215200.0147940414
2013-04-09,1215159.8208717867
2013-04-10,1215512.8330722074
2013-04-11,1215711.4329009447
2013-04-12,1215439.5971328549
2013-04-15,1215036.106509758
2013-04-16,1215315.3911068856
2013-04-17,1215315.3911068856
2013-04-18,1215315.3911068856
2013-04-19,1215315.3911068856
2013-04-22,1215278.881518684
2013-04-23,1215412.8371994465
2013-04-24,1215412.8371994465
2013-04-25,1215469.0253426607
2013-04-26,1215296.5173068524
2013-04-29,1215342.0085673672
2013-04-30,1215488.629561292
2013-05-01,1215206.0671786442
2013-05-02,1215457.5470361523
2013-05-03,1215811.6155220037
2013-05-06,1215840.9272161997
2013-05-07,1215965.9694329891
2013-05-08,1216296.1409657116
2013-05-09,1216348.086816269
2013-05-10,1216773.9901491136
2013-05-13,1217021.4742276142
2013-05-14,1217620.4711830583
2013-05-15,1217714.7697923307
2013-05-16,1217524.979692172
2013-05-17,1218229.8253233824
2013-05-20,1218127.2015419411
2013-05-21,1218329.8167558732
2013-05-22,1218576.585669422
2013-05-23,1218669.67336775
2013-05-24,1218826.8862065498
2013-05-27,1218826.8862065498
2013-05-28,1218826.8862065498
2013-05-29,1218631.4763027357
2013-05-30,1218438.8669081025
2013-05-31,1218565.3775836853
2013-06-03,1218565.3775836853
2013-06-04,1218565.3775836853
2013-06-05,1218565.3775836853
2013-06-06,1218565.3775836853
2013-06-07,1218565.3775836853
2013-06-10,1218565.3775836853
2013-06-11,1218565.3775836853
2013-06-12,1218618.4252952156
2013-06-13,1218698.7208117177
2013-06-14,1218632.9765987657
2013-06-17,1218693.4381167612
2013-06-18,1218848.6564972422
2013-06-19,1218531.3738758785
2013-06-20,1218102.7059528052
2013-06-21,1217563.8805423158
2013-06-24,1217999.3375345694
2013-06-25,1217902.4773811093
2013-06-26,1217727.1098871003
2013-06-27,1218028.1403531241
2013-06-28,1217964.0748706302
2013-07-01,1217872.9511405157
2013-07-02,1218004.5911749725
2013-07-03,1218269.4738507054
2013-07-04,1218167.009504591
2013-07-05,1218312.0040392105
2013-07-08,1218023.2346145657
2013-07-09,1218207.6631605218
2013-07-10,1217881.6405409353
2013-07-11,1217441.763764437
2013-07-12,1217711.2056370496
2013-07-15,1217870.1581319803
2013-07-16,1217698.361192998
2013-07-17,1217885.9873985525
2013-07-18,1217721.6672054518
2013-07-19,1217693.8585861584
2013-07-22,1217557.5897332013
2013-07-23,1217567.663240767
2013-07-24,1217283.1603363869
2013-07-25,1217348.8670421075
2013-07-26,1217323.190930179
2013-07-29,1217240.7882605663
2013-07-30,1217225.9265562138
2013-07-31,1217492.2046939249
2013-08-01,1217483.0193230668
2013-08-02,1217717.5158631378
2013-08-05,1217616.8790379565
2013-08-06,1217386.384122659
2013-08-07,1217293.1813149916
2013-08-08,1216941.9135404942
2013-08-09,1216482.1941012684
2013-08-12,1216594.371370593
2013-08-13,1216531.4304888016
2013-08-14,1216378.0460961484
2013-08-15,1216079.3639987083
2013-08-16,1215894.4644784143
2013-08-19,1215921.3591431708
2013-08-20,1215921.3591431708
2013-08-21,1215756.2699644482
2013-08-22,1215750.5908613505
2013-08-23,1215816.2277015892
2013-08-26,1215783.8769812277
2013-08-27,1215837.9380056625
2013-08-28,1215886.3132371216
2013-08-29,1215611.8011926468
2013-08-30,1215564.3860268118
2013-09-02,1215496.574738223
2013-09-03,1215417.8303789366
2013-09-04,1215536.6152657578
2013-09-05,1215536.6152657578
2013-09-06,1215536.6152657578
2013-09-09,1215536.6152657578
2013-09-10,1215636.131535656
2013-09-11,1215604.4944917925
2013-09-12,1215411.23363631
2013-09-13,1215359.0890146173
2013-09-16,1215499.940692412
2013-09-17,1215578.895013774
2013-09-18,1215753.4134964966
2013-09-19,1215975.9159231265
2013-09-20,1215656.9742211674
2013-09-23,1215441.043816707
2013-09-24,1215461.0423483115
2013-09-25,1215280.1841447041
2013-09-26,1215572.038108884
2013-09-27,1215449.7688913678
2013-09-30,1215325.3182554056
2013-10-01,1215573.7243009284
2013-10-02,1215494.7594306336
2013-10-03,1215200.2885989198
2013-10-04,1215110.1064673355
2013-10-07,1215168.6490563843
2013-10-08,1215155.7808398292
2013-10-09,1215004.348414756
2013-10-10,1215009.4125010176
2013-10-11,1215133.4707409143
2013-10-14,1215147.5934213372
2013-10-15,1215251.2576550592
2013-10-16,1215392.654928462
2013-10-17,1215392.654928462
2013-10-18,1215577.4933488015
2013-10-21,1215540.7430722627
2013-10-22,1216044.2817948062
2013-10-23,1215683.7140202522
2013-10-24,1216166.001280357
2013-10-25,1216170.16537501
2013-10-28,1216116.9246380809
2013-10-29,1216250.565454126
2013-10-30,1216218.4509225192
2013-10-31,1215755.201886713
2013-11-01,1215468.8548194005
2013-11-04,1215468.8548194005
2013-11-05,1215468.8548194005
2013-11-06,1215468.8548194005
2013-11-07,1215468.8548194005
2013-11-08,1215468.8548194005
2013-11-11,1215468.8548194005
2013-11-12,1215468.8548194005
2013-11-13,1215468.8548194005
2013-11-14,1215583.4441752068
2013-11-15,1215863.5093324813
2013-11-18,1215593.7528145898
2013-11-19,1215464.0344190176
2013-11-20,1215042.1315291398
2013-11-21,1215532.8514071517
2013-11-22,1215492.3721931716
2013-11-25,1215770.37584134
2013-11-26,1215800.1321201383
2013-11-27,1216005.5056859879
2013-11-28,1216230.7671932708
2013-11-29,1216304.66054687
2013-12-02,1216233.6660987793
2013-12-03,1215370.6215203586
2013-12-04,1215744.1006596396
2013-12-05,1215253.8840180703
2013-12-06,1215613.0872082133
2013-12-09,1215739.7387836762
2013-12-10,1215550.8831178632
2013-12-11,1214843.5601655343
2013-12-12,1214804.1724619467
2013-12-13,1214599.8840424586
2013-12-16,1214691.1031837424
2013-12-17,1214753.4427547585
2013-12-18,1215012.9595317417
2013-12-19,1214902.5582277754
2013-12-20,1214713.9675194314
2013-12-23,1215019.7907893832
2013-12-24,1215079.0158767004
2013-12-26,1215365.618229009
2013-12-27,1215464.8096131585
2013-12-30,1215489.4831659126
2013-12-31,1215579.0114936817
2014-01-02,1214956.2576196594
2014-01-03,1215000.7995145551
2014-01-06,1214662.5623297754
2014-01-07,1214917.5684057341
2014-01-08,1215051.2499654514
2014-01-09,1215051.2499654514
2014-01-10,1215380.2297024934
2014-01-13,1215380.2297024934
2014-01-14,1215380.2297024934
2014-01-15,1215380.2297024934
2014-01-16,1215356.3436812824
2014-01-17,1215453.2774774341
2014-01-20,1215527.141448799
2014-01-21,1215699.8608863342
2014-01-22,1215694.1498802253
2014-01-23,1215487.9152956626
2014-01-24,1213825.8829027456
2014-01-27,1213473.894916069
2014-01-28,1213353.735737304
2014-01-29,1213468.7718404562
2014-01-30,1213477.0380849137
2014-01-31,1213477.0380849137
2014-02-03,1213477.0380849137
2014-02-04,1212990.1617339447
2014-02-05,1213133.9738600245
2014-02-06,1213133.9738600245
2014-02-07,1213133.9738600245
2014-02-10,1213133.9738600245
2014-02-11,1213133.9738600245
2014-02-12,1213133.9738600245
2014-02-13,1213133.9738600245
2014-02-14,1213178.951832978
2014-02-17,1213347.0693777862
2014-02-18,1213395.442991831
2014-02-19,1213286.2020203124
2014-02-20,1213357.0161055066
2014-02-21,1213327.5599905264
2014-02-24,1213461.6458837737
2014-02-25,1213461.6458837737
2014-02-26,1213461.6458837737
2014-02-27,1213461.6458837737
2014-02-28,1213414.4138366713
2014-03-03,1213201.4298688236
2014-03-04,1213192.752636962
2014-03-05,1212783.6694349498
2014-03-06,1212894.6135024831
2014-03-07,1212788.6067655168
2014-03-10,1212793.8603321738
2014-03-11,1212503.8430085164
2014-03-12,1212680.3177421116
2014-03-13,1212393.1073630482
2014-03-14,1212279.821906639
2014-03-17,1212421.9054937428
2014-03-18,1212421.9054937428
2014-03-19,1212421.9054937428
2014-03-20,1212411.1785439716
2014-03-21,1212356.4003785613
2014-03-24,1212255.4896924824
2014-03-25,1212174.5857720035
2014-03-26,1211960.6593926467
2014-03-27,1211743.5691951008
2014-03-28,1211868.0695542425
2014-03-31,1211994.552447738
2014-04-01,1211994.552447738
2014-04-02,1212074.6593035595
2014-04-03,1212047.193289543
2014-04-04,1211753.0210488664
2014-04-07,1211363.598357794
2014-04-08,1211377.404147901
2014-04-09,1211668.5183281086
2014-04-10,1211667.4570594723
2014-04-11,1211667.4570594723
2014-04-14,1211667.4570594723
2014-04-15,1211667.4570594723
2014-04-16,1211667.4570594723
2014-04-17,1211667.4570594723
2014-04-18,1211667.4570594723
2014-04-21,1211667.4570594723
2014-04-22,1211667.4570594723
2014-04-23,1211667.4570594723
2014-04-24,1211667.4570594723
2014-04-25,1211667.4570594723
2014-04-28,1211667.4570594723
2014-04-29,1211667.4570594723
2014-04-30,1211667.4570594723
2014-05-01,1211709.6372324668
2014-05-02,1211660.9428602974
2014-05-05,1211636.0282341193
2014-05-06,1211872.0939930428
2014-05-07,1211872.0939930428
2014-05-08,1211872.0939930428
2014-05-09,1211872.0939930428
2014-05-12,1211872.0939930428
2014-05-13,1211872.0939930428
2014-05-14,1211874.381726145
2014-05-15,1211809.7820714144
2014-05-16,1211862.3427954381
2014-05-19,1211802.7282200945
2014-05-20,1211564.0534433662
2014-05-21,1211691.178308136
2014-05-22,1211691.178308136
2014-05-23,1211691.178308136
2014-05-26,1211669.2107509894
2014-05-27,1211745.7642467432
2014-05-28,1211595.1955118163
2014-05-29,1211852.5445384865
2014-05-30,1211822.9708123906
2014-06-02,1211707.1153649613
2014-06-03,1211826.2840227562
2014-06-04,1211832.973012907
2014-06-05,1212096.1484789734
2014-06-06,1212141.3070356732
2014-06-09,1212244.7333744548
2014-06-10,1212329.2295782927
2014-06-11,1212181.7263655537
2014-06-12,1211809.3347045134
2014-06-13,1211844.519634581
2014-06-16,1211998.782558142
2014-06-17,1212089.4549091973
2014-06-18,1212341.3946279844
2014-06-19,1212341.3946279844
2014-06-20,1212356.8989025378
2014-06-23,1212372.6931352366
2014-06-24,1212342.0559117512
2014-06-25,1212334.3606569448
2014-06-26,1212463.0911299323
2014-06-27,1212463.0911299323
2014-06-30,1212550.3811706267
2014-07-01,1212800.9470591287
2014-07-02,1212470.4772968842
2014-07-03,1211910.784464411
2014-07-04,1212021.926640893
2014-07-07,1211919.3737201367
2014-07-08,1211728.7525850825
2014-07-09,1211925.9452403549
2014-07-10,1211720.273181996
2014-07-11,1211726.8947634108
2014-07-14,1211830.8308517602
2014-07-15,1211753.4234042373
2014-07-16,1211842.7494746693
2014-07-17,1211570.6285292788
2014-07-18,1211722.9849373654
2014-07-21,1211722.9849373654
2014-07-22,1211722.9849373654
2014-07-23,1211848.1281821865
2014-07-24,1211814.708942306
2014-07-25,1211678.144210316
2014-07-28,1211636.2443819926
2014-07-29,1211732.0556878923
2014-07-30,1211847.913568055
2014-07-31,1211462.0551991712
2014-08-01,1211370.2957590178
2014-08-04,1211411.2440046347
2014-08-05,1211561.6266416323
2014-08-06,1211328.4338174958
2014-08-07,1211375.881184665
2014-08-08,1211536.9527727829
2014-08-11,1211536.9527727829
2014-08-12,1211536.9527727829
2014-08-13,1211536.9527727829
2014-08-14,1211536.9527727829
2014-08-15,1211536.9527727829
2014-08-18,1211536.9527727829
2014-08-19,1211795.3330167593
2014-08-20,1211915.9703899382
2014-08-21,1211969.2773134331
2014-08-22,1212056.644734266
2014-08-25,1212428.419771246
2014-08-26,1212508.2546006644
2014-08-27,1212388.2945280152
2014-08-28,1212432.8324208464
2014-08-29,1212591.5060365645
2014-09-01,1212610.6142335227
2014-09-02,1212721.4169501683
2014-09-03,1212656.5841943072
2014-09-04,1213260.9842785676
2014-09-05,1213304.0971517838
2014-09-08,1212959.0102892176
2014-09-09,1213049.3460623072
2014-09-10,1213347.041287623
2014-09-11,1213525.184297837
2014-09-12,1213843.3867602877
2014-09-15,1213861.4884665438
2014-09-16,1213952.2592824346
2014-09-17,1214019.4376209695
2014-09-18,1213724.3598527894
2014-09-19,1214087.2790068958
2014-09-22,1213573.1360076212
2014-09-23,1213374.6380788984
2014-09-24,1213768.9012854807
2014-09-25,1213901.943075962
2014-09-26,1214045.3092297202
2014-09-29,1213970.0963235148
2014-09-30,1214327.0628276907
2014-10-01,1214517.3573016857
2014-10-02,1214517.3573016857
2014-10-03,1214517.3573016857
2014-10-06,1212945.4160601774
2014-10-07,1213186.2088528494
2014-10-08,1213098.0408961931
2014-10-09,1213162.7943588772
2014-10-10,1213181.969495052
2014-10-13,1212947.603868798
2014-10-14,1212832.663532322
2014-10-15,1213250.4937269962
2014-10-16,1213086.8016117215
2014-10-17,1213041.0976646282
2014-10-20,1212886.5153231707
2014-10-21,1212979.0137866312
2014-10-22,1213179.7959221161
2014-10-23,1213179.7959221161
2014-10-24,1213179.7959221161
2014-10-27,1213179.7959221161
2014-10-28,1213179.7959221161
2014-10-29,1213179.7959221161
2014-10-30,1213179.7959221161
2014-10-31,1213179.7959221161
2014-11-03,1213454.2818569692
2014-11-04,1213535.5987789112
2014-11-05,1214020.1675595038
2014-11-06,1214157.5073499905
2014-11-07,1213702.2291683326
2014-11-10,1214041.6764496532
2014-11-11,1213778.6685922018
2014-11-12,1213791.8758188102
2014-11-13,1213893.014235045
2014-11-14,1214393.2262544134
2014-11-17,1214248.5505466368
2014-11-18,1214826.8464556297
2014-11-19,1214826.8464556297
2014-11-20,1214822.8293345764
2014-11-21,1214377.481425188
2014-11-24,1214570.600293908
2014-11-25,1214574.851397047
2014-11-26,1214739.9407028442
2014-11-27,1214739.268689855
2014-11-28,1214991.5682645494
2014-12-01,1214509.2554521442
2014-12-02,1214778.3291561396
2014-12-03,1214853.9718494653
2014-12-04,1214645.98765396
2014-12-05,1215109.340341064
2014-12-08,1214695.3919553524
2014-12-09,1214542.1559646768
2014-12-10,1214405.252405873
2014-12-11,1214687.9815377414
2014-12-12,1215003.574135341
2014-12-15,1215003.574135341
2014-12-16,1215021.815486879
2014-12-17,1215197.655961104
2014-12-18,1215038.0569811403
2014-12-19,1215181.176797152
2014-12-22,1215158.0130619886
2014-12-23,1215298.1399918045
2014-12-24,1215182.8703177932
2014-12-26,1215199.3508637745
2014-12-29,1215284.6513664986
2014-12-30,1214896.8439516008
2014-12-31,1215060.249801459
2015-01-02,1215183.6462856256
2015-01-05,1214895.6071621212
2015-01-06,1215108.0635719365
2015-01-07,1215203.3274003812
2015-01-08,1215341.0627973625
2015-01-09,1215342.9114775793
2015-01-12,1215472.6849077751
2015-01-13,1215372.560104752
2015-01-14,1215332.0418022675
2015-01-15,1215501.8005148151
2015-01-16,1215680.7776857931
2015-01-19,1215680.7776857931
2015-01-20,1215680.7776857931
2015-01-21,1216151.8998876677
2015-01-22,1216151.8998876677
2015-01-23,1216509.729022249
2015-01-26,1216378.311837848
2015-01-27,1215944.49388364
2015-01-28,1216196.515079379
2015-01-29,1216329.8761625313
2015-01-30,1216675.72025712
2015-02-02,1216585.7783743183
2015-02-03,1216952.8208636085
2015-02-04,1216952.8208636085
2015-02-05,1216952.8208636085
2015-02-06,1216952.8208636085
2015-02-09,1216952.8208636085
2015-02-10,1216952.8208636085
2015-02-11,1216952.8208636085
2015-02-12,1216952.8208636085
2015-02-13,1216952.8208636085
2015-02-16,1216895.292131948
2015-02-17,1217026.641481851
2015-02-18,1217148.295434054
2015-02-19,1217261.7178158453
2015-02-20,1217550.4723630517
2015-02-23,1217449.2382934124
2015-02-24,1217654.7185631953
2015-02-25,1217536.70366817
2015-02-26,1217757.1574637655
2015-02-27,1217641.0575792114
2015-03-02,1217828.4551827577
2015-03-03,1217572.7518525578
2015-03-04,1217458.9986780463
2015-03-05,1217775.0495578083
2015-03-06,1217529.469519232
2015-03-09,1217583.3660631417
2015-03-10,1217564.8377283388
2015-03-11,1217990.204298489
2015-03-12,1218123.555845713
2015-03-13,1218368.4138972578
2015-03-16,1218226.9008710105
2015-03-17,1218328.801334747
2015-03-18,1217824.3199931744
2015-03-19,1218121.2450997783
2015-03-20,1218121.2450997783
2015-03-23,1218132.051183763
2015-03-24,1218088.1749965432
2015-03-25,1217855.378459653
2015-03-26,1217457.110647357
2015-03-27,1217515.1551647298
2015-03-30,1217635.1780729815
2015-03-31,1217635.1780729815
2015-04-01,1217635.1780729815
2015-04-02,1217635.1780729815
2015-04-03,1217635.1780729815
2015-04-06,1217635.1780729815
2015-04-07,1217635.1780729815
2015-04-08,1217734.8572380482
2015-04-09,1217874.3989322335
2015-04-10,1217874.3989322335
2015-04-13,1217722.279805025
2015-04-14,1217636.0216458002
2015-04-15,1217601.4405254815
2015-04-16,1217368.1596796825
2015-04-17,1217019.947412896
2015-04-20,1217235.1837608158
2015-04-21,1217214.7060592668
2015-04-22,1217121.9774090452
2015-04-23,1217014.308838515
2015-04-24,1216944.9011715264
2015-04-27,1216915.9944046885
2015-04-28,1216945.3682391886
2015-04-29,1216868.6394302999
2015-04-30,1216483.5031994893
2015-05-01,1216517.8396985675
2015-05-04,1216509.791887031
2015-05-05,1216532.8670046818
2015-05-06,1216561.2006845777
2015-05-07,1216635.6576571153
2015-05-08,1216646.423654139
2015-05-11,1216707.7747688028
2015-05-12,1216743.778252346
2015-05-13,1216773.8755220245
2015-05-14,1216789.5747311753
2015-05-15,1216768.0038461178
2015-05-18,1216736.7603311935
2015-05-19,1216638.496093329
2015-05-20,1216609.5002473425
2015-05-21,1216734.936738988
2015-05-22,1216702.4816677333
2015-05-25,1216737.3141200598
2015-05-26,1216553.5311302901
2015-05-27,1216791.7476554373
2015-05-28,1216791.7476554373
2015-05-29,1216791.7476554373
2015-06-01,1216791.7476554373
2015-06-02,1216791.7476554373
2015-06-03,1216791.7476554373
2015-06-04,1216791.7476554373
2015-06-05,1216791.7476554373
2015-06-08,1216791.7476554373
2015-06-09,1216791.7476554373
2015-06-10,1216791.7476554373
2015-06-11,1216791.7476554373
2015-06-12,1216791.7476554373
2015-06-15,1216791.7476554373
2015-06-16,1216791.7476554373
2015-06-17,1216791.7476554373
2015-06-18,1216791.7476554373
2015-06-19,1216791.7476554373
2015-06-22,1216791.7476554373
2015-06-23,1216791.7476554373
2015-06-24,1216660.8448651014
2015-06-25,1216649.448528206
2015-06-26,1216782.686805387
2015-06-29,1216782.686805387
2015-06-30,1216782.686805387
2015-07-01,1216782.686805387
2015-07-02,1216667.0375809353
2015-07-03,1216731.8463919614
2015-07-06,1216831.3324920693
2015-07-07,1217216.2615579106
2015-07-08,1217402.5018634014
2015-07-09,1217106.0249634292
2015-07-10,1216781.506652504
2015-07-13,1216916.593629245
2015-07-14,1216785.7981358704
2015-07-15,1216941.8232633094
2015-07-16,1217037.8027387315
2015-07-17,1217185.5308040546
2015-07-20,1217768.7510020898
2015-07-21,1217362.3125692625
2015-07-22,1217749.065764808
2015-07-23,1217798.7938645857
2015-07-24,1217563.2092177563
2015-07-27,1217550.8784374925
2015-07-28,1217467.1674854388
2015-07-29,1217607.3026830629
2015-07-30,1217607.3026830629
2015-07-31,1217607.3026830629
2015-08-03,1217607.3026830629
2015-08-04,1217593.3139508336
2015-08-05,1217702.1580885937
2015-08-06,1217546.3297216997
2015-08-07,1217714.8875617338
2015-08-10,1217511.624771786
2015-08-11,1217677.103184208
2015-08-12,1217677.103184208
2015-08-13,1217677.103184208
2015-08-14,1217669.760620148
2015-08-17,1217711.9334706035
2015-08-18,1217640.358019988
2015-08-19,1217790.7870304226
2015-08-20,1217790.7870304226
2015-08-21,1218034.649662489
2015-08-24,1218168.961672808
2015-08-25,1218058.8747286368
2015-08-26,1217956.7198883966
2015-08-27,1217459.5468078842
2015-08-28,1217552.1882232865
2015-08-31,1217552.1882232865
2015-09-01,1217862.6994976122
2015-09-02,1217796.383111786
2015-09-03,1218025.2103712782
2015-09-04,1218199.3629942741
2015-09-07,1217999.1086447625
2015-09-08,1217743.2311547585
2015-09-09,1217810.1663332712
2015-09-10,1217617.827859411
2015-09-11,1217656.5476189423
2015-09-14,1217659.9339135732
2015-09-15,1217811.1820223038
2015-09-16,1217811.1820223038
2015-09-17,1217811.1820223038
2015-09-18,1217811.1820223038
2015-09-21,1217811.1820223038
2015-09-22,1217811.1820223038
2015-09-23,1217811.1820223038
2015-09-24,1217811.1820223038
2015-09-25,1217811.1820223038
2015-09-28,1217811.1820223038
2015-09-29,1217811.1820223038
2015-09-30,1217600.689878542
2015-10-01,1217417.34407674
2015-10-02,1217078.8243881501
2015-10-05,1216977.574445609
2015-10-06,1216687.4841951197
2015-10-07,1216364.4852089072
2015-10-08,1216293.3585912809
2015-10-09,1216367.1700937152
2015-10-12,1216298.8743219264
2015-10-13,1216517.5088077057
2015-10-14,1216517.5088077057
2015-10-15,1216517.5088077057
2015-10-16,1216517.5088077057
2015-10-19,1216517.5088077057
2015-10-20,1216517.5088077057
2015-10-21,1216517.5088077057
2015-10-22,1216517.5088077057
2015-10-23,1216517.5088077057
2015-10-26,1216532.4393472443
2015-10-27,1216600.6577280266
2015-10-28,1216682.8962968518
2015-10-29,1216543.639946442
2015-10-30,1216431.4127875352
2015-11-02,1216530.4568127277
2015-11-03,1216697.7548110797
2015-11-04,1216688.9716335586
2015-11-05,1216617.5034056916
2015-11-06,1216968.9095028169
2015-11-09,1216570.3081934424
2015-11-10,1216586.776916606
2015-11-11,1216396.956376858
2015-11-12,1216197.52031251
2015-11-13,1215875.5627462277
2015-11-16,1215984.1181643507
2015-11-17,1216376.08510511
2015-11-18,1216367.2553229071
2015-11-19,1215993.7666717106
2015-11-20,1216295.1155261814
2015-11-23,1216242.960302873
2015-11-24,1216269.5986785614
2015-11-25,1216275.1972554142
2015-11-26,1216346.212189521
2015-11-27,1216248.3365874914
2015-11-30,1216068.5115391233
2015-12-01,1215930.4408796995
2015-12-02,1216281.024947549
2015-12-03,1215769.393856673
2015-12-04,1215904.740460519
2015-12-07,1215904.740460519
2015-12-08,1216248.415274695
2015-12-09,1216248.415274695
2015-12-10,1216248.415274695
2015-12-11,1216561.5364368288
2015-12-14,1216561.5364368288
2015-12-15,1216561.5364368288
2015-12-16,1216561.5364368288
2015-12-17,1216561.5364368288
2015-12-18,1216602.4102861672
2015-12-21,1216612.7641511275
2015-12-22,1216515.0501723303
2015-12-23,1216247.812826269
2015-12-24,1216121.5626651202
2015-12-28,1216341.649186417
2015-12-29,1216465.6005693455
2015-12-30,1216465.6005693455
2015-12-31,1216465.6005693455
2016-01-01,1216465.6005693455
2016-01-04,1216506.4947400794
2016-01-05,1216807.7474892198
2016-01-06,1217001.3996099457
2016-01-07,1217415.5478279118
2016-01-08,1217771.486785921
2016-01-11,1217729.6553281005
2016-01-12,1218225.829706503
2016-01-13,1218415.7553168647
2016-01-14,1218464.3142478822
2016-01-15,1218664.7810020128
2016-01-18,1218538.5796230999
2016-01-19,1218355.4241765202
2016-01-20,1219248.6908560258
2016-01-21,1219248.6908560258
2016-01-22,1219248.6908560258
2016-01-25,1219248.6908560258
2016-01-26,1219248.6908560258
2016-01-27,1219248.6908560258
2016-01-28,1219248.6908560258
2016-01-29,1219248.6908560258
2016-02-01,1219248.6908560258
2016-02-02,1219248.6908560258
2016-02-03,1219248.6908560258
2016-02-04,1219248.6908560258
2016-02-05,1219248.6908560258
2016-02-08,1219248.6908560258
2016-02-09,1219283.4536897298
2016-02-10,1219234.9109127708
2016-02-11,1219546.170575823
2016-02-12,1219285.3634808345
2016-02-15,1219148.3136880917
2016-02-16,1219002.6139372995
2016-02-17,1218756.6327814423
2016-02-18,1218845.0359424886
2016-02-19,1218873.027959956
2016-02-22,1218863.1904732976
2016-02-23,1218980.5131957063
2016-02-24,1219294.2389615779
2016-02-25,1219294.2389615779
2016-02-26,1219294.2389615779
2016-02-29,1219203.791798526
2016-03-01,1219148.3282503607
2016-03-02,1218935.031303186
2016-03-03,1218779.3445165635
2016-03-04,1218846.7035967533
2016-03-07,1218970.3456566657
2016-03-08,1218970.3456566657
2016-03-09,1218970.3456566657
2016-03-10,1218970.3456566657
2016-03-11,1218970.3456566657
2016-03-14,1218970.3456566657
2016-03-15,1218970.3456566657
2016-03-16,1218970.3456566657
2016-03-17,1218970.3456566657
2016-03-18,1218970.3456566657
2016-03-21,1218970.3456566657
2016-03-22,1218970.3456566657
2016-03-23,1218970.3456566657
2016-03-24,1218970.3456566657
2016-03-25,1218970.3456566657
2016-03-28,1218970.3456566657
2016-03-29,1218970.3456566657
2016-03-30,1218970.3456566657
2016-03-31,1218970.3456566657
2016-04-01,1218970.3456566657
2016-04-04,1218970.3456566657
2016-04-05,1218970.3456566657
2016-04-06,1218970.3456566657
2016-04-07,1218970.3456566657
2016-04-08,1218970.3456566657
2016-04-11,1218970.3456566657
2016-04-12,1218970.3456566657
2016-04-13,1218970.3456566657
2016-04-14,1218977.1121396518
2016-04-15,1218910.8984642846
2016-04-18,1219054.6637803316
2016-04-19,1219343.542874766
2016-04-20,1219454.1843471436
2016-04-21,1219168.7234981474
2016-04-22,1219346.6617840454
2016-04-25,1219321.895657914
2016-04-26,1219325.4159195786
2016-04-27,1219405.7117972102
2016-04-28,1219219.3110910025
2016-04-29,1219072.514822319
2016-05-02,1219215.9476724095
2016-05-03,1218968.9135793324
2016-05-04,1218610.4194680313
2016-05-05,1218732.422342151
2016-05-06,1218921.8098478543
2016-05-09,1218871.7250564124
2016-05-10,1218646.816843666
2016-05-11,1218792.9723838845
2016-05-12,1218792.9723838845
2016-05-13,1218792.9723838845
2016-05-16,1218792.9723838845
2016-05-17,1218792.9723838845
2016-05-18,1218792.9723838845
2016-05-19,1218792.9723838845
2016-05-20,1218792.9723838845
2016-05-23,1218792.9723838845
2016-05-24,1218792.9723838845
2016-05-25,1218792.9723838845
2016-05-26,1218752.469469235
2016-05-27,1218785.744327543
2016-05-30,1218800.0294607612
2016-05-31,1218683.6534444715
2016-06-01,1218700.1841828036
2016-06-02,1218717.9911600242
2016-06-03,1218749.0705295538
2016-06-06,1218653.9866120405
2016-06-07,1218703.193381643
2016-06-08,1218843.6432290305
2016-06-09,1219009.709029067
2016-06-10,1219009.709029067
2016-06-13,1219009.709029067
2016-06-14,1219314.958203575
2016-06-15,1219189.2118618195
2016-06-16,1219415.5916905678
2016-06-17,1219363.972307332
2016-06-20,1219333.8035703145
2016-06-21,1219286.9604550882
2016-06-22,1219112.0925144027
2016-06-23,1218535.5173424107
2016-06-24,1218749.5460402202
2016-06-27,1218865.3721317125
2016-06-28,1218645.3871283506
2016-06-29,1218508.1838717405
2016-06-30,1218650.2809928083
2016-07-01,1218650.2809928083
2016-07-04,1218650.2809928083
2016-07-05,1218650.2809928083
2016-07-06,1218717.6125412255
2016-07-07,1218654.835336968
2016-07-08,1218671.113495778
2016-07-11,1218502.3717555895
2016-07-12,1218175.987804878
2016-07-13,1218393.245301145
2016-07-14,1218238.3881639636
2016-07-15,1218321.044874034
2016-07-18,1218388.9753983635
2016-07-19,1218444.9053063435
2016-07-20,1218248.422884915
2016-07-21,1218230.2135838114
2016-07-22,1218465.1271964775
2016-07-25,1218389.9482981106
2016-07-26,1218569.3495017453
2016-07-27,1218563.470314106
2016-07-28,1218706.781193634
2016-07-29,1218742.98059898
2016-08-01,1218653.0773439903
2016-08-02,1218342.7445322024
2016-08-03,1218420.0729196938
2016-08-04,1218699.9693307646
2016-08-05,1219019.290321985
2016-08-08,1219067.544587797
2016-08-09,1219116.0627467732
2016-08-10,1219155.1243793026
2016-08-11,1219274.6274026693
2016-08-12,1219125.5029708268
2016-08-15,1219205.9254770132
2016-08-16,1219094.2772792298
2016-08-17,1219113.311085076
2016-08-18,1219062.98794736
2016-08-19,1219013.7945512997
2016-08-22,1218971.9605891674
2016-08-23,1219202.5449741732
2016-08-24,1219202.5449741732
2016-08-25,1219202.5449741732
2016-08-26,1219202.5449741732
2016-08-29,1219202.5449741732
2016-08-30,1219202.5449741732
2016-08-31,1219202.5449741732
2016-09-01,1219202.5449741732
2016-09-02,1219202.5449741732
2016-09-05,1219202.5449741732
2016-09-06,1219202.5449741732
2016-09-07,1219202.5449741732
2016-09-08,1219202.5449741732
2016-09-09,1219202.5449741732
2016-09-12,1219202.5449741732
2016-09-13,1219202.5449741732
2016-09-14,1219202.5449741732
2016-09-15,1219202.5449741732
2016-09-16,1219202.5449741732
2016-09-19,1219202.5449741732
2016-09-20,1219202.5449741732
2016-09-21,1219202.5449741732
2016-09-22,1219338.7157719708
2016-09-23,1219338.7157719708
2016-09-26,1219338.7157719708
2016-09-27,1219338.7157719708
2016-09-28,1219338.7157719708
2016-09-29,1219338.7157719708
2016-09-30,1219338.7157719708
2016-10-03,1219338.7157719708
2016-10-04,1219489.842735518
2016-10-05,1219545.4634966129
2016-10-06,1219661.1936317445
2016-10-07,1220229.061442887
2016-10-10,1220031.1450156823
2016-10-11,1219744.9166275512
2016-10-12,1219520.0620782515
2016-10-13,1219541.909294941
2016-10-14,1219704.6433655762
2016-10-17,1219569.711860631
2016-10-18,1219745.395253247
2016-10-19,1219934.7568213919
2016-10-20,1220102.1143237702
2016-10-21,1220102.1143237702
2016-10-24,1220122.8920051572
2016-10-25,1219941.9219253156
2016-10-26,1219796.2315990613
2016-10-27,1219982.4886667556
2016-10-28,1219688.5097129478
2016-10-31,1219849.382468799
2016-11-01,1219786.2887605715
2016-11-02,1219786.5102356197
2016-11-03,1219808.0655087212
2016-11-04,1219816.2972035322
2016-11-07,1219727.282571312
2016-11-08,1219555.6880159944
2016-11-09,1219326.15432765
2016-11-10,1219473.0986338328
2016-11-11,1219473.0986338328
2016-11-14,1219631.578577959
2016-11-15,1219834.9971818535
2016-11-16,1219969.2686225942
2016-11-17,1219969.2686225942
2016-11-18,1220007.2314640286
2016-11-21,1220026.975986051
2016-11-22,1220240.111414851
2016-11-23,1220227.3999398828
2016-11-24,1220268.9067738228
2016-11-25,1220167.3036740986
2016-11-28,1219896.760746609
2016-11-29,1219948.1110751026
2016-11-30,1220030.538368955
2016-12-01,1219818.6361448527
2016-12-02,1219713.9033641857
2016-12-05,1219981.6037979044
2016-12-06,1219987.9338516977
2016-12-07,1219999.819417448
2016-12-08,1220123.3338232513
2016-12-09,1220426.8436880643
2016-12-12,1220366.4559176543
2016-12-13,1220596.1485066458
2016-12-14,1220392.0931944477
2016-12-15,1220868.3344378427
2016-12-16,1220840.9279003427
2016-12-19,1221218.098073626
2016-12-20,1221195.7577129037
2016-12-21,1221033.7368223972
2016-12-22,1221061.2784559315
2016-12-23,1221150.8196250475
2016-12-27,1221145.6821910602
2016-12-28,1221216.1068233147
2016-12-29,1220934.0985739843
2016-12-30,1220949.6789400245
2017-01-03,1221108.0013012462
2017-01-04,1221131.1311188652
2017-01-05,1221119.8735234616
2017-01-06,1221203.0877916468
2017-01-09,1221320.9228969212
2017-01-10,1221490.2824299529
2017-01-11,1221555.579042049
2017-01-12,1221606.2467958655
2017-01-13,1221735.2824954758
2017-01-16,1221665.4586346834
2017-01-17,1221268.900586453
2017-01-18,1221432.5768334416
2017-01-19,1221252.0851429813
2017-01-20,1221251.7201078373
2017-01-23,1221189.1771814255
2017-01-24,1221320.1861974092
2017-01-25,1221325.1221042245
2017-01-26,1221246.8133129787
2017-01-27,1221318.8043557554
2017-01-30,1220756.0209685066
2017-01-31,1220790.3317997588
2017-02-01,1220974.0819646267
2017-02-02,1220855.6266510035
2017-02-03,1221135.2696865161
2017-02-06,1221135.2696865161
2017-02-07,1221135.2696865161
2017-02-08,1221219.7042526393
2017-02-09,1221363.5679410794
2017-02-10,1221480.0776792262
2017-02-13,1221627.4933106573
2017-02-14,1221758.1056395683
2017-02-15,1221978.6289950518
2017-02-16,1221550.9000864394
2017-02-17,1221265.418313337
2017-02-20,1221661.1917999769
2017-02-21,1221764.7371064217
2017-02-22,1221944.6249859724
2017-02-23,1221801.368099255
2017-02-24,1221867.3569994534
2017-02-27,1221869.4963884018
2017-02-28,1221816.55318052
2017-03-01,1221970.281727707
2017-03-02,1221805.762244335
2017-03-03,1221736.0076203384
2017-03-06,1221563.7525420138
2017-03-07,1221351.659625288
2017-03-08,1221231.268486779
2017-03-09,1221298.8991050834
2017-03-10,1221523.0543713782
2017-03-13,1221523.0543713782
2017-03-14,1221523.0543713782
2017-03-15,1221523.0543713782
2017-03-16,1221488.395434626
2017-03-17,1221570.7360521045
2017-03-20,1221622.883304451
2017-03-21,1221749.333742326
2017-03-22,1221749.333742326
2017-03-23,1221749.333742326
2017-03-24,1221749.333742326
2017-03-27,1221749.333742326
2017-03-28,1221749.333742326
2017-03-29,1221749.333742326
2017-03-30,1221749.333742326
2017-03-31,1221749.333742326
2017-04-03,1221749.333742326
2017-04-04,1221749.333742326
2017-04-05,1221899.4974628524
2017-04-06,1221899.4974628524
2017-04-07,1221899.4974628524
2017-04-10,1221899.4974628524
2017-04-11,1221899.4974628524
2017-04-12,1222033.465928658
2017-04-13,1222156.4425684852
2017-04-14,1222156.4425684852
2017-04-17,1221733.398204418
2017-04-18,1221786.0399634324
2017-04-19,1221724.7753725504
2017-04-20,1221587.2042862247
2017-04-21,1221719.6548104223
2017-04-24,1221719.6548104223
2017-04-25,1221845.2436315417
2017-04-26,1221964.266323667
2017-04-27,1221964.266323667
2017-04-28,1221945.4065843846
2017-05-01,1222177.1271252008
2017-05-02,1222320.5929909202
2017-05-03,1222320.5929909202
2017-05-04,1222320.5929909202
2017-05-05,1222320.5929909202
2017-05-08,1222508.065932881
2017-05-09,1222635.565331268
2017-05-10,1222635.565331268
2017-05-11,1222635.565331268
2017-05-12,1222635.565331268
2017-05-15,1222720.435153989
2017-05-16,1223123.083399766
2017-05-17,1223123.083399766
2017-05-18,1223123.083399766
2017-05-19,1223123.083399766
2017-05-22,1223281.1057038612
2017-05-23,1223281.1057038612
2017-05-24,1223281.1057038612
2017-05-25,1223459.3871503766
2017-05-26,1223485.8220337362
2017-05-29,1223481.4323749894
2017-05-30,1223328.0914436728
2017-05-31,1223492.836442483
2017-06-01,1223743.6555596378
2017-06-02,1223743.6555596378
2017-06-05,1223623.4286566651
2017-06-06,1223266.5758804479
2017-06-07,1223408.2029968726
2017-06-08,1223362.6113050028
2017-06-09,1222326.903069458
2017-06-12,1222241.5411311302
2017-06-13,1222394.65940516
2017-06-14,1222558.0413597727
2017-06-15,1222558.0413597727
2017-06-16,1222558.0413597727
2017-06-19,1222558.0413597727
2017-06-20,1222359.7032445322
2017-06-21,1222490.1817537951
2017-06-22,1222482.0529804202
2017-06-23,1222483.6769356988
2017-06-26,1222595.8497057562
2017-06-27,1222595.8497057562
2017-06-28,1222992.9848558716
2017-06-29,1223324.6910056325
2017-06-30,1223412.707411577
2017-07-03,1222998.9654876774
2017-07-04,1222408.33997776
2017-07-05,1222364.0663216303
2017-07-06,1222422.3387527566
2017-07-07,1222659.857993157
2017-07-10,1222658.0954365772
2017-07-11,1222893.7290189457
2017-07-12,1222931.795482982
2017-07-13,1223037.637263311
2017-07-14,1223382.8884553004
2017-07-17,1223006.5528242406
2017-07-18,1223454.2214193484
2017-07-19,1223584.912881017
2017-07-20,1223776.340581902
2017-07-21,1223683.9182295455
2017-07-24,1223535.7532307834
2017-07-25,1223846.3806580158
2017-07-26,1224080.8295865727
2017-07-27,1224176.2847147272
2017-07-28,1224301.5394092111
2017-07-31,1224301.5394092111
2017-08-01,1224244.5393810824
2017-08-02,1224430.0132314616
2017-08-03,1224022.930298723
2017-08-04,1223692.8288608806
2017-08-07,1223812.6194975895
2017-08-08,1223694.9622324596
2017-08-09,1223738.2059944794
2017-08-10,1223651.4123541592
2017-08-11,1223744.4770627897
2017-08-14,1223606.2489865331
2017-08-15,1223349.9097218763
2017-08-16,1223349.9097218763
2017-08-17,1223349.9097218763
2017-08-18,1223349.9097218763
2017-08-21,1223349.9097218763
2017-08-22,1223349.9097218763
2017-08-23,1223349.9097218763
2017-08-24,1223349.9097218763
2017-08-25,1223349.9097218763
2017-08-28,1223419.5378428134
2017-08-29,1223406.1869931181
2017-08-30,1223393.3037798945
2017-08-31,1223552.0620622085
2017-09-01,1223512.9989199715
2017-09-04,1223397.4439473904
2017-09-05,1223629.3102223538
2017-09-06,1223664.486263725
2017-09-07,1223853.7071366746
2017-09-08,1223799.5421072354
2017-09-11,1223923.508026276
2017-09-12,1223923.508026276
2017-09-13,1223506.4076326932
2017-09-14,1223856.0561554327
2017-09-15,1224081.3643707684
2017-09-18,1223921.6649814066
2017-09-19,1224105.654884882
2017-09-20,1224386.152595986
2017-09-21,1224005.6243515492
2017-09-22,1223871.6097515516
2017-09-25,1223325.4467004174
2017-09-26,1223247.1821901803
2017-09-27,1223382.4468371244
2017-09-28,1223287.8010604796
2017-09-29,1223462.5035539125
2017-10-02,1223758.0473237091
2017-10-03,1223776.8716888654
2017-10-04,1223929.6669841663
2017-10-05,1223937.741806933
2017-10-06,1223769.0024907717
2017-10-09,1223719.8723158445
2017-10-10,1223975.8474887891
2017-10-11,1224050.568201576
2017-10-12,1224038.6603643887
2017-10-13,1224413.1330166697
2017-10-16,1224506.7656552633
2017-10-17,1224524.593039993
2017-10-18,1224624.0402427597
2017-10-19,1224366.4692575284
2017-10-20,1224803.5232163793
2017-10-23,1224597.097153578
2017-10-24,1224772.2779639142
2017-10-25,1224734.362826672
2017-10-26,1224842.873634051
2017-10-27,1225112.7303790047
2017-10-30,1224866.394373084
2017-10-31,1225005.561928527
2017-11-01,1225066.822980306
2017-11-02,1225294.100205687
2017-11-03,1225463.5922177979
2017-11-06,1225567.3376500586
2017-11-07,1225543.9710979632
2017-11-08,1225620.4038873569
2017-11-09,1225363.0517553245
2017-11-10,1225200.0538781548
2017-11-13,1225235.1504230371
2017-11-14,1224678.738290485
2017-11-15,1224342.1966112272
2017-11-16,1224621.5594648998
2017-11-17,1224761.1893243706
2017-11-20,1224761.1893243706
2017-11-21,1224761.1893243706
2017-11-22,1224746.9183833746
2017-11-23,1224896.2790716216
2017-11-24,1225181.6177533437
2017-11-27,1224942.8429292345
2017-11-28,1225094.5216066563
2017-11-29,1225011.8768574335
2017-11-30,1225021.5403375677
2017-12-01,1225434.1110859213
2017-12-04,1225434.1110859213
2017-12-05,1225434.1110859213
2017-12-06,1225434.1110859213
2017-12-07,1225434.1110859213
2017-12-08,1225435.6066002117
2017-12-11,1225353.8767121986
2017-12-12,1225189.4939462768
2017-12-13,1224827.1785013021
2017-12-14,1224427.1128809678
2017-12-15,1224621.1477579514
2017-12-18,1224714.408161326
2017-12-19,1224558.79896362
2017-12-20,1224504.8441524666
2017-12-21,1224524.1100296248
2017-12-22,1224414.956350336
2017-12-26,1224431.562163469
2017-12-27,1224643.1419336884
2017-12-28,1224804.9693112555
2017-12-29,1225153.9476662816
2018-01-02,1224622.45186508
2018-01-03,1224257.5904736135
2018-01-04,1224970.7535033908
2018-01-05,1225139.0096827166
2018-01-08,1225292.4640281603
2018-01-09,1225413.276453648
2018-01-10,1225113.8179978775
2018-01-11,1225697.4107704775
2018-01-12,1226306.9751550078
2018-01-15,1226549.414542737
2018-01-16,1226367.066327854
2018-01-17,1226765.9420134001
2018-01-18,1226372.7083702139
2018-01-19,1226436.4701362373
2018-01-22,1226934.8060936762
2018-01-23,1227317.8886360724
2018-01-24,1227417.4797860987
2018-01-25,1228193.0389388325
2018-01-26,1228315.0092487198
2018-01-29,1227907.4016480437
2018-01-30,1227334.943555577
2018-01-31,1227596.3785869465
2018-02-01,1227596.3785869465
2018-02-02,1227718.9352037234
2018-02-05,1227718.9352037234
2018-02-06,1227718.9352037234
2018-02-07,1227718.9352037234
2018-02-08,1227718.9352037234
2018-02-09,1227718.9352037234
2018-02-12,1227718.9352037234
2018-02-13,1227718.9352037234
2018-02-14,1227718.9352037234
2018-02-15,1227718.9352037234
2018-02-16,1227718.9352037234
2018-02-19,1227718.9352037234
2018-02-20,1227718.9352037234
2018-02-21,1227718.9352037234
2018-02-22,1227718.9352037234
2018-02-23,1227718.9352037234
2018-02-26,1227718.9352037234
2018-02-27,1227718.9352037234
2018-02-28,1227718.9352037234
2018-03-01,1227881.465737605
2018-03-02,1227881.465737605
2018-03-05,1228015.3593321866
2018-03-06,1228015.3593321866
2018-03-07,1228015.3593321866
2018-03-08,1228015.3593321866
2018-03-09,1228015.3593321866
2018-03-12,1228048.775162944
2018-03-13,1227870.5360299812
2018-03-14,1227843.1775150097
2018-03-15,1227877.2104185007
2018-03-16,1227812.396533836
2018-03-19,1227548.7148785235
2018-03-20,1227552.681153993
2018-03-21,1227482.8195911916
2018-03-22,1227104.815223586
2018-03-23,1227065.4590422553
2018-03-26,1226532.3477748989
2018-03-27,1226733.0953143758
2018-03-28,1226476.1717937314
2018-03-29,1226317.3973409536
2018-03-30,1226317.3973409536
2018-04-02,1226317.3973409536
2018-04-03,1226527.2655616065
2018-04-04,1226527.2655616065
2018-04-05,1226527.2655616065
2018-04-06,1226527.2655616065
2018-04-09,1226527.2655616065
2018-04-10,1226527.2655616065
2018-04-11,1226527.2655616065
2018-04-12,1226574.9290909653
2018-04-13,1226599.2946144305
2018-04-16,1226447.0615588592
2018-04-17,1226382.3533468002
2018-04-18,1226297.6598865204
2018-04-19,1226018.4246163196
2018-04-20,1225803.0495143635
2018-04-23,1225643.7673923448
2018-04-24,1225618.8311138866
2018-04-25,1225765.0974006138
2018-04-26,1225765.0974006138
2018-04-27,1225765.0974006138
2018-04-30,1225765.0974006138
2018-05-01,1225952.21134871
2018-05-02,1225952.21134871
2018-05-03,1225952.21134871
2018-05-04,1225952.21134871
2018-05-07,1226092.8959752447
2018-05-08,1226092.8959752447
2018-05-09,1226219.206164189
2018-05-10,1226242.055455769
2018-05-11,1226081.5317653278
2018-05-14,1226259.0246093876
2018-05-15,1226160.8998788076
2018-05-16,1226395.7946197593
2018-05-17,1226587.5251172993
2018-05-18,1226475.6432020515
2018-05-21,1226748.1919866
2018-05-22,1226742.1927544202
2018-05-23,1226539.2650841917
2018-05-24,1226370.0741135771
2018-05-25,1226272.3969869635
2018-05-28,1226272.3969869635
2018-05-29,1226080.4188353426
2018-05-30,1226218.2984534902
2018-05-31,1226218.2984534902
2018-06-01,1226218.2984534902
2018-06-04,1226345.885829706
2018-06-05,1226345.885829706
2018-06-06,1226564.5111698091
2018-06-07,1226416.8102051495
2018-06-08,1226382.5925476453
2018-06-11,1226419.94515617
2018-06-12,1226574.0423534485
2018-06-13,1226456.45546114
2018-06-14,1226535.7547338475
2018-06-15,1226522.5856994817
2018-06-18,1226494.0716864094
2018-06-19,1226333.4042691214
2018-06-20,1226608.0638864208
2018-06-21,1226558.7246561076
2018-06-22,1226222.5150210764
2018-06-25,1226632.9403008067
2018-06-26,1226781.304025713
2018-06-27,1226781.304025713
2018-06-28,1226883.3135227992
2018-06-29,1226427.3902694096
2018-07-02,1226699.5406277385
2018-07-03,1226452.8573890934
2018-07-04,1226338.7181425206
2018-07-05,1226325.5486170922
2018-07-06,1226385.3487923755
2018-07-09,1226307.5561748839
2018-07-10,1226497.4391312783
2018-07-11,1226497.4391312783
2018-07-12,1226497.4391312783
2018-07-13,1226562.0056472444
2018-07-16,1226302.0651939884
2018-07-17,1226615.5236832616
2018-07-18,1226619.8260508068
2018-07-19,1226829.4908762127
2018-07-20,1226829.4908762127
2018-07-23,1226829.4908762127
2018-07-24,1226829.4908762127
2018-07-25,1226949.7545471136
2018-07-26,1226949.7545471136
2018-07-27,1226949.7545471136
2018-07-30,1226949.7545471136
2018-07-31,1226949.7545471136
2018-08-01,1226949.7545471136
2018-08-02,1226949.7545471136
2018-08-03,1226851.2345316368
2018-08-06,1226997.123655019
2018-08-07,1227100.8949586973
2018-08-08,1227300.3717837555
2018-08-09,1227300.3717837555
2018-08-10,1227449.7894903058
2018-08-13,1227496.6050651334
2018-08-14,1227809.9801439533
2018-08-15,1228216.119420669
2018-08-16,1228216.119420669
2018-08-17,1228216.119420669
2018-08-20,1228216.119420669
2018-08-21,1228216.119420669
2018-08-22,1228216.119420669
2018-08-23,1228216.119420669
2018-08-24,1228216.119420669
2018-08-27,1228348.2901342388
2018-08-28,1228361.1057772886
2018-08-29,1228667.5958157384
2018-08-30,1228306.3030147045
2018-08-31,1228461.7225042477
2018-09-03,1228351.0362829
2018-09-04,1228480.2808243318
2018-09-05,1228480.2808243318
2018-09-06,1228480.2808243318
2018-09-07,1228480.2808243318
2018-09-10,1228400.1561480197
2018-09-11,1228263.2434302913
2018-09-12,1227920.9955296123
2018-09-13,1227636.4492911107
2018-09-14,1227879.0526391624
2018-09-17,1228000.1130521349
2018-09-18,1228132.428165471
2018-09-19,1228063.4169228477
2018-09-20,1228149.7297241231
2018-09-21,1228049.6602694634
2018-09-24,1227981.10009612
2018-09-25,1228048.9564349363
2018-09-26,1227916.6914895647
2018-09-27,1228100.0124343478
2018-09-28,1228246.2142579104
2018-10-01,1228447.2314035269
2018-10-02,1228268.9103355398
2018-10-03,1228328.662341937
2018-10-04,1227578.613637576
2018-10-05,1227523.8328246328
2018-10-08,1227464.294529072
2018-10-09,1227508.9799584374
2018-10-10,1227286.6202285958
2018-10-11,1227432.6678216374
2018-10-12,1227432.6678216374
2018-10-15,1227432.6678216374
2018-10-16,1227432.6678216374
2018-10-17,1227432.6678216374
2018-10-18,1227432.6678216374
2018-10-19,1227432.6678216374
2018-10-22,1227432.6678216374
2018-10-23,1227432.6678216374
2018-10-24,1227432.6678216374
2018-10-25,1227196.254738313
2018-10-26,1227355.7382900324
2018-10-29,1227355.7382900324
2018-10-30,1227355.7382900324
2018-10-31,1227355.7382900324
2018-11-01,1227355.7382900324
2018-11-02,1227355.7382900324
2018-11-05,1227355.7382900324
2018-11-06,1227355.7382900324
2018-11-07,1227355.7382900324
2018-11-08,1227355.7382900324
2018-11-09,1227355.7382900324
2018-11-12,1227355.7382900324
2018-11-13,1227107.6523815563
2018-11-14,1227064.810407606
2018-11-15,1226790.6146723428
2018-11-16,1226408.7942348067
2018-11-19,1226420.3741324304
2018-11-20,1226564.235912419
2018-11-21,1226165.3364263491
2018-11-22,1226131.276898058
2018-11-23,1226483.2249013716
2018-11-26,1226483.2249013716
2018-11-27,1226483.2249013716
2018-11-28,1226483.2249013716
2018-11-29,1226483.2249013716
2018-11-30,1226483.2249013716
2018-12-03,1226483.2249013716
2018-12-04,1226483.2249013716
2018-12-05,1226483.2249013716
2018-12-06,1226483.2249013716
2018-12-07,1226537.7956870475
2018-12-10,1226513.5414174343
2018-12-11,1226549.9647548501
2018-12-12,1226476.11494645
2018-12-13,1226476.393047947
2018-12-14,1226602.6391622473
2018-12-17,1226602.6391622473
2018-12-18,1226873.0028428854
2018-12-19,1227053.6503291302
2018-12-20,1227381.367486592
2018-12-21,1227799.5450244576
2018-12-24,1228338.8199463417
2018-12-25,1228338.8199463417
2018-12-26,1227431.0841643396
2018-12-27,1227742.8921855567
2018-12-28,1227964.3750519003
2018-12-31,1227929.798977234
2019-01-02,1228077.301586157
2019-01-03,1227305.3585479904
2019-01-04,1226121.2164880352
2019-01-07,1225682.2915694015
2019-01-08,1225783.2514868425
2019-01-09,1225685.715845609
2019-01-10,1225633.3773362082
2019-01-11,1225609.4288051578
2019-01-14,1225836.3567036986
2019-01-15,1225833.7469943734
2019-01-16,1225776.688130339
2019-01-17,1225738.5448553492
2019-01-18,1225656.319492525
2019-01-21,1225661.1198978468
2019-01-22,1225796.0014603783
2019-01-23,1225796.0014603783
2019-01-24,1225796.0014603783
2019-01-25,1225796.0014603783
2019-01-28,1225778.2993541404
2019-01-29,1225912.619240652
2019-01-30,1225912.619240652
2019-01-31,1225931.3823144522
2019-02-01,1225828.9629960924
2019-02-04,1225669.2205159399
2019-02-05,1225753.3630891948
2019-02-06,1225527.5989465003
2019-02-07,1225620.1624998332
2019-02-08,1225704.782933406
2019-02-11,1225546.380821196
2019-02-12,1225678.6303713208
2019-02-13,1225678.6303713208
2019-02-14,1225678.6303713208
2019-02-15,1225678.6303713208
2019-02-18,1225678.6303713208
2019-02-19,1225822.1285992786
2019-02-20,1225822.1285992786
2019-02-21,1225822.1285992786
2019-02-22,1225822.1285992786
2019-02-25,1225822.1285992786
2019-02-26,1225822.1285992786
2019-02-27,1225822.1285992786
2019-02-28,1225822.1285992786
2019-03-01,1225822.1285992786
2019-03-04,1225822.1285992786
2019-03-05,1225822.1285992786
2019-03-06,1225822.1285992786
2019-03-07,1225822.1285992786
2019-03-08,1225656.5696503606
2019-03-11,1225601.8991141506
2019-03-12,1225450.1350753463
2019-03-13,1225422.9886942306
2019-03-14,1225542.1213370813
2019-03-15,1225542.1213370813
2019-03-18,1225734.6023017105
2019-03-19,1225894.9955447689
2019-03-20,1226064.1759424813
2019-03-21,1226064.1759424813
2019-03-22,1225177.1530431719
2019-03-25,1225189.437351901
2019-03-26,1225584.2298924318
2019-03-27,1225584.2298924318
2019-03-28,1225584.2298924318
2019-03-29,1225584.2298924318
2019-04-01,1225584.2298924318
2019-04-02,1225561.401314697
2019-04-03,1225682.9242029942
2019-04-04,1225639.6419486185
2019-04-05,1225764.5173072645
2019-04-08,1225710.8174452316
2019-04-09,1225354.4417663054
2019-04-10,1225579.9281148072
2019-04-11,1225615.907808238
2019-04-12,1225805.2753885714
2019-04-15,1225772.6264705795
2019-04-16,1225896.1187466886
2019-04-17,1226035.7161160016
2019-04-18,1226035.7161160016
2019-04-19,1226035.7161160016
2019-04-22,1226035.7161160016
2019-04-23,1226301.7147134491
2019-04-24,1226018.4242204982
2019-04-25,1225995.6140402239
2019-04-26,1226000.766265791
2019-04-29,1226062.5087601338
2019-04-30,1225931.8149471637
2019-05-01,1225516.9863011618
2019-05-02,1225836.0596757368
2019-05-03,1225836.0596757368
2019-05-06,1225964.6723899473
2019-05-07,1226002.638772043
2019-05-08,1226131.5477054245
2019-05-09,1226131.5477054245
2019-05-10,1225832.1531573334
2019-05-13,1226136.1154841497
2019-05-14,1226133.4291800894
2019-05-15,1226263.5359422038
2019-05-16,1226395.0591654787
2019-05-17,1226524.90479384
2019-05-20,1226523.9439367624
2019-05-21,1226574.908155912
2019-05-22,1226702.9291649954
2019-05-23,1226702.9291649954
2019-05-24,1226702.9291649954
2019-05-27,1226702.9291649954
2019-05-28,1226702.9291649954
2019-05-29,1226702.9291649954
2019-05-30,1226730.928067993
2019-05-31,1226886.073657501
2019-06-03,1226607.4122207845
2019-06-04,1226288.547258908
2019-06-05,1226515.314015502
2019-06-06,1226181.268346144
2019-06-07,1225815.2732897133
2019-06-10,1225955.572853781
2019-06-11,1225928.9193196772
2019-06-12,1226353.6450767922
2019-06-13,1226353.6450767922
2019-06-14,1226473.5619622564
2019-06-17,1226473.5619622564
2019-06-18,1226442.7408534517
2019-06-19,1226124.8476182155
2019-06-20,1225928.7441991016
2019-06-21,1226064.0073205496
2019-06-24,1225981.2282552416
2019-06-25,1226022.7324178033
2019-06-26,1225699.9816129203
2019-06-27,1225598.9396456336
2019-06-28,1225719.0461189165
2019-07-01,1225640.469512263
2019-07-02,1225640.469512263
2019-07-03,1225756.5105920224
2019-07-04,1225789.6744728277
2019-07-05,1225574.9961891593
2019-07-08,1225326.9909020266
2019-07-09,1225470.9443155206
2019-07-10,1225627.0288452762
2019-07-11,1225579.7402307854
2019-07-12,1225405.66702318
2019-07-15,1225499.7773959197
2019-07-16,1225090.095198473
2019-07-17,1224709.7675754605
2019-07-18,1224624.4024515166
2019-07-19,1224522.8040304563
2019-07-22,1224509.0651485405
2019-07-23,1224403.7343601214
2019-07-24,1224685.1654061778
2019-07-25,1224602.6338061143
2019-07-26,1224741.7804559919
2019-07-29,1224741.7804559919
2019-07-30,1225018.5453386076
2019-07-31,1225018.5453386076
2019-08-01,1225190.534390057
2019-08-02,1225415.1957169475
2019-08-05,1225680.796118283
2019-08-06,1224872.1153772706
2019-08-07,1225406.8690731796
2019-08-08,1225406.8690731796
2019-08-09,1225406.8690731796
2019-08-12,1225251.429173206
2019-08-13,1225491.3295542584
2019-08-14,1225495.5056460486
2019-08-15,1225434.8222975503
2019-08-16,1225249.6082075336
2019-08-19,1225304.5217653676
2019-08-20,1225454.499883812
2019-08-21,1225454.499883812
2019-08-22,1225454.499883812
2019-08-23,1225454.499883812
2019-08-26,1225191.4537478918
2019-08-27,1225344.2628133297
2019-08-28,1225344.2628133297
2019-08-29,1225344.2628133297
2019-08-30,1225344.2628133297
2019-09-02,1225483.4608000787
2019-09-03,1225637.361878194
2019-09-04,1225637.361878194
2019-09-05,1225637.361878194
2019-09-06,1225637.361878194
2019-09-09,1225637.361878194
2019-09-10,1225637.361878194
2019-09-11,1225637.361878194
2019-09-12,1225637.361878194
2019-09-13,1225637.361878194
2019-09-16,1225637.361878194
2019-09-17,1225637.361878194
2019-09-18,1225637.361878194
2019-09-19,1225637.361878194
2019-09-20,1225637.361878194
2019-09-23,1225637.361878194
2019-09-24,1225637.361878194
2019-09-25,1225637.361878194
2019-09-26,1225637.361878194
2019-09-27,1225557.276479207
2019-09-30,1225686.3410428204
2019-10-01,1225686.3410428204
2019-10-02,1225686.3410428204
2019-10-03,1225686.3410428204
2019-10-04,1225686.3410428204
2019-10-07,1225686.3410428204
2019-10-08,1225686.3410428204
2019-10-09,1225686.3410428204
2019-10-10,1225686.3410428204
2019-10-11,1225686.3410428204
2019-10-14,1225686.3410428204
2019-10-15,1225686.3410428204
2019-10-16,1225700.580393315
2019-10-17,1225701.8477876033
2019-10-18,1225676.5476606486
2019-10-21,1225938.6925694486
2019-10-22,1225938.6925694486
2019-10-23,1225938.6925694486
2019-10-24,1225938.6925694486
2019-10-25,1225938.6925694486
2019-10-28,1226071.1312501484
2019-10-29,1226030.2184838613
2019-10-30,1226143.8189849164
2019-10-31,1225811.5958907967
2019-11-01,1226122.967296457
2019-11-04,1226224.057990047
2019-11-05,1226320.391470849
2019-11-06,1226362.914636349
2019-11-07,1226610.2784416873
2019-11-08,1226510.5988792141
2019-11-11,1226395.893244979
2019-11-12,1226541.9380728893
2019-11-13,1226541.9380728893
2019-11-14,1226541.9380728893
2019-11-15,1226541.9380728893
2019-11-18,1226620.0343422082
2019-11-19,1226570.5797726335
2019-11-20,1226368.3849419362
2019-11-21,1226295.1590849718
2019-11-22,1226363.1306565346
2019-11-25,1226674.4652903436
2019-11-26,1226674.4652903436
2019-11-27,1226922.5636833974
2019-11-28,1226879.4059480755
2019-11-29,1226809.38518629
2019-12-02,1226938.6241539193
2019-12-03,1226938.6241539193
2019-12-04,1226938.6241539193
2019-12-05,1227064.12488238
2019-12-06,1227064.12488238
2019-12-09,1227064.12488238
2019-12-10,1227064.12488238
2019-12-11,1227064.12488238
2019-12-12,1227064.12488238
2019-12-13,1227179.072086955
2019-12-16,1227634.2842249032
2019-12-17,1227573.3088675085
2019-12-18,1227635.468834825
2019-12-19,1227906.4548426683
2019-12-20,1227728.9046183296
2019-12-23,1227969.9117194035
2019-12-24,1227972.6869153297
2019-12-26,1228509.4962240597
2019-12-27,1228450.6683730192
2019-12-30,1228248.5747290154
2019-12-31,1228073.6287985444
2020-01-02,1228190.262214222
2020-01-03,1227922.1728326927
2020-01-06,1228276.1261151657
2020-01-07,1228320.0517635024
2020-01-08,1228484.5697170643
2020-01-09,1228626.681537146
2020-01-10,1228508.6417047537
2020-01-13,1228638.8838247817
2020-01-14,1228562.114750082
2020-01-15,1228553.9487549767
2020-01-16,1228682.379427934
2020-01-17,1228733.1665617512
2020-01-20,1228756.4985222672
2020-01-21,1228698.8844107427
2020-01-22,1228991.4500508963
2020-01-23,1228991.4500508963
2020-01-24,1228991.4500508963
2020-01-27,1228991.4500508963
2020-01-28,1228991.4500508963
2020-01-29,1228991.4500508963
2020-01-30,1228991.4500508963
2020-01-31,1229248.1244381506
2020-02-03,1229372.9788171763
2020-02-04,1229372.9788171763
2020-02-05,1229295.4339518107
2020-02-06,1229312.2833147408
2020-02-07,1229258.6959257657
2020-02-10,1229471.251034179
2020-02-11,1229463.2726282377
2020-02-12,1229465.1231547827
2020-02-13,1229720.729355434
2020-02-14,1229785.5153377804
2020-02-17,1229811.4523280242
2020-02-18,1230015.17500264
2020-02-19,1230285.8148041589
2020-02-20,1230461.0021011897
2020-02-21,1230368.6820938354
2020-02-24,1230932.5054543524
2020-02-25,1230932.5054543524
2020-02-26,1230932.5054543524
2020-02-27,1231073.0104528638
2020-02-28,1231540.9777796075
2020-03-02,1230957.6026637421
2020-03-03,1231014.9705353847
2020-03-04,1230999.2168292864
2020-03-05,1231140.3737695238
2020-03-06,1231140.3737695238
2020-03-09,1231360.7996505874
2020-03-10,1231246.6452712996
2020-03-11,1231584.4098689558
2020-03-12,1231584.4098689558
2020-03-13,1231522.2203197812
2020-03-16,1232279.2944213196
2020-03-17,1232555.723156293
2020-03-18,1232689.6483110092
2020-03-19,1233685.5498065203
2020-03-20,1233622.0784664678
2020-03-23,1233561.7521533172
2020-03-24,1233116.302731453
2020-03-25,1232878.7737300368
2020-03-26,1232317.2963627272
2020-03-27,1232241.9957689976
2020-03-30,1232399.5658229182
2020-03-31,1232419.124351161
2020-04-01,1232336.71048419
2020-04-02,1232044.546412869
2020-04-03,1231717.0034747764
2020-04-06,1231926.0797693266
2020-04-07,1231926.0797693266
2020-04-08,1231926.0797693266
2020-04-09,1231926.0797693266
2020-04-10,1231926.0797693266
2020-04-13,1231926.0797693266
2020-04-14,1232065.9957506387
2020-04-15,1232065.9957506387
2020-04-16,1232065.9957506387
2020-04-17,1232065.9957506387
2020-04-20,1232065.9957506387
2020-04-21,1232214.9661831346
2020-04-22,1232214.9661831346
2020-04-23,1232214.9661831346
2020-04-24,1232135.0095282746
2020-04-27,1232167.069932757
2020-04-28,1232281.64447371
2020-04-29,1232215.6962201616
2020-04-30,1231920.2166638374
2020-05-01,1231910.2084028344
2020-05-04,1232039.8223045354
2020-05-05,1232039.8223045354
2020-05-06,1232039.8223045354
2020-05-07,1231897.6919323443
2020-05-08,1231791.3087375036
2020-05-11,1231631.7647897513
2020-05-12,1231644.7874024864
2020-05-13,1231766.4323331746
