day,0
2005-01-04,1200000.0
2005-01-05,1200000.0
2005-01-06,1200000.0
2005-01-07,1200000.0
2005-01-10,1200000.0
2005-01-11,1200000.0
2005-01-12,1200000.0
2005-01-13,1200000.0
2005-01-14,1200000.0
2005-01-17,1200000.0
2005-01-18,1200000.0
2005-01-19,1200000.0
2005-01-20,1200000.0
2005-01-21,1200000.0
2005-01-24,1200000.0
2005-01-25,1200000.0
2005-01-26,1200000.0
2005-01-27,1200000.0
2005-01-28,1200000.0
2005-01-31,1200000.0
2005-02-01,1200000.0
2005-02-02,1200000.0
2005-02-03,1200000.0
2005-02-04,1200000.0
2005-02-07,1200000.0
2005-02-08,1200000.0
2005-02-09,1200000.0
2005-02-10,1200000.0
2005-02-11,1200000.0
2005-02-14,1200000.0
2005-02-15,1200000.0
2005-02-16,1200000.0
2005-02-17,1200000.0
2005-02-18,1200000.0
2005-02-21,1200000.0
2005-02-22,1200000.0
2005-02-23,1200000.0
2005-02-24,1200000.0
2005-02-25,1200000.0
2005-02-28,1200000.0
2005-03-01,1200000.0
2005-03-02,1200000.0
2005-03-03,1200000.0
2005-03-04,1200000.0
2005-03-07,1200000.0
2005-03-08,1200000.0
2005-03-09,1200000.0
2005-03-10,1200000.0
2005-03-11,1200000.0
2005-03-14,1200000.0
2005-03-15,1200000.0
2005-03-16,1200000.0
2005-03-17,1200000.0
2005-03-18,1200000.0
2005-03-21,1200000.0
2005-03-22,1200000.0
2005-03-23,1197203.5452526354
2005-03-24,1196674.4311880185
2005-03-25,1196674.4311880185
2005-03-28,1196253.2622051488
2005-03-29,1197982.7109664762
2005-03-30,1190275.1198678934
2005-03-31,1192967.4842627323
2005-04-01,1196743.4638454404
2005-04-04,1194267.9709506095
2005-04-05,1193269.0036219398
2005-04-06,1192270.0281147328
2005-04-07,1186648.8138462652
2005-04-08,1192190.10261322
2005-04-11,1194497.2972194157
2005-04-12,1191764.9955328149
2005-04-13,1199882.0737611975
2005-04-14,1210856.0140277073
2005-04-15,1225453.5948491753
2005-04-18,1222343.0114051239
2005-04-19,1208239.9834664136
2005-04-20,1227336.6634006565
2005-04-21,1203671.761703067
2005-04-22,1211254.4982392497
2005-04-25,1203211.7498434193
2005-04-26,1215800.97967109
2005-04-27,1211830.3349439683
2005-04-28,1226686.2783771353
2005-04-29,1211491.936061082
2005-05-02,1204017.6402326145
2005-05-03,1197696.2846412733
2005-05-04,1182432.1310089459
2005-05-05,1180352.0619428714
2005-05-06,1179679.8518153732
2005-05-09,1160274.10815346
2005-05-10,1170791.8239564176
2005-05-11,1175051.5085004282
2005-05-12,1185322.6379915841
2005-05-13,1197036.6353653944
2005-05-16,1207798.1010591
2005-05-17,1198439.9104679509
2005-05-18,1171952.9229521626
2005-05-19,1177503.8786647194
2005-05-20,1198287.1720786295
2005-05-23,1190297.3648114381
2005-05-24,1188680.0710474742
2005-05-25,1182510.3207660369
2005-05-26,1208275.1515358347
2005-05-27,1180312.3562900736
2005-05-30,1203553.0657573247
2005-05-31,1228724.1661663065
2005-06-01,1253756.4777225987
2005-06-02,1242065.3319621338
2005-06-03,1240894.285939474
2005-06-06,1225908.901924642
2005-06-07,1222572.5419765734
2005-06-08,1233281.042407042
2005-06-09,1240318.721843834
2005-06-10,1253401.0675443553
2005-06-13,1257246.655229898
2005-06-14,1266467.324762953
2005-06-15,1218195.8970283063
2005-06-16,1229447.8108076458
2005-06-17,1221723.4686939844
2005-06-20,1246861.9803655446
2005-06-21,1243040.1252729055
2005-06-22,1254136.4037709802
2005-06-23,1264201.5695510306
2005-06-24,1233865.9928270779
2005-06-27,1212159.919485962
2005-06-28,1225459.8350947138
2005-06-29,1226777.3986306777
2005-06-30,1233326.5265624404
2005-07-01,1270579.8280829566
2005-07-04,1283482.6769743154
2005-07-05,1276898.8409057911
2005-07-06,1294193.5329033113
2005-07-07,1259789.7194156304
2005-07-08,1259197.9738078932
2005-07-11,1236276.2684360314
2005-07-12,1219953.872992573
2005-07-13,1239179.8545256075
2005-07-14,1243502.7246325323
2005-07-15,1245295.3707636194
2005-07-18,1242682.3930108252
2005-07-19,1261131.9370750429
2005-07-20,1260674.494692432
2005-07-21,1220831.5804619377
2005-07-22,1253370.635357355
2005-07-25,1249734.431435245
2005-07-26,1263689.0211244256
2005-07-27,1256678.4764184733
2005-07-28,1260588.2205420374
2005-07-29,1248125.3401399127
2005-08-01,1257462.5562325972
2005-08-02,1259227.1909588207
2005-08-03,1249236.8856807686
2005-08-04,1232030.8982747504
2005-08-05,1220154.5079382542
2005-08-08,1229395.470929975
2005-08-09,1242135.0797913787
2005-08-10,1258992.3653613704
2005-08-11,1291838.5031874778
2005-08-12,1267450.657107321
2005-08-15,1272580.33391244
2005-08-16,1243158.1456827
2005-08-17,1206672.6508800949
2005-08-18,1187670.2874033842
2005-08-19,1214241.1269565213
2005-08-22,1237467.01347715
2005-08-23,1227940.2200774434
2005-08-24,1220246.5506822132
2005-08-25,1218432.6277310373
2005-08-26,1190498.2693798586
2005-08-29,1199312.9127059164
2005-08-30,1213305.266760278
2005-08-31,1214169.7774348164
2005-09-01,1223265.3586956982
2005-09-02,1213744.0488380827
2005-09-05,1221637.262071645
2005-09-06,1212881.179611651
2005-09-07,1207027.1335819147
2005-09-08,1202765.1475688457
2005-09-09,1223564.7657850627
2005-09-12,1222993.818340817
2005-09-13,1218274.1123776888
2005-09-14,1225184.8725222363
2005-09-15,1234487.5907120549
2005-09-16,1241565.238933681
2005-09-19,1257591.794989578
2005-09-20,1259683.491293651
2005-09-21,1253461.713688333
2005-09-22,1250536.0600856086
2005-09-23,1252875.0854105726
2005-09-26,1280755.263527507
2005-09-27,1273734.560579766
2005-09-28,1295352.1040242848
2005-09-29,1321814.105684855
2005-09-30,1316994.4466542942
2005-10-03,1316868.2568936518
2005-10-04,1315189.0909886733
2005-10-05,1247154.2822560263
2005-10-06,1191185.259356403
2005-10-07,1201670.046595774
2005-10-10,1215942.754909603
2005-10-11,1216986.2281230504
2005-10-12,1213541.9387478738
2005-10-13,1202569.4842041165
2005-10-14,1192724.0254934987
2005-10-17,1205206.7005099612
2005-10-18,1215048.155047284
2005-10-19,1213894.5941120535
2005-10-20,1211582.712946946
2005-10-21,1212632.84791586
2005-10-24,1208040.6356378905
2005-10-25,1202812.686610219
2005-10-26,1219276.1425622387
2005-10-27,1214259.2524434254
2005-10-28,1204501.0351748269
2005-10-31,1214184.254411764
2005-11-01,1220579.5869014896
2005-11-02,1232468.7141974426
2005-11-03,1239437.2495511693
2005-11-04,1252632.9455173148
2005-11-07,1239264.017123796
2005-11-08,1223759.2086218162
2005-11-09,1229409.0789802307
2005-11-10,1248556.794136481
2005-11-11,1253705.004426528
2005-11-14,1253534.4520241702
2005-11-15,1248207.5735661346
2005-11-16,1266903.3608657785
2005-11-17,1291482.5334763273
2005-11-18,1305570.2496300845
2005-11-21,1326985.7559035255
2005-11-22,1318168.344063827
2005-11-23,1332662.8997692256
2005-11-24,1320624.7680107194
2005-11-25,1350705.665392224
2005-11-28,1317291.9686504595
2005-11-29,1340636.6362026331
2005-11-30,1315621.3138101392
2005-12-01,1390357.2709884385
2005-12-02,1407385.013970803
2005-12-05,1419891.3859633256
2005-12-06,1436058.5389190165
2005-12-07,1416103.5803032827
2005-12-08,1364677.2930090225
2005-12-09,1406798.0217656782
2005-12-12,1422037.609083127
2005-12-13,1436464.886401397
2005-12-14,1350392.5518934296
2005-12-15,1300022.2807156157
2005-12-16,1299134.1940080656
2005-12-19,1282646.4020233566
2005-12-20,1286302.1103186936
2005-12-21,1289788.574743815
2005-12-22,1298084.0029392652
2005-12-23,1292817.3981767322
2005-12-26,1293512.0975226571
2005-12-27,1268966.0986151528
2005-12-28,1325214.1298290666
2005-12-29,1324606.470526625
2005-12-30,1288941.8005426398
2006-01-02,1290581.739334221
2006-01-03,1328797.147016934
2006-01-04,1346873.4104129875
2006-01-05,1319629.9969634863
2006-01-06,1341474.6471827955
2006-01-09,1343023.3636337162
2006-01-10,1306516.489934185
2006-01-11,1348731.2664798116
2006-01-12,1332466.0362869902
2006-01-13,1329481.5108186835
2006-01-16,1327216.6784346304
2006-01-17,1253293.124467239
2006-01-18,1189662.4521772
2006-01-19,1206504.5689928485
2006-01-20,1192161.970848287
2006-01-23,1189417.0091244557
2006-01-24,1183366.8895414267
2006-01-25,1185140.232456367
2006-01-26,1196564.7765935569
2006-01-27,1214002.0895253955
2006-01-30,1220909.7332804606
2006-01-31,1208353.400439091
2006-02-01,1212770.2073533807
2006-02-02,1182810.7651926307
2006-02-03,1195155.2246737373
2006-02-06,1196410.3420280544
2006-02-07,1159632.0256155466
2006-02-08,1153246.4693305634
2006-02-09,1166514.5193312436
2006-02-10,1136578.749009899
2006-02-13,1112020.3602588882
2006-02-14,1142414.6058525455
2006-02-15,1118019.3647853415
2006-02-16,1132890.327684301
2006-02-17,1110049.4590690967
2006-02-20,1112608.4101517866
2006-02-21,1110467.5178967523
2006-02-22,1112317.7688020496
2006-02-23,1105804.49618782
2006-02-24,1111587.7283233292
2006-02-27,1116968.5774569088
2006-02-28,1107917.736093123
2006-03-01,1117678.1166125354
2006-03-02,1116489.7842395941
2006-03-03,1120922.3471397927
2006-03-06,1120299.2620298774
2006-03-07,1107395.6044106109
2006-03-08,1101161.8362749678
2006-03-09,1103892.0116602017
2006-03-10,1109637.4909504396
2006-03-13,1112879.222443253
2006-03-14,1114663.5986314432
2006-03-15,1116270.1179144168
2006-03-16,1121467.0293492526
2006-03-17,1121240.8383597324
2006-03-20,1122072.3259317183
2006-03-21,1122182.534581227
2006-03-22,1124465.6866994826
2006-03-23,1122358.0053852217
2006-03-24,1130687.5248126192
2006-03-27,1121959.1139864635
2006-03-28,1114561.3937677005
2006-03-29,1121821.7867265868
2006-03-30,1124661.245716394
2006-03-31,1110422.954019698
2006-04-03,1142475.3614472202
2006-04-04,1140897.834604345
2006-04-05,1146967.356493936
2006-04-06,1146741.1414753466
2006-04-07,1131863.0000038997
2006-04-10,1145660.0065464794
2006-04-11,1123487.8981465925
2006-04-12,1113941.268264452
2006-04-13,1116767.4839640032
2006-04-14,1117916.895571951
2006-04-17,1108185.7632448
2006-04-18,1157061.4776490715
2006-04-19,1167216.614856259
2006-04-20,1151277.6978409428
2006-04-21,1160881.3953182627
2006-04-24,1109627.7214683592
2006-04-25,1113116.3834660314
2006-04-26,1122274.048769965
2006-04-27,1116942.2156206258
2006-04-28,1119966.023873855
2006-05-01,1111253.8509507822
2006-05-02,1152752.7761938395
2006-05-03,1135915.3075950616
2006-05-04,1145159.360791416
2006-05-05,1164003.5850317024
2006-05-08,1139506.9932924514
2006-05-09,1162901.115277621
2006-05-10,1139841.1560613797
2006-05-11,1123823.9721736696
2006-05-12,1110982.5224142214
2006-05-15,1077846.3290946533
2006-05-16,1093371.105914442
2006-05-17,1061452.0671188813
2006-05-18,1082105.9807287743
2006-05-19,1064444.9097391563
2006-05-22,1079740.4082074107
2006-05-23,1066501.5171585598
2006-05-24,1056840.7714244921
2006-05-25,1084826.9076199129
2006-05-26,1067663.5259880356
2006-05-29,1068680.4906022272
2006-05-30,1099638.8483433013
2006-05-31,1083064.6603637717
2006-06-01,1076225.0813116606
2006-06-02,1101157.6267301862
2006-06-05,1091237.7839862267
2006-06-06,1073952.8671739432
2006-06-07,1063337.2344850055
2006-06-08,1036144.2895690488
2006-06-09,1049380.1553297925
2006-06-12,1042595.4500988412
2006-06-13,1020013.3360234154
2006-06-14,1031283.857894163
2006-06-15,1030252.8849124556
2006-06-16,1027837.6463591561
2006-06-19,1017203.7136761836
2006-06-20,1018855.8581547136
2006-06-21,1034387.9506270229
2006-06-22,1019650.1382086411
2006-06-23,1009536.4623044427
2006-06-26,1015145.2964374778
2006-06-27,1021517.17412517
2006-06-28,1019360.3118908389
2006-06-29,1022860.5868093942
2006-06-30,1024215.0539896417
2006-07-03,1028593.9699347895
2006-07-04,1031015.7097821349
2006-07-05,1041379.7150774554
2006-07-06,1039827.495010869
2006-07-07,1032942.8121313589
2006-07-10,1024343.7383984467
2006-07-11,1019515.9008792615
2006-07-12,1033834.7969879771
2006-07-13,1047942.2525928372
2006-07-14,1050320.0187074593
2006-07-17,1042396.3817454696
2006-07-18,1035683.7237127442
2006-07-19,1031221.7355023073
2006-07-20,1034811.6661321161
2006-07-21,1039478.4105590798
2006-07-24,1033856.4878737894
2006-07-25,1029821.3537523244
2006-07-26,1037185.8141816607
2006-07-27,1031628.4409629479
2006-07-28,1013605.0384667397
2006-07-31,1016946.6132067767
2006-08-01,1027152.8892103732
2006-08-02,1025273.1065618598
2006-08-03,1019874.1996853956
2006-08-04,1021419.23796604
2006-08-07,1039647.293024599
2006-08-08,1035136.6227462712
2006-08-09,1047257.5205007448
2006-08-10,1031770.6640399238
2006-08-11,1045789.3986646966
2006-08-14,1035140.6020529384
2006-08-15,1030486.3378573614
2006-08-16,1035441.7984198398
2006-08-17,1014701.6242016933
2006-08-18,1010456.4877531875
2006-08-21,1016105.9694386651
2006-08-22,1028714.1739599295
2006-08-23,1021250.6645518469
2006-08-24,1010672.7842615198
2006-08-25,1018052.2105308275
2006-08-28,1021512.2647128904
2006-08-29,1028899.055188067
2006-08-30,1037502.2974185145
2006-08-31,1049577.61188989
2006-09-01,1059618.8070305698
2006-09-04,1057507.8292456802
2006-09-05,1051867.882578308
2006-09-06,1023374.4117584885
2006-09-07,988295.9943032139
2006-09-08,986145.3191502595
2006-09-11,984990.6790620445
2006-09-12,1006559.068586587
2006-09-13,1002399.9447250876
2006-09-14,1009514.5443655669
2006-09-15,999905.6569272846
2006-09-18,1019973.9064467032
2006-09-19,986762.4611359322
2006-09-20,1002893.2675245437
2006-09-21,996058.6096289435
2006-09-22,965441.5716723693
2006-09-25,972213.3777506799
2006-09-26,981823.8236273914
2006-09-27,1002104.1485835959
2006-09-28,1010581.2335761888
2006-09-29,1009580.4460257937
2006-10-02,1015919.6780550368
2006-10-03,1021710.135228443
2006-10-04,1026579.7159021102
2006-10-05,1031023.6740670633
2006-10-06,1025310.1573190049
2006-10-09,1024401.8735315532
2006-10-10,1040889.7273087567
2006-10-11,1042741.4039427639
2006-10-12,1055784.797348574
2006-10-13,1066419.6548480124
2006-10-16,1064797.1447753785
2006-10-17,1046551.4305091505
2006-10-18,1060109.4476700898
2006-10-19,1054808.552627982
2006-10-20,1062158.490043205
2006-10-23,1087712.560567309
2006-10-24,1089230.905225115
2006-10-25,1090367.08205209
2006-10-26,1096895.5627041531
2006-10-27,1063524.8425475787
2006-10-30,1057444.0803348585
2006-10-31,1057427.1046078298
2006-11-01,1048866.9545364236
2006-11-02,1055686.567698026
2006-11-03,1054920.7820480813
2006-11-06,1089243.502513847
2006-11-07,1088595.0946985153
2006-11-08,1073123.3329685202
2006-11-09,1062795.502726933
2006-11-10,1062561.2739711558
2006-11-13,1062400.2656429084
2006-11-14,1067885.6586621515
2006-11-15,1080907.4962402089
2006-11-16,1097925.4691840266
2006-11-17,1087902.8244192437
2006-11-20,1098042.1854382933
2006-11-21,1099362.6670573012
2006-11-22,1090573.0094065012
2006-11-23,1074109.5778324942
2006-11-24,1094297.2007127472
2006-11-27,1082402.8015434877
2006-11-28,1106622.49506841
2006-11-29,1100657.5863931463
2006-11-30,1129745.521585043
2006-12-01,1136096.7782133282
2006-12-04,1144922.9218871011
2006-12-05,1122933.0150423322
2006-12-06,1107650.7337394317
2006-12-07,1110854.7954324523
2006-12-08,1099599.6124996394
2006-12-11,1123654.6484284261
2006-12-12,1131803.5348561723
2006-12-13,1135409.5392078932
2006-12-14,1129863.4816760987
2006-12-15,1113396.6631200276
2006-12-18,1105640.1053085541
2006-12-19,1138887.1744717215
2006-12-20,1138098.9487066504
2006-12-21,1128770.3037530917
2006-12-22,1123545.371766679
2006-12-25,1129682.4047135527
2006-12-26,1130094.283714651
2006-12-27,1144585.6065887331
2006-12-28,1168665.8467141562
2006-12-29,1172267.9917938479
2007-01-01,1174238.7210967632
2007-01-02,1221295.4916363652
2007-01-03,1180603.1627630459
2007-01-04,1152290.9469423445
2007-01-05,1054976.314997442
2007-01-08,1059946.3675137782
2007-01-09,1074368.9197724524
2007-01-10,1067116.5701684523
2007-01-11,1094924.6595907463
2007-01-12,1101402.6993262952
2007-01-15,1109787.7426028599
2007-01-16,1108146.8723435241
2007-01-17,1100075.3978031364
2007-01-18,1102702.1782905397
2007-01-19,1106063.2577925022
2007-01-22,1104399.7686286364
2007-01-23,1122066.4683078865
2007-01-24,1101756.0885411564
2007-01-25,1039072.8078414632
2007-01-26,1032458.5826112287
2007-01-29,1055979.643142988
2007-01-30,1049432.8807703413
2007-01-31,1027709.4072816982
2007-02-01,1055995.3551763818
2007-02-02,1050050.7946115285
2007-02-05,1022857.4016104428
2007-02-06,1035295.8858238008
2007-02-07,1053408.7998641208
2007-02-08,1054996.344566434
2007-02-09,1065952.9565059522
2007-02-12,1050032.27741197
2007-02-13,1072807.9869487127
2007-02-14,1109481.6995491222
2007-02-15,1089116.5574743997
2007-02-16,1087880.558994508
2007-02-19,1101882.3368320833
2007-02-20,1100980.3329526146
2007-02-21,1115463.6310974946
2007-02-22,1140164.6894114544
2007-02-23,1138986.7489929958
2007-02-26,1142227.3297911803
2007-02-27,1001044.681089287
2007-02-28,1002500.6314930589
2007-03-01,984807.121162083
2007-03-02,972120.5353647779
2007-03-05,972120.5353647779
2007-03-06,972120.5353647779
2007-03-07,972120.5353647779
2007-03-08,972120.5353647779
2007-03-09,972120.5353647779
2007-03-12,972120.5353647779
2007-03-13,972120.5353647779
2007-03-14,972120.5353647779
2007-03-15,972120.5353647779
2007-03-16,972120.5353647779
2007-03-19,970850.8242019565
2007-03-20,973018.6555551012
2007-03-21,981114.4919937095
2007-03-22,974817.5913620561
2007-03-23,969772.3852374626
2007-03-26,976029.5155400357
2007-03-27,977963.1535452461
2007-03-28,972855.2163781337
2007-03-29,975047.4535331526
2007-03-30,977463.9348364555
2007-04-02,981800.0923501396
2007-04-03,976640.7344744256
2007-04-04,988677.6387935955
2007-04-05,997008.20635698
2007-04-06,991875.7614272579
2007-04-09,991017.4793474909
2007-04-10,1009716.8375575532
2007-04-11,1014456.9530488376
2007-04-12,1023994.262434268
2007-04-13,1040426.776096727
2007-04-16,1048768.7197200009
2007-04-17,1055082.6841136941
2007-04-18,1057331.4356568747
2007-04-19,1046415.7779641137
2007-04-20,1059729.4812805587
2007-04-23,1044710.4228390196
2007-04-24,1040684.6991468958
2007-04-25,1069806.4128804822
2007-04-26,1047125.3548512034
2007-04-27,1071210.3145333861
2007-04-30,1058976.8954305735
2007-05-01,1048728.2661366994
2007-05-02,1060166.889475593
2007-05-03,1070683.2606277736
2007-05-04,1085395.5297718402
2007-05-07,1093310.967815085
2007-05-08,1075834.2018586812
2007-05-09,1075538.3780027856
2007-05-10,1023459.8683457301
2007-05-11,1070766.5744284664
2007-05-14,1071283.815029586
2007-05-15,1087075.7392900598
2007-05-16,1061091.3969312464
2007-05-17,1062380.5867185758
2007-05-18,1086207.5007884798
2007-05-21,1086087.826767915
2007-05-22,1077564.3335400384
2007-05-23,1089654.711251233
2007-05-24,1056097.8593415855
2007-05-25,1068905.6637800103
2007-05-28,1071893.70381868
2007-05-29,1081445.2996426197
2007-05-30,1096778.36141982
2007-05-31,1117023.026149908
2007-06-01,1149195.5637924736
2007-06-04,1155036.2587201227
2007-06-05,1143142.6341187134
2007-06-06,1116612.5255407551
2007-06-07,1066449.6431227743
2007-06-08,1091825.2629878968
2007-06-11,1095893.6402481135
2007-06-12,1053225.6123660263
2007-06-13,1094981.7417297047
2007-06-14,1115979.8307137715
2007-06-15,1164951.248298774
2007-06-18,1169201.2424827237
2007-06-19,1176834.8382963287
2007-06-20,1150921.2779618243
2007-06-21,1162135.9896630836
2007-06-22,1151686.1162477022
2007-06-25,1152321.1691389158
2007-06-26,1127546.5499277203
2007-06-27,1114308.5045001353
2007-06-28,1150776.4466451346
2007-06-29,1172832.8415021356
2007-07-02,1202241.7203463318
2007-07-03,1195752.8978518897
2007-07-04,1207521.6256374856
2007-07-05,1209651.1544879617
2007-07-06,1236226.3543443796
2007-07-09,1246119.4166430999
2007-07-10,1200003.62644352
2007-07-11,1223219.0259700478
2007-07-12,1266771.565065536
2007-07-13,1276400.0821805305
2007-07-16,1275552.8407532868
2007-07-17,1281561.4711460043
2007-07-18,1278028.0639014773
2007-07-19,1301157.7740986873
2007-07-20,1259082.1534935532
2007-07-23,1267169.561959524
2007-07-24,1212737.080914405
2007-07-25,1205767.4730516234
2007-07-26,1109433.307391509
2007-07-27,1088106.4518919035
2007-07-30,1090091.7720459187
2007-07-31,1092173.8656305356
2007-08-01,1084219.0298182238
2007-08-02,1085765.777242543
2007-08-03,1089213.5575264264
2007-08-06,1080334.334869909
2007-08-07,1074915.539974371
2007-08-08,1076667.576535382
2007-08-09,1065289.4663042685
2007-08-10,1066425.0810368462
2007-08-13,1057872.5379928655
2007-08-14,1054949.1753516733
2007-08-15,1054949.1753516733
2007-08-16,1054949.1753516733
2007-08-17,1054949.1753516733
2007-08-20,1054949.1753516733
2007-08-21,1054949.1753516733
2007-08-22,1054949.1753516733
2007-08-23,1054949.1753516733
2007-08-24,1054949.1753516733
2007-08-27,1054949.1753516733
2007-08-28,1054949.1753516733
2007-08-29,1054949.1753516733
2007-08-30,1054949.1753516733
2007-08-31,1054949.1753516733
2007-09-03,1054949.1753516733
2007-09-04,1054949.1753516733
2007-09-05,1054949.1753516733
2007-09-06,1054949.1753516733
2007-09-07,1056968.3613054093
2007-09-10,1057995.2379408437
2007-09-11,1061936.51266296
2007-09-12,1061486.0239687783
2007-09-13,1057957.9880382982
2007-09-14,1055212.2180300218
2007-09-17,1064949.028310525
2007-09-18,1089813.3076858546
2007-09-19,1086283.713676231
2007-09-20,1110558.6037419175
2007-09-21,1109596.2747920216
2007-09-24,1104894.459163173
2007-09-25,1104361.9132958918
2007-09-26,1107406.2108606265
2007-09-27,1121665.7968627298
2007-09-28,1134562.9587172107
2007-10-01,1136661.7349729014
2007-10-02,1114349.4635070032
2007-10-03,1104809.2746508503
2007-10-04,1119879.8515854373
2007-10-05,1147041.3874560369
2007-10-08,1127900.3205543887
2007-10-09,1147163.9723726271
2007-10-10,1151924.3945883948
2007-10-11,1159544.8173194556
2007-10-12,1178702.8843822808
2007-10-15,1176470.5047621797
2007-10-16,1162873.1778917375
2007-10-17,1171246.8667897221
2007-10-18,1185989.6091087137
2007-10-19,1148125.7664017125
2007-10-22,1113472.4831887865
2007-10-23,1150482.935280102
2007-10-24,1156470.5097163855
2007-10-25,1181401.336814386
2007-10-26,1212774.0105803513
2007-10-29,1242834.3725878005
2007-10-30,1228185.1057628642
2007-10-31,1286684.8256542732
2007-11-01,1204180.485462188
2007-11-02,1267162.0606166427
2007-11-05,1242522.5539989374
2007-11-06,1299466.9068245345
2007-11-07,1245601.701855935
2007-11-08,1228318.9513711438
2007-11-09,1161396.623291834
2007-11-12,1079734.734958922
2007-11-13,1072636.582226643
2007-11-14,1079448.8629026327
2007-11-15,1075404.8937291973
2007-11-16,1081353.8346576232
2007-11-19,1094327.579584802
2007-11-20,1101778.8669093293
2007-11-21,1115572.3091865834
2007-11-22,1108422.5504153504
2007-11-23,1106921.240813002
2007-11-26,1109500.7096246316
2007-11-27,1086098.6738742245
2007-11-28,1068709.6388771534
2007-11-29,1059510.7991245526
2007-11-30,1038200.2223693114
2007-12-03,1042784.124830569
2007-12-04,1055810.0123570133
2007-12-05,1031807.2424785622
2007-12-06,1027652.245454477
2007-12-07,1028794.7828235627
2007-12-10,1032284.8156249569
2007-12-11,1028510.9956371906
2007-12-12,1031842.2700558366
2007-12-13,1026996.7832153552
2007-12-14,1015144.5988873824
2007-12-17,1015144.5988873824
2007-12-18,1015144.5988873824
2007-12-19,1015144.5988873824
2007-12-20,1015144.5988873824
2007-12-21,1015144.5988873824
2007-12-24,1015144.5988873824
2007-12-25,1015144.5988873824
2007-12-26,1015144.5988873824
2007-12-27,1015144.5988873824
2007-12-28,1015144.5988873824
2007-12-31,1015144.5988873824
2008-01-01,1015144.5988873824
2008-01-02,1015144.5988873824
2008-01-03,1017697.3523745547
2008-01-04,1015456.453598241
2008-01-07,1014813.086102373
2008-01-08,1022625.9166093238
2008-01-09,1021181.8685775338
2008-01-10,1026385.6574713598
2008-01-11,1028198.5055238652
2008-01-14,1026258.4248810494
2008-01-15,1034993.328576323
2008-01-16,1035591.6411310722
2008-01-17,1048908.2494603489
2008-01-18,1046555.4086758014
2008-01-21,1078853.0893435522
2008-01-22,1051865.6192623053
2008-01-23,1049689.4202096611
2008-01-24,1030672.8974749821
2008-01-25,1030052.1390703358
2008-01-28,1034249.3228239863
2008-01-29,1019032.6579942896
2008-01-30,1031562.0981218213
2008-01-31,1017168.5217384078
2008-02-01,994990.0183804759
2008-02-04,990699.0731428505
2008-02-05,1004222.0085058757
2008-02-06,1018174.099692429
2008-02-07,1022699.9045066374
2008-02-08,1032720.7651351312
2008-02-11,1032070.5135881354
2008-02-12,1010531.2488958903
2008-02-13,1003973.0078658251
2008-02-14,995852.0422663805
2008-02-15,999522.4288116874
2008-02-18,997187.509749215
2008-02-19,1009938.130883757
2008-02-20,1026548.3642211758
2008-02-21,1012335.732066215
2008-02-22,1017691.9090740575
2008-02-25,1007442.2892337083
2008-02-26,1008285.3229507369
2008-02-27,1022948.2031781853
2008-02-28,1046311.8483354729
2008-02-29,1027512.7197523644
2008-03-03,1041637.0308380332
2008-03-04,1025993.979547342
2008-03-05,1058187.6145465446
2008-03-06,1062823.811802333
2008-03-07,1057573.1346612712
2008-03-10,1061253.5779663676
2008-03-11,1043163.4474107863
2008-03-12,1077872.2711778448
2008-03-13,1089988.947900296
2008-03-14,1105146.1636520014
2008-03-17,1095661.9914051045
2008-03-18,1054808.3031439735
2008-03-19,1034875.1742218497
2008-03-20,989924.2417662692
2008-03-21,988071.138728135
2008-03-24,954726.1188354606
2008-03-25,966030.6613899204
2008-03-26,1000949.3410521578
2008-03-27,997372.6518737621
2008-03-28,994290.2497128806
2008-03-31,981325.9818655928
2008-04-01,945776.3574723494
2008-04-02,951159.313092263
2008-04-03,950013.7676015045
2008-04-04,958013.1087116187
2008-04-07,957415.8529315369
2008-04-08,952724.3877219149
2008-04-09,969110.8695524995
2008-04-10,961607.4891891158
2008-04-11,966137.4762637658
2008-04-14,970558.0526232175
2008-04-15,968993.8197230628
2008-04-16,977256.4271312144
2008-04-17,972174.0670444474
2008-04-18,971449.8410461602
2008-04-21,978380.1488538093
2008-04-22,988518.8236519322
2008-04-23,981101.6668600824
2008-04-24,962202.8022659866
2008-04-25,965242.5941881033
2008-04-28,967389.5321879516
2008-04-29,951498.2888892854
2008-04-30,954796.5337353908
2008-05-01,936908.9009715419
2008-05-02,947694.1878768882
2008-05-05,962842.6877553823
2008-05-06,970053.0861008355
2008-05-07,962559.5179236808
2008-05-08,962212.1052825139
2008-05-09,964378.9217930075
2008-05-12,961334.5991742635
2008-05-13,967000.8937091033
2008-05-14,960687.5923336011
2008-05-15,963231.7320976085
2008-05-16,970091.6562242624
2008-05-19,970888.1182626834
2008-05-20,978428.8278091687
2008-05-21,992511.1493987436
2008-05-22,982048.5388909988
2008-05-23,984955.0547183249
2008-05-26,988752.6451728204
2008-05-27,977747.5044641747
2008-05-28,986670.2725072899
2008-05-29,974105.4897225786
2008-05-30,977493.1633918429
2008-06-02,971348.1295154247
2008-06-03,962817.84215827
2008-06-04,962568.5397616974
2008-06-05,982824.0877948644
2008-06-06,999877.0353822955
2008-06-09,988646.1022896101
2008-06-10,979509.2569957015
2008-06-11,985032.270127748
2008-06-12,983243.7870855612
2008-06-13,984922.8787270172
2008-06-16,990471.4207787337
2008-06-17,992099.7214898184
2008-06-18,997412.0257946262
2008-06-19,994775.0007158195
2008-06-20,994984.0555339381
2008-06-23,997654.5420417548
2008-06-24,1004460.2124036753
2008-06-25,1004845.3354622684
2008-06-26,1014600.2118022285
2008-06-27,1016436.6780935463
2008-06-30,1007358.488404264
2008-07-01,1011782.8244408054
2008-07-02,1034912.6172549205
2008-07-03,1034627.9397740411
2008-07-04,1038166.5209819548
2008-07-07,1029946.3453173975
2008-07-08,1008373.6166931234
2008-07-09,1012192.12433913
2008-07-10,1037452.3922785707
2008-07-11,1059751.7004601143
2008-07-14,1070086.8945776403
2008-07-15,1062731.0928065283
2008-07-16,1018754.3876044971
2008-07-17,1011767.9352405503
2008-07-18,1010106.5632457121
2008-07-21,1029302.6337605428
2008-07-22,991857.0645919162
2008-07-23,960685.9689533188
2008-07-24,962437.5642426604
2008-07-25,967474.1016031131
2008-07-28,980696.1054859799
2008-07-29,951659.7340965878
2008-07-30,923705.7162612167
2008-07-31,931749.6230360043
2008-08-01,928704.0070262185
2008-08-04,941300.1042401029
2008-08-05,909219.3014105092
2008-08-06,909267.3816116212
2008-08-07,920383.9265386258
2008-08-08,911161.3253228322
2008-08-11,903984.3934011643
2008-08-12,906808.7786459429
2008-08-13,918130.5867508263
2008-08-14,922021.0253737258
2008-08-15,918236.5401210996
2008-08-18,922692.4154921714
2008-08-19,927762.8644943021
2008-08-20,922446.2476975906
2008-08-21,906802.1820478862
2008-08-22,905449.6626167428
2008-08-25,916129.6185687876
2008-08-26,912595.0356857623
2008-08-27,907107.6787096024
2008-08-28,906538.4086335821
2008-08-29,922086.0817072337
2008-09-01,928663.9975810486
2008-09-02,945897.3174219009
2008-09-03,945821.9654761137
2008-09-04,999464.569464282
2008-09-05,984304.3836800718
2008-09-08,976629.1899013456
2008-09-09,1015657.0288062175
2008-09-10,1020231.5362210429
2008-09-11,1009673.5549164834
2008-09-12,943767.4464155593
2008-09-15,1013961.1342171632
2008-09-16,1031151.0767133678
2008-09-17,1035217.445978155
2008-09-18,968965.6460146781
2008-09-19,860881.8709320859
2008-09-22,872065.1279044203
2008-09-23,891724.0812391534
2008-09-24,879976.6974220192
2008-09-25,864043.6256232335
2008-09-26,875327.4741877165
2008-09-29,994316.6797275179
2008-09-30,954705.0290339406
2008-10-01,966673.5510803785
2008-10-02,1024794.2901137684
2008-10-03,1033747.180141248
2008-10-06,1194289.0713801514
2008-10-07,1205490.649036157
2008-10-08,1302585.81792639
2008-10-09,1338736.8200016038
2008-10-10,1430541.8667732344
2008-10-13,1268730.8877173972
2008-10-14,1272327.930358523
2008-10-15,1435138.806327581
2008-10-16,1353710.841977122
2008-10-17,1366868.3650414178
2008-10-20,1314376.9106256776
2008-10-21,1416552.8438991052
2008-10-22,1528612.0297817492
2008-10-23,1497538.0131794615
2008-10-24,1661925.9786156504
2008-10-27,1742269.309977929
2008-10-28,1541413.9361545814
2008-10-29,1481120.6725279118
2008-10-30,1440750.9646920292
2008-10-31,1459156.089358702
2008-11-03,1455145.0202950477
2008-11-04,1363431.836214001
2008-11-05,1426255.010898744
2008-11-06,1480409.4439213222
2008-11-07,1454358.4825557629
2008-11-10,1462199.3097591454
2008-11-11,1505729.9670098359
2008-11-12,1567989.7934399045
2008-11-13,1483787.649579667
2008-11-14,1535632.0185959602
2008-11-17,1540358.3060852375
2008-11-18,1530604.383006109
2008-11-19,1582377.029179629
2008-11-20,1646569.0299869596
2008-11-21,1580000.4983716276
2008-11-24,1501984.6502533727
2008-11-25,1519958.7805577538
2008-11-26,1508678.9129561272
2008-11-27,1506057.0290757888
2008-11-28,1520217.0317875652
2008-12-01,1592369.748364428
2008-12-02,1574612.5907413787
2008-12-03,1566593.9332763483
2008-12-04,1591262.4937470797
2008-12-05,1582460.7849549432
2008-12-08,1537436.9907369488
2008-12-09,1553717.8209709085
2008-12-10,1536997.933461517
2008-12-11,1511278.143075441
2008-12-12,1512638.6423941683
2008-12-15,1508555.919575152
2008-12-16,1481682.4756693568
2008-12-17,1489683.0054581575
2008-12-18,1486581.7244278525
2008-12-19,1483790.1302913395
2008-12-22,1491309.5816347352
2008-12-23,1494882.5195530988
2008-12-24,1503611.8409146203
2008-12-25,1502913.3550345143
2008-12-26,1499250.074836962
2008-12-29,1492636.540227875
2008-12-30,1486748.8603266086
2008-12-31,1468986.1460230749
2009-01-01,1468667.6487923628
2009-01-02,1458427.8821756886
2009-01-05,1455454.3474306208
2009-01-06,1448460.2067458648
2009-01-07,1441680.931958043
2009-01-08,1439080.3232168392
2009-01-09,1436678.9266803754
2009-01-12,1438686.7405641545
2009-01-13,1443202.7277831978
2009-01-14,1439344.72472671
2009-01-15,1438823.399394427
2009-01-16,1437606.9986324678
2009-01-19,1441908.305139321
2009-01-20,1448714.2748961374
2009-01-21,1443947.7916788294
2009-01-22,1448489.3758949423
2009-01-23,1450481.88989682
2009-01-26,1439786.852435359
2009-01-27,1439498.6635646434
2009-01-28,1431140.7578437708
2009-01-29,1438642.8143128026
2009-01-30,1440449.6631120937
2009-02-02,1442817.7947949157
2009-02-03,1433022.840551397
2009-02-04,1439884.4328344094
2009-02-05,1432433.6399158812
2009-02-06,1421350.0628498902
2009-02-09,1417616.094979438
2009-02-10,1432678.460931721
2009-02-11,1438210.752147322
2009-02-12,1439747.5102138312
2009-02-13,1412881.1956213734
2009-02-16,1410898.4632736507
2009-02-17,1437051.937667586
2009-02-18,1440335.7405322215
2009-02-19,1418257.1744060956
2009-02-20,1427108.3145003894
2009-02-23,1448276.609636031
2009-02-24,1398424.9867124734
2009-02-25,1396986.2818956636
2009-02-26,1384408.3880609104
2009-02-27,1393845.2709685857
2009-03-02,1441727.892239533
2009-03-03,1444035.815102818
2009-03-04,1381647.4202044164
2009-03-05,1426818.1928410218
2009-03-06,1417749.4484927878
2009-03-09,1445489.0555031167
2009-03-10,1373190.199695011
2009-03-11,1347239.4675103547
2009-03-12,1339868.7254477465
2009-03-13,1313702.3411090143
2009-03-16,1316886.8076274553
2009-03-17,1306359.007000382
2009-03-18,1289364.156373798
2009-03-19,1291418.8142434107
2009-03-20,1294591.697241343
2009-03-23,1287616.8840833548
2009-03-24,1291188.7595273333
2009-03-25,1291066.539346286
2009-03-26,1294173.0519380167
2009-03-27,1294223.619698256
2009-03-30,1294193.7677226723
2009-03-31,1291236.641389049
2009-04-01,1281252.0697173565
2009-04-02,1266076.147460676
2009-04-03,1260816.9658121387
2009-04-06,1265419.8613483321
2009-04-07,1263118.5665309434
2009-04-08,1262576.1503166507
2009-04-09,1254527.5164068479
2009-04-10,1254192.9956933314
2009-04-13,1254192.9956933314
2009-04-14,1254192.9956933314
2009-04-15,1254192.9956933314
2009-04-16,1254192.9956933314
2009-04-17,1254192.9956933314
2009-04-20,1254192.9956933314
2009-04-21,1254192.9956933314
2009-04-22,1254192.9956933314
2009-04-23,1254192.9956933314
2009-04-24,1254192.9956933314
2009-04-27,1254192.9956933314
2009-04-28,1254192.9956933314
2009-04-29,1254192.9956933314
2009-04-30,1254192.9956933314
2009-05-01,1254192.9956933314
2009-05-04,1254192.9956933314
2009-05-05,1254192.9956933314
2009-05-06,1254192.9956933314
2009-05-07,1254192.9956933314
2009-05-08,1254192.9956933314
2009-05-11,1254192.9956933314
2009-05-12,1254192.9956933314
2009-05-13,1254192.9956933314
2009-05-14,1254192.9956933314
2009-05-15,1254192.9956933314
2009-05-18,1254192.9956933314
2009-05-19,1254192.9956933314
2009-05-20,1254192.9956933314
2009-05-21,1254192.9956933314
2009-05-22,1254192.9956933314
2009-05-25,1254192.9956933314
2009-05-26,1254192.9956933314
2009-05-27,1254192.9956933314
2009-05-28,1254192.9956933314
2009-05-29,1254192.9956933314
2009-06-01,1258552.0841649626
2009-06-02,1265364.0133678638
2009-06-03,1250809.0367191744
2009-06-04,1254895.6270352283
2009-06-05,1245908.1149453793
2009-06-08,1243009.4026738447
2009-06-09,1250274.262463108
2009-06-10,1250369.199499812
2009-06-11,1259550.0461921138
2009-06-12,1252015.0969505107
2009-06-15,1218759.2012918778
2009-06-16,1205249.5145193515
2009-06-17,1201487.7215939437
2009-06-18,1218308.1504260087
2009-06-19,1225363.846310027
2009-06-22,1191727.4047640588
2009-06-23,1196054.7358931452
2009-06-24,1203425.1655624867
2009-06-25,1216566.9588294216
2009-06-26,1215461.1384496451
2009-06-29,1222768.5779440622
2009-06-30,1221757.9965634963
2009-07-01,1229474.0739616933
2009-07-02,1197784.9633595243
2009-07-03,1207101.6275121293
2009-07-06,1200322.408580477
2009-07-07,1185917.1331376391
2009-07-08,1164861.8280992345
2009-07-09,1167095.6984757006
2009-07-10,1164549.866201778
2009-07-13,1167476.7352956594
2009-07-14,1173192.1098626254
2009-07-15,1177846.6281976204
2009-07-16,1178965.9192803719
2009-07-17,1177521.3740588455
2009-07-20,1186737.6912541408
2009-07-21,1190991.5824282104
2009-07-22,1189989.008306273
2009-07-23,1191569.4322663948
2009-07-24,1197715.926525245
2009-07-27,1201172.2649305768
2009-07-28,1203232.2638139867
2009-07-29,1198197.586837422
2009-07-30,1211724.3849369513
2009-07-31,1217559.0339704056
2009-08-03,1237515.736380613
2009-08-04,1233141.105541442
2009-08-05,1217990.4668737766
2009-08-06,1214514.0145073165
2009-08-07,1221084.7642328162
2009-08-10,1203002.523601105
2009-08-11,1165928.1931110343
2009-08-12,1191921.0136337744
2009-08-13,1207755.9227760164
2009-08-14,1177159.8642821799
2009-08-17,1098113.7972066232
2009-08-18,1136583.0957953662
2009-08-19,1145239.1644954097
2009-08-20,1166796.7403510492
2009-08-21,1195814.9408878733
2009-08-24,1205225.377838098
2009-08-25,1193847.3435425865
2009-08-26,1175215.9250686395
2009-08-27,1190566.7770653728
2009-08-28,1193816.5716594115
2009-08-31,1177560.6320953784
2009-09-01,1117583.6503400963
2009-09-02,1116597.949564995
2009-09-03,1135832.060684041
2009-09-04,1179719.0024460382
2009-09-07,1203162.459175359
2009-09-08,1216650.1386823605
2009-09-09,1226140.2336928295
2009-09-10,1237940.6926956803
2009-09-11,1221119.4192691024
2009-09-14,1211462.1628071633
2009-09-15,1223544.4463520686
2009-09-16,1259598.8926645736
2009-09-17,1267528.3007884487
2009-09-18,1260390.7292497058
2009-09-21,1249247.0372632158
2009-09-22,1273184.1997796015
2009-09-23,1247460.2286086008
2009-09-24,1227075.689499062
2009-09-25,1201411.74167007
2009-09-28,1212432.4332174177
2009-09-29,1198010.4642900755
2009-09-30,1210402.5724283967
2009-10-01,1172363.9794985189
2009-10-02,1170083.7840410206
2009-10-05,1194211.0522458109
2009-10-06,1223891.5758680503
2009-10-07,1225305.3606811312
2009-10-08,1246907.1238773905
2009-10-09,1252495.7587647638
2009-10-12,1263226.5327376784
2009-10-13,1272046.5979460382
2009-10-14,1291542.599991594
2009-10-15,1303101.9127267082
2009-10-16,1295371.957471916
2009-10-19,1335820.4869637135
2009-10-20,1301139.9715834612
2009-10-21,1323533.2258001554
2009-10-22,1333195.723057972
2009-10-23,1313583.1307906643
2009-10-26,1280664.897069412
2009-10-27,1277134.2614059097
2009-10-28,1197900.1533764536
2009-10-29,1266612.7829964065
2009-10-30,1190632.17905369
2009-11-02,1198118.7668929251
2009-11-03,1207567.7596652927
2009-11-04,1222695.6022355806
2009-11-05,1222709.0526371733
2009-11-06,1215703.9298316534
2009-11-09,1241863.2101712646
2009-11-10,1239212.1485029259
2009-11-11,1240369.4609367491
2009-11-12,1211997.0349882257
2009-11-13,1226793.715160097
2009-11-16,1258081.3094975762
2009-11-17,1256898.7609210296
2009-11-18,1258337.6729559014
2009-11-19,1225792.0892531045
2009-11-20,1211854.1605086864
2009-11-23,1234390.039783529
2009-11-24,1221335.2586528887
2009-11-25,1255521.6702781478
2009-11-26,1206204.944993775
2009-11-27,1201360.6694078066
2009-11-30,1216868.9060494606
2009-12-01,1245320.9596336992
2009-12-02,1240120.6147371798
2009-12-03,1224659.046146712
2009-12-04,1212297.875883032
2009-12-07,1193659.4568180558
2009-12-08,1164419.4136940835
2009-12-09,1163046.3625802814
2009-12-10,1171644.8615574664
2009-12-11,1166624.1615666947
2009-12-14,1176847.275729591
2009-12-15,1163473.183943736
2009-12-16,1164066.391116247
2009-12-17,1140832.696966036
2009-12-18,1146844.4142250172
2009-12-21,1156121.470309956
2009-12-22,1163486.8031796976
2009-12-23,1167874.5430054413
2009-12-24,1177490.6974499035
2009-12-25,1177490.6974499035
2009-12-28,1186104.4386205315
2009-12-29,1193445.4050344839
2009-12-30,1187980.8644857495
2009-12-31,1183481.3951468575
2010-01-01,1183481.3951468575
2010-01-04,1210482.749556234
2010-01-05,1209049.1630183584
2010-01-06,1208834.0273369872
2010-01-07,1202669.9098297087
2010-01-08,1217340.886374726
2010-01-11,1208118.5743432075
2010-01-12,1164794.6174702756
2010-01-13,1181408.984095938
2010-01-14,1200002.0989578182
2010-01-15,1161874.8717310084
2010-01-18,1176439.2519247904
2010-01-19,1183867.1071587396
2010-01-20,1129981.5887696475
2010-01-21,1081715.8906986956
2010-01-22,1033922.5514942843
2010-01-25,1043554.7720329403
2010-01-26,1025137.3409330198
2010-01-27,1025286.2533669039
2010-01-28,1029198.957117751
2010-01-29,1033000.002798294
2010-02-01,1023922.2633236253
2010-02-02,1022778.1419452804
2010-02-03,1023481.1446068855
2010-02-04,1049899.1342930763
2010-02-05,1051331.6668449545
2010-02-08,1057255.8950892442
2010-02-09,1034691.9387859737
2010-02-10,1039378.7004624386
2010-02-11,1040132.6752969669
2010-02-12,1044254.0841412479
2010-02-15,1047583.8601848446
2010-02-16,1028396.692583116
2010-02-17,1037375.7495689092
2010-02-18,1043214.5575836592
2010-02-19,1038349.0458945506
2010-02-22,1042329.4859739197
2010-02-23,1058069.5182607258
2010-02-24,1055910.6929602027
2010-02-25,1065330.510531586
2010-02-26,1059383.6799539793
2010-03-01,1068715.8618583304
2010-03-02,1066037.4748603909
2010-03-03,1059050.4403307072
2010-03-04,1066560.831115041
2010-03-05,1051700.2430641053
2010-03-08,1050956.2407691984
2010-03-09,1057496.6397001613
2010-03-10,1054672.0590216343
2010-03-11,1053029.0968139498
2010-03-12,1041089.4864376932
2010-03-15,1050858.5286865484
2010-03-16,1045996.3370348052
2010-03-17,1053529.6509954154
2010-03-18,1066590.0631868392
2010-03-19,1071369.9748323797
2010-03-22,1075465.5484558179
2010-03-23,1089043.8905581036
2010-03-24,1085246.9816990965
2010-03-25,1084919.3787731351
2010-03-26,1074369.8141015093
2010-03-29,1073563.119742342
2010-03-30,1072429.234455382
2010-03-31,1060109.248899804
2010-04-01,1095401.270835862
2010-04-02,1105278.1467444082
2010-04-05,1121279.0001522072
2010-04-06,1119722.6240719291
2010-04-07,1099063.773268366
2010-04-08,1102559.8762258007
2010-04-09,1114970.407572081
2010-04-12,1092518.7564279232
2010-04-13,1095300.2375978227
2010-04-14,1136625.8007061558
2010-04-15,1131481.328207621
2010-04-16,1037936.4799066792
2010-04-19,1034880.7681971061
2010-04-20,1077066.5981276813
2010-04-21,1057288.331140636
2010-04-22,1066685.9405144306
2010-04-23,1087841.4707289657
2010-04-26,1075181.0930175043
2010-04-27,1018312.2746345755
2010-04-28,1052588.9796372396
2010-04-29,1081175.5984744527
2010-04-30,1055561.4270524767
2010-05-03,1079858.4910457723
2010-05-04,1006212.1463459162
2010-05-05,989416.4668952803
2010-05-06,990558.0730482746
2010-05-07,977751.7842067833
2010-05-10,962258.6474018436
2010-05-11,981376.9480811948
2010-05-12,981804.8072251155
2010-05-13,996391.9052624545
2010-05-14,1012816.9826304727
2010-05-17,1007476.7669796884
2010-05-18,1031560.9197258652
2010-05-19,1004026.2191524432
2010-05-20,1015662.3636192576
2010-05-21,998707.962846025
2010-05-24,1019848.1214208709
2010-05-25,1019491.2893193577
2010-05-26,1040249.0808551743
2010-05-27,1015080.1057291675
2010-05-28,1024321.9909777293
2010-05-31,1018079.6171552186
2010-06-01,1027454.409830036
2010-06-02,1016910.8127587434
2010-06-03,1019269.357149148
2010-06-04,1042056.0672419554
2010-06-07,1051968.4397825764
2010-06-08,1047362.354230451
2010-06-09,1044507.7320374831
2010-06-10,1028301.204071002
2010-06-11,1031641.3223930559
2010-06-14,1019312.7725518184
2010-06-15,1012734.273096624
2010-06-16,1015172.9597081634
2010-06-17,1013115.6361222655
2010-06-18,1015753.5298915791
2010-06-21,1014312.4668521382
2010-06-22,1021643.8187904545
2010-06-23,1018856.8546973976
2010-06-24,1020895.1284266437
2010-06-25,1020664.778508243
2010-06-28,1023163.9433687137
2010-06-29,1033382.1361976151
2010-06-30,1029942.3198148949
2010-07-01,1005044.7056953994
2010-07-02,1007152.0350415806
2010-07-05,1005370.2702738888
2010-07-06,996873.5847463981
2010-07-07,989160.8133067241
2010-07-08,981095.2036489891
2010-07-09,982323.9086814945
2010-07-12,980740.431700641
2010-07-13,979500.6306151856
2010-07-14,976533.5661904048
2010-07-15,987475.1227252366
2010-07-16,1002933.0697710388
2010-07-19,997616.323472581
2010-07-20,991122.9810928131
2010-07-21,1003174.9069284751
2010-07-22,994458.9976151168
2010-07-23,985750.8476257009
2010-07-26,985273.0043753778
2010-07-27,977945.876978661
2010-07-28,977725.8932566581
2010-07-29,979703.3451234717
2010-07-30,985666.3110005195
2010-08-02,978002.341488524
2010-08-03,985984.2157240519
2010-08-04,987948.1964569357
2010-08-05,989360.7021714435
2010-08-06,987806.0675585475
2010-08-09,984984.2245914594
2010-08-10,987010.7534662691
2010-08-11,976424.025541627
2010-08-12,970242.438169362
2010-08-13,967633.4956179473
2010-08-16,973209.5701184877
2010-08-17,977890.4418904979
2010-08-18,968195.5241145219
2010-08-19,959198.6756366412
2010-08-20,964947.9691659573
2010-08-23,972503.2802039874
2010-08-24,975202.0202264877
2010-08-25,971772.7180316509
2010-08-26,973689.2654905985
2010-08-27,973901.3523763076
2010-08-30,977448.0749011668
2010-08-31,985044.8832153848
2010-09-01,989161.2742061554
2010-09-02,991408.8165690138
2010-09-03,993389.4573666097
2010-09-06,990983.2129486501
2010-09-07,997743.6414722679
2010-09-08,1002439.3322418181
2010-09-09,1008411.2876458988
2010-09-10,1004871.0613906279
2010-09-13,1008401.429633535
2010-09-14,1013101.6566814431
2010-09-15,997063.7955442225
2010-09-16,997730.2527594399
2010-09-17,994874.7849015081
2010-09-20,1018048.6728946539
2010-09-21,1021225.9071068901
2010-09-22,1021114.587747772
2010-09-23,1008653.3917929861
2010-09-24,1040429.8030307617
2010-09-27,1035286.5346898194
2010-09-28,1047959.3166493597
2010-09-29,1046244.9780995101
2010-09-30,1036391.9175221971
2010-10-01,1050592.494561211
2010-10-04,1034053.7009377878
2010-10-05,1064467.7232727353
2010-10-06,1069749.704331726
2010-10-07,1069682.331681985
2010-10-08,1077122.3132539492
2010-10-11,1079080.1483087714
2010-10-12,1083219.3777012124
2010-10-13,1100238.3864369735
2010-10-14,1107361.7176820238
2010-10-15,1097663.3328350612
2010-10-18,1086479.2727701706
2010-10-19,1035898.4506888462
2010-10-20,1079900.2751801836
2010-10-21,1063714.794190113
2010-10-22,1073095.1752524248
2010-10-25,1081677.9245713132
2010-10-26,1071040.3297785718
2010-10-27,1050927.8410636273
2010-10-28,1071909.1102692317
2010-10-29,1076218.4868041577
2010-11-01,1078879.8040475014
2010-11-02,1111143.8432921001
2010-11-03,1130434.4187012033
2010-11-04,1164614.910128772
2010-11-05,1157955.777706987
2010-11-08,1144098.414626267
2010-11-09,1111558.5182345011
2010-11-10,1127457.493538149
2010-11-11,1112477.495142429
2010-11-12,1063342.279666894
2010-11-15,1053766.4014477585
2010-11-16,1007130.9240076288
2010-11-17,1005057.739135316
2010-11-18,1049267.4778320207
2010-11-19,1042563.4451944593
2010-11-22,1045561.3017849454
2010-11-23,1000240.557026366
2010-11-24,1032157.6979046913
2010-11-25,1033823.9793039558
2010-11-26,999095.0661569389
2010-11-29,1002408.9295579472
2010-11-30,989960.2363426378
2010-12-01,1013954.7359295073
2010-12-02,1030551.4938878431
2010-12-03,1037443.6027315296
2010-12-06,1036607.7854950664
2010-12-07,1027624.4016412069
2010-12-08,1030008.0264762053
2010-12-09,1031406.9336338135
2010-12-10,1037868.8764835963
2010-12-13,1041735.9439253992
2010-12-14,1045842.9777076762
2010-12-15,1036324.1086975755
2010-12-16,1036875.2623108941
2010-12-17,1030637.402260456
2010-12-20,1033532.2518321285
2010-12-21,1047222.7835205898
2010-12-22,1054002.647907693
2010-12-23,1051384.9558857216
2010-12-24,1051775.5223360865
2010-12-27,1052576.4119054016
2010-12-28,1058743.2042155764
2010-12-29,1062050.073446963
2010-12-30,1045621.2009665209
2010-12-31,1051503.4665723422
2011-01-03,1054633.6911268996
2011-01-04,1032963.9315129719
2011-01-05,1044847.7220108671
2011-01-06,1035736.993010297
2011-01-07,1041998.9318244177
2011-01-10,1041859.4208300977
2011-01-11,1040405.8423795706
2011-01-12,1057635.396447983
2011-01-13,1024337.1588149023
2011-01-14,1014268.8252638881
2011-01-17,1014288.7958039677
2011-01-18,1038303.4798349052
2011-01-19,1003096.3555883117
2011-01-20,963851.8930495224
2011-01-21,959723.2256447346
2011-01-24,987385.2078688379
2011-01-25,981792.6038879263
2011-01-26,1001144.2802253932
2011-01-27,996807.5780691489
2011-01-28,949865.0578465154
2011-01-31,971364.926889989
2011-02-01,1019382.5277935236
2011-02-02,1029084.209948611
2011-02-03,1032756.1400817162
2011-02-04,1041055.2947056317
2011-02-07,1041891.1424292419
2011-02-08,1055997.9572502484
2011-02-09,1048166.5872858049
2011-02-10,1034878.3470963369
2011-02-11,1040938.4793126371
2011-02-14,1039552.9391730158
2011-02-15,1030214.2410730667
2011-02-16,1060030.4657864147
2011-02-17,1076236.2421597156
2011-02-18,1082724.1935006247
2011-02-21,1055974.6423089725
2011-02-22,1000444.123054228
2011-02-23,1004927.8428400842
2011-02-24,1000412.0369709613
2011-02-25,1024802.4171173758
2011-02-28,1031523.768752753
2011-03-01,1017705.1757441692
2011-03-02,1033406.6163521829
2011-03-03,1040406.6275396404
2011-03-04,1045063.4541069549
2011-03-07,1036620.5785563248
2011-03-08,1035824.202792252
2011-03-09,1037487.1807961249
2011-03-10,997280.7527286141
2011-03-11,1015118.4276024662
2011-03-14,1013055.9641752682
2011-03-15,958012.388367479
2011-03-16,956462.514891255
2011-03-17,968917.089802147
2011-03-18,979912.2491072888
2011-03-21,984718.4953188759
2011-03-22,988872.230268109
2011-03-23,986365.815919174
2011-03-24,985390.3631853214
2011-03-25,985168.1901236593
2011-03-28,978294.2730217995
2011-03-29,983646.1663480756
2011-03-30,992214.6610907962
2011-03-31,1001213.1455305573
2011-04-01,1015529.2678214139
2011-04-04,1012474.7635203766
2011-04-05,1020558.2561942206
2011-04-06,1048500.0787592595
2011-04-07,1050059.5750552432
2011-04-08,1081792.5782910697
2011-04-11,1059990.5060990253
2011-04-12,1034486.957624914
2011-04-13,1045295.544594176
2011-04-14,1057166.9917524909
2011-04-15,1057866.632813931
2011-04-18,1025235.6613389023
2011-04-19,1042320.3374870387
2011-04-20,1085103.5333414578
2011-04-21,1090116.6416348056
2011-04-22,1088933.343072557
2011-04-25,1088245.484668681
2011-04-26,1099821.810985272
2011-04-27,1134599.2719027859
2011-04-28,1136730.008411899
2011-04-29,1157488.997231123
2011-05-02,1139627.6156341182
2011-05-03,1103736.8924420169
2011-05-04,1070906.8436167836
2011-05-05,993344.5834453851
2011-05-06,981727.4348295593
2011-05-09,995397.4330453189
2011-05-10,1019131.8421232973
2011-05-11,991516.215009552
2011-05-12,1005299.4851419217
2011-05-13,976496.7007027287
2011-05-16,945207.0069803451
2011-05-17,953689.2231370929
2011-05-18,972051.5726099983
2011-05-19,973964.6964646323
2011-05-20,956343.5339176862
2011-05-23,930498.9001207582
2011-05-24,923295.0299309848
2011-05-25,914038.3972159541
2011-05-26,916875.2639320954
2011-05-27,918490.6579794305
2011-05-30,918490.6579794305
2011-05-31,923314.1119314979
2011-06-01,914473.6507534118
2011-06-02,915199.8793336318
2011-06-03,913115.8419012565
2011-06-06,911621.0330537888
2011-06-07,912664.484838869
2011-06-08,908155.034332709
2011-06-09,908155.034332709
2011-06-10,908155.034332709
2011-06-13,908155.034332709
2011-06-14,908155.034332709
2011-06-15,908155.034332709
2011-06-16,908155.034332709
2011-06-17,908155.034332709
2011-06-20,908155.034332709
2011-06-21,908155.034332709
2011-06-22,908155.034332709
2011-06-23,908155.034332709
2011-06-24,908155.034332709
2011-06-27,908155.034332709
2011-06-28,908155.034332709
2011-06-29,908155.034332709
2011-06-30,908155.034332709
2011-07-01,908155.034332709
2011-07-04,908155.034332709
2011-07-05,908155.034332709
2011-07-06,908155.034332709
2011-07-07,908155.034332709
2011-07-08,908155.034332709
2011-07-11,908155.034332709
2011-07-12,908155.034332709
2011-07-13,908155.034332709
2011-07-14,909160.6383173838
2011-07-15,910739.4530743364
2011-07-18,913785.8532637281
2011-07-19,909385.3160983206
2011-07-20,912862.0470138612
2011-07-21,910905.9646441845
2011-07-22,911789.7792838822
2011-07-25,920581.6467516697
2011-07-26,922743.9088893934
2011-07-27,910630.4673171492
2011-07-28,911513.3332853361
2011-07-29,909640.7679236344
2011-08-01,899051.4345152978
2011-08-02,872081.6049145539
2011-08-03,867805.5311415471
2011-08-04,837052.7188955002
2011-08-05,841733.5390523473
2011-08-08,857504.369388298
2011-08-09,832908.5835116358
2011-08-10,872146.9502501216
2011-08-11,843775.8305850682
2011-08-12,837602.1072516716
2011-08-15,836463.0481633847
2011-08-16,842318.4548020997
2011-08-17,846129.7476057096
2011-08-18,866387.3423744576
2011-08-19,878409.9817969337
2011-08-22,888795.5552574173
2011-08-23,863841.2943756992
2011-08-24,848036.6780705648
2011-08-25,847625.3495797119
2011-08-26,845598.9629195017
2011-08-29,840055.6463108469
2011-08-30,840631.3593443455
2011-08-31,834478.7672024308
2011-09-01,833401.4572982099
2011-09-02,841366.4352053624
2011-09-05,845793.3794001107
2011-09-06,841350.3359987458
2011-09-07,835561.4570890062
2011-09-08,839488.3883477332
2011-09-09,854558.1623455208
2011-09-12,855103.8031500807
2011-09-13,852934.0276333434
2011-09-14,853080.5021155427
2011-09-15,843540.2830693555
2011-09-16,841556.6442654851
2011-09-19,850997.5529759122
2011-09-20,851781.2725195361
2011-09-21,860087.576311766
2011-09-22,869615.4211647813
2011-09-23,861900.7289969723
2011-09-26,859274.1546349128
2011-09-27,846611.996386394
2011-09-28,856363.4617409323
2011-09-29,844853.3937312046
2011-09-30,857590.7744875243
2011-10-03,876066.2581644012
2011-10-04,861255.4468318481
2011-10-05,855193.5066338546
2011-10-06,844484.2551342138
2011-10-07,845266.3731308199
2011-10-10,811434.4208921728
2011-10-11,813815.0192554959
2011-10-12,787298.4281935821
2011-10-13,789401.2895955808
2011-10-14,779351.5313415935
2011-10-17,777424.7562402396
2011-10-18,777706.1565852327
2011-10-19,777711.3730066705
2011-10-20,779661.9190214988
2011-10-21,776466.9354183575
2011-10-24,775136.5537776108
2011-10-25,776474.6436424365
2011-10-26,772306.2299307015
2011-10-27,778142.6064674964
2011-10-28,776148.5937256176
2011-10-31,762091.5862844322
2011-11-01,750186.6793508743
2011-11-02,748654.7619142618
2011-11-03,752917.4161658189
2011-11-04,751863.4367885672
2011-11-07,753880.4616391456
2011-11-08,756063.7567739399
2011-11-09,746494.2680438716
2011-11-10,745750.8036073932
2011-11-11,750305.2643615132
2011-11-14,749349.2628825189
2011-11-15,751323.9822194659
2011-11-16,745876.3504090547
2011-11-17,741501.4156882747
2011-11-18,739367.4175047346
2011-11-21,735077.7134927514
2011-11-22,735705.6848327069
2011-11-23,734190.81743221
2011-11-24,733782.3785990168
2011-11-25,734641.5150013702
2011-11-28,724944.8136143469
2011-11-29,723592.0448236065
2011-11-30,715388.8855447255
2011-12-01,717077.8859844315
2011-12-02,714697.5613097572
2011-12-05,716032.7671066151
2011-12-06,717341.5058578406
2011-12-07,712564.6790862231
2011-12-08,719559.3725160953
2011-12-09,714311.4400385267
2011-12-12,717681.5446038916
2011-12-13,720298.9333734106
2011-12-14,724420.3067251053
2011-12-15,724441.3038048996
2011-12-16,724854.0629575957
2011-12-19,729418.2643188417
2011-12-20,719902.0878802654
2011-12-21,720962.6484016611
2011-12-22,719669.5622906439
2011-12-23,717934.6309389246
2011-12-26,717451.6487797233
2011-12-27,720327.4016108898
2011-12-28,726576.1854558584
2011-12-29,723835.8768358404
2011-12-30,730255.0699432946
2012-01-02,731818.2386825118
2012-01-03,719402.7436266098
2012-01-04,727692.7100699266
2012-01-05,735827.9197600973
2012-01-06,746374.9341298317
2012-01-09,744212.4091724948
2012-01-10,739898.7744076599
2012-01-11,744627.2768498434
2012-01-12,739645.6304840056
2012-01-13,744337.213513164
2012-01-16,747968.425804811
2012-01-17,740470.4477682133
2012-01-18,727641.942817764
2012-01-19,721886.2428555203
2012-01-20,725589.9909658518
2012-01-23,720055.971073224
2012-01-24,716986.1997122946
2012-01-25,725301.7853795653
2012-01-26,725392.1790770123
2012-01-27,725051.0937299132
2012-01-30,718530.8100366291
2012-01-31,718024.7989721439
2012-02-01,734962.3848548288
2012-02-02,736006.3221873306
2012-02-03,749470.573889907
2012-02-06,746091.1037643354
2012-02-07,755662.5592857045
2012-02-08,757515.6492389537
2012-02-09,759981.2574234338
2012-02-10,744692.2423734043
2012-02-13,755823.7161664024
2012-02-14,753086.5794093928
2012-02-15,747818.4055344911
2012-02-16,763249.1708644097
2012-02-17,763558.602045438
2012-02-20,772891.3660266376
2012-02-21,762307.2418353534
2012-02-22,761054.948537792
2012-02-23,779937.6450926892
2012-02-24,782695.2903912143
2012-02-27,781607.7894898097
2012-02-28,791534.9437123424
2012-02-29,755556.6246176795
2012-03-01,784594.207819332
2012-03-02,769893.872778006
2012-03-05,754834.6791013976
2012-03-06,713652.9268052746
2012-03-07,727291.139407084
2012-03-08,748405.7088226697
2012-03-09,751963.1100843663
2012-03-12,739062.1635034728
2012-03-13,766248.1888373949
2012-03-14,753213.5725843792
2012-03-15,766593.1904897629
2012-03-16,777834.8848612286
2012-03-19,787049.1231332729
2012-03-20,765322.970778703
2012-03-21,759658.8959718801
2012-03-22,740753.9982217142
2012-03-23,745099.7593165992
2012-03-26,767769.8228986545
2012-03-27,764992.0270898199
2012-03-28,754712.5723241854
2012-03-29,743045.5863704169
2012-03-30,746472.7316152513
2012-04-02,749082.2612448366
2012-04-03,747700.5773253245
2012-04-04,715123.4344467198
2012-04-05,720698.1398721449
2012-04-06,705483.8897328376
2012-04-09,701658.2527895237
2012-04-10,693343.0544666619
2012-04-11,694055.8362391706
2012-04-12,697322.3052105221
2012-04-13,692317.5409541863
2012-04-16,687699.6320544005
2012-04-17,687699.6320544005
2012-04-18,687699.6320544005
2012-04-19,687699.6320544005
2012-04-20,687699.6320544005
2012-04-23,687697.1404981795
2012-04-24,687838.5490418356
2012-04-25,688054.3247741949
2012-04-26,687159.1025637524
2012-04-27,689763.1934978571
2012-04-30,687293.7329171239
2012-05-01,687702.6303617598
2012-05-02,687081.325681428
2012-05-03,686304.1882771235
2012-05-04,683542.2200594319
2012-05-07,684932.3067256218
2012-05-08,684252.5720973974
2012-05-09,685742.0786848218
2012-05-10,684494.38085512
2012-05-11,685180.0102877814
2012-05-14,691682.338201134
2012-05-15,701203.1584942598
2012-05-16,704742.1902207823
2012-05-17,705739.1273977633
2012-05-18,699491.6070658088
2012-05-21,686477.9795510587
2012-05-22,709180.3491697352
2012-05-23,725068.7667380349
2012-05-24,726769.539885492
2012-05-25,723981.1325631446
2012-05-28,711568.4663080011
2012-05-29,721545.4610571957
2012-05-30,747807.1605827414
2012-05-31,754411.7751812957
2012-06-01,754453.691556862
2012-06-04,742983.2060803522
2012-06-05,735409.6870999106
2012-06-06,681070.3498013515
2012-06-07,685301.3779162497
2012-06-08,689625.234871051
2012-06-11,710427.6254217239
2012-06-12,683125.3615732768
2012-06-13,685992.5525575478
2012-06-14,664894.6066388412
2012-06-15,663982.4877636323
2012-06-18,659602.063372814
2012-06-19,652519.5526262171
2012-06-20,653322.0827624011
2012-06-21,656680.2122692271
2012-06-22,651180.4726085839
2012-06-25,652214.667040072
2012-06-26,651680.6739219516
2012-06-27,650914.5197717497
2012-06-28,654600.8773773586
2012-06-29,643536.9212550643
2012-07-02,648269.4850360375
2012-07-03,642010.5318424873
2012-07-04,644570.0323899965
2012-07-05,649409.3107452332
2012-07-06,647569.3748303233
2012-07-09,644910.0176132398
2012-07-10,645540.9552670204
2012-07-11,650091.5960745289
2012-07-12,642682.5649563737
2012-07-13,645680.625011603
2012-07-16,645351.7929332714
2012-07-17,648317.3375608603
2012-07-18,650878.9019186929
2012-07-19,652836.2576317261
2012-07-20,655775.2773438061
2012-07-23,655119.5881339577
2012-07-24,658627.9038896881
2012-07-25,654194.0974846503
2012-07-26,645951.3286937495
2012-07-27,643462.9677886578
2012-07-30,649835.9939240295
2012-07-31,644498.2088667911
2012-08-01,646464.1053232633
2012-08-02,648277.2717019612
2012-08-03,642273.7006706548
2012-08-06,644835.8974080496
2012-08-07,647994.4489451223
2012-08-08,651621.4687524908
2012-08-09,657158.6285420234
2012-08-10,661686.1669488115
2012-08-13,657969.5424392329
2012-08-14,654903.4778156793
2012-08-15,659592.0433721165
2012-08-16,659529.882027998
2012-08-17,659097.2446247723
2012-08-20,659230.5186509164
2012-08-21,651493.1905220213
2012-08-22,648589.2043804411
2012-08-23,640880.135132421
2012-08-24,643338.7724193474
2012-08-27,642897.4716655508
2012-08-28,643853.0761270266
2012-08-29,642030.1841642621
2012-08-30,631133.5401459202
2012-08-31,638735.761136369
2012-09-03,638742.1033200194
2012-09-04,634981.2026760916
2012-09-05,634668.9559010203
2012-09-06,658917.6430726387
2012-09-07,673220.3797455855
2012-09-10,659227.6082360657
2012-09-11,664168.5968524598
2012-09-12,669454.5226105133
2012-09-13,694091.9876499913
2012-09-14,705871.9282326741
2012-09-17,700606.8397705803
2012-09-18,702796.4769418231
2012-09-19,701336.7188376809
2012-09-20,699009.1743361318
2012-09-21,698444.7897002907
2012-09-24,692908.8661496828
2012-09-25,680334.0807486166
2012-09-26,668517.42831697
2012-09-27,685185.9965488256
2012-09-28,676043.0961027812
2012-10-01,677374.640576908
2012-10-02,679220.9567881417
2012-10-03,683286.8888042175
2012-10-04,693534.5923460784
2012-10-05,688483.043761426
2012-10-08,680329.0576910703
2012-10-09,665633.3370304193
2012-10-10,659369.2990779149
2012-10-11,664869.0769855572
2012-10-12,658347.4236836095
2012-10-15,658681.4305647617
2012-10-16,665796.9835061748
2012-10-17,671023.8319894358
2012-10-18,664254.2226110236
2012-10-19,649145.2188299301
2012-10-22,649740.6941730614
2012-10-23,639460.3532182483
2012-10-24,641000.8682436534
2012-10-25,640593.6062964475
2012-10-26,640595.2180238287
2012-10-29,642324.5522051301
2012-10-30,642213.4487375268
2012-10-31,640791.5285370313
2012-11-01,640295.091737429
2012-11-02,643100.4393260527
2012-11-05,641536.5541737231
2012-11-06,637417.644846563
2012-11-07,640401.6953437737
2012-11-08,637029.0092786485
2012-11-09,634699.5820738196
2012-11-12,636833.9467503603
2012-11-13,636756.7600015617
2012-11-14,634924.6151280713
2012-11-15,638240.6232740406
2012-11-16,636743.414483857
2012-11-19,634655.8843154366
2012-11-20,635871.6196916502
2012-11-21,642129.5059589775
2012-11-22,644922.6661798399
2012-11-23,647180.0811736651
2012-11-26,645206.6315093817
2012-11-27,645121.9292252377
2012-11-28,646765.8700515322
2012-11-29,645097.1692848091
2012-11-30,646118.5558297364
2012-12-03,643974.5818954345
2012-12-04,642828.8449857717
2012-12-05,649529.9628763166
2012-12-06,649588.9449001071
2012-12-07,649635.4765477261
2012-12-10,648653.0329744214
2012-12-11,654942.2965695459
2012-12-12,667022.1459368751
2012-12-13,669569.03000491
2012-12-14,676531.8990371383
2012-12-17,679042.0513925898
2012-12-18,689095.2945871025
2012-12-19,682693.0240171689
2012-12-20,684656.6441881098
2012-12-21,664414.4815317323
2012-12-24,665140.9776181855
2012-12-26,678798.9828790899
2012-12-27,685538.1507362406
2012-12-28,680297.9734501758
2012-12-31,689574.4149033816
2013-01-02,724995.0648028512
2013-01-03,701147.7434081146
2013-01-04,714221.7415405178
2013-01-07,715873.8532627212
2013-01-08,700115.6564474475
2013-01-09,712787.0574509646
2013-01-10,760666.7798668402
2013-01-11,762808.9132621188
2013-01-14,775254.066159905
2013-01-15,758969.7280258543
2013-01-16,748367.7501905039
2013-01-17,777765.6573401621
2013-01-18,773111.9215922293
2013-01-21,766894.819098882
2013-01-22,767414.805334057
2013-01-23,752277.9909300351
2013-01-24,763261.2229909373
2013-01-25,782678.376114131
2013-01-28,776996.3557660828
2013-01-29,799966.0342628477
2013-01-30,800134.5163732071
2013-01-31,807081.6403741267
2013-02-01,836169.2881636441
2013-02-04,798851.1958920545
2013-02-05,829562.9147441873
2013-02-06,817953.2116592308
2013-02-07,798681.1309595536
2013-02-08,792130.1921815651
2013-02-11,821021.7846282886
2013-02-12,818646.534032667
2013-02-13,819779.5969558026
2013-02-14,803525.3646544
2013-02-15,803921.269696521
2013-02-18,808888.7231960534
2013-02-19,824820.7236588261
2013-02-20,798190.6291143453
2013-02-21,770388.3358602852
2013-02-22,789947.392949113
2013-02-25,738629.0015115922
2013-02-26,739414.8139593069
2013-02-27,763743.6668539614
2013-02-28,766517.3664994127
2013-03-01,779228.0924701385
2013-03-04,788334.2747463093
2013-03-05,804326.7645853948
2013-03-06,808680.7564289364
2013-03-07,814001.8949453221
2013-03-08,824566.1500656761
2013-03-11,831638.4392430215
2013-03-12,820547.1917131306
2013-03-13,824363.145597293
2013-03-14,831212.4435127914
2013-03-15,824082.8850750185
2013-03-18,815190.2422813582
2013-03-19,808694.531053842
2013-03-20,825672.8123871804
2013-03-21,807023.1616061021
2013-03-22,816685.011733997
2013-03-25,811667.6405838974
2013-03-26,824458.1620382064
2013-03-27,821654.6191008984
2013-03-28,825109.597864079
2013-03-29,825679.2227138141
2013-04-01,802888.4048892094
2013-04-02,823674.2415226959
2013-04-03,814079.1768784423
2013-04-04,847245.7231577648
2013-04-05,835669.831286209
2013-04-08,865923.6342584504
2013-04-09,865828.9909700794
2013-04-10,905199.1884912415
2013-04-11,907713.0259180905
2013-04-12,905410.4764309835
2013-04-15,873453.2435619093
2013-04-16,911945.3965422024
2013-04-17,881590.0864400369
2013-04-18,864057.6883247006
2013-04-19,881083.2091861743
2013-04-22,878046.8237551417
2013-04-23,890116.3631591304
2013-04-24,890309.0236291158
2013-04-25,884232.7272023225
2013-04-26,870274.1191047702
2013-04-29,878032.3135305641
2013-04-30,885364.2387975539
2013-05-01,874417.99396725
2013-05-02,886635.4673723164
2013-05-03,915486.6553212116
2013-05-06,919214.3682317544
2013-05-07,921640.1930341123
2013-05-08,935353.7601526341
2013-05-09,944033.4327909756
2013-05-10,962134.0391150127
2013-05-13,972527.8896438197
2013-05-14,994321.3054621102
2013-05-15,999952.9715242181
2013-05-16,996387.8544620634
2013-05-17,1027435.0471579279
2013-05-20,1016499.4132457771
2013-05-21,1025669.6480369283
2013-05-22,1034394.881230234
2013-05-23,995772.2910038795
2013-05-24,990769.5459207633
2013-05-27,993166.9871074954
2013-05-28,1003510.9617075889
2013-05-29,989544.0386380824
2013-05-30,994477.6072190822
2013-05-31,981734.3130790457
2013-06-03,964772.8009965344
2013-06-04,974684.8204393712
2013-06-05,964947.210136104
2013-06-06,957030.2627409183
2013-06-07,966763.804620335
2013-06-10,980286.4503372487
2013-06-11,963189.3088562059
2013-06-12,953333.5261632773
2013-06-13,939350.8740116443
2013-06-14,940578.1762950035
2013-06-17,949225.2608855264
2013-06-18,961750.4733571794
2013-06-19,965835.4649511826
2013-06-20,954792.6829593505
2013-06-21,943538.7169567023
2013-06-24,946481.7107914803
2013-06-25,945380.6950869797
2013-06-26,952851.8530402583
2013-06-27,962010.4650452775
2013-06-28,963368.8928385223
2013-07-01,955171.8550885888
2013-07-02,963184.1125955685
2013-07-03,966575.1458098138
2013-07-04,963174.5362451337
2013-07-05,979565.300815628
2013-07-08,969399.7689558325
2013-07-09,963314.9971043221
2013-07-10,955185.7918768916
2013-07-11,949765.0264177106
2013-07-12,964046.3892659078
2013-07-15,962770.2602009991
2013-07-16,947427.0109057935
2013-07-17,953940.3940894576
2013-07-18,953131.751731094
2013-07-19,948360.4019635225
2013-07-22,936167.327910607
2013-07-23,929996.7044021691
2013-07-24,936383.2065630513
2013-07-25,932004.8047310468
2013-07-26,931593.9827738587
2013-07-29,932957.7946487403
2013-07-30,946190.8773250411
2013-07-31,960710.241568381
2013-08-01,977982.0233553188
2013-08-02,983658.6218534253
2013-08-05,979007.670496194
2013-08-06,966084.4924859509
2013-08-07,960777.7872721149
2013-08-08,952070.309682343
2013-08-09,936434.0005620251
2013-08-12,943899.8824225367
2013-08-13,948416.8913808368
2013-08-14,937353.3420645671
2013-08-15,915583.960560252
2013-08-16,907232.3043826648
2013-08-19,909499.5532380972
2013-08-20,916783.7990184885
2013-08-21,917839.6207086028
2013-08-22,918753.4573841885
2013-08-23,922573.6939450477
2013-08-26,922513.0488465667
2013-08-27,926470.3436336489
2013-08-28,927949.0096333461
2013-08-29,925984.5281562379
2013-08-30,924897.9002271058
2013-09-02,911314.2022597102
2013-09-03,900779.0674291034
2013-09-04,896513.6196922458
2013-09-05,895734.4295805602
2013-09-06,896929.8640483107
2013-09-09,900791.570763325
2013-09-10,900688.761000687
2013-09-11,902421.1790361664
2013-09-12,893035.9231187095
2013-09-13,889758.8424386886
2013-09-16,890577.544158884
2013-09-17,899321.3721805102
2013-09-18,924707.9786272262
2013-09-19,934690.4806767465
2013-09-20,920389.0259227008
2013-09-23,904415.51352931
2013-09-24,899943.7134902885
2013-09-25,895287.4717697498
2013-09-26,906133.883292242
2013-09-27,895393.3732726354
2013-09-30,889394.4329342182
2013-10-01,899885.6692911108
2013-10-02,894264.2893898516
2013-10-03,882147.4145976967
2013-10-04,891314.6573841126
2013-10-07,873011.0661743478
2013-10-08,857914.1912710903
2013-10-09,850997.6430480938
2013-10-10,858816.2613115729
2013-10-11,863096.7431601778
2013-10-14,865831.2580887513
2013-10-15,854828.4036523482
2013-10-16,864005.2898802456
2013-10-17,871557.606796631
2013-10-18,878903.2920859716
2013-10-21,883178.4800751639
2013-10-22,893651.8046403158
2013-10-23,877915.3827787606
2013-10-24,886125.4241160004
2013-10-25,886270.7722920178
2013-10-28,887326.4329113917
2013-10-29,894633.1372690586
2013-10-30,892430.2143910165
2013-10-31,874014.003189159
2013-11-01,865611.0572483639
2013-11-04,874592.7421065477
2013-11-05,869288.1214927918
2013-11-06,874377.2221509757
2013-11-07,843293.0786150551
2013-11-08,868951.1413629617
2013-11-11,871890.1269848776
2013-11-12,881288.7336431282
2013-11-13,889472.4289108919
2013-11-14,898450.1513991883
2013-11-15,919486.8967711049
2013-11-18,907298.0203099522
2013-11-19,910831.5158681903
2013-11-20,901501.4138495744
2013-11-21,946374.3209181748
2013-11-22,954054.031803698
2013-11-25,954878.4098979431
2013-11-26,951843.2830761488
2013-11-27,978965.8742645178
2013-11-28,984703.2924777757
2013-11-29,982467.2710044886
2013-12-02,990232.1057538505
2013-12-03,965824.8329409766
2013-12-04,963532.8900100609
2013-12-05,939855.9746247047
2013-12-06,988070.8703717937
2013-12-09,999929.4033227185
2013-12-10,976027.10181965
2013-12-11,955258.0303433301
2013-12-12,987191.3588786221
2013-12-13,975126.8206934213
2013-12-16,974609.4936121595
2013-12-17,971182.4624533609
2013-12-18,1041179.3536419523
2013-12-19,1036971.7649821565
2013-12-20,1042227.1279060547
2013-12-23,1058256.4563773824
2013-12-24,1051912.7643750038
2013-12-26,1083517.4630002708
2013-12-27,1093974.0609647816
2013-12-30,1093580.1440046963
2013-12-31,1093978.9775486926
2014-01-02,1052779.541412097
2014-01-03,1036416.590784373
2014-01-06,1012819.6590835234
2014-01-07,1039506.8573611155
2014-01-08,1052240.5977001714
2014-01-09,1046233.6496379036
2014-01-10,1027249.0900647631
2014-01-13,973371.3810155204
2014-01-14,1009539.3570314473
2014-01-15,1029770.5511173304
2014-01-16,1030650.9936250485
2014-01-17,1033810.0812753113
2014-01-20,1028005.2764693635
2014-01-21,1040910.5899154472
2014-01-22,1045732.071189596
2014-01-23,1010786.107596075
2014-01-24,989122.0343868372
2014-01-27,973803.3528259452
2014-01-28,969130.9521080747
2014-01-29,974457.3659026907
2014-01-30,966586.9014745215
2014-01-31,970734.6242832761
2014-02-03,970376.9642522929
2014-02-04,941701.2405414715
2014-02-05,944171.8120244201
2014-02-06,934952.0055271225
2014-02-07,933643.448060858
2014-02-10,935601.1454234903
2014-02-11,921281.647779805
2014-02-12,922116.6424385735
2014-02-13,923823.7414378206
2014-02-14,925532.7011541118
2014-02-17,926450.0784867313
2014-02-18,927427.6422448879
2014-02-19,925477.1131741446
2014-02-20,928900.5384971107
2014-02-21,927838.8155770102
2014-02-24,931057.178107819
2014-02-25,933099.9700888275
2014-02-26,931710.3372120014
2014-02-27,938682.7073519116
2014-02-28,937682.8397441928
2014-03-03,930012.5214836044
2014-03-04,947319.2729679645
2014-03-05,945703.1498036459
2014-03-06,944183.4216161855
2014-03-07,942535.3330690083
2014-03-10,940754.8788383936
2014-03-11,929131.8248038082
2014-03-12,935323.0102181714
2014-03-13,913813.4939870489
2014-03-14,904312.1370085154
2014-03-17,918386.4030650024
2014-03-18,934474.3630750244
2014-03-19,925798.2842705715
2014-03-20,934914.4401922225
2014-03-21,918755.5495507208
2014-03-24,909099.0805022403
2014-03-25,914211.6934578778
2014-03-26,896759.4499208711
2014-03-27,889619.9595943216
2014-03-28,892657.08991957
2014-03-31,898101.0923458545
2014-04-01,902641.940436679
2014-04-02,905038.7420420565
2014-04-03,905147.4587957493
2014-04-04,895699.444894214
2014-04-07,887417.6204262393
2014-04-08,888981.3302646793
2014-04-09,897037.7634058752
2014-04-10,883935.4509825084
2014-04-11,876504.9363832186
2014-04-14,877392.5582848178
2014-04-15,876180.9928201706
2014-04-16,877375.8992627176
2014-04-17,876843.8811390981
2014-04-18,877031.4896086153
2014-04-21,877222.9081664545
2014-04-22,878084.1561072298
2014-04-23,876258.7385479071
2014-04-24,875330.934133331
2014-04-25,875487.3853063061
2014-04-28,875772.586786857
2014-04-29,876292.7075387089
2014-04-30,876010.0875471291
2014-05-01,875804.75065862
2014-05-02,875840.4398805556
2014-05-05,875754.2835120355
2014-05-06,876616.9301978747
2014-05-07,876537.1381246586
2014-05-08,876893.3066217717
2014-05-09,876868.0480720614
2014-05-12,877496.7005023957
2014-05-13,877525.173112343
2014-05-14,876899.2947078515
2014-05-15,875777.4006269168
2014-05-16,876042.1227897643
2014-05-19,875043.9487808441
2014-05-20,872013.7989413306
2014-05-21,872181.1511299587
2014-05-22,872032.2736603606
2014-05-23,871797.4891533914
2014-05-26,871695.6975190586
2014-05-27,874127.8786551963
2014-05-28,874583.1497274166
2014-05-29,879676.4132135207
2014-05-30,880569.1013654916
2014-06-02,882445.6288553632
2014-06-03,883249.226787331
2014-06-04,885962.6709037387
2014-06-05,892862.1039737322
2014-06-06,901875.73904903
2014-06-09,902367.832733716
2014-06-10,901837.097571427
2014-06-11,898161.6508033585
2014-06-12,884894.6858260118
2014-06-13,884347.6989623165
2014-06-16,886872.0976118344
2014-06-17,889101.0172901021
2014-06-18,896181.2030002966
2014-06-19,887203.4296578148
2014-06-20,895405.0012601066
2014-06-23,884893.9712576547
2014-06-24,879368.5590875746
2014-06-25,888323.4842599218
2014-06-26,887123.7553231621
2014-06-27,878811.5311371061
2014-06-30,885252.9769880046
2014-07-01,915631.3683111162
2014-07-02,906004.8558485382
2014-07-03,896608.7957823939
2014-07-04,899743.809081524
2014-07-07,884829.8228814696
2014-07-08,873093.7463807992
2014-07-09,889137.5163124944
2014-07-10,859676.459684427
2014-07-11,870562.7613414155
2014-07-14,891456.4552636669
2014-07-15,889298.7291296836
2014-07-16,889765.6450084039
2014-07-17,852846.0913096082
2014-07-18,890747.6711111796
2014-07-21,879101.1989944181
2014-07-22,897315.2678113271
2014-07-23,917472.5595681
2014-07-24,906993.1145928194
2014-07-25,905831.8048549179
2014-07-28,915878.5602833881
2014-07-29,913925.5063829162
2014-07-30,918248.4533251608
2014-07-31,861606.8114994472
2014-08-01,849142.5852475668
2014-08-04,859355.0449473775
2014-08-05,838792.6976476869
2014-08-06,820639.018995818
2014-08-07,816973.691288714
2014-08-08,808935.6853274062
2014-08-11,809451.9875413757
2014-08-12,810526.4091711196
2014-08-13,810500.9618550433
2014-08-14,810169.2762218287
2014-08-15,807637.0476645242
2014-08-18,809791.4016148082
2014-08-19,819381.7259634051
2014-08-20,824581.0394569525
2014-08-21,823926.2137983429
2014-08-22,827295.6862012779
2014-08-25,836625.6057428381
2014-08-26,840996.1642564744
2014-08-27,836386.5193303229
2014-08-28,838219.1067381722
2014-08-29,843036.295663883
2014-09-01,844426.3901774691
2014-09-02,849774.0612776186
2014-09-03,841077.1927895787
2014-09-04,855829.5555096419
2014-09-05,861803.017082562
2014-09-08,866028.7434264657
2014-09-09,851225.5541193625
2014-09-10,865161.2609481246
2014-09-11,869688.8166387294
2014-09-12,857307.0392133963
2014-09-15,846034.8250920662
2014-09-16,859897.497622426
2014-09-17,880149.869389318
2014-09-18,910272.2522874512
2014-09-19,918871.2817370661
2014-09-22,894914.0002375741
2014-09-23,878761.7880837955
2014-09-24,912599.1024968063
2014-09-25,870567.6991665517
2014-09-26,911547.4822552074
2014-09-29,906757.1478093601
2014-09-30,898675.9277496669
2014-10-01,840225.0185551808
2014-10-02,801853.374601176
2014-10-03,836672.6675946268
2014-10-06,808810.0594161638
2014-10-07,804323.2681043396
2014-10-08,791592.2804515031
2014-10-09,803767.478276047
2014-10-10,816689.641714293
2014-10-13,796576.719946742
2014-10-14,812215.1826537082
2014-10-15,789285.6700109898
2014-10-16,794625.4402391047
2014-10-17,794461.0804045256
2014-10-20,789302.1501814746
2014-10-21,785909.616219752
2014-10-22,788528.2630226114
2014-10-23,785502.7389851656
2014-10-24,780831.5933675183
2014-10-27,780380.6567872815
2014-10-28,772193.6453051548
2014-10-29,777684.9340682087
2014-10-30,773044.3554624573
2014-10-31,778956.5533986621
2014-11-03,808383.840424812
2014-11-04,786456.0018612234
2014-11-05,822171.5229652948
2014-11-06,831108.5447421874
2014-11-07,794922.5083989762
2014-11-10,817866.313368805
2014-11-11,832736.0799631659
2014-11-12,823866.8088015927
2014-11-13,838039.6587303386
2014-11-14,834834.4437374335
2014-11-17,831952.2700956677
2014-11-18,842814.201477311
2014-11-19,863430.7778647044
2014-11-20,860993.5297803086
2014-11-21,854332.7457688816
2014-11-24,874777.2515310943
2014-11-25,879924.1404883879
2014-11-26,878608.7461572151
2014-11-27,883045.0744544705
2014-11-28,905043.4965493082
2014-12-01,891233.6516716176
2014-12-02,920381.1135684964
2014-12-03,933437.8482166077
2014-12-04,935878.7877193657
2014-12-05,967232.3861354149
2014-12-08,947178.3910879822
2014-12-09,932787.2283602684
2014-12-10,883377.5430124074
2014-12-11,901027.9596343961
2014-12-12,895847.1665054995
2014-12-15,875957.0150751345
2014-12-16,860875.8410825428
2014-12-17,890435.4837638807
2014-12-18,885542.7606083214
2014-12-19,891987.3218984125
2014-12-22,899936.5468620692
2014-12-23,907240.9906802449
2014-12-24,905496.3451218004
2014-12-26,904362.0613224728
2014-12-29,907132.6865869125
2014-12-30,886900.9929746592
2014-12-31,890928.8840560652
2015-01-02,901250.25940945
2015-01-05,903187.4807928016
2015-01-06,906599.5055023121
2015-01-07,909966.6621985884
2015-01-08,908874.5420347931
2015-01-09,897340.6844773275
2015-01-12,907307.0683033211
2015-01-13,909961.8139156714
2015-01-14,908441.280630239
2015-01-15,914590.3387199007
2015-01-16,917494.2148040339
2015-01-19,915628.7878840792
2015-01-20,929032.2325456352
2015-01-21,938751.112216066
2015-01-22,965565.5298569724
2015-01-23,991610.8771075815
2015-01-26,988905.2300644715
2015-01-27,973667.8347885681
2015-01-28,990201.5681497249
2015-01-29,1003835.3685571072
2015-01-30,1005701.3615486498
2015-02-02,992249.2116305452
2015-02-03,975736.5640856851
2015-02-04,992489.053146038
2015-02-05,973193.0184338316
2015-02-06,987224.9923565232
2015-02-09,984743.1043117226
2015-02-10,991110.6937233298
2015-02-11,996701.4004165751
2015-02-12,986661.250222285
2015-02-13,982202.593644039
2015-02-16,983772.6433673054
2015-02-17,975461.0631566993
2015-02-18,982372.2429225333
2015-02-19,994936.0670442539
2015-02-20,998609.3709271098
2015-02-23,1007325.0441006368
2015-02-24,1008910.2492399679
2015-02-25,996298.9249678752
2015-02-26,1024824.1387780879
2015-02-27,1019658.6333724097
2015-03-02,1032874.6804410487
2015-03-03,1016147.3314576389
2015-03-04,1016893.0163573518
2015-03-05,1032438.543063445
2015-03-06,1045821.3201094486
2015-03-09,1048250.5226343111
2015-03-10,1046305.03048404
2015-03-11,1076168.9047730654
2015-03-12,1070257.920994755
2015-03-13,1095438.4310797001
2015-03-16,1097561.954657699
2015-03-17,1102016.1138034384
2015-03-18,1045759.4175380631
2015-03-19,1067725.1283123025
2015-03-20,1050106.543402874
2015-03-23,1026927.1014696838
2015-03-24,1024934.4798406729
2015-03-25,999409.8131691389
2015-03-26,992097.1262661697
2015-03-27,1008727.5639007622
2015-03-30,1031963.7481389113
2015-03-31,1031437.7255159554
2015-04-01,1022378.2649656027
2015-04-02,1018651.2349094203
2015-04-03,1006617.8920294099
2015-04-06,1012490.6513667592
2015-04-07,1019791.8236856569
2015-04-08,1020556.0498200541
2015-04-09,1034924.9863467782
2015-04-10,1045159.4526869744
2015-04-13,1052312.2709351273
2015-04-14,1046316.1540502502
2015-04-15,1037585.1726848931
2015-04-16,1016812.333298083
2015-04-17,1002611.1322888435
2015-04-20,1018075.6807986337
2015-04-21,1025410.4760687489
2015-04-22,1029271.7842494163
2015-04-23,1019628.3599773014
2015-04-24,1017836.3976555613
2015-04-27,1010732.6403800907
2015-04-28,1001121.8096782478
2015-04-29,976234.8187285652
2015-04-30,953695.7425732729
2015-05-01,973233.0082368302
2015-05-04,974233.9438697337
2015-05-05,956483.4742094282
2015-05-06,946793.514059027
2015-05-07,947720.259046512
2015-05-08,959069.7758515127
2015-05-11,952154.6898967479
2015-05-12,957330.6133155016
2015-05-13,965166.5930793969
2015-05-14,978418.2232022475
2015-05-15,977927.9661673693
2015-05-18,979272.4489771809
2015-05-19,972786.484651889
2015-05-20,970892.8246462389
2015-05-21,975756.637933592
2015-05-22,978412.7307103991
2015-05-25,980037.0980811195
2015-05-26,971721.9513524593
2015-05-27,991977.2785187344
2015-05-28,989637.6731540348
2015-05-29,976439.5686654849
2015-06-01,985172.7985704805
2015-06-02,972896.4345925617
2015-06-03,985268.6088194429
2015-06-04,970396.4357801726
2015-06-05,973703.022824592
2015-06-08,952034.3612876165
2015-06-09,941546.2247683117
2015-06-10,953194.3417054886
2015-06-11,969283.2545984149
2015-06-12,956429.1103008172
2015-06-15,953183.8387505653
2015-06-16,956017.7938507837
2015-06-17,950770.0591619528
2015-06-18,964339.7300437723
2015-06-19,956145.2684215152
2015-06-22,983646.6483789455
2015-06-23,1001498.5846877414
2015-06-24,988938.8691086204
2015-06-25,985524.5111410107
2015-06-26,986225.6936012212
2015-06-29,929965.5752769664
2015-06-30,938542.0684423522
2015-07-01,961906.2858000587
2015-07-02,957701.4423444889
2015-07-03,954156.6737152741
2015-07-06,945771.6467115466
2015-07-07,947946.8179715397
2015-07-08,922895.217408323
2015-07-09,915375.9117578419
2015-07-10,911822.4678064252
2015-07-13,923541.8721235266
2015-07-14,913585.1115325532
2015-07-15,935514.5740062916
2015-07-16,934382.2735731949
2015-07-17,946302.0186989855
2015-07-20,960783.1768830619
2015-07-21,942704.5914398873
2015-07-22,956438.8314466676
2015-07-23,964386.3652856707
2015-07-24,966973.508388387
2015-07-27,968279.826531595
2015-07-28,954121.2771074086
2015-07-29,962103.2576753985
2015-07-30,968710.1131168286
2015-07-31,968929.0587019232
2015-08-03,979011.2910759059
2015-08-04,958450.7529609739
2015-08-05,968972.6857836364
2015-08-06,959750.6884724415
2015-08-07,947449.3437621604
2015-08-10,946476.0891436207
2015-08-11,961357.2338455999
2015-08-12,932523.5119730794
2015-08-13,942836.2303076047
2015-08-14,941207.2630949306
2015-08-17,941418.6584112173
2015-08-18,945581.908834293
2015-08-19,945152.0468124324
2015-08-20,946243.1807253639
2015-08-21,956369.3471219809
2015-08-24,997029.6627437265
2015-08-25,993278.9263747673
2015-08-26,992904.5742189735
2015-08-27,975732.3997686103
2015-08-28,971702.9262898844
2015-08-31,979640.0889305805
2015-09-01,1002478.1867669937
2015-09-02,997201.5529510677
2015-09-03,998991.747810567
2015-09-04,1020168.0665631262
2015-09-07,1016819.6802740553
2015-09-08,996612.4891122042
2015-09-09,1004478.1675254521
2015-09-10,987529.9017515793
2015-09-11,985457.8136285758
2015-09-14,978713.2757248904
2015-09-15,977718.5406386086
2015-09-16,964676.8437396295
2015-09-17,968746.5746882274
2015-09-18,966797.7507354419
2015-09-21,976372.3720696161
2015-09-22,986050.5655889164
2015-09-23,1000784.440713557
2015-09-24,1004581.6076415542
2015-09-25,996537.8773956234
2015-09-28,1006778.1161062578
2015-09-29,1006217.1287144343
2015-09-30,997785.2141457959
2015-10-01,992510.9243664783
2015-10-02,984947.680804342
2015-10-05,976201.3438760154
2015-10-06,961463.9366374528
2015-10-07,952378.3862481092
2015-10-08,942606.6289731811
2015-10-09,942227.7441787038
2015-10-12,942106.9938059344
2015-10-13,942460.5192485587
2015-10-14,941576.771674172
2015-10-15,941619.9937052119
2015-10-16,941721.5701985811
2015-10-19,941625.4396048598
2015-10-20,941704.46583846
2015-10-21,941815.447394995
2015-10-22,941906.7997850394
2015-10-23,942190.1280018017
2015-10-26,942335.7719983608
2015-10-27,943819.140570251
2015-10-28,945543.3391545371
2015-10-29,936839.0372994686
2015-10-30,932169.7931526119
2015-11-02,933451.0079163152
2015-11-03,942055.7815242407
2015-11-04,956277.3906698886
2015-11-05,953846.5727214576
2015-11-06,975216.6420528863
2015-11-09,969317.2298973547
2015-11-10,973338.0631905466
2015-11-11,970328.6002446865
2015-11-12,957256.6997237368
2015-11-13,957812.4372073549
2015-11-16,972796.3136783807
2015-11-17,984293.8290897368
2015-11-18,990055.8300324962
2015-11-19,974049.8720632176
2015-11-20,993266.0767236366
2015-11-23,992314.1358514705
2015-11-24,989181.565754849
2015-11-25,992251.400473615
2015-11-26,999745.3565774163
2015-11-27,1002138.6229333639
2015-11-30,1001892.5951791079
2015-12-01,998634.5701151607
2015-12-02,1003118.5475848488
2015-12-03,938711.3352556874
2015-12-04,946317.8548460839
2015-12-07,955123.3361365962
2015-12-08,946104.1309528818
2015-12-09,929217.2145510414
2015-12-10,937830.3474278958
2015-12-11,930818.1764785198
2015-12-14,933753.3079478424
2015-12-15,935052.5719249448
2015-12-16,939798.3507276351
2015-12-17,949001.71554579
2015-12-18,943278.718431609
2015-12-21,944207.4809099628
2015-12-22,943406.0697842344
2015-12-23,938586.0089382012
2015-12-24,936477.1915053775
2015-12-28,943677.2105506713
2015-12-29,943662.7610627966
2015-12-30,945721.0204826915
2015-12-31,940416.0165549396
2016-01-01,939663.775369417
2016-01-04,934807.7526501699
2016-01-05,948022.1999392312
2016-01-06,956813.9377950458
2016-01-07,953471.0113577319
2016-01-08,975153.1109942347
2016-01-11,968067.2866786518
2016-01-12,972351.0524481199
2016-01-13,988415.0381586573
2016-01-14,969815.5241466896
2016-01-15,1032170.3890600569
2016-01-18,1031827.4233221288
2016-01-19,1015880.1303456066
2016-01-20,1040086.2735753811
2016-01-21,996269.7295536915
2016-01-22,958262.5157374511
2016-01-25,994057.4754417384
2016-01-26,964743.0040159036
2016-01-27,950775.9642827406
2016-01-28,926427.4504476595
2016-01-29,889266.078378609
2016-02-01,890547.0629836529
2016-02-02,919174.1498453578
2016-02-03,895821.7475080977
2016-02-04,894715.0862471313
2016-02-05,891038.6262001711
2016-02-08,899694.8300732477
2016-02-09,901577.5272671783
2016-02-10,915374.0040760922
2016-02-11,927044.4550051941
2016-02-12,912009.8631688663
2016-02-15,893710.4684192252
2016-02-16,893007.8130046935
2016-02-17,876292.8176000762
2016-02-18,885347.1908295003
2016-02-19,889938.0977000295
2016-02-22,878284.0428824596
2016-02-23,899422.2864268746
2016-02-24,891378.7253117978
2016-02-25,875169.8486261106
2016-02-26,873833.8985915579
2016-02-29,892831.7926040932
2016-03-01,865904.9430674604
2016-03-02,864213.3108388863
2016-03-03,854509.1386136448
2016-03-04,844435.7016363874
2016-03-07,850790.088438203
2016-03-08,858277.5048887929
2016-03-09,851171.6178958359
2016-03-10,845826.8319638651
2016-03-11,831434.2198204838
2016-03-14,831293.9867210103
2016-03-15,834821.4558617206
2016-03-16,837522.4373154928
2016-03-17,838214.5461576424
2016-03-18,839844.2052449338
2016-03-21,837494.2251068434
2016-03-22,837584.4545645412
2016-03-23,833323.5111515293
2016-03-24,830130.8001435817
2016-03-25,829075.4408595216
2016-03-28,825581.2254951758
2016-03-29,829827.4185417254
2016-03-30,826173.4989338036
2016-03-31,827465.3806702123
2016-04-01,826699.63042901
2016-04-04,824553.6639434461
2016-04-05,826812.7361976047
2016-04-06,826505.6221225286
2016-04-07,828213.2105771502
2016-04-08,828114.524501687
2016-04-11,830918.0994203246
2016-04-12,831832.8480701527
2016-04-13,830882.1709419811
2016-04-14,827960.1696230253
2016-04-15,828309.9874054176
2016-04-18,829567.1394727464
2016-04-19,840446.7376896221
2016-04-20,838933.9965164404
2016-04-21,826032.3307588763
2016-04-22,820945.357139984
2016-04-25,822178.9541381738
2016-04-26,827505.556764884
2016-04-27,811566.2049898492
2016-04-28,817485.9256196407
2016-04-29,815247.549213926
2016-05-02,826435.8089156296
2016-05-03,784960.8756214652
2016-05-04,767894.7150086808
2016-05-05,752862.9677444723
2016-05-06,753705.5312742611
2016-05-09,741597.3285272714
2016-05-10,742276.1168443918
2016-05-11,753829.6935066067
2016-05-12,741918.7080938566
2016-05-13,725965.3222223812
2016-05-16,730694.806965727
2016-05-17,728284.0134777526
2016-05-18,702138.6562951318
2016-05-19,698657.8694966115
2016-05-20,699436.0061997884
2016-05-23,699515.683089946
2016-05-24,698156.0579121594
2016-05-25,695175.355044253
2016-05-26,693469.3059438752
2016-05-27,696125.5822287914
2016-05-30,696659.7434613443
2016-05-31,694538.6714428678
2016-06-01,695337.9887761438
2016-06-02,697463.2067335929
2016-06-03,694082.1964431931
2016-06-06,691115.381717918
2016-06-07,693873.0202484343
2016-06-08,698338.2860345831
2016-06-09,699362.3614619764
2016-06-10,697382.8618290555
2016-06-13,697716.7707755949
2016-06-14,701627.9399005916
2016-06-15,696509.148877793
2016-06-16,706458.5664280776
2016-06-17,709811.6521318068
2016-06-20,713602.1528317165
2016-06-21,712095.352603917
2016-06-22,702805.7393856898
2016-06-23,690986.6322678641
2016-06-24,720072.2743759323
2016-06-27,722220.0748099795
2016-06-28,706608.4089769637
2016-06-29,697861.7970434484
2016-06-30,698798.7788752082
2016-07-01,703793.7744304495
2016-07-04,701053.7274115798
2016-07-05,715234.606007457
2016-07-06,717687.8211533485
2016-07-07,723888.6441124876
2016-07-08,724418.580284229
2016-07-11,695276.4096690298
2016-07-12,673463.358393865
2016-07-13,678127.3191860912
2016-07-14,667834.1171731472
2016-07-15,662569.7675812717
2016-07-18,659801.8603988385
2016-07-19,659635.7310777748
2016-07-20,658767.6515915222
2016-07-21,657108.5683465434
2016-07-22,657763.6984316375
2016-07-25,655802.2821683029
2016-07-26,656291.054634375
2016-07-27,661906.6656026004
2016-07-28,661644.7492754039
2016-07-29,660857.5936318454
2016-08-01,661302.3758653477
2016-08-02,660257.1974987074
2016-08-03,660237.361543641
2016-08-04,662141.5897281194
2016-08-05,660980.6840436534
2016-08-08,660708.9841410334
2016-08-09,662177.1828508083
2016-08-10,662175.5421040246
2016-08-11,660684.9368179871
2016-08-12,655239.0817089617
2016-08-15,659612.3074468679
2016-08-16,661157.9361830426
2016-08-17,657851.2344795306
2016-08-18,661081.9342517782
2016-08-19,652849.6802871987
2016-08-22,653190.662012891
2016-08-23,651810.7505404867
2016-08-24,646937.9799932977
2016-08-25,646930.9348985051
2016-08-26,640293.5334688486
2016-08-29,643580.1648461696
2016-08-30,633916.1440999963
2016-08-31,632877.3395776775
2016-09-01,637091.3338664789
2016-09-02,643086.6472854017
2016-09-05,644284.3249784806
2016-09-06,660150.8138929869
2016-09-07,658416.1324578831
2016-09-08,652084.3016539752
2016-09-09,629825.6220268249
2016-09-12,632518.0805687392
2016-09-13,620126.6269660061
2016-09-14,621892.806411881
2016-09-15,625253.0576414439
2016-09-16,621819.3755967328
2016-09-19,627159.5621963463
2016-09-20,629045.0529819734
2016-09-21,640656.9341246652
2016-09-22,644228.0762377653
2016-09-23,640506.5231394239
2016-09-26,639702.3322679084
2016-09-27,643544.7694854742
2016-09-28,645487.8783070568
2016-09-29,637989.8429252107
2016-09-30,641100.2424306249
2016-10-03,642262.9308116185
2016-10-04,635119.8078756421
2016-10-05,637319.0985595125
2016-10-06,636588.5737194928
2016-10-07,634545.232798204
2016-10-10,638987.4170232743
2016-10-11,632103.8885815543
2016-10-12,632641.3198455663
2016-10-13,629702.2032825876
2016-10-14,632572.3108336369
2016-10-17,628764.0486400842
2016-10-18,637752.9717940411
2016-10-19,645761.3250208178
2016-10-20,646593.3144609412
2016-10-21,656394.2962992239
2016-10-24,659612.2039352222
2016-10-25,658462.830068853
2016-10-26,654587.0044482421
2016-10-27,650405.904701439
2016-10-28,634547.0410081925
2016-10-31,632666.1875932862
2016-11-01,620804.8333156155
2016-11-02,611402.5932395166
2016-11-03,611914.3443709777
2016-11-04,605735.8712492241
2016-11-07,625387.635232651
2016-11-08,628019.2947856077
2016-11-09,600703.009833192
2016-11-10,600277.4375389789
2016-11-11,596077.3238050126
2016-11-14,597620.6869827245
2016-11-15,598650.4300111913
2016-11-16,592027.9630033841
2016-11-17,607765.1322879927
2016-11-18,608391.6907798831
2016-11-21,601003.7392264565
2016-11-22,606066.3722287093
2016-11-23,619059.6519951164
2016-11-24,619809.7127955969
2016-11-25,616902.3722985119
2016-11-28,606605.3615736262
2016-11-29,605707.5870798052
2016-11-30,615978.9855448679
2016-12-01,600250.154800331
2016-12-02,596363.1589618211
2016-12-05,588274.809990493
2016-12-06,594373.7071248627
2016-12-07,594696.5367448013
2016-12-08,611239.0268456914
2016-12-09,624287.3802173838
2016-12-12,615112.5017008531
2016-12-13,621097.437503071
2016-12-14,626462.01732439
2016-12-15,643984.0584689255
2016-12-16,636723.74942266
2016-12-19,645622.3156348531
2016-12-20,652062.2907205549
2016-12-21,644452.7130274927
2016-12-22,644759.1069003879
2016-12-23,646986.5699878437
2016-12-27,647265.9189126741
2016-12-28,647279.5971118269
2016-12-29,628042.8899211292
2016-12-30,625438.3966429973
2017-01-03,640126.8658825584
2017-01-04,634832.3658525199
2017-01-05,612928.1544249133
2017-01-06,630053.5989803076
2017-01-09,613800.2123073533
2017-01-10,610605.1747991253
2017-01-11,606134.7077642387
2017-01-12,600406.7913241782
2017-01-13,599746.274792762
2017-01-16,599005.8995995864
2017-01-17,583168.619672996
2017-01-18,590836.9257952406
2017-01-19,590318.4883977136
2017-01-20,592647.8119084595
2017-01-23,582427.6006214677
2017-01-24,590987.2984675668
2017-01-25,595262.1589169947
2017-01-26,604935.7761801517
2017-01-27,603005.427246186
2017-01-30,592992.9587759348
2017-01-31,587839.8455181688
2017-02-01,591702.7898607422
2017-02-02,589305.8617660659
2017-02-03,593308.7320840842
2017-02-06,585119.3931739051
2017-02-07,581315.356172429
2017-02-08,583858.9583218942
2017-02-09,590320.1450994067
2017-02-10,594877.2474913596
2017-02-13,599128.4282214196
2017-02-14,600404.6627687643
2017-02-15,603106.0083019937
2017-02-16,597310.397156872
2017-02-17,592062.1248783813
2017-02-20,598222.1667386609
2017-02-21,602278.911808762
2017-02-22,603040.2798565136
2017-02-23,602069.2447752594
2017-02-24,594776.6456390127
2017-02-27,596160.0020076296
2017-02-28,594676.8696547208
2017-03-01,608159.7096434584
2017-03-02,594073.3374166872
2017-03-03,595897.632853006
2017-03-06,590374.5162564793
2017-03-07,589232.774332058
2017-03-08,578422.0794330792
2017-03-09,578697.3985727795
2017-03-10,585636.653352509
2017-03-13,590964.5798722686
2017-03-14,585864.539988783
2017-03-15,601184.2823607244
2017-03-16,598110.5205376302
2017-03-17,598286.5057580709
2017-03-20,599503.583990474
2017-03-21,583879.2090001663
2017-03-22,581440.0988799022
2017-03-23,576921.7187660502
2017-03-24,581046.8386410462
2017-03-27,577077.7433613315
2017-03-28,583453.5944420847
2017-03-29,586527.681145688
2017-03-30,585767.8257786921
2017-03-31,578734.5904208559
2017-04-03,577028.4818243062
2017-04-04,573435.4490477007
2017-04-05,569704.4653970524
2017-04-06,565455.9760270013
2017-04-07,561986.7582499436
2017-04-10,562147.4927362337
2017-04-11,561512.3653542546
2017-04-12,562080.2399849481
2017-04-13,564808.0541935908
2017-04-14,569373.4648469602
2017-04-17,564210.1295294873
2017-04-18,562003.969455552
2017-04-19,558791.071686466
2017-04-20,556554.8793596514
2017-04-21,557136.6338297222
2017-04-24,534903.7080469442
2017-04-25,534428.4657173753
2017-04-26,537144.0226468066
2017-04-27,538756.8535321621
2017-04-28,540151.3255641332
2017-05-01,541606.5190133991
2017-05-02,542753.0655528622
2017-05-03,540836.2707165781
2017-05-04,542362.3873871914
2017-05-05,537674.60637044
2017-05-08,544056.0191139478
2017-05-09,546561.6048175669
2017-05-10,544319.0213067947
2017-05-11,543360.0674183929
2017-05-12,542246.8408666897
2017-05-15,543201.7666328448
2017-05-16,541336.9954487347
2017-05-17,514680.23492579936
2017-05-18,521508.51846978423
2017-05-19,522655.5995527391
2017-05-22,527661.3470708883
2017-05-23,524730.288463256
2017-05-24,521108.3423987897
2017-05-25,527879.4916605016
2017-05-26,518490.2688383743
2017-05-29,512102.74907423445
2017-05-30,511845.6763459786
2017-05-31,524683.029982237
2017-06-01,534819.6927087965
2017-06-02,552869.5569498148
2017-06-05,547342.3831400863
2017-06-06,536226.3071481211
2017-06-07,538892.6509759626
2017-06-08,532817.2038190212
2017-06-09,516654.0015641401
2017-06-12,512623.1592528792
2017-06-13,519776.47507905326
2017-06-14,514602.2851936557
2017-06-15,510571.67174567125
2017-06-16,520228.39541914774
2017-06-19,525045.3750831595
2017-06-20,520029.73283456726
2017-06-21,524106.1335188629
2017-06-22,520616.8462998528
2017-06-23,525267.2312548852
2017-06-26,529928.1314896905
2017-06-27,551445.1999108336
2017-06-28,563476.4616189466
2017-06-29,566309.4429226669
2017-06-30,565318.1109034895
2017-07-03,559302.219993204
2017-07-04,548184.6054397225
2017-07-05,551802.0972256742
2017-07-06,552020.7416906422
2017-07-07,564515.3469337191
2017-07-10,565015.6504133618
2017-07-11,577440.435259727
2017-07-12,579120.32529524
2017-07-13,582782.081020291
2017-07-14,599551.226420378
2017-07-17,598162.8629921826
2017-07-18,619941.2572166256
2017-07-19,617940.7249516653
2017-07-20,638925.5677167944
2017-07-21,632409.4080154852
2017-07-24,629507.663888908
2017-07-25,642600.6877671854
2017-07-26,663453.9314013707
2017-07-27,640871.5328386284
2017-07-28,653665.5987440576
2017-07-31,660838.0018117585
2017-08-01,658374.4435502255
2017-08-02,666531.4134035801
2017-08-03,656465.4656463774
2017-08-04,642341.9191343647
2017-08-07,646745.3293686833
2017-08-08,630842.4595852826
2017-08-09,621350.7457987259
2017-08-10,594869.9337685123
2017-08-11,610126.5441211147
2017-08-14,608841.2626965136
2017-08-15,603922.731093496
2017-08-16,619947.5534927273
2017-08-17,587997.3802154046
2017-08-18,599637.8233415652
2017-08-21,608351.2525020418
2017-08-22,605873.0582426118
2017-08-23,607314.3711258866
2017-08-24,610561.1853551173
2017-08-25,632024.8703635356
2017-08-28,636825.4999190037
2017-08-29,641499.924726134
2017-08-30,627547.3249325274
2017-08-31,643819.6881317155
2017-09-01,641163.1527927517
2017-09-04,641715.9421694024
2017-09-05,643394.178840474
2017-09-06,653822.4412275476
2017-09-07,675097.9184885825
2017-09-08,670654.4436828342
2017-09-11,667543.3557036986
2017-09-12,671168.7524128201
2017-09-13,656323.8505171863
2017-09-14,659548.0635955299
2017-09-15,669600.6877733055
2017-09-18,664617.7773352185
2017-09-19,676846.9043130293
2017-09-20,667283.9174781396
2017-09-21,661721.5840649473
2017-09-22,658930.4962213384
2017-09-25,632796.5350130354
2017-09-26,624648.4785630165
2017-09-27,620463.5281015281
2017-09-28,619402.0313065075
2017-09-29,628669.197463475
2017-10-02,619955.3806748127
2017-10-03,625121.6318436548
2017-10-04,628366.8546429264
2017-10-05,627584.5305116173
2017-10-06,620111.2094797203
2017-10-09,621262.411136853
2017-10-10,631607.7566409392
2017-10-11,641036.4089759784
2017-10-12,637447.8524257608
2017-10-13,645592.0251673413
2017-10-16,651920.461105857
2017-10-17,651349.7183507581
2017-10-18,661433.7462400767
2017-10-19,656339.3203113892
2017-10-20,668883.6260725746
2017-10-23,664960.9669535242
2017-10-24,678164.9561180356
2017-10-25,670376.353924589
2017-10-26,670307.532302233
2017-10-27,682382.3430208806
2017-10-30,675415.7951541179
2017-10-31,691350.7285237956
2017-11-01,701316.2269951304
2017-11-02,707595.8944226997
2017-11-03,708600.9849883831
2017-11-06,711140.1492846665
2017-11-07,719293.1067248135
2017-11-08,724149.1290630673
2017-11-09,712104.6997043669
2017-11-10,706089.4454869482
2017-11-13,703447.6637864605
2017-11-14,703345.8860945253
2017-11-15,686931.1082817065
2017-11-16,694875.3057064696
2017-11-17,689107.1378238288
2017-11-20,689740.2056602826
2017-11-21,695978.9542286835
2017-11-22,695135.6886493481
2017-11-23,697819.7070551862
2017-11-24,706940.4434485474
2017-11-27,700905.3290512041
2017-11-28,704861.1121171606
2017-11-29,701383.0826359326
2017-11-30,713803.0961246204
2017-12-01,712693.2246771927
2017-12-04,705169.7284375031
2017-12-05,702608.2138130144
2017-12-06,698635.316013704
2017-12-07,705956.5596866604
2017-12-08,712726.9932925885
2017-12-11,717777.8541900625
2017-12-12,711288.6814309173
2017-12-13,701916.4954800403
2017-12-14,692019.6403435685
2017-12-15,703757.249023393
2017-12-18,708322.490719211
2017-12-19,710485.8733076607
2017-12-20,714132.2810942612
2017-12-21,713616.2093282572
2017-12-22,711043.4864817315
2017-12-26,713088.1716710608
2017-12-27,716130.633371246
2017-12-28,718006.41285837
2017-12-29,714294.1651953162
2018-01-02,734926.9863071482
2018-01-03,735038.673832896
2018-01-04,755086.9931260131
2018-01-05,757191.4908823905
2018-01-08,750369.2454688539
2018-01-09,734784.9567158933
2018-01-10,718956.0747880754
2018-01-11,752201.9630449862
2018-01-12,803486.8893752502
2018-01-15,818891.354196379
2018-01-16,812596.8932852845
2018-01-17,819713.8335648323
2018-01-18,822803.136517985
2018-01-19,817196.5312240215
2018-01-22,845444.7147680228
2018-01-23,854931.4489082424
2018-01-24,876481.0928267885
2018-01-25,863717.3804006294
2018-01-26,891812.4129295992
2018-01-29,865115.5305830381
2018-01-30,842406.0082160198
2018-01-31,850693.3412272959
2018-02-01,878090.2269350336
2018-02-02,818124.2524717398
2018-02-05,776424.0199391508
2018-02-06,781403.5767076513
2018-02-07,746040.8127546431
2018-02-08,735545.3669967228
2018-02-09,733587.1204680747
2018-02-12,739993.8281504011
2018-02-13,750331.1020773209
2018-02-14,763896.4009716185
2018-02-15,772712.5031388071
2018-02-16,758070.29575289
2018-02-19,757588.7935333862
2018-02-20,748050.1588795015
2018-02-21,740750.0260780524
2018-02-22,748290.2640574379
2018-02-23,739976.5767834932
2018-02-26,744755.7707970142
2018-02-27,732884.6060671222
2018-02-28,727801.3088748374
2018-03-01,740741.7446159534
2018-03-02,749739.2150538161
2018-03-05,753137.465929317
2018-03-06,762634.3535273583
2018-03-07,764081.9057441142
2018-03-08,747483.9589732878
2018-03-09,743510.315430569
2018-03-12,749261.2369145302
2018-03-13,756239.5148254575
2018-03-14,751389.5091203696
2018-03-15,743431.1693643699
2018-03-16,740837.2869156194
2018-03-19,741845.998400294
2018-03-20,726535.6810328495
2018-03-21,737669.1667741938
2018-03-22,725188.1245274115
2018-03-23,731061.1297994987
2018-03-26,744780.2788757882
2018-03-27,738164.3148920231
2018-03-28,720875.3145571426
2018-03-29,719385.2609384628
2018-03-30,722643.0397941759
2018-04-02,719387.471147731
2018-04-03,713019.1500229621
2018-04-04,714365.3119646597
2018-04-05,706544.3245738673
2018-04-06,713526.9071157721
2018-04-09,720378.5839022938
2018-04-10,723918.6622936679
2018-04-11,726519.5549973706
2018-04-12,719629.7930092273
2018-04-13,719975.7791741639
2018-04-16,726081.5162019763
2018-04-17,725589.2328946465
2018-04-18,729882.3350733161
2018-04-19,721913.8240019281
2018-04-20,711045.2482033607
2018-04-23,699015.1896165088
2018-04-24,694217.0411052876
2018-04-25,697331.7787842957
2018-04-26,698422.1090393987
2018-04-27,695898.583546299
2018-04-30,700684.558445086
2018-05-01,701405.5606005202
2018-05-02,701446.0621605959
2018-05-03,700326.9509870494
2018-05-04,702416.8842527792
2018-05-07,704559.0089927362
2018-05-08,709019.0248753182
2018-05-09,710981.6573030618
2018-05-10,706087.640953104
2018-05-11,703450.5949417447
2018-05-14,709174.2976971162
2018-05-15,709384.2781642663
2018-05-16,709046.9712577108
2018-05-17,711550.4032035997
2018-05-18,708733.2670399428
2018-05-21,711479.123384844
2018-05-22,708225.9792238533
2018-05-23,699708.2249679534
2018-05-24,687410.7687613281
2018-05-25,684312.6127128301
2018-05-28,685080.9158852497
2018-05-29,690740.4874871715
2018-05-30,671986.6696461532
2018-05-31,671633.702419479
2018-06-01,667315.5175465703
2018-06-04,659803.2434438108
2018-06-05,660129.4496202611
2018-06-06,657344.5463546406
2018-06-07,656256.1443548291
2018-06-08,658189.6264746877
2018-06-11,659236.0054353336
2018-06-12,664146.6759538568
2018-06-13,660072.1172747733
2018-06-14,670963.7669730184
2018-06-15,672262.1582735222
2018-06-18,673863.3601525609
2018-06-19,676453.645463202
2018-06-20,681917.4263621434
2018-06-21,672507.4973108559
2018-06-22,666590.2364590399
2018-06-25,654435.5232928031
2018-06-26,659075.9054602648
2018-06-27,655878.3284271643
2018-06-28,659427.9802101146
2018-06-29,651061.2688662894
2018-07-02,662886.7562453591
2018-07-03,649616.7107988513
2018-07-04,651615.2612308714
2018-07-05,656554.8269837155
2018-07-06,663362.2296090754
2018-07-09,671012.5591639512
2018-07-10,672280.5434796287
2018-07-11,672683.3769110952
2018-07-12,677133.2361136072
2018-07-13,678138.8774405783
2018-07-16,668098.9511576269
2018-07-17,681386.106958976
2018-07-18,679045.5360746018
2018-07-19,682734.4599538024
2018-07-20,671236.2159645819
2018-07-23,679911.733909071
2018-07-24,677725.4328952081
2018-07-25,680228.2088795203
2018-07-26,683712.893087526
2018-07-27,669836.6847728649
2018-07-30,661450.4965594938
2018-07-31,666638.2950731396
2018-08-01,665641.3817402441
2018-08-02,677997.577859963
2018-08-03,677886.4262301016
2018-08-06,683556.5330126373
2018-08-07,684927.5007112152
2018-08-08,681012.3689348559
2018-08-09,685369.605244008
2018-08-10,686054.109513465
2018-08-13,684708.2970301103
2018-08-14,702430.4110070212
2018-08-15,696985.4994508662
2018-08-16,695812.8244101004
2018-08-17,683175.3411402724
2018-08-20,672905.017308634
2018-08-21,656738.1605424731
2018-08-22,657693.5634646721
2018-08-23,673535.0943148602
2018-08-24,659965.6886754542
2018-08-27,660616.239393525
2018-08-28,663675.9806478472
2018-08-29,671506.2317662549
2018-08-30,662062.5876624548
2018-08-31,673351.8550535638
2018-09-03,671308.5571190221
2018-09-04,669640.9826153092
2018-09-05,656606.7739883114
2018-09-06,646787.9318080723
2018-09-07,650180.4642069137
2018-09-10,655092.5670656519
2018-09-11,665082.018892088
2018-09-12,656220.2603927689
2018-09-13,670128.475297487
2018-09-14,679312.9871121048
2018-09-17,666927.0789400182
2018-09-18,684958.8843766929
2018-09-19,680460.19645956
2018-09-20,689687.5579704563
2018-09-21,685604.3689306809
2018-09-24,688590.0502761826
2018-09-25,690588.7967780572
2018-09-26,687563.6343152758
2018-09-27,702925.9641744776
2018-09-28,703293.5278058045
2018-10-01,714152.8955588003
2018-10-02,709330.868090305
2018-10-03,717733.3323846768
2018-10-04,695735.5537677638
2018-10-05,683482.263615136
2018-10-08,681164.6100860892
2018-10-09,676394.9512060032
2018-10-10,662579.5808123256
2018-10-11,652792.4215229882
2018-10-12,653846.464818536
2018-10-15,652515.7027294717
2018-10-16,652871.4415736017
2018-10-17,651733.704920005
2018-10-18,652448.5329499762
2018-10-19,651087.6758092616
2018-10-22,653683.4928646602
2018-10-23,653487.2305634338
2018-10-24,654975.9352483585
2018-10-25,654097.467629933
2018-10-26,653134.9503721381
2018-10-29,655078.5570038934
2018-10-30,651957.5388794625
2018-10-31,653851.6937891438
2018-11-01,646325.6541084094
2018-11-02,646575.123123494
2018-11-05,645999.8916905589
2018-11-06,644728.8021908869
2018-11-07,643690.2955608162
2018-11-08,643024.5215287462
2018-11-09,641898.9521419427
2018-11-12,640134.5246223274
2018-11-13,633070.2801228758
2018-11-14,631661.8768241855
2018-11-15,627677.9552971624
2018-11-16,617902.8076827922
2018-11-19,613718.9876323156
2018-11-20,627180.8050468513
2018-11-21,622346.7736800249
2018-11-22,618982.1862329018
2018-11-23,631355.3122766303
2018-11-26,631331.5126926152
2018-11-27,637294.8003769038
2018-11-28,632110.9545188481
2018-11-29,628963.3113498646
2018-11-30,638609.9467604776
2018-12-03,629451.7805406228
2018-12-04,634267.4046745844
2018-12-05,637059.6774403682
2018-12-06,634538.1368195759
2018-12-07,631012.5462568917
2018-12-10,638722.1175493087
2018-12-11,641861.254337636
2018-12-12,634412.9342827087
2018-12-13,634543.4043655727
2018-12-14,643621.3801269503
2018-12-17,641733.9723037411
2018-12-18,649660.0914418739
2018-12-19,652962.7329466164
2018-12-20,652866.0576919229
2018-12-21,689540.3403824343
2018-12-24,718988.9997141132
2018-12-25,718988.9997141132
2018-12-26,668896.1558720444
2018-12-27,654826.9751187211
2018-12-28,661498.3671262104
2018-12-31,658928.1649457738
2019-01-02,693555.4962116219
2019-01-03,691860.7021297349
2019-01-04,633384.7748978981
2019-01-07,603639.5566275045
2019-01-08,602966.2205077319
2019-01-09,584177.9722483613
2019-01-10,582531.8980882638
2019-01-11,585442.9380614681
2019-01-14,593096.0346466667
2019-01-15,584992.4533672341
2019-01-16,583740.7596859771
2019-01-17,582195.9955525587
2019-01-18,573112.7842899614
2019-01-21,577007.8368417957
2019-01-22,585108.3753881387
2019-01-23,579511.8268857885
2019-01-24,585392.2372374358
2019-01-25,573907.5051688842
2019-01-28,578078.7923222318
2019-01-29,576726.103956148
2019-01-30,574356.9960287227
2019-01-31,578009.760242792
2019-02-01,571027.7999081351
2019-02-04,568152.314384331
2019-02-05,569238.2741014623
2019-02-06,569699.759538899
2019-02-07,571593.3602755641
2019-02-08,573091.217774511
2019-02-11,570075.0092761752
2019-02-12,566288.0549427344
2019-02-13,566343.2119222573
2019-02-14,568615.9871480755
2019-02-15,570333.6572494734
2019-02-18,568433.3051715483
2019-02-19,568216.20704461
2019-02-20,565792.4433635743
2019-02-21,565112.9298935545
2019-02-22,566194.7964348982
2019-02-25,563200.6272644439
2019-02-26,563354.5609843591
2019-02-27,562079.9495653379
2019-02-28,561064.9798441668
2019-03-01,559063.6159864477
2019-03-04,559063.6159864477
2019-03-05,559063.6159864477
2019-03-06,559063.6159864477
2019-03-07,559063.6159864477
2019-03-08,555153.4557214831
2019-03-11,553862.2506265622
2019-03-12,550277.897632898
2019-03-13,549092.8230948729
2019-03-14,550295.5639756799
2019-03-15,551659.5623978276
2019-03-18,555723.152986944
2019-03-19,553979.4670933699
2019-03-20,543935.8591523701
2019-03-21,559928.2713334736
2019-03-22,537179.3687929693
2019-03-25,537569.777449371
2019-03-26,542900.2745482738
2019-03-27,535628.9872815117
2019-03-28,540914.9885343303
2019-03-29,548224.7627030973
2019-04-01,560805.0586400962
2019-04-02,560231.8173609257
2019-04-03,566780.4912477258
2019-04-04,566856.1683882856
2019-04-05,573034.6166786005
2019-04-08,573793.0694283941
2019-04-09,567472.2091938469
2019-04-10,573505.4482284575
2019-04-11,571488.6035680986
2019-04-12,578309.1185950274
2019-04-15,577668.3007590942
2019-04-16,578856.1435242925
2019-04-17,576178.9659876362
2019-04-18,580048.3895610007
2019-04-19,580048.3895610007
2019-04-22,581752.1699534655
2019-04-23,593298.4631900206
2019-04-24,590148.3347759478
2019-04-25,586620.6195061351
2019-04-26,586618.9644605268
2019-04-29,584913.1389853598
2019-04-30,585229.8013400175
2019-05-01,566690.9370826406
2019-05-02,570255.121198758
2019-05-03,584470.269799521
2019-05-06,570520.282204567
2019-05-07,539855.0220093153
2019-05-08,532666.5569928598
2019-05-09,517346.02664968895
2019-05-10,509030.54684617714
2019-05-13,522740.70537474996
2019-05-14,520165.38575216127
2019-05-15,521147.0289727628
2019-05-16,528472.081358721
2019-05-17,531725.0147265757
2019-05-20,523975.5091910349
2019-05-21,521100.058658783
2019-05-22,526981.157391538
2019-05-23,529638.3407211732
2019-05-24,524906.3927015461
2019-05-27,525880.1033462686
2019-05-28,534165.4076962008
2019-05-29,539473.7301256009
2019-05-30,539918.6990555848
2019-05-31,545509.4832601174
2019-06-03,525235.0020588977
2019-06-04,514309.9872789106
2019-06-05,518930.43296368496
2019-06-06,505995.8846803231
2019-06-07,490042.8667837156
2019-06-10,488546.2357792605
2019-06-11,485524.26563827164
2019-06-12,494580.4956784472
2019-06-13,498244.85794766765
2019-06-14,504602.8451734901
2019-06-17,504307.1849690197
2019-06-18,502677.3110171992
2019-06-19,502783.1812302196
2019-06-20,500628.78548970167
2019-06-21,491510.68654180836
2019-06-24,487919.845735061
2019-06-25,492243.0360606764
2019-06-26,480561.73016943666
2019-06-27,478801.0708760486
2019-06-28,475836.7006155726
2019-07-01,474174.567441371
2019-07-02,483924.2493401584
2019-07-03,485638.6183597736
2019-07-04,485486.10726856854
2019-07-05,476767.2893189425
2019-07-08,467738.33723663614
2019-07-09,471068.915050719
2019-07-10,481623.5430978407
2019-07-11,480659.5860336481
2019-07-12,490872.17380800575
2019-07-15,493451.44110892713
2019-07-16,486238.9670494184
2019-07-17,480788.0215298499
2019-07-18,496203.7194585447
2019-07-19,476058.83742024493
2019-07-22,483845.88655474235
2019-07-23,489589.16490598477
2019-07-24,499988.9201568659
2019-07-25,486882.8144112409
2019-07-26,495696.1258208569
2019-07-29,493410.4784114394
2019-07-30,492407.52730920975
2019-07-31,475831.4768523844
2019-08-01,483700.2288489097
2019-08-02,470750.3835427659
2019-08-05,467375.154187575
2019-08-06,455236.5659331845
2019-08-07,462421.2634677277
2019-08-08,461785.28912023077
2019-08-09,465733.0534751954
2019-08-12,476154.97538586316
2019-08-13,455391.9738786348
2019-08-14,485243.91607310384
2019-08-15,482498.3257585109
2019-08-16,477205.2166665688
2019-08-19,475089.96748626395
2019-08-20,478476.11922765797
2019-08-21,472062.8013669466
2019-08-22,477559.73482192424
2019-08-23,487834.6914099034
2019-08-26,480193.0548999895
2019-08-27,490583.4617455159
2019-08-28,490272.7404520788
2019-08-29,484785.49685379036
2019-08-30,496380.0790734854
2019-09-02,504789.8460685693
2019-09-03,506041.5837956524
2019-09-04,485041.1004164387
2019-09-05,470704.05915544904
2019-09-06,469851.2701799135
2019-09-09,461958.91011628846
2019-09-10,458256.4150067746
2019-09-11,461745.0322284292
2019-09-12,449464.0640857444
2019-09-13,448013.002358973
2019-09-16,453280.2873627915
2019-09-17,450034.5079593184
2019-09-18,452629.7668262488
2019-09-19,454205.3222835069
2019-09-20,459357.698232608
2019-09-23,460301.7215936232
2019-09-24,458542.31502115633
2019-09-25,462727.9186944887
2019-09-26,464643.91242113296
2019-09-27,460636.8161612995
2019-09-30,459632.1005040239
2019-10-01,461370.12235909037
2019-10-02,459593.7290189887
2019-10-03,456222.52686840534
2019-10-04,454086.70263175335
2019-10-07,457192.89615622844
2019-10-08,458339.037805645
2019-10-09,457807.8195078654
2019-10-10,453083.8157318066
2019-10-11,449352.5093229224
2019-10-14,451258.99726556364
2019-10-15,452641.30038304965
2019-10-16,450436.00463542464
2019-10-17,442231.4464205938
2019-10-18,440955.2770841393
2019-10-21,442436.4726684334
2019-10-22,441593.53506919293
2019-10-23,443260.30712733924
2019-10-24,441966.8783427828
2019-10-25,442560.3743296346
2019-10-28,446114.1389474019
2019-10-29,443442.0593486487
2019-10-30,447335.552040113
2019-10-31,441114.06305014936
2019-11-01,452331.02531299775
2019-11-04,456738.87544561946
2019-11-05,457184.4578837075
2019-11-06,456930.8580519752
2019-11-07,461776.09301321156
2019-11-08,460012.1062177399
2019-11-11,457461.6432759884
2019-11-12,458770.85405064817
2019-11-13,458381.10268163163
2019-11-14,456726.24242427445
2019-11-15,463939.06116732047
2019-11-18,464807.2783639156
2019-11-19,463395.9532798565
2019-11-20,460028.89223989256
2019-11-21,457797.70335264324
2019-11-22,460222.4356808508
2019-11-25,469291.3079429803
2019-11-26,472240.4372547889
2019-11-27,477379.95344932465
2019-11-28,475114.90871511836
2019-11-29,471506.14956309006
2019-12-02,460630.0938576058
2019-12-03,453690.389844901
2019-12-04,459961.06809350057
2019-12-05,461589.26350908115
2019-12-06,471910.1594533681
2019-12-09,466131.1727485693
2019-12-10,468172.18411629397
2019-12-11,471207.1591743636
2019-12-12,480650.3400559452
2019-12-13,483914.8951386338
2019-12-16,492303.01741893485
2019-12-17,490061.4840403048
2019-12-18,492020.13499943604
2019-12-19,495890.34904572397
2019-12-20,498507.0264560998
2019-12-23,499747.6740475901
2019-12-24,499018.2121685185
2019-12-26,506297.2760550909
2019-12-27,502640.6680620618
2019-12-30,495499.61222846515
2019-12-31,499226.0545764848
2020-01-02,510535.21727691975
2020-01-03,504253.29391057376
2020-01-06,509994.10884774337
2020-01-07,508068.8455668083
2020-01-08,510588.00709554984
2020-01-09,513980.4905805476
2020-01-10,512297.37002998113
2020-01-13,517666.06894928747
2020-01-14,515621.917144227
2020-01-15,519368.06440466474
2020-01-16,526029.8883218146
2020-01-17,528576.296700053
2020-01-20,530408.3518791602
2020-01-21,527896.7694079342
2020-01-22,526287.0738649925
2020-01-23,530374.4611146724
2020-01-24,520962.83241660823
2020-01-27,507084.8425409274
2020-01-28,517777.9422760399
2020-01-29,516743.39408796147
2020-01-30,525240.2308936297
2020-01-31,509359.8710351187
2020-02-03,509345.1210558515
2020-02-04,508377.31946918427
2020-02-05,508078.0665791223
2020-02-06,513760.05219478876
2020-02-07,509829.2839019672
2020-02-10,523737.29482020397
2020-02-11,522475.64218151197
2020-02-12,530275.6201531611
2020-02-13,534897.1812076396
2020-02-14,539722.2209589052
2020-02-17,539740.4729546392
2020-02-18,549092.9254729226
2020-02-19,533659.2838363489
2020-02-20,522829.19162486575
2020-02-21,509883.4926001614
2020-02-24,486314.19924214366
2020-02-25,481151.4144042757
2020-02-26,487616.9419989579
2020-02-27,483865.0260952872
2020-02-28,478774.3716185779
2020-03-02,473364.6008766916
2020-03-03,472355.87318652176
2020-03-04,468428.65003765526
2020-03-05,471824.06761278387
2020-03-06,472615.8147274396
2020-03-09,491127.77375008207
2020-03-10,484435.93364427687
2020-03-11,495010.1484973474
2020-03-12,516501.5661865412
2020-03-13,500855.47164518153
2020-03-16,529982.1526417043
2020-03-17,537306.0589127351
2020-03-18,570034.2005169432
2020-03-19,566793.7147862813
2020-03-20,555767.067087016
2020-03-23,550148.8223924518
2020-03-24,514576.2637905319
2020-03-25,500508.47903301456
2020-03-26,481378.4883993543
2020-03-27,479570.14493243414
2020-03-30,482569.4380938015
2020-03-31,491577.67558205995
2020-04-01,518061.045657077
2020-04-02,514753.8095989967
2020-04-03,521100.66691101633
2020-04-06,497601.548049961
2020-04-07,486731.1619179727
2020-04-08,475737.7841515409
2020-04-09,468765.7672836778
2020-04-10,468349.552772674
2020-04-13,477833.5205407281
2020-04-14,474092.4710313658
2020-04-15,476850.6531498106
2020-04-16,478746.17709725385
2020-04-17,478491.88179157156
2020-04-20,479908.56731380394
2020-04-21,479979.85235141276
2020-04-22,486240.49402359826
2020-04-23,491840.17587546207
2020-04-24,489567.2964137875
2020-04-27,490372.91171879007
2020-04-28,493302.00892049633
2020-04-29,493024.07684280496
2020-04-30,477270.45541005104
2020-05-01,474833.97318538366
2020-05-04,482401.7836616465
2020-05-05,488763.6065123294
2020-05-06,493624.14525374543
2020-05-07,493024.9446784635
2020-05-08,489637.42423001234
2020-05-11,485406.54449934844
2020-05-12,482663.97120927146
2020-05-13,486325.72239959816
