label,n_trades,n_core,n_ov,win_rate,pf,payoff,dur_core_d,dur_ov_d,wr_ov,net_profit,net_pct,gross_profit,gross_core,gross_ov,costs_exec,costs_core,costs_ov,spread,comm,slip,swap,swap_core,swap_ov,net_core,net_ov,gross_to_cost,daily_mean,daily_med,monthly_mean,cagr,pos_days,active_pos_days,sharpe,max_dd,avg_dd,recovery,mar,exp_net_avg,exp_gross_avg,exp_gross_max,margin_max,margin_avg,best_day,worst_day,years,halted,sym
n20_none_k2_x0.5_tp0,139,0,139,0.34532374100719426,1.1850474080403743,2.2466523777432097,,3.550959232613909,0.34532374100719426,1256.7651678010734,0.012567651678010733,1673.931023105257,0.0,1673.931023105257,232.51501634969998,0.0,232.51501634969998,37.17394763523679,136.95257892965301,58.388489784810176,-184.65083895440412,0.0,-184.65083895440412,0.0,1256.765167801153,4.012627116581727,6.1027096988286145e-06,0.0,0.00013418882760248655,0.0015661408419378464,0.07396733909702209,0.4106666666666667,0.21230814616743834,0.012529367796555224,0.005475118756491731,0.9790491227523969,0.12499759503974615,0.023291524099181442,0.023291524099181442,0.5015344912267014,0.01671781637422338,0.0007763841366393815,0.0054048736098997185,-0.0038511454541976242,7.9808350444900755,False,EUR_USD
n20_none_k2_x0.5_tp0,142,0,142,0.38028169014084506,0.7248470681092841,1.1812322591410553,,3.29900234741784,0.38028169014084506,-1709.019049814975,-0.01709019049814975,-1319.855976726127,0.0,-1319.855976726127,276.03043831321617,0.0,276.03043831321617,64.10603382860712,141.4234590403457,70.50094544426331,-121.3362466164589,0.0,-121.3362466164589,0.0,-1717.222661655802,-3.321506373791028,-8.211024642921858e-06,0.0,-0.00018041725361242635,-0.0021575825581994224,0.07732949087415947,0.44972067039106145,-0.35221100667156774,0.023046890609516035,0.0059051503408117855,-0.7379677320641307,-0.09361707810200474,0.02352381376568093,0.02352381376568093,0.575500530988953,0.0191833510329651,0.0007841271255226976,0.004515154575276847,-0.0034012757765339297,7.9808350444900755,False,GBP_USD
n20_none_k2_x0.5_tp0,130,0,130,0.3230769230769231,0.9734233447045377,2.0395536746190315,,3.2557692307692307,0.3230769230769231,-185.1394282412657,-0.001851394282412657,465.05773533653235,0.0,465.05773533653235,254.2120734320258,0.0,254.2120734320258,79.00772400661724,105.77110740717349,69.43324201823506,-395.9850901458093,0.0,-395.9850901458093,0.0,-185.13942824130274,0.7152564812455695,-7.354676139642809e-07,0.0,-1.6603039986435045e-05,-0.00023216807463066758,0.06340057636887608,0.4125,-0.020978678152954764,0.02810015523556808,0.007660069322270935,-0.06474979857677456,-0.008262163418115153,0.018451806492573667,0.018451806492573667,0.4090401445001806,0.02045200722500903,0.0009225903246286831,0.00749267939309517,-0.004343583703291243,7.9808350444900755,False,AUD_USD
n20_none_k2_x0.5_tp0,132,0,132,0.29545454545454547,0.634433728086325,1.5128804285135447,,2.8213383838383836,0.29545454545454547,-2490.968999730874,-0.02490968999730874,-1985.0253808270193,0.0,-1985.0253808270193,360.533759376759,0.0,360.533759376759,122.51027229828227,132.16787607576248,105.85561100271424,-145.4098595271189,0.0,-145.4098595271189,0.0,-2490.968999730897,-3.9234122274880314,-1.2034261979688208e-05,0.0,-0.00026447304821473644,-0.003155730393924139,0.056195965417867436,0.3577981651376147,-0.47282869069116756,0.025949345607721774,0.013006134142896031,-0.9590993022929719,-0.12161117438680553,0.01834881353257722,0.01834881353257722,0.4130969542570806,0.01376989847523602,0.000611627117752574,0.005967974272409249,-0.0037181769389907915,7.9808350444900755,False,USD_CAD
n20_none_k2_x0.5_tp0,130,0,130,0.34615384615384615,0.9724053190483878,1.8367656026469548,,3.1580128205128206,0.34615384615384615,-177.43075074345688,-0.001774307507434569,378.8990565418285,0.0,378.8990565418285,233.2103070453785,0.0,233.2103070453785,91.25360627701738,117.04587803323248,24.910822735128654,-323.1195002398502,0.0,-323.1195002398502,0.0,-177.4307507434002,0.6810691276650722,-7.388052258961751e-07,0.0,-1.698838115328987e-05,-0.0002224937461697829,0.06292026897214217,0.4158730158730159,-0.02452414113376746,0.017208599654904955,0.008912955776053694,-0.10208654155209176,-0.012929218566971873,0.017617498558635977,0.017617498558635977,0.4264202543533325,0.014214008478444414,0.0005872499519545325,0.007626792432045448,-0.004776866489175191,7.9808350444900755,False,EUR_JPY
n20_none_k2_x0.5_tp0,131,0,131,0.3053435114503817,0.8361504538774006,1.9022422825710865,,3.0938295165394405,0.3053435114503817,-1275.3512097454804,-0.012753512097454804,-454.89764941888683,0.0,-454.89764941888683,252.76060545202324,0.0,252.76060545202324,121.42218462922243,94.08808285652027,37.250337966280526,-567.6929548746031,0.0,-567.6929548746031,0.0,-1275.3512097455132,-0.5544465542178768,-6.041597381839445e-06,0.0,-0.00013270875736229112,-0.0016070022839302922,0.06051873198847262,0.3987341772151899,-0.19291926160012368,0.03568123140864421,0.010865525938965004,-0.3514082446933846,-0.04503774731106888,0.014778746018464748,0.014778746018464748,0.3731768969877883,0.018658844849389414,0.0007389373009232373,0.006859964494304149,-0.004805345430226926,7.9808350444900755,False,AUD_JPY
n20_none_k2_x0.5_tp0,85,0,85,0.35294117647058826,0.9705007648353873,1.7792514021982098,,3.6053921568627447,0.35294117647058826,-117.5679717293533,-0.001175679717293533,194.4972497495959,0.0,194.4972497495959,208.24183349059888,0.0,208.24183349059888,112.818735755194,28.197146916407295,67.22595081899759,-103.82338798847542,0.0,-103.82338798847542,0.0,-117.56797172947839,0.623258333074575,-5.805272876919887e-07,0.0,-1.3462293364576552e-05,-0.00017365898711685368,0.056090651558073655,0.4230769230769231,-0.022205753158181664,0.015569700227495153,0.006250416226608287,-0.0750365492887606,-0.011153650011204606,0.009903879009514381,0.009903879009514381,0.2292553713367622,0.01146276856683811,0.000495193950475719,0.005353788476752719,-0.0030028232558945156,6.7734428473648185,False,XAU_USD
n20_none_k2_x0.5_tp0,119,0,119,0.2689075630252101,0.6985948378344263,1.8993047153623464,,3.0920868347338937,0.2689075630252101,-1951.7005192622019,-0.01951700519262202,-758.3006027284961,0.0,-758.3006027284961,1058.5856628344407,0.0,1058.5856628344407,577.410361546059,0.0,481.1753012883817,-134.81425369886236,0.0,-134.81425369886236,0.0,-1951.7005192617992,-0.6354119790214808,-9.406283962879828e-06,0.0,-0.0002060440625363959,-0.0024666163745533654,0.054748062015503876,0.3856655290102389,-0.2789004566427238,0.02599761993181937,0.014476886091584318,-0.7487126755048058,-0.09487854584466748,0.00884437895649901,0.00884437895649901,0.2266099995467516,0.01133049997733758,0.00044221894782495055,0.009934398403829592,-0.008422024848087295,7.9808350444900755,False,NAS100_USD
n20_none_k2_x0.5_tp0,119,0,119,0.23529411764705882,0.46499122871925613,1.5112214933375823,,2.849789915966386,0.23529411764705882,-3661.5722828572907,-0.03661572282857291,-2647.925668961618,0.0,-2647.925668961618,885.9407926433867,0.0,885.9407926433867,442.97039632169333,0.0,442.97039632169333,-127.70582125236967,0.0,-127.70582125236967,0.0,-3661.5722828573744,-2.612276934251103,-1.7976964877844264e-05,0.0,-0.00039145801045932006,-0.004663153981812274,0.050872093023255814,0.375,-0.6507598495914768,0.03750861507653347,0.01943644390182564,-0.975849235501652,-0.12432221163851194,0.010479555641155748,0.010479555641155748,0.28242744918851403,0.014121372459425702,0.0005239777820577874,0.008912080323218996,-0.004826567632349454,7.9808350444900755,False,SPX500_USD
n20_none_k2_x0.5_tp0,101,0,101,0.2079207920792079,0.37567794790073356,1.4311540872408897,,4.5787953795379535,0.2079207920792079,-4806.9547735736705,-0.048069547735736705,-4124.922401974632,0.0,-4124.922401974632,319.0615995588404,0.0,319.0615995588404,159.5307997794202,0.0,159.5307997794202,-362.9707720403507,0.0,-362.9707720403507,0.0,-4806.954773573822,-6.04798624485044,-2.424591428651253e-05,0.0,-0.0005170397645555012,-0.006157900064066579,0.06679861454725383,0.38461538461538464,-0.7560077514659669,0.05087164774534969,0.017425045926784954,-0.9428585478864465,-0.12104778077744668,0.01490041315343075,0.01490041315343075,0.3153275620864834,0.01576637810432417,0.0007450206576715374,0.008703531342632687,-0.006382824080775729,7.975359342915811,False,UK100_GBP
n20_none_k2_x0.5_tp0,100,0,100,0.31,0.6083359021672325,1.3540379757915821,,4.024166666666667,0.31,-2545.531546978091,-0.025455315469780908,-1653.7565749854587,0.0,-1653.7565749854587,795.0027944121739,0.0,795.0027944121739,431.1222881094299,0.0,363.88050630274404,-96.77217758041763,0.0,-96.77217758041763,0.0,-2545.53154697805,-1.8544550216410394,-1.2414590507668835e-05,0.0,-0.0002702623757523638,-0.003225639715184747,0.06116504854368932,0.4064516129032258,-0.43563370021545283,0.03381941334251759,0.03381941334251759,-0.7523593860715445,-0.09537834623315271,0.010497706199834702,0.010497706199834702,0.2451372008959032,0.01225686004479516,0.0005248853099917351,0.0034440067630447935,-0.004017027237183113,7.9808350444900755,False,JP225_USD
n20_none_k2_x0.5_tp0,127,0,127,0.2992125984251969,0.7385451547373176,1.729750493990033,,3.1410761154855646,0.2992125984251969,-1793.375282973735,-0.01793375282973735,-1317.9036890565365,0.0,-1317.9036890565365,385.5307966107618,0.0,385.5307966107618,233.55152680464488,0.0,151.97926980611692,-92.96438732225793,0.0,-92.96438732225793,0.0,-1796.3988729895561,-2.754267406045654,-8.708466247340829e-06,0.0,-0.00018921242749695715,-0.0022649271586875352,0.06763990267639902,0.43573667711598746,-0.3126994408311954,0.02931333586265339,0.016656927534828114,-0.611518405917665,-0.07726610063418822,0.006669203305557387,0.006669203305557387,0.13191914152479978,0.013191914152479977,0.0006669203305557386,0.007825436986200085,-0.004642364852646019,7.9808350444900755,False,WTICO_USD
n20_none_k2_x0.5_tp2,180,0,180,0.4777777777777778,1.131602049077247,1.2368673559681533,,3.4631944444444445,0.4777777777777778,907.5299625686894,0.009075299625686893,1298.4806372469554,0.0,1298.4806372469554,232.74863143212008,0.0,232.74863143212008,36.50381463188669,139.83986121061787,56.40495558961552,-158.2020432460302,0.0,-158.2020432460302,0.0,907.5299625688051,3.321341338817047,4.422387471233216e-06,0.0,9.725176426908248e-05,0.0011326486422391646,0.07396733909702209,0.4106666666666667,0.17209893271094895,0.011788263961620249,0.004471437507798837,0.7548377531066024,0.09608273499192045,0.02057744128657055,0.02057744128657055,0.4981722797593784,0.016605742658645947,0.0006859147095523516,0.004192765482813776,-0.003343187201141018,7.9808350444900755,False,EUR_USD
n20_none_k2_x0.5_tp2,172,0,172,0.45930232558139533,0.8089670498925442,0.9523282992405899,,3.2424903100775198,0.45930232558139533,-1208.7089389984612,-0.012087089389984613,-819.5112217633069,0.0,-819.5112217633069,280.60507383862324,0.0,280.60507383862324,65.79841460082832,145.32510902414407,69.48155021365086,-116.83801237417318,0.0,-116.83801237417318,0.0,-1216.9543079761033,-2.0619586808575896,-5.7794004633310025e-06,0.0,-0.00012702481699445234,-0.0015225815347981175,0.07780979827089338,0.45251396648044695,-0.2615741262514347,0.01939997915502112,0.0038113188117600105,-0.6186557487144498,-0.07848366859734701,0.021915638976936713,0.021915638976936713,0.5687212700924515,0.018957375669748387,0.0007305212992312238,0.004031192286690466,-0.0033984783593772327,7.9808350444900755,False,GBP_USD
n20_none_k2_x0.5_tp2,174,0,174,0.45977011494252873,0.9993322587581825,1.1742154040408646,,3.0229885057471266,0.45977011494252873,-4.7755035393929575,-4.7755035393929574e-05,580.9251262000463,0.0,580.9251262000463,257.61058960182424,0.0,257.61058960182424,81.67250824292458,109.21484769750667,66.72323366139304,-328.09004013770686,0.0,-328.09004013770686,0.0,-4.775503539484816,0.9918465111748155,8.764072676632498e-08,0.0,1.3083865460827265e-06,-5.983839103662625e-06,0.0643611911623439,0.41875,0.002956263325364931,0.021911214172755433,0.006283561979306618,-0.0021527162429474046,-0.0002730948206011776,0.016356839020527373,0.016356839020527373,0.40786822721368604,0.020393411360684302,0.0008178419510263686,0.005881528216947762,-0.003795505342333083,7.9808350444900755,False,AUD_USD
n20_none_k2_x0.5_tp2,160,0,160,0.3875,0.7026345427448277,1.1106158901450502,,2.7763020833333334,0.3875,-2079.4609777743026,-0.020794609777743025,-1578.5638936165433,0.0,-1578.5638936165433,365.04466458913583,0.0,365.04466458913583,124.07287454357476,136.19333970142898,104.77845034413205,-135.85241956864886,0.0,-135.85241956864886,0.0,-2079.460977774328,-3.151473513308153,-1.0023912182581952e-05,0.0,-0.00022018488920751278,-0.00262957716713097,0.056195965417867436,0.3577981651376147,-0.42759905389683894,0.02183865294712728,0.010950787812598783,-0.9513637313692981,-0.12040931157692453,0.0172629645671875,0.0172629645671875,0.4130969542570806,0.013769898475236022,0.0005754321522395834,0.005741876430592097,-0.0029169837920653974,7.9808350444900755,False,USD_CAD
n20_none_k2_x0.5_tp2,171,0,171,0.4678362573099415,1.0153349655416333,1.154943523303608,,2.983187134502924,0.4678362573099415,101.90374218863144,0.0010190374218863145,613.3053033036789,0.0,613.3053033036789,235.7108125412328,0.0,235.7108125412328,90.84842548750535,120.67874780434451,24.183639249382942,-275.69074857368867,0.0,-275.69074857368867,0.0,101.9037421887574,1.1992636509880692,5.694462775801081e-07,0.0,1.2089181569344862e-05,0.00012762869358340367,0.06388088376560999,0.4222222222222222,0.022549999873886624,0.014729761792271145,0.006840863728348375,0.06853538417999937,0.008664681437711487,0.01580704068892582,0.01580704068892582,0.4263724583239912,0.014212415277466372,0.0005269013562975274,0.004770857763978453,-0.0029966106692838057,7.9808350444900755,False,EUR_JPY
n20_none_k2_x0.5_tp2,176,0,176,0.44886363636363635,0.8367425991149153,1.0273928115714783,,2.9095643939393936,0.44886363636363635,-1304.8607450029958,-0.013048607450029958,-574.76455590896,0.0,-574.76455590896,256.86489977224625,0.0,256.86489977224625,125.00276662611967,96.26293751155133,35.59919563457526,-473.2312893218592,0.0,-473.2312893218592,0.0,-1304.8607450030654,-0.7872449746958972,-6.224351828726388e-06,0.0,-0.0001366245736586391,-0.0016444001434032796,0.06051873198847262,0.3987341772151899,-0.2406189223457863,0.030365773865136503,0.009403488887118866,-0.42535741977369895,-0.05415307874933645,0.012564417369581365,0.012564417369581365,0.3518811656004659,0.017594058280023295,0.0006282208684790684,0.005923549112279769,-0.004164852089461157,7.9808350444900755,False,AUD_JPY
n20_none_k2_x0.5_tp2,106,0,106,0.46226415094339623,1.0645619041654302,1.2383679293352965,,3.4091981132075477,0.46226415094339623,261.6635735900054,0.002616635735900054,557.9772668745696,0.0,557.9772668745696,205.06174655148308,0.0,205.06174655148308,112.08272070514201,28.416904686923544,64.56212115941753,-91.25194673317407,0.0,-91.25194673317407,0.0,261.66357358991246,1.883062711983892,1.5540046088037924e-06,0.0,3.334352266701784e-05,0.00038587798302081033,0.055524079320113315,0.4188034188034188,0.0643251687003149,0.015175106360283852,0.005727517862545532,0.17135196409499626,0.025428354428587506,0.008878062617023588,0.008878062617023588,0.22925537133676221,0.01146276856683811,0.00044390313085117944,0.0049416697311932545,-0.0030028232558946266,6.7734428473648185,False,XAU_USD
n20_none_k2_x0.5_tp2,141,0,141,0.375886524822695,0.6771841983151152,1.1243813104100027,,2.9447399527186766,0.375886524822695,-2102.507798109975,-0.02102507798109975,-943.5428083617846,0.0,-943.5428083617846,1041.7457253480438,0.0,1041.7457253480438,579.7282712363856,0.0,462.01745411165837,-117.21926440017113,0.0,-117.21926440017113,0.0,-2102.5077981099994,-0.8141253762693635,-1.0218507536656958e-05,0.0,-0.00022254997082957518,-0.002658993604900739,0.054748062015503876,0.3856655290102389,-0.4140939457508277,0.02516950789824246,0.009549215837181121,-0.834004947805796,-0.10564344824105248,0.0076460239710625716,0.0076460239710625716,0.18234468744126772,0.009117234372063387,0.0003823011985531285,0.005847576700116264,-0.004235848164758971,7.9808350444900755,False,NAS100_USD
n20_none_k2_x0.5_tp2,141,0,141,0.3404255319148936,0.4820532717876288,0.9339782140885308,,2.8631796690307327,0.3404255319148936,-3580.6854547999537,-0.03580685454799954,-2579.9288523339583,0.0,-2579.9288523339583,877.9272798658468,0.0,877.9272798658468,447.59315828286367,0.0,430.33412158298313,-122.82932260028345,0.0,-122.82932260028345,0.0,-3580.6854548000883,-2.577978347558565,-1.7601145492842312e-05,0.0,-0.00038274766569384354,-0.004558479558351092,0.050872093023255814,0.375,-0.773264064330639,0.03714888679753081,0.01925657976232431,-0.96339938316038,-0.1227083757097691,0.009385682351444604,0.009385682351444604,0.25729963770418884,0.01286498188520944,0.00046928411757223015,0.007069488637725385,-0.0031984451610502784,7.9808350444900755,False,SPX500_USD
n20_none_k2_x0.5_tp2,115,0,115,0.2956521739130435,0.40985088200051656,0.9764094541777011,,4.66195652173913,0.2956521739130435,-4559.448947439727,-0.045594489474397266,-3907.9944882575332,0.0,-3907.9944882575332,314.9705401511857,0.0,314.9705401511857,160.25289458959497,0.0,154.71764556159073,-336.48391903102157,0.0,-336.48391903102157,0.0,-4559.448947439741,-5.998875950842934,-2.3005213746843983e-05,0.0,-0.0004898638285558464,-0.005834266126553356,0.06729341909945571,0.38746438746438744,-0.8834288129756671,0.04885035117565606,0.016751280403553743,-0.9313158162624804,-0.11943140604198536,0.01347065920719474,0.01347065920719474,0.3153275620864834,0.01576637810432417,0.0006735329603597372,0.006243214908387973,-0.004430480512636503,7.975359342915811,False,UK100_GBP
n20_none_k2_x0.5_tp2,121,0,121,0.4132231404958678,0.604378470265245,0.8582174277766479,,3.7186639118457303,0.4132231404958678,-2610.3473557479156,-0.026103473557479155,-1731.5400829465573,0.0,-1731.5400829465573,790.0393781854003,0.0,790.0393781854003,438.7702024046972,0.0,351.2691757807031,-88.7678946161822,0.0,-88.7678946161822,0.0,-2610.3473557481398,-1.9703297145306002,-1.2763909749881678e-05,0.0,-0.0002774124878378055,-0.003308730731555576,0.06165048543689321,0.4096774193548387,-0.5199022233860039,0.03405479853686022,0.03405479853686022,-0.7661837138121274,-0.09715901645914225,0.009219829375861088,0.009219829375861088,0.2451372008959033,0.012256860044795164,0.0004609914687930543,0.002969064195124105,-0.004017027237183113,7.9808350444900755,False,JP225_USD
n20_none_k2_x0.5_tp2,157,0,157,0.4140127388535032,0.7572221082599271,1.0717605224602045,,3.2067409766454347,0.4140127388535032,-1690.1282635065436,-0.016901282635065434,-1230.515860570202,0.0,-1230.515860570202,381.3988077698257,0.0,381.3988077698257,234.89992605931968,0.0,146.498881710506,-81.23935012203529,0.0,-81.23935012203529,0.0,-1693.154018462063,-2.659780304714572,-8.217606492229628e-06,0.0,-0.00017839400257248944,-0.0021335547868210902,0.06958637469586375,0.4482758620689655,-0.3319423589641076,0.027756016365549363,0.027756016365549363,-0.6087097557233923,-0.07686819170020552,0.005995747322037937,0.005995747322037937,0.131220054757054,0.013122005475705403,0.0005995747322037938,0.0062795253375353965,-0.003605284129469366,7.9808350444900755,False,WTICO_USD
n20_none_k2_x1.0_tp0,131,0,131,0.31297709923664124,1.1104084386889814,2.437481938585569,,5.771946564885497,0.31297709923664124,881.9264866508893,0.008819264866508893,1360.2521501519363,0.0,1360.2521501519363,218.35869269873737,0.0,218.35869269873737,32.82792687969939,130.02947521759484,55.50129060144315,-259.9669708023305,0.0,-259.9669708023305,0.0,881.9264866508686,2.8437783166298782,4.3721388033389846e-06,0.0,9.623937223285654e-05,0.0011008164285095656,0.09798270893371758,0.4349680170575693,0.12468537701775123,0.014624785671507046,0.008444219529600295,0.5917358821857591,0.07527060247140903,0.03576834725790704,0.03576834725790704,0.5018073880430582,0.016726912934768606,0.0011922782419302347,0.005683674754051848,-0.0037921590352233414,7.9808350444900755,False,EUR_USD
n20_none_k2_x1.0_tp0,131,0,131,0.29770992366412213,1.0071948632653864,2.375946856933732,,5.679071246819338,0.29770992366412213,61.46051179875212,0.0006146051179875212,505.87203048370515,0.0,505.87203048370515,259.225578897782,0.0,259.225578897782,62.93610252114173,131.1126497094134,65.17682666722688,-193.53732029360827,0.0,-193.53732029360827,0.0,53.109131292314885,1.1173000954520895,4.2037168638453557e-07,0.0,1.049593470143305e-05,7.698943452250084e-05,0.10470701248799232,0.47912087912087914,0.01332694478668538,0.03639392312175205,0.01088661674646968,0.01671933546335536,0.002115447523064243,0.03713683029363163,0.03713683029363163,0.5784853814661437,0.01928284604887146,0.0012378943431210544,0.004515154575276847,-0.003967287458735758,7.9808350444900755,False,GBP_USD
n20_none_k2_x1.0_tp0,122,0,122,0.3360655737704918,1.2120531988399406,2.3945441245374437,,5.794740437158469,0.3360655737704918,1719.1484074092587,0.017191484074092586,2481.66760343028,0.0,2481.66760343028,231.20390717827547,0.0,231.20390717827547,65.82501564431797,100.3532274109097,65.02566412304782,-640.2827903018782,0.0,-640.2827903018782,0.0,1610.180905950126,2.8476253402442726,8.455944218069744e-06,0.0,0.00018498650477707378,0.0021380717865118193,0.08597502401536984,0.4231678486997636,0.18287211994146088,0.02586459627893667,0.005178585984298045,0.6517880321479436,0.0826640309190907,0.029397795502962346,0.029397795502962346,0.40904014450018056,0.02045200722500903,0.0014698897751481174,0.009934359395324499,-0.005416953277492476,7.9808350444900755,False,AUD_USD
n20_none_k2_x1.0_tp0,126,0,126,0.2698412698412698,0.6812600184276081,1.8434094616276453,,5.304232804232804,0.2698412698412698,-2461.075742826186,-0.02461075742826186,-1893.8588853084586,0.0,-1893.8588853084586,333.1264989549876,0.0,333.1264989549876,106.2078845659595,126.11592372022986,100.80269066879823,-234.09035856282802,0.0,-234.09035856282802,0.0,-2461.075742826274,-3.3388621304312607,-1.1813934859899568e-05,0.0,-0.0002597862939083542,-0.0031174435864927963,0.09125840537944284,0.4185022026431718,-0.3371067691035577,0.031101927097031745,0.015582424887551016,-0.7906046118785001,-0.10023313271769303,0.032571263376388174,0.032571263376388174,0.4136734795115089,0.013789115983716965,0.001085708779212939,0.005967974272409249,-0.005430185628688355,7.9808350444900755,False,USD_CAD
n20_none_k2_x1.0_tp0,124,0,124,0.29838709677419356,0.7255915998526973,1.7061207888428287,,5.270161290322581,0.29838709677419356,-2207.029484576109,-0.02207029484576109,-1492.173083706355,0.0,-1492.173083706355,215.89142067808226,0.0,215.89142067808226,80.6859048354917,111.57175757228956,23.633758270300994,-498.96498019143075,0.0,-498.96498019143075,0.0,-2207.029484575868,-2.087374585848788,-1.055875522164777e-05,0.0,-0.00023279149979933878,-0.002792478788053332,0.08981748318924111,0.45278450363196127,-0.29571664005889237,0.03317589839615087,0.013326245881942497,-0.6624180869872639,-0.08417191163020081,0.027984622373135495,0.027984622373135495,0.4277156723386463,0.014257189077954879,0.0009328207457711831,0.007649792465121319,-0.005025159950704738,7.9808350444900755,False,EUR_JPY
n20_none_k2_x1.0_tp0,122,0,122,0.319672131147541,1.040553134087298,2.2145105161345064,,5.676912568306011,0.319672131147541,352.1335906941531,0.003521335906941531,1477.862854269325,0.0,1477.862854269325,234.8586610907319,0.0,234.8586610907319,110.89971948693832,88.77696666217628,35.18197494161732,-890.8706024843505,0.0,-890.8706024843505,0.0,352.1335906942427,1.312804865333197,1.9048064445444074e-06,0.0,4.116288796713651e-05,0.00044054597497900083,0.0893371757925072,0.42758620689655175,0.04592589350372242,0.025640888571892062,0.009163921514717177,0.13545474643917232,0.017181384870645012,0.024330587496422328,0.024330587496422328,0.3738008759284713,0.018690043796423562,0.0012165293748211162,0.0068861170823721896,-0.005802907449015682,7.9808350444900755,False,AUD_JPY
n20_none_k2_x1.0_tp0,79,0,79,0.3291139240506329,1.0356046135818702,2.1110401738399664,,6.02373417721519,0.3291139240506329,178.83940843892924,0.0017883940843892924,513.4127508494691,0.0,513.4127508494691,203.13711244176096,0.0,203.13711244176096,113.89606603808664,26.180245218733855,63.06080118494046,-131.43622996864687,0.0,-131.43622996864687,0.0,178.83940843906132,1.5345297600538843,1.150007887674742e-06,0.0,2.4217888109163615e-05,0.0002638292735810399,0.07138810198300283,0.4329896907216495,0.03477080377535082,0.022697456313147568,0.00639873317190956,0.07729939756920871,0.011623737477058874,0.015158418739679621,0.015158418739679621,0.22925537133676221,0.011462768566838113,0.0007579209369839812,0.005358971851748162,-0.004674121302342682,6.7734428473648185,False,XAU_USD
n20_none_k2_x1.0_tp0,116,0,116,0.22413793103448276,0.516437721756315,1.7876690368487826,,4.75897988505747,0.22413793103448276,-4020.971391383733,-0.04020971391383733,-2754.4784293364937,0.0,-2754.4784293364937,1067.7031445673483,0.0,1067.7031445673483,602.1214054867786,0.0,465.5817390805698,-198.78981748011716,0.0,-198.78981748011716,0.0,-4020.971391383959,-2.1748864872359723,-1.9701946849340896e-05,0.0,-0.000430176366583635,-0.005129178587365724,0.07461240310077519,0.4052631578947368,-0.5183217241125733,0.045961484437382905,0.012723155651271828,-0.8703066000632496,-0.11159732219601444,0.013166526461243956,0.013166526461243956,0.22687901973671853,0.011343950986835927,0.0006583263230621976,0.00993439840382937,-0.008422024848087295,7.9808350444900755,False,NAS100_USD
n20_none_k2_x1.0_tp0,114,0,114,0.17543859649122806,0.3300866152499378,1.551407091674708,,4.498538011695906,0.17543859649122806,-5658.075503461616,-0.05658075503461616,-4590.687194529669,0.0,-4590.687194529669,855.5198611331133,0.0,855.5198611331133,433.22987198434134,0.0,422.28998914877195,-211.86844779896737,0.0,-211.86844779896737,0.0,-5658.07550346175,-4.300859542974234,-2.8081366223795367e-05,0.0,-0.0006113457137537754,-0.007271480859461499,0.06976744186046512,0.391304347826087,-0.8495677748855229,0.057030048953658485,0.029197160840388148,-0.9919033223081978,-0.12750262349187466,0.01563361723758862,0.01563361723758862,0.28248180402963124,0.014124090201481563,0.0007816808618794309,0.008906512202543793,-0.004307481972305571,7.9808350444900755,False,SPX500_USD
n20_none_k2_x1.0_tp0,97,0,97,0.16494845360824742,0.2891475701712592,1.4638095739919996,,6.561855670103094,0.16494845360824742,-6316.2015246461815,-0.06316201524646181,-5547.006398323539,0.0,-5547.006398323539,307.6490127201112,0.0,307.6490127201112,153.8245063600556,0.0,153.8245063600556,-461.5461136025582,0.0,-461.5461136025582,0.0,-6316.201524646208,-7.21144246563599,-3.2112253874001344e-05,0.0,-0.0006847160472603218,-0.008147440813992213,0.08906481939633845,0.40632054176072235,-0.8721345179769928,0.06837083794849319,0.01862651441837443,-0.9186787245840052,-0.11916543746516672,0.019997261317341274,0.019997261317341274,0.3153275620864834,0.01576637810432417,0.0009998630658670637,0.008707443923118285,-0.006385665445854949,7.975359342915811,False,UK100_GBP
n20_none_k2_x1.0_tp0,97,0,97,0.21649484536082475,0.5013204935949447,1.8143027387245616,,6.050687285223368,0.21649484536082475,-4004.8398659833474,-0.04004839865983347,-3092.9895290327104,0.0,-3092.9895290327104,775.378964891625,0.0,775.378964891625,423.54252606138937,0.0,351.8364388302355,-136.4713720591122,0.0,-136.4713720591122,0.0,-4004.8398659834475,-3.3919925273875395,-1.966585554315794e-05,0.0,-0.00042800280134056685,-0.005108228515176005,0.07766990291262135,0.40609137055837563,-0.5276104825847397,0.05017548167519148,0.022655368328454828,-0.7925403039666264,-0.10180726411843681,0.014938483572259671,0.014938483572259671,0.2451372008959033,0.012256860044795165,0.0007469241786129835,0.005640780312883065,-0.004663873714714217,7.9808350444900755,False,JP225_USD
n20_none_k2_x1.0_tp0,123,0,123,0.2601626016260163,0.700237408453853,1.9913001302906443,,5.024051490514905,0.2601626016260163,-2510.8231586935,-0.025108231586935,-2005.4332588760487,0.0,-2005.4332588760487,366.0441205263643,0.0,366.0441205263643,220.2472173382203,0.0,145.796903188144,-145.34631450761063,0.0,-145.34631450761063,0.0,-2516.823693910024,-3.921530637824337,-1.2193249289184701e-05,0.0,-0.00026526745526435954,-0.003181164958873106,0.08564476885644769,0.4512820512820513,-0.32174464942189795,0.04155741807456581,0.023302143345736215,-0.6008277655300198,-0.07654866703136351,0.010234324307481672,0.010234324307481672,0.1320228952033869,0.01320228952033869,0.0010234324307481673,0.00785410536081832,-0.004953178596146635,7.9808350444900755,False,WTICO_USD
n20_none_k2_x1.0_tp2,187,0,187,0.4919786096256685,1.1079996279952826,1.1441300506473027,,5.5171568627450975,0.4919786096256685,875.4972045836621,0.00875497204583662,1304.8163963888999,0.0,1304.8163963888999,219.9821555006618,0.0,219.9821555006618,32.1999735347659,134.57821084928685,53.20397111660908,-209.33703630440124,0.0,-209.33703630440124,0.0,875.497204583837,3.0392687336031456,4.301548758059562e-06,0.0,9.4534080436309e-05,0.001092821939701727,0.09798270893371758,0.4349680170575693,0.1424602241342309,0.011657382516097936,0.005673516747272256,0.7387027080189738,0.09374505281890039,0.02982365580856374,0.02982365580856374,0.4981722797593783,0.016605742658645943,0.0009941218602854583,0.004193399422197874,-0.00334318720114124,7.9808350444900755,False,EUR_USD
n20_none_k2_x1.0_tp2,183,0,183,0.44808743169398907,0.9938493798999329,1.2241315532913808,,5.351092896174864,0.44808743169398907,-38.62139369506622,-0.0003862139369506622,387.0992344930331,0.0,387.0992344930331,267.9065530797026,0.0,267.9065530797026,65.04383038857351,138.70736819614788,64.15535449498115,-166.15710252819986,0.0,-166.15710252819986,0.0,-46.96442111486931,0.891802917594895,-9.150219931480844e-08,0.0,-1.4842441632143427e-06,-4.840084855606275e-05,0.10470701248799232,0.47912087912087914,-0.003348348912668014,0.028085407082061864,0.008686932454281149,-0.01362388832073491,-0.0017233450957161432,0.03179277831574413,0.03179277831574413,0.5687212700924517,0.018957375669748387,0.001059759277191471,0.004031192286690688,-0.003960916934123926,7.9808350444900755,False,GBP_USD
n20_none_k2_x1.0_tp2,182,0,182,0.4835164835164835,1.1263945814104117,1.2031942119611216,,5.021978021978022,0.4835164835164835,1118.9814376075228,0.011189814376075228,1734.2335162013972,0.0,1734.2335162013972,240.26769069625772,0.0,240.26769069625772,70.40216453094199,106.69119702583866,63.17432913947706,-483.3395746353762,0.0,-483.3395746353762,0.0,1010.6262508697632,2.3966502262889615,5.502563992084551e-06,0.0,0.00012014136559874361,0.0013952716410559063,0.08693563880883766,0.42789598108747046,0.15536037437960473,0.022816922752163182,0.0043489261701346775,0.4824085801212062,0.06115073694254525,0.024002999453548765,0.024002999453548765,0.40786822721368615,0.020393411360684306,0.0012001499726774383,0.005884006666022179,-0.0037986065042284745,7.9808350444900755,False,AUD_USD
n20_none_k2_x1.0_tp2,166,0,166,0.3855421686746988,0.7324132589981587,1.1672836315283155,,5.026606425702812,0.3855421686746988,-2144.446169712741,-0.02144446169712741,-1597.1939480405224,0.0,-1597.1939480405224,342.560891800734,0.0,342.560891800734,110.82365455164133,131.9186534989229,99.81858375016976,-204.69132987149277,0.0,-204.69132987149277,0.0,-2144.446169712749,-2.9185700574408107,-1.0303016302069269e-05,0.0,-0.0002262769011604943,-0.0027125383333104214,0.09077809798270893,0.41629955947136565,-0.35027861997952797,0.0260327984003077,0.013047860539188993,-0.8230305505812642,-0.10419695537911744,0.028514814533201108,0.028514814533201108,0.41367347951150885,0.013789115983716961,0.0009504938177733704,0.005741876430592097,-0.0040758016918217566,7.9808350444900755,False,USD_CAD
n20_none_k2_x1.0_tp2,178,0,178,0.47752808988764045,0.8535105817040014,0.9338409893937898,,4.738998127340824,0.47752808988764045,-1213.1896762360266,-0.012131896762360265,-594.5018590861456,0.0,-594.5018590861456,222.83213674581773,0.0,222.83213674581773,83.80568329853614,116.31505887287476,22.711394574406842,-395.8556804039502,0.0,-395.8556804039502,0.0,-1213.1896762359136,-0.9609076542430646,-5.7585945242193335e-06,0.0,-0.0001268431676789507,-0.001528256057569899,0.08981748318924111,0.45278450363196127,-0.20027052566607184,0.02602306675323085,0.008181102731226325,-0.46335788089353186,-0.05872697757193283,0.022870864639960284,0.022870864639960284,0.42766758548638517,0.014255586182879507,0.0007623621546653426,0.004785257636820361,-0.0032291476468497837,7.9808350444900755,False,EUR_JPY
n20_none_k2_x1.0_tp2,182,0,182,0.5054945054945055,1.010746500208322,0.9887737502037932,,5.106227106227106,0.5054945054945055,94.59252155764261,0.0009459252155764261,1035.8677754246721,0.0,1035.8677754246721,245.32924422810737,0.0,245.32924422810737,118.72750224944207,92.8965854412925,33.705156537372794,-695.9460096389397,0.0,-695.9460096389397,0.0,94.59252155762499,1.1004940065820386,5.815996720571597e-07,0.0,1.251984081306159e-05,0.00011847558706690187,0.08981748318924111,0.4298850574712644,0.018277246463541737,0.02234634592923046,0.009624553732286323,0.041969865103481274,0.005301787927301714,0.019434658820535765,0.019434658820535765,0.3523531804973968,0.01761765902486984,0.0009717329410267881,0.005926215939854096,-0.00580290744901546,7.9808350444900755,False,AUD_JPY
n20_none_k2_x1.0_tp2,113,0,113,0.4778761061946903,1.0837193006831514,1.1840636803760358,,5.542772861356933,0.4778761061946903,433.59676695553935,0.004335967669555393,751.5131703738823,0.0,751.5131703738823,201.33123911692317,0.0,201.33123911692317,112.93332579133583,27.43700917595902,60.96090414962831,-116.58516430146464,0.0,-116.58516430146464,0.0,433.5967669554945,2.3638703831990315,2.5506659070311523e-06,0.0,5.486101195009388e-05,0.0006389625871208171,0.0708215297450425,0.42955326460481097,0.09078339831786786,0.017284375972521415,0.004192055666891645,0.24714997750754067,0.03696763991576182,0.012912785158652502,0.012912785158652502,0.2292553713367621,0.011462768566838104,0.0006456392579326251,0.0049416697311932545,-0.003507058642212346,6.7734428473648185,False,XAU_USD
n20_none_k2_x1.0_tp2,146,0,146,0.3767123287671233,0.5629698278297725,0.931459169681987,,4.507134703196347,0.3767123287671233,-3619.15215965925,-0.0361915215965925,-2405.4098960750857,0.0,-2405.4098960750857,1050.764548989745,0.0,1050.764548989745,608.46757570301,0.0,442.29697328673495,-162.97771459425857,0.0,-162.97771459425857,0.0,-3619.152159659089,-1.981812752381434,-1.7761988928600205e-05,0.0,-0.000386602965992533,-0.004608249158463473,0.07461240310077519,0.4052631578947368,-0.6375840337734501,0.039963605632743926,0.009129718839124945,-0.9030769774752683,-0.11531114586637131,0.01060384572092679,0.01060384572092679,0.18202128874358106,0.009101064437179052,0.0005301922860463395,0.005842273288736877,-0.00423584816475886,7.9808350444900755,False,NAS100_USD
n20_none_k2_x1.0_tp2,140,0,140,0.32142857142857145,0.39238576546461756,0.8283699493141927,,4.384821428571429,0.32142857142857145,-5129.625869014562,-0.051296258690145626,-4101.747123921165,0.0,-4101.747123921165,843.1247791547789,0.0,843.1247791547789,435.22787383878176,0.0,407.8969053159972,-184.75396593874527,0.0,-184.75396593874527,0.0,-5129.625869014689,-3.9904970732203995,-2.5424513710576057e-05,0.0,-0.0005527774378912609,-0.006576425303033484,0.06976744186046512,0.391304347826087,-0.9609946337648625,0.05213367308800276,0.026748972907560287,-0.9837204896319165,-0.12614544330940075,0.013248455221464412,0.013248455221464412,0.25772369640770115,0.012886184820385059,0.0006624227610732207,0.0070587026485464666,-0.004179947597883649,7.9808350444900755,False,SPX500_USD
n20_none_k2_x1.0_tp2,119,0,119,0.29411764705882354,0.3895959886775186,0.9350303728260445,,6.549719887955182,0.29411764705882354,-5490.171588523794,-0.054901715885237935,-4770.352916987823,0.0,-4770.352916987823,303.99801644239665,0.0,303.99801644239665,155.9321991781923,0.0,148.06581726420436,-415.8206550933373,0.0,-415.8206550933373,0.0,-5490.171588523557,-6.627159179978299,-2.782794465670481e-05,0.0,-0.0005925752847589408,-0.0070550964909955605,0.08906481939633845,0.40632054176072235,-0.9352569063167985,0.05858476378209987,0.0161799958767761,-0.9342459880255464,-0.12042544913616587,0.01748415249570456,0.01748415249570456,0.3153275620864834,0.01576637810432417,0.0008742076247852279,0.0062460214796353775,-0.004430480512636614,7.975359342915811,False,UK100_GBP
n20_none_k2_x1.0_tp2,121,0,121,0.35537190082644626,0.5030811250765234,0.9125657617667168,,5.478650137741046,0.35537190082644626,-4017.981038549071,-0.04017981038549071,-3130.846470439371,0.0,-3130.846470439371,766.7587900718952,0.0,766.7587900718952,430.26011354064184,0.0,336.4986765312534,-120.3757780379061,0.0,-120.3757780379061,0.0,-4017.9810385491724,-3.529167482572795,-1.9799976054350944e-05,0.0,-0.00043004486262649734,-0.005125294772448941,0.07815533980582524,0.4086294416243655,-0.6785049399895458,0.04502723627699967,0.04502723627699967,-0.8919602921922968,-0.1138265458026121,0.01209879917452523,0.01209879917452523,0.2451372008959032,0.012256860044795159,0.0006049399587262617,0.004126527888804299,-0.004350890723461287,7.9808350444900755,False,JP225_USD
n20_none_k2_x1.0_tp2,163,0,163,0.4171779141104294,0.7615480685536159,1.0639274487146104,,4.963701431492842,0.4171779141104294,-2030.8225701475894,-0.020308225701475894,-1555.9849662710117,0.0,-1555.9849662710117,365.8638401097425,0.0,365.8638401097425,226.08362044263492,0.0,139.7802196671076,-113.49699720095207,0.0,-113.49699720095207,0.0,-2035.3458035817064,-3.245957627661832,-9.86431025492684e-06,0.0,-0.00021406597466610292,-0.0025675160802420827,0.08661800486618004,0.4564102564102564,-0.3198689338446798,0.033037244250138986,0.019042056433522803,-0.6132472371180073,-0.07771580646383003,0.008433054098016965,0.008433054098016965,0.13127771846357078,0.013127771846357078,0.0008433054098016963,0.0062989236785135905,-0.0036068684455734523,7.9808350444900755,False,WTICO_USD
n20_none_k4_x0.5_tp0,124,0,124,0.3467741935483871,1.0558161211717028,1.988862925928091,,3.7019489247311834,0.3467741935483871,376.8629933078191,0.0037686299330781914,752.0759337680364,0.0,752.0759337680364,206.10415537962277,0.0,206.10415537962277,32.7125708686741,121.52304794421995,51.86853656672873,-169.10878508061475,0.0,-169.10878508061475,0.0,376.8629933077989,2.0043976437633986,1.8923700061454018e-06,0.0,4.185145712502941e-05,0.0004714335038014106,0.07684918347742556,0.4050632911392405,0.07252949383696891,0.014203201417654188,0.008421572566028657,0.2608092832391035,0.03319205930681457,0.02200785332557163,0.02200785332557163,0.5018350400765262,0.01672783466921754,0.0007335951108523876,0.0054094187144058115,-0.0038556857389915322,7.9808350444900755,False,EUR_USD
n20_none_k4_x0.5_tp0,113,0,113,0.4247787610619469,0.8576929287501313,1.161459174349136,,3.70980825958702,0.4247787610619469,-694.2670988613099,-0.006942670988613099,-381.6217457804302,0.0,-381.6217457804302,221.05804567092355,0.0,221.05804567092355,50.93048091032212,113.79038576725323,56.33717899334821,-99.86415413942623,0.0,-99.86415413942623,0.0,-702.54394559078,-1.189141000547644,-3.294120849623017e-06,0.0,-7.268140175178405e-05,-0.000872570781070614,0.08261287223823247,0.46612466124661245,-0.1619263762806032,0.01723770242651712,0.004038723586216458,-0.40078229782479596,-0.050619900464711584,0.021038042006751762,0.021038042006751762,0.5759423509650816,0.01919807836550272,0.0007012680668917253,0.0037448563636974797,-0.003170127955761881,7.9808350444900755,False,GBP_USD
n20_none_k4_x0.5_tp0,104,0,104,0.33653846153846156,1.063578262130284,2.0967685739139887,,3.6177884615384617,0.33653846153846156,365.52376156812534,0.0036552376156812534,939.0187153094263,0.0,939.0187153094263,207.67016345822117,0.0,207.67016345822117,67.40757245335827,85.03447308980405,55.228117915058846,-365.82479028294904,0.0,-365.82479028294904,0.0,365.5237615682561,1.6373617748225633,1.843001326266331e-06,0.0,4.060775078211086e-05,0.0004572713982098353,0.06724303554274735,0.4117647058823529,0.06869205770464507,0.01946372164080834,0.005012817120702451,0.18499463635967736,0.02349352331730349,0.016118736439707636,0.016118736439707636,0.4081709347515336,0.02040854673757668,0.0008059368219853819,0.0070568121747915935,-0.0036852574120029846,7.9808350444900755,False,AUD_USD
n20_none_k4_x0.5_tp0,114,0,114,0.2982456140350877,0.5997579468195474,1.4111951689871702,,3.26827485380117,0.2982456140350877,-2552.901340027922,-0.02552901340027922,-2093.188703724476,0.0,-2093.188703724476,310.38224610086365,0.0,310.38224610086365,104.90802676044115,114.10027137438914,91.37394796603334,-149.33039020253426,0.0,-149.33039020253426,0.0,-2552.9013400278736,-4.5532546604679975,-1.2366034083198818e-05,0.0,-0.0002714075558845262,-0.003235085029692497,0.06195965417867435,0.3664772727272727,-0.5922658861517412,0.0265680453312801,0.013315484004675193,-0.9600549480040653,-0.12176601587937085,0.018498877257165338,0.018498877257165338,0.41083907955218146,0.013694635985072716,0.0006166292419055114,0.003051231032994872,-0.002706443848561335,7.9808350444900755,False,USD_CAD
n20_none_k4_x0.5_tp0,106,0,106,0.3490566037735849,0.9643750768355307,1.7984291973419355,,3.4410377358490565,0.3490566037735849,-201.337883330154,-0.00201337883330154,257.983663919852,0.0,257.983663919852,185.04340835035597,0.0,185.04340835035597,70.69160081273363,94.25362652235475,20.098181015267606,-274.278138899759,0.0,-274.278138899759,0.0,-201.337883330263,0.5616624464154993,-8.861946515896231e-07,0.0,-1.9891545833492974e-05,-0.0002524991355838946,0.06532180595581172,0.42105263157894735,-0.03475034944168597,0.015549314777254297,0.007689105927473794,-0.12832259266977356,-0.01623860209925475,0.01561509435848281,0.01561509435848281,0.4263796429012343,0.014212654763374476,0.0005205031452827604,0.007626071362803355,-0.004776418282055328,7.9808350444900755,False,EUR_JPY
n20_none_k4_x0.5_tp0,113,0,113,0.30973451327433627,0.7531772187225354,1.6785092302959361,,3.4387905604719764,0.30973451327433627,-1778.490085566431,-0.01778490085566431,-1051.931602739394,0.0,-1051.931602739394,216.62232508343868,0.0,216.62232508343868,105.05271665919092,79.91574932008767,31.65385910416008,-509.93615774357477,0.0,-509.93615774357477,0.0,-1778.4900855664075,-1.4478278453874287,-8.521138062466299e-06,0.0,-0.00018733052514591055,-0.002245979658024644,0.06484149855907781,0.40059347181008903,-0.30551287642787306,0.035201648278306186,0.005459208809612245,-0.49908936393272196,-0.06380325262805321,0.013842206979676808,0.013842206979676808,0.3497007441522817,0.017485037207614084,0.0006921103489838403,0.006180145642929791,-0.0052455496225920495,7.9808350444900755,False,AUD_JPY
n20_none_k4_x0.5_tp0,67,0,67,0.373134328358209,1.3138117789843065,2.2072037886936346,,4.075248756218905,0.373134328358209,896.0434709213296,0.008960434709213295,1138.93536118238,0.0,1138.93536118238,157.6695208056873,0.0,157.6695208056873,83.91971174039536,21.88592646875963,51.863882596532314,-85.22236945540622,0.0,-85.22236945540622,0.0,896.0434709212864,4.689062940545672,5.1185629883766506e-06,0.0,0.00011091001691273706,0.0013178534326772073,0.058356940509915016,0.4256198347107438,0.22615998531502268,0.009430708673331623,0.0031975942894755804,0.9379260471079025,0.13974065770941096,0.008500396260316848,0.008500396260316848,0.17271912356637023,0.008635956178318511,0.0004250198130158424,0.005344991582600489,-0.0020820003477817206,6.7734428473648185,False,XAU_USD
n20_none_k4_x0.5_tp0,99,0,99,0.2828282828282828,0.6876982850390853,1.7438063656348233,,3.6317340067340065,0.2828282828282828,-1838.3914677329012,-0.018383914677329014,-822.4089153222349,0.0,-822.4089153222349,886.7874192241434,0.0,886.7874192241434,483.70222866771496,0.0,403.08519055642836,-129.19513318650087,0.0,-129.19513318650087,0.0,-1838.3914677328792,-0.8094714947327462,-8.865595027282902e-06,0.0,-0.0001939701666806091,-0.0023222439519852145,0.059593023255813955,0.3929712460063898,-0.2821913709154876,0.026932741225101475,0.010087746106264284,-0.6821489486791277,-0.08622382447356934,0.008599675451002077,0.008599675451002077,0.21727007175993548,0.010863503587996773,0.0004299837725501038,0.009914980675335583,-0.008405724812386217,7.9808350444900755,False,NAS100_USD
n20_none_k4_x0.5_tp0,99,0,99,0.2727272727272727,0.5201815826213169,1.387150886990178,,3.2925084175084174,0.2727272727272727,-2822.897747332652,-0.028228977473326523,-1967.3671250162913,0.0,-1967.3671250162913,736.1929099398136,0.0,736.1929099398136,368.0964549699068,0.0,368.0964549699068,-119.33771237666163,0.0,-119.33771237666163,0.0,-2822.897747332767,-2.2995870325358485,-1.3789185710699243e-05,0.0,-0.0003004160832650362,-0.0035815508016862063,0.05426356589147287,0.3822525597269625,-0.5326484175919359,0.03066791655528711,0.005536258958255269,-0.9190700032279906,-0.11678494022342549,0.01040226242785038,0.01040226242785038,0.2826045851379802,0.014130229256899008,0.0005201131213925189,0.008025725208018253,-0.004832165945434674,7.9808350444900755,False,SPX500_USD
n20_none_k4_x0.5_tp0,79,0,79,0.24050632911392406,0.40853185725602253,1.2901006018611239,,5.357594936708861,0.24050632911392406,-3785.9299599698716,-0.03785929959969871,-3202.1673314570826,0.0,-3202.1673314570826,251.8357893398591,0.0,251.8357893398591,125.91789466992955,0.0,125.91789466992955,-331.9268391731237,0.0,-331.9268391731237,0.0,-3785.9299599700657,-5.485392820732557,-1.901280332739969e-05,0.0,-0.0004051272557250819,-0.004827537620835987,0.0752102919346858,0.4075067024128686,-0.7371018171418411,0.040430762797778685,0.013944750944261286,-0.9346103908712751,-0.119402585723691,0.01395689489060297,0.01395689489060297,0.19374301975051647,0.009687150987525824,0.0006978447445301486,0.0043569514150016975,-0.0040050621604034164,7.975359342915811,False,UK100_GBP
n20_none_k4_x0.5_tp0,74,0,74,0.40540540540540543,0.9608883574313897,1.4093029242327046,,5.1897522522522515,0.40540540540540543,-161.76703432040813,-0.0016176703432040813,541.9029754933241,0.0,541.9029754933241,617.5905690476583,0.0,617.5905690476583,335.6708978825155,0.0,281.9196711651428,-86.07944076614105,0.0,-86.07944076614105,0.0,-161.7670343204752,0.770109522838296,-7.055880102121858e-07,0.0,-1.6280815753008512e-05,-0.00020283792044262228,0.06844660194174758,0.43653250773993807,-0.027936376022812587,0.011190369393623945,0.010670116481454328,-0.14413344719898535,-0.01812611481424334,0.009942751594583476,0.009942751594583476,0.17737081575687458,0.008868540787843729,0.0004971375797291739,0.0034388549540658175,-0.004017241118786652,7.9808350444900755,False,JP225_USD
n20_none_k4_x0.5_tp0,97,0,97,0.36082474226804123,1.014383685387831,1.7969082426870147,,3.995704467353952,0.36082474226804123,75.72804825988715,0.0007572804825988715,467.0054903919386,0.0,467.0054903919386,305.6304231411416,0.0,305.6304231411416,187.5430875826242,0.0,118.08733555851738,-88.71954098197253,0.0,-88.71954098197253,0.0,72.6555262688245,1.184241239707941,4.3969191482863237e-07,0.0,9.327911468186216e-06,9.485596285552234e-05,0.07639902676399027,0.4563953488372093,0.01847126895452156,0.012426499079066344,0.005721511277926361,0.06049902020299287,0.007633361757964197,0.006542060765347209,0.006542060765347209,0.13178065332273936,0.013178065332273937,0.000654206076534721,0.004833553314082417,-0.0027139255811330365,7.9808350444900755,False,WTICO_USD
n20_none_k4_x0.5_tp2,134,0,134,0.39552238805970147,1.0422736495850975,1.5929087852149602,,3.808146766169154,0.39552238805970147,284.8277906729054,0.002848277906729054,650.7873271579147,0.0,650.7873271579147,205.1038053036426,0.0,205.1038053036426,32.69857947464505,121.43769604802831,50.96752978096922,-160.8557311813734,0.0,-160.8557311813734,0.0,284.8277906728987,1.7783040535263133,1.4395251891589726e-06,0.0,3.186447182907363e-05,0.0003564459245413154,0.07732949087415947,0.40759493670886077,0.05960673972738389,0.011524041317525047,0.006018858558822504,0.24382624256299987,0.030930635765706132,0.021330375450072766,0.021330375450072766,0.5018350400765261,0.016727834669217536,0.0007110125150024256,0.0047293860399384435,-0.0038556857389915322,7.9808350444900755,False,EUR_USD
n20_none_k4_x0.5_tp2,115,0,115,0.43478260869565216,0.8757894238308909,1.1385262509801581,,3.7173913043478257,0.43478260869565216,-605.1640542279056,-0.0060516405422790555,-293.8629676396654,0.0,-293.8629676396654,220.83646167435703,0.0,220.83646167435703,50.95042915268671,113.83082531138406,56.05520721028626,-98.7488981254862,0.0,-98.7488981254862,0.0,-613.4483274395086,-0.9195132337216955,-2.8635184357912845e-06,0.0,-6.321285151205347e-05,-0.0007602861262467897,0.08261287223823247,0.46612466124661245,-0.14098082177241034,0.017237702426517676,0.004005773004872093,-0.3491978627499648,-0.04410600133560729,0.020955112219553054,0.020955112219553054,0.5759423509650816,0.019198078365502722,0.0006985037406517686,0.0037448563636972576,-0.003170127955761992,7.9808350444900755,False,GBP_USD
n20_none_k4_x0.5_tp2,111,0,111,0.3783783783783784,1.009920282678045,1.6591547501139308,,3.667417417417418,0.3783783783783784,56.90627141515142,0.0005690627141515142,599.3148543539405,0.0,599.3148543539405,206.34321846592678,0.0,206.34321846592678,67.29979763586219,84.89192444932587,54.15149638073871,-336.06536447279206,0.0,-336.06536447279206,0.0,56.90627141522168,1.1049140319773496,3.519053100242388e-07,0.0,7.562758267533697e-06,7.128591598037914e-05,0.06724303554274735,0.4117647058823529,0.014074527907449045,0.01852494672229099,0.004573870183118267,0.030396793616058328,0.0038481036976263524,0.015355937513164867,0.015355937513164867,0.40817093475153354,0.020408546737576676,0.0007677968756582433,0.0064439735834436185,-0.0027638189206139474,7.9808350444900755,False,AUD_USD
n20_none_k4_x0.5_tp2,118,0,118,0.3220338983050847,0.6335060123845468,1.3336968681779935,,3.2793079096045195,0.3220338983050847,-2339.3347602433496,-0.023393347602433497,-1882.4414484709905,0.0,-1882.4414484709905,309.91996171738845,0.0,309.91996171738845,104.98935712862914,114.20198434356911,90.72862024519019,-146.97335005492135,0.0,-146.97335005492135,0.0,-2339.3347602433005,-4.120089745172489,-1.1315036359245639e-05,0.0,-0.00024831688219138185,-0.0029616256115253536,0.06195965417867435,0.3664772727272727,-0.5443405090460647,0.024434656692003953,0.01224878968503712,-0.9565502621865499,-0.1212059432164857,0.018315456900930345,0.018315456900930345,0.4108390795521815,0.013694635985072716,0.0006105152300310113,0.003051231032994872,-0.002706443848561335,7.9808350444900755,False,USD_CAD
n20_none_k4_x0.5_tp2,114,0,114,0.39473684210526316,0.9920967791874208,1.5212150614207118,,3.471856725146199,0.39473684210526316,-44.71060130211117,-0.0004471060130211117,400.7187156056243,0.0,400.7187156056243,184.84862733553734,0.0,184.84862733553734,70.76221161066456,94.35135203822642,19.735063686646342,-260.58068957212663,0.0,-260.58068957212663,0.0,-44.71060130203966,0.8996235775129547,-1.476725423658318e-07,0.0,-3.411809271244702e-06,-5.603341791515781e-05,0.06580211335254563,0.4241486068111455,-0.0063942434566192285,0.01254071317805383,0.006760216418858239,-0.035402272205985894,-0.00446812052230139,0.015137895810704483,0.015137895810704483,0.4263796429012344,0.01421265476337448,0.0005045965270234829,0.004958384590563414,-0.003117106061113928,7.9808350444900755,False,EUR_JPY
n20_none_k4_x0.5_tp2,124,0,124,0.3709677419354839,0.7805811329955141,1.3235940950793499,,3.4818548387096775,0.3709677419354839,-1581.3838997221173,-0.015813838997221174,-891.8342707240542,0.0,-891.8342707240542,216.41533409555078,0.0,216.41533409555078,105.55874014453444,79.93150741925126,30.925086531765064,-473.13429490237996,0.0,-473.13429490237996,0.0,-1581.383899721985,-1.29335762535336,-7.570416556158787e-06,0.0,-0.00016626223179589482,-0.001995317975441502,0.06484149855907781,0.40059347181008903,-0.290040258192755,0.03068688597958169,0.00484108691162391,-0.5101728230585655,-0.06502184603446365,0.013065260680490652,0.013065260680490652,0.3497007441522817,0.017485037207614084,0.0006532630340245325,0.006154008135550226,-0.0052455496225922715,7.9808350444900755,False,AUD_JPY
n20_none_k4_x0.5_tp2,69,0,69,0.391304347826087,1.3130087166920956,2.04245800374326,,4.076086956521739,0.391304347826087,893.730820207551,0.00893730820207551,1133.4778736503347,0.0,1133.4778736503347,157.44758810584085,0.0,157.44758810584085,83.9180570827828,21.885363417777715,51.64416760528033,-82.29946533700213,0.0,-82.29946533700213,0.0,893.7308202074917,4.727807317642642,5.104758483258479e-06,0.0,0.00011061910126951856,0.001314464970515905,0.058356940509915016,0.4256198347107438,0.22699258594768848,0.00943070867333129,0.0027837290313150373,0.9355267425414974,0.13938135680439648,0.008394980166416627,0.008394980166416627,0.17271912356637023,0.008635956178318511,0.00041974900832083135,0.005344991582600711,-0.0020820003477817206,6.7734428473648185,False,XAU_USD
n20_none_k4_x0.5_tp2,106,0,106,0.330188679245283,0.7259951126571089,1.4727329428187068,,3.7047955974842766,0.330188679245283,-1613.9170209787553,-0.016139170209787553,-609.2165358372373,0.0,-609.2165358372373,880.3088614382843,0.0,880.3088614382843,484.0018760451087,0.0,396.30698539317564,-124.39162370315327,0.0,-124.39162370315327,0.0,-1613.917020978675,-0.6063663199599971,-7.804279575515821e-06,0.0,-0.00016985125191136058,-0.0020366603594351718,0.059593023255813955,0.3929712460063898,-0.31175387200206955,0.026216570864753486,0.009768821718452872,-0.6150709259274828,-0.07768599371527007,0.008225554049975261,0.008225554049975261,0.21727007175993546,0.010863503587996773,0.000411277702498763,0.006367108623783091,-0.004220301016039318,7.9808350444900755,False,NAS100_USD
n20_none_k4_x0.5_tp2,106,0,106,0.32075471698113206,0.5801188800967431,1.2284870402048678,,3.242924528301886,0.32075471698113206,-2474.294270391212,-0.024742942703912123,-1625.2138783488328,0.0,-1625.2138783488328,729.4491454754553,0.0,729.4491454754553,368.5356516286313,0.0,360.91349384682405,-119.63124656701801,0.0,-119.63124656701801,0.0,-2474.2942703913063,-1.9140871625116214,-1.2073541469210865e-05,0.0,-0.00026266239039368937,-0.0031343724001188233,0.05426356589147287,0.3822525597269625,-0.5308965439744334,0.028339062791600256,0.005512633122809044,-0.8707441841838428,-0.1106025426164713,0.009826782074556763,0.009826782074556763,0.2826045851379802,0.014130229256899008,0.0004913391037278381,0.007038796953140469,-0.0024177080609050217,7.9808350444900755,False,SPX500_USD
n20_none_k4_x0.5_tp2,84,0,84,0.2857142857142857,0.49268011566059383,1.2317002891514843,,5.476190476190476,0.2857142857142857,-3257.0354018778744,-0.032570354018778745,-2683.084714769595,0.0,-2683.084714769595,250.20936989616155,0.0,250.20936989616155,126.31660713225254,0.0,123.892762763909,-323.74131721215673,0.0,-323.74131721215673,0.0,-3257.0354018779135,-4.674765228154927,-1.6314593203768045e-05,0.0,-0.0003473056524463006,-0.004143252771940831,0.0752102919346858,0.4075067024128686,-0.6942865838665724,0.035155952705475224,0.012186480913493466,-0.9246844888589787,-0.11785351990462646,0.013315565008799005,0.013315565008799005,0.19374301975051647,0.009687150987525824,0.0006657782504399501,0.0041345378269888045,-0.002700129559514486,7.975359342915811,False,UK100_GBP
n20_none_k4_x0.5_tp2,82,0,82,0.4634146341463415,1.0711453121310106,1.2402735193095913,,5.18089430894309,0.4634146341463415,294.9689349850087,0.0029496893498500865,991.4789965376297,0.0,991.4789965376297,611.2207811482683,0.0,611.2207811482683,336.6634248427022,0.0,274.5573563055661,-85.28928040444364,0.0,-85.28928040444364,0.0,294.9689349849177,1.423495583577574,1.5015868883580072e-06,0.0,3.187908337622713e-05,0.00036912066175465164,0.06844660194174758,0.43653250773993807,0.06287739914875995,0.011190369393623945,0.004221289127191762,0.26211396286893945,0.03298556542422714,0.009473812826715066,0.009473812826715066,0.17737081575687458,0.008868540787843729,0.00047369064133575325,0.0034388549540660396,-0.004017241118786652,7.9808350444900755,False,JP225_USD
n20_none_k4_x0.5_tp2,102,0,102,0.39215686274509803,1.0211151945049626,1.582728551482692,,3.9906045751633994,0.39215686274509803,109.77144325486734,0.0010977144325486734,495.305621923126,0.0,495.305621923126,305.90799058185064,0.0,305.90799058185064,189.36192140742264,0.0,116.54606917442798,-82.69975527658508,0.0,-82.69975527658508,0.0,106.69787606469029,1.27456446044068,5.997973396128721e-07,0.0,1.2771278387362011e-05,0.00013747781918427293,0.07639902676399027,0.4563953488372093,0.02620812037229533,0.011359378656837893,0.005217271194924655,0.09601401079580961,0.012102582662082206,0.006299582835729058,0.006299582835729058,0.1317806533227394,0.013178065332273938,0.0006299582835729058,0.004712914158062409,-0.00227788234616233,7.9808350444900755,False,WTICO_USD
n20_none_k4_x1.0_tp0,107,0,107,0.37383177570093457,1.051882100234051,1.7619025178920353,,7.26285046728972,0.37383177570093457,415.3707598975452,0.004153707598975452,865.7631167071156,0.0,865.7631167071156,175.91347775422395,0.0,175.91347775422395,26.30094871924178,104.80844173753319,44.80408729744897,-274.478879055327,0.0,-274.478879055327,0.0,415.3707598975646,1.922242026574187,2.1316262083802156e-06,0.0,4.714775455991515e-05,0.0005195172410081828,0.11143131604226705,0.44274809160305345,0.0637519768628244,0.018259301782644677,0.008880594271162485,0.22383916720292377,0.028452196430751794,0.036842510001807396,0.036842510001807396,0.5021081542889084,0.016736938476296946,0.001228083666726913,0.005676177608263,-0.0036913569651402245,7.9808350444900755,False,EUR_USD
n20_none_k4_x1.0_tp0,96,0,96,0.3541666666666667,1.3523627234232884,2.4660732015365845,,7.570746527777778,0.3541666666666667,1840.4963848710904,0.018404963848710904,2215.912509224469,0.0,2215.912509224469,193.18557865195413,0.0,193.18557865195413,45.396169257273996,99.15183879174248,48.637570602937664,-190.71865766464202,0.0,-190.71865766464202,0.0,1832.0082729078729,5.7720449518485175,8.868199181875404e-06,0.0,0.00019509722979132595,0.0022877927358284644,0.12055715658021134,0.514344262295082,0.30213153883341504,0.020944377328550257,0.005661396005882502,0.857987777770089,0.10923183343865123,0.03589589321239006,0.03589589321239006,0.5789303492873089,0.019297678309576963,0.0011965297737463352,0.0037448563636974797,-0.005328148796687859,7.9808350444900755,False,GBP_USD
n20_none_k4_x1.0_tp0,96,0,96,0.3541666666666667,1.0093556148421716,1.8405896505945483,,6.9383680555555545,0.3541666666666667,174.96985998938908,0.0017496985998938907,871.5204318625701,0.0,871.5204318625701,191.70978606031014,0.0,191.70978606031014,63.40736113669848,78.29591054790748,50.006514375704185,-612.2640743872914,0.0,-612.2640743872914,0.0,67.54657141496864,1.084015880040382,1.0112149381658447e-06,0.0,2.1863113158997706e-05,0.00021906995063525336,0.0989433237271854,0.430062630480167,0.0273885379163588,0.029314280274123528,0.004819083736751467,0.058500116080789005,0.007473147851036686,0.02706076959131593,0.02706076959131593,0.4081709347515335,0.020408546737576676,0.0013530384795657966,0.0070568121747918156,-0.005120787677761696,7.9808350444900755,False,AUD_USD
n20_none_k4_x1.0_tp0,94,0,94,0.35106382978723405,0.7680523125422339,1.4197330625780686,,7.277925531914893,0.35106382978723405,-1479.0030486442702,-0.014790030486442701,-958.6633157975974,0.0,-958.6633157975974,245.47425230744133,0.0,245.47425230744133,78.58700159258046,92.90411832142587,73.983132393435,-274.86548053920467,0.0,-274.86548053920467,0.0,-1479.0030486442433,-1.8423796133210792,-7.03485798407178e-06,0.0,-0.00015478605758209907,-0.001865292567864718,0.10662824207492795,0.444,-0.22609846401337733,0.03063678286026683,0.01534985276916856,-0.4823336630417388,-0.06088408748308347,0.03388229042174789,0.03388229042174789,0.41233295172193096,0.013744431724064364,0.0011294096807249296,0.005212248494329996,-0.00498518239528678,7.9808350444900755,False,USD_CAD
n20_none_k4_x1.0_tp0,88,0,88,0.3977272727272727,0.8440999158813953,1.2782084440489698,,7.298768939393939,0.3977272727272727,-964.9247509958659,-0.009649247509958658,-377.34258003612,0.0,-377.34258003612,151.30417207722587,0.0,151.30417207722587,56.20509338030125,78.49144255123204,16.607636145692588,-436.2779988825419,0.0,-436.2779988825419,0.0,-964.9247509958877,-0.6421954216544071,-4.5301677350612725e-06,0.0,-0.00010044513295180442,-0.0012141856680578655,0.0994236311239193,0.46,-0.14265190022223603,0.026491386472719314,0.008091418232549302,-0.3629018089048744,-0.04583322467128051,0.026435320868834728,0.026435320868834728,0.42710694243621117,0.014236898081207039,0.000881177362294491,0.007638984645734981,-0.005018114101347559,7.9808350444900755,False,EUR_JPY
n20_none_k4_x1.0_tp0,99,0,99,0.35353535353535354,0.9808088028938433,1.7934789538630278,,7.379208754208753,0.35353535353535354,-156.42579478453263,-0.0015642579478453262,950.6424204468448,0.0,950.6424204468448,193.769893680787,0.0,193.769893680787,92.86730494659612,72.40153222421965,28.501056509971228,-913.2983215506849,0.0,-913.2983215506849,0.0,-156.42579478462721,0.8587026593009711,-5.363463755038091e-07,0.0,-1.3009879279982241e-05,-0.00019613601072587805,0.1037463976945245,0.43286573146292584,-0.012959084673291479,0.020354669632427047,0.005908042820896325,-0.07620221605384035,-0.009635922089023422,0.024905160140303792,0.024905160140303792,0.35012113993615573,0.017506056996807785,0.0012452580070151896,0.006872535986206962,-0.006132949631583728,7.9808350444900755,False,AUD_JPY
n20_none_k4_x1.0_tp0,63,0,63,0.3968253968253968,1.138277762807942,1.7301821994680715,,7.095238095238096,0.3968253968253968,599.0493430059578,0.005990493430059578,871.0123675934265,0.0,871.0123675934265,155.90858551819895,0.0,155.90858551819895,86.38408087124692,20.555464916882546,48.96903973006948,-116.05443906922196,0.0,-116.05443906922196,0.0,599.0493430060055,3.2026867215305757,3.5018900871555013e-06,0.0,7.56769663461456e-05,0.0008821593260130989,0.07592067988668555,0.432258064516129,0.11437804564600224,0.02193801932941364,0.004249584051359084,0.26668031846742274,0.04021143899852136,0.014294431423648366,0.014294431423648366,0.2281792130665834,0.011408960653329168,0.0007147215711824182,0.005344991582600489,-0.004667373901773297,6.7734428473648185,False,XAU_USD
n20_none_k4_x1.0_tp0,91,0,91,0.26373626373626374,0.4593959235975282,1.2824802867097662,,6.6510989010989015,0.26373626373626374,-4537.68043885722,-0.0453768043885722,-3469.753984740826,0.0,-3469.753984740826,841.3645644015982,0.0,841.3645644015982,478.61264695841214,0.0,362.751917443186,-226.56188971480287,0.0,-226.56188971480287,0.0,-4537.680438857227,-3.2490570594692207,-2.2325669714103605e-05,0.0,-0.0004867733470880232,-0.0058018653241214135,0.09108527131782945,0.415929203539823,-0.6015332365589838,0.047636141941875376,0.01793884294419194,-0.9522042322746266,-0.12179544958113375,0.014765164541459694,0.014765164541459694,0.21817711727902162,0.01090885586395108,0.0007382582270729848,0.009914980675335805,-0.008405724812386328,7.9808350444900755,False,NAS100_USD
n20_none_k4_x1.0_tp0,87,0,87,0.25287356321839083,0.34718796130959834,1.025782612960177,,6.365900383141764,0.25287356321839083,-4953.4112207345315,-0.04953411220734531,-4061.109818646726,0.0,-4061.109818646726,657.5678373460548,0.0,657.5678373460548,336.44974451405113,0.0,321.11809283200364,-234.73356474185204,0.0,-234.73356474185204,0.0,-4953.411220734633,-4.551275845968735,-2.4469529549394205e-05,0.0,-0.0005332805332113216,-0.006345407744086318,0.08236434108527131,0.4,-0.72335941775194,0.05174580199660628,0.013101573058017313,-0.9558234846333862,-0.12262652233127004,0.017472224703896394,0.017472224703896394,0.2821921121058068,0.01410960560529034,0.0008736112351948197,0.008034678445826282,-0.0049431090680789325,7.9808350444900755,False,SPX500_USD
n20_none_k4_x1.0_tp0,74,0,74,0.21621621621621623,0.2914699873970164,1.0565787043141843,,9.253378378378379,0.21621621621621623,-6154.276076289869,-0.06154276076289869,-5395.558533523812,0.0,-5395.558533523812,234.2596491759798,0.0,234.2596491759798,117.1298245879899,0.0,117.1298245879899,-524.4578935901117,0.0,-524.4578935901117,0.0,-6154.276076289903,-7.111419242862075,-3.128557362751654e-05,0.0,-0.0006665155717962048,-0.007932648150698163,0.10786739238000989,0.4249512670565302,-0.9287478504243053,0.06812256405530126,0.014794059454179198,-0.897078185174724,-0.11644670544488774,0.021934268405743508,0.021934268405743508,0.1981790166744505,0.009908950833722526,0.0010967134202871753,0.004363073135799755,-0.004018508287070843,7.975359342915811,False,UK100_GBP
n20_none_k4_x1.0_tp0,67,0,67,0.31343283582089554,0.7269072295448842,1.5922729790030796,,8.859452736318406,0.31343283582089554,-1518.4052425076516,-0.015184052425076516,-819.0376345528091,0.0,-819.0376345528091,558.4555535951711,0.0,558.4555535951711,303.79350312727445,0.0,254.66205046789665,-140.91205435977773,0.0,-140.91205435977773,0.0,-1518.405242507758,-1.1711117661679995,-7.276109697297058e-06,0.0,-0.00015940801843734937,-0.0019153200221962985,0.09368932038834951,0.4327354260089686,-0.20987115005582913,0.030290544004016318,0.009410512046130045,-0.4957662018082929,-0.06323161518467084,0.016233230829590255,0.016233230829590255,0.2349577333519573,0.011747886667597867,0.000811661541479513,0.006864386733775207,-0.004568762070208621,7.9808350444900755,False,JP225_USD
n20_none_k4_x1.0_tp0,85,0,85,0.3764705882352941,0.8739910847634306,1.4475477341394318,,7.538725490196078,0.3764705882352941,-847.6207459913421,-0.008476207459913421,-437.8711205810392,0.0,-437.8711205810392,268.8812832123157,0.0,268.8812832123157,165.80559685263157,0.0,103.07568635968413,-146.95580992716253,0.0,-146.95580992716253,0.0,-853.7082137205175,-1.052987162052353,-3.999178163663252e-06,0.0,-8.72216898732257e-05,-0.001066028398089891,0.102676399026764,0.4617067833698031,-0.11866021700477347,0.023416090513447063,0.01449794765889506,-0.35983031783422076,-0.04552546452951688,0.010605803001367374,0.010605803001367374,0.13204698773560597,0.0132046987735606,0.001060580300136737,0.004853062416034559,-0.005808006346590622,7.9808350444900755,False,WTICO_USD
n20_none_k4_x1.0_tp2,122,0,122,0.45081967213114754,1.0383184790819278,1.264860692699803,,7.378073770491804,0.45081967213114754,305.5492543038854,0.003055492543038854,731.1954020576878,0.0,731.1954020576878,173.1724643132347,0.0,173.1724643132347,24.920788654288568,104.77547146698932,43.47620419195683,-252.4736834407154,0.0,-252.4736834407154,0.0,305.5492543037377,1.7178480433008974,1.579130375990428e-06,0.0,3.5001399252206734e-05,0.00038234309958617985,0.11191162343900096,0.4446564885496183,0.05252269897619331,0.015501420889272755,0.008223091916817101,0.19471472039690438,0.02466503569687394,0.034594313023685756,0.034594313023685756,0.5021081542889086,0.016736938476296957,0.0011531437674561918,0.00473010160335563,-0.0036869019023049177,7.9808350444900755,False,EUR_USD
n20_none_k4_x1.0_tp2,106,0,106,0.41509433962264153,1.2458087811732057,1.75545782801679,,7.778301886792453,0.41509433962264153,1287.4143305036414,0.012874143305036414,1643.7205721614948,0.0,1643.7205721614948,190.76797012112317,0.0,190.76797012112317,44.27139932871331,99.21965707986108,47.27691371254878,-173.98028570400734,0.0,-173.98028570400734,0.0,1278.9723163363642,4.506452178758425,6.239215594084687e-06,0.0,0.00013672441619526923,0.0016041220155693647,0.12103746397694524,0.5163934426229508,0.2270358964100087,0.018561925563841952,0.00490024327228783,0.6815111273339975,0.08642002199891072,0.03338110924645233,0.03338110924645233,0.5789303492873088,0.01929767830957696,0.0011127036415484108,0.0037448563636974797,-0.005328148796687748,7.9808350444900755,False,GBP_USD
n20_none_k4_x1.0_tp2,107,0,107,0.4205607476635514,0.9429172190690875,1.2991303907174094,,6.892912772585669,0.4205607476635514,-303.96047846735746,-0.003039604784673575,314.92589934793904,0.0,314.92589934793904,189.84917199073078,0.0,189.84917199073078,63.27691835033901,78.11531458487758,48.45693905551419,-535.9469102968795,0.0,-535.9469102968795,0.0,-410.8701829396713,0.4339041047939189,-1.331494801671593e-06,0.0,-2.9557828512389627e-05,-0.0003813702728920898,0.0989433237271854,0.430062630480167,-0.04132584054697769,0.03149363543596506,0.004829070146661858,-0.09500351617299588,-0.012109439498260434,0.0248174918409264,0.0248174918409264,0.40817093475153365,0.020408546737576683,0.00124087459204632,0.0064439735834433964,-0.005120787677761585,7.9808350444900755,False,AUD_USD
n20_none_k4_x1.0_tp2,104,0,104,0.41346153846153844,0.8237062514928268,1.1685135195595915,,7.344150641025641,0.41346153846153844,-1125.473216655053,-0.01125473216655053,-630.0233854984575,0.0,-630.0233854984575,242.80002609036154,0.0,242.80002609036154,77.55716308639903,93.05638300992472,72.18647999403778,-252.64980506635078,0.0,-252.64980506635078,0.0,-1125.4732166551698,-1.2716189326930645,-5.328753813903692e-06,0.0,-0.00011723485408216053,-0.0014172105526172318,0.10662824207492795,0.444,-0.18229763250936967,0.026367995658996612,0.01321545916853345,-0.42646138049241167,-0.053747375073375646,0.032055599664699265,0.032055599664699265,0.41233295172193096,0.013744431724064365,0.0010685199888233088,0.004464249046191027,-0.00498518239528678,7.9808350444900755,False,USD_CAD
n20_none_k4_x1.0_tp2,102,0,102,0.47058823529411764,0.9133645149782973,1.0275350793505844,,7.033496732026143,0.47058823529411764,-544.356360293823,-0.005443563602938229,9.693821564839183,0.0,9.693821564839183,152.43840359973584,0.0,152.43840359973584,57.387704462674506,78.94677759760208,16.103921539459254,-401.6117782588961,0.0,-401.6117782588961,0.0,-544.3563602937927,0.01749628802993986,-2.5166095503004683e-06,0.0,-5.577756832274046e-05,-0.0006837088539584091,0.0994236311239193,0.46,-0.08708985317511328,0.023324731135732857,0.006991093606361992,-0.23238791653584226,-0.02931261457976618,0.024866625055275118,0.024866625055275118,0.42710694243621117,0.014236898081207039,0.0008288875018425038,0.004966842383675729,-0.0031402444111018335,7.9808350444900755,False,EUR_JPY
n20_none_k4_x1.0_tp2,118,0,118,0.4576271186440678,0.9745690226525682,1.155044767588229,,7.311087570621469,0.4576271186440678,-206.96139946114272,-0.002069613994611427,796.1573423954333,0.0,796.1573423954333,195.42638553285556,0.0,195.42638553285556,95.35488452550454,72.65094994227023,27.420551065080776,-807.6923563237432,0.0,-807.6923563237432,0.0,-206.96139946116546,0.793682052956048,-8.286505719030001e-07,0.0,-1.8968221957993413e-05,-0.0002595580175780432,0.1037463976945245,0.43286573146292584,-0.02278920679268203,0.02042533436491034,0.005211440420467543,-0.1006748212171053,-0.012707650848739609,0.02276530551763139,0.02276530551763139,0.35012113993615573,0.017506056996807785,0.0011382652758815692,0.006162561074346762,-0.006132949631583617,7.9808350444900755,False,AUD_JPY
n20_none_k4_x1.0_tp2,68,0,68,0.4411764705882353,1.0734777290130424,1.3597384567498536,,7.25857843137255,0.4411764705882353,317.59651358416886,0.003175965135841689,581.1658961726623,0.0,581.1658961726623,154.91429374078524,0.0,154.91429374078524,86.23009379385195,20.517411689931013,48.16678825700227,-108.65508884786946,0.0,-108.65508884786946,0.0,317.5965135840076,2.2049825759908974,1.9021995054971617e-06,0.0,4.063750669786517e-05,0.00046825149662632626,0.07592067988668555,0.432258064516129,0.06565722159069225,0.021938019329411973,0.0037683088371165832,0.14183185204665472,0.021344292280686822,0.0136839717675133,0.0136839717675133,0.22817921306658345,0.011408960653329173,0.0006841985883756649,0.005344991582600711,-0.004667373901773297,6.7734428473648185,False,XAU_USD
n20_none_k4_x1.0_tp2,101,0,101,0.33663366336633666,0.5338562984802131,1.052010941122773,,6.613861386138613,0.33663366336633666,-3921.7083531673416,-0.03921708353167341,-2877.869112014263,0.0,-2877.869112014263,828.3573899955215,0.0,828.3573899955215,474.9150462686253,0.0,353.4423437268963,-215.48185115759267,0.0,-215.48185115759267,0.0,-3921.7083531673775,-2.757004142548926,-1.9262165427704937e-05,0.0,-0.00041901527785983666,-0.005000314109717019,0.09108527131782945,0.415929203539823,-0.6218167575228432,0.041591025011299076,0.01542277056762161,-0.9425812008021999,-0.12022579651159303,0.013858057302905603,0.013858057302905603,0.21817711727902167,0.010908855863951085,0.0006929028651452801,0.006367108623783091,-0.004220301016039207,7.9808350444900755,False,NAS100_USD
n20_none_k4_x1.0_tp2,96,0,96,0.3229166666666667,0.4322262652347729,0.9062808787180722,,6.311631944444444,0.3229166666666667,-4307.627669913418,-0.04307627669913418,-3423.3792890324685,0.0,-3423.3792890324685,650.3632320204313,0.0,650.3632320204313,337.3311917104202,0.0,313.03204031001104,-233.8851488604251,0.0,-233.8851488604251,0.0,-4307.627669913325,-3.8715132117315516,-2.1219769681026732e-05,0.0,-0.0004619577688815286,-0.005501974754139494,0.08236434108527131,0.4,-0.7077282698309119,0.044697569184536046,0.011992145115202246,-0.9628929578145855,-0.12309337743679816,0.0163588469510501,0.0163588469510501,0.2821921121058068,0.01410960560529034,0.0008179423475525049,0.00704318324099118,-0.0049431090680790435,7.9808350444900755,False,SPX500_USD
n20_none_k4_x1.0_tp2,80,0,80,0.275,0.38692758432634866,1.0200818132240101,,9.149479166666667,0.275,-5353.149760766624,-0.05353149760766624,-4609.826320430594,0.0,-4609.826320430594,232.23434325613954,0.0,232.23434325613954,117.74235902281525,0.0,114.49198423332429,-511.08909707996617,0.0,-511.08909707996617,0.0,-5353.1497607667,-6.201642609771847,-2.710087866591935e-05,0.0,-0.000577001415386868,-0.006874706479693904,0.10786739238000989,0.4249512670565302,-0.871783922928412,0.05932723193365963,0.013034993029850872,-0.8967837163379576,-0.11587775555382859,0.02085371584589303,0.02085371584589303,0.1981790166744507,0.009908950833722533,0.0010426857922946513,0.004140347046278858,-0.003443000238319338,7.975359342915811,False,UK100_GBP
n20_none_k4_x1.0_tp2,77,0,77,0.4025974025974026,0.8156212306424304,1.2102766648242518,,8.665584415584416,0.4025974025974026,-1026.8959769053617,-0.010268959769053617,-336.0217195965963,0.0,-336.0217195965963,549.8825934794364,0.0,549.8825934794364,304.4575453882063,0.0,245.42504809123008,-140.99166382936534,0.0,-140.99166382936534,0.0,-1026.8959769053981,-0.4863717471620944,-4.892586641497599e-06,0.0,-0.00010710867528932174,-0.0012925185250977078,0.09368932038834951,0.4327354260089686,-0.15972989875606175,0.024343396141678686,0.00885626349978319,-0.418157659145303,-0.05309524265124076,0.014840248941106185,0.014840248941106185,0.2349577333519573,0.011747886667597865,0.0007420124470553092,0.006223471326341157,-0.003667081979649045,7.9808350444900755,False,JP225_USD
n20_none_k4_x1.0_tp2,97,0,97,0.4536082474226804,0.9300374494756053,1.120272382322888,,7.6284364261168385,0.4536082474226804,-469.042924769994,-0.00469042924769994,-77.95487305464216,0.0,-77.95487305464216,267.28256126579066,0.0,267.28256126579066,167.90619057076887,0.0,99.3763706950218,-129.9162009925338,0.0,-129.9162009925338,0.0,-475.1536353129666,-0.19626162128859553,-2.164343973611406e-06,0.0,-4.72634590991701e-05,-0.0005889207422771214,0.10316301703163017,0.4638949671772429,-0.0691250105533403,0.019181635442596323,0.010627540022877857,-0.24311602142053018,-0.030702321709718004,0.009924392953659213,0.009924392953659213,0.132046987735606,0.0132046987735606,0.0009924392953659213,0.0047319363383979685,-0.005808006346590511,7.9808350444900755,False,WTICO_USD
n20_ema_k2_x0.5_tp0,77,0,77,0.35064935064935066,1.4668478498068658,2.7163849070497514,,3.6493506493506493,0.35064935064935066,1573.981390745059,0.01573981390745059,1799.3244440252738,0.0,1799.3244440252738,126.51994505547793,0.0,126.51994505547793,18.647012983601545,75.69641980396784,32.17651226790854,-98.82310822484378,0.0,-98.82310822484378,0.0,1573.9813907449523,7.984823218787909,7.559942728233482e-06,0.0,0.0001659777341175307,0.0019587571712813556,0.046589817483189244,0.4311111111111111,0.3495372764940063,0.012776230224927354,0.003587280713875693,1.1984191214593687,0.15331260761563908,0.013290570127655072,0.013290570127655072,0.42824587697951,0.014274862565983667,0.00044301900425516903,0.005417563558139049,-0.0034322948206034765,7.9808350444900755,False,EUR_USD
n20_ema_k2_x0.5_tp0,87,0,87,0.367816091954023,0.7218360506078619,1.2406557119822625,,3.350095785440614,0.367816091954023,-952.417674772063,-0.00952417674772063,-719.6051754503153,0.0,-719.6051754503153,164.89429693469003,0.0,164.89429693469003,37.30970217681755,84.40320320677347,43.181391551099026,-67.91820238717014,0.0,-67.91820238717014,0.0,-952.4176747721755,-3.090921567984504,-4.568835159884116e-06,0.0,-0.00010032557157179743,-0.0011983816758920351,0.049951969260326606,0.44635193133047213,-0.30854653428888573,0.01565036537336495,0.004275879129864805,-0.6047953877685498,-0.07657212130852468,0.013943710400595706,0.013943710400595706,0.4500550837381059,0.015001836124603528,0.00046479034668652354,0.002834858929785744,-0.0020200817575869445,7.9808350444900755,False,GBP_USD
n20_ema_k2_x0.5_tp0,78,0,78,0.2564102564102564,0.8437515744365495,2.446879565865993,,3.151175213675214,0.2564102564102564,-700.434659369479,-0.00700434659369479,-302.13752466384005,0.0,-302.13752466384005,154.13344781914182,0.0,154.13344781914182,47.213185157218234,64.48862239456633,42.431640267357245,-244.1636868866378,0.0,-244.1636868866378,0.0,-700.4346593696197,-0.7585731815194396,-3.311479078532553e-06,0.0,-7.232073387930293e-05,-0.0008803461936370827,0.037944284341978864,0.4010152284263959,-0.14615959530347733,0.023154810172697604,0.005604207121758034,-0.2987517719720451,-0.03802001342576845,0.010773787114819008,0.010773787114819008,0.4084756114203276,0.020423780571016383,0.0005386893557409504,0.00575938313367641,-0.003832909904549653,7.9808350444900755,False,AUD_USD
n20_ema_k2_x0.5_tp0,83,0,83,0.24096385542168675,0.40792036345395805,1.284949144879968,,2.494477911646586,0.24096385542168675,-2502.3356681506266,-0.025023356681506265,-2192.1352061292937,0.0,-2192.1352061292937,219.63649526105084,0.0,219.63649526105084,72.13708515509545,81.77299605952706,65.72641404642835,-90.5639667602838,0.0,-90.5639667602838,0.0,-2502.335668150628,-7.066834110577583,-1.2144458213905962e-05,0.0,-0.00026636130619777916,-0.003170291336027642,0.03362151777137368,0.35,-0.8248014785042291,0.025374074552598103,0.013236661830489271,-0.986015813268789,-0.12494214634137384,0.01039266273285507,0.01039266273285507,0.41069297521286274,0.01368976584042876,0.00034642209109516894,0.002611375757568979,-0.002335797774129622,7.9808350444900755,False,USD_CAD
n20_ema_k2_x0.5_tp0,70,0,70,0.37142857142857144,0.9356804399677326,1.5834592060992398,,3.1374999999999997,0.37142857142857144,-218.60586123129178,-0.0021860586123129177,20.04809088419485,0.0,20.04809088419485,122.89949933877128,0.0,122.89949933877128,50.82006551756652,59.15281910020135,12.926614721003403,-115.75445277672623,0.0,-115.75445277672623,0.0,-218.60586123130264,0.08400485601215812,-1.0046533477424766e-06,0.0,-2.2260414231179445e-05,-0.000274175758596229,0.03602305475504323,0.41899441340782123,-0.052277288988176025,0.010807066949373278,0.0036492844068276797,-0.20158754154328612,-0.025370043498447,0.008661519421997622,0.008661519421997622,0.4230946957582145,0.014103156525273818,0.00028871731406658743,0.005817211044610637,-0.0032222025396980714,7.9808350444900755,False,EUR_JPY
n20_ema_k2_x0.5_tp0,68,0,68,0.29411764705882354,0.8167504851981635,1.9602011644755926,,3.138480392156862,0.29411764705882354,-715.8573448436218,-0.007158573448436218,-360.6885187134808,0.0,-360.6885187134808,126.2175418537833,0.0,126.2175418537833,61.16943381524895,46.34718075160258,18.700927286931766,-228.9512842764353,0.0,-228.9512842764353,0.0,-715.8573448436994,-1.0155410390134816,-3.4011580708226866e-06,0.0,-7.487531712461952e-05,-0.0008997913448205441,0.03650336215177714,0.4175824175824176,-0.17146394195683906,0.017584834043497755,0.010068970976765512,-0.4046296602527165,-0.051168600317456785,0.0073994545698615015,0.0073994545698615015,0.34996155855128347,0.017498077927564172,0.0003699727284930751,0.004910533057709721,-0.00289126153795638,7.9808350444900755,False,AUD_JPY
n20_ema_k2_x0.5_tp0,41,0,41,0.2926829268292683,0.33988636034204206,0.8213920374932683,,3.489837398373984,0.2926829268292683,-1349.5983474228706,-0.013495983474228706,-1209.9853805121536,0.0,-1209.9853805121536,101.98018185357972,0.0,101.98018185357972,55.59319156146634,13.216152648920987,33.1708376431924,-37.632785057095866,0.0,-37.632785057095866,0.0,-1349.5983474228292,-8.666712034608523,-7.680556236654087e-06,0.0,-0.00016756343960027065,-0.002004041733167261,0.026062322946175637,0.3865546218487395,-0.6436576431815203,0.01676998817061648,0.008849475375123761,-0.8035418296664583,-0.11950167840181553,0.004464853386872516,0.004464853386872516,0.22768728666979393,0.011384364333489697,0.0002232426693436258,0.0027232766627052207,-0.001735655168699779,6.7734428473648185,False,XAU_USD
n20_ema_k2_x0.5_tp0,56,0,56,0.32142857142857145,1.1352683104897616,2.3966775443672743,,3.659970238095238,0.32142857142857145,329.3043434443098,0.0032930434344430977,919.7223045775906,0.0,919.7223045775906,497.1961422882402,0.0,497.1961422882402,271.1978957935854,0.0,225.99824649465478,-93.22181884506631,0.0,-93.22181884506631,0.0,329.30434344428414,1.5577478415666501,1.691003509757024e-06,0.0,3.548955339152466e-05,0.00041202586836242006,0.03488372093023256,0.4528301886792453,0.06053898255741254,0.012518037873688326,0.007551293611440024,0.260139178800334,0.03291457275652262,0.004598913442234619,0.004598913442234619,0.1796909654366586,0.00898454827183293,0.00022994567211173102,0.0099232844908681,-0.008412695451572527,7.9808350444900755,False,NAS100_USD
n20_ema_k2_x0.5_tp0,58,0,58,0.22413793103448276,0.5669609644793397,1.962557184736176,,2.9281609195402294,0.22413793103448276,-1290.2909654108516,-0.012902909654108516,-802.4230856020871,0.0,-802.4230856020871,420.86241891197943,0.0,420.86241891197943,210.43120945598972,0.0,210.43120945598972,-67.00546089669608,0.0,-67.00546089669608,0.0,-1290.2909654107627,-1.6447548994550922,-6.237206755275875e-06,0.0,-0.00013618867782931048,-0.001625934429451692,0.029554263565891473,0.40131578947368424,-0.29868041871819445,0.019631065760307043,0.006660908612378713,-0.6527899320725422,-0.08282456231893653,0.005080917633454377,0.005080917633454377,0.23373613285548298,0.01168680664277415,0.0002540458816727188,0.007340799876346171,-0.004811126117566955,7.9808350444900755,False,SPX500_USD
n20_ema_k2_x0.5_tp0,49,0,49,0.14285714285714285,0.2388703982749575,1.4332223896497451,,4.119047619047619,0.14285714285714285,-2783.151083121149,-0.02783151083121149,-2459.2420438658132,0.0,-2459.2420438658132,140.70666790446217,0.0,140.70666790446217,70.35333395223108,0.0,70.35333395223108,-183.20237135088817,0.0,-183.20237135088817,0.0,-2783.151083121164,-7.592384730971016,-1.392731440350961e-05,0.0,-0.0002965669139384768,-0.0035329138015824935,0.033151904997525974,0.3701657458563536,-0.791252677012577,0.03048942805144983,0.017808198975628076,-0.9110268666237512,-0.11587340358175387,0.00587878643185846,0.00587878643185846,0.16748164851622652,0.008374082425811327,0.000293939321592923,0.0043471582000984554,-0.0032036549244266466,7.975359342915811,False,UK100_GBP
n20_ema_k2_x0.5_tp0,51,0,51,0.29411764705882354,0.574696847400846,1.3792724337620306,,3.5702614379084974,0.29411764705882354,-1353.9974522794073,-0.013539974522794073,-903.2647052172649,0.0,-903.2647052172649,390.7054285237288,0.0,390.7054285237288,210.3798461281618,0.0,180.325582395567,-60.02731853833731,0.0,-60.02731853833731,0.0,-1353.9974522793311,-2.003991747004983,-6.587498389999143e-06,0.0,-0.00014306220226465555,-0.0017066935085754409,0.03058252427184466,0.39375,-0.4254150778473204,0.020713807552517616,0.011605775871506463,-0.6526422452151083,-0.08239400237007631,0.004241844753347207,0.004241844753347207,0.15808580981583317,0.007904290490791659,0.00021209223766736034,0.003428895705679613,-0.0022218267172546824,7.9808350444900755,False,JP225_USD
n20_ema_k2_x0.5_tp0,73,0,73,0.3424657534246575,0.5493297988709315,1.0547132138321884,,3.0627853881278537,0.3424657534246575,-1754.8832770966546,-0.017548832770966548,-1469.403836168205,0.0,-1469.403836168205,219.3381761825118,0.0,219.3381761825118,133.83776301358176,0.0,85.50041316893005,-69.16162737702443,0.0,-69.16162737702443,0.0,-1757.9036397277412,-5.093257666170201,-8.560806239626137e-06,0.0,-0.00018576264351012397,-0.0022159354903951156,0.0364963503649635,0.42134831460674155,-0.41110224369329285,0.01857190966328859,0.010291751747019295,-0.9439897064321466,-0.11931651244111925,0.0034599112092789587,0.0034599112092789587,0.12338435797758869,0.012338435797758868,0.00034599112092789587,0.007837754100491923,-0.004649601536053094,7.9808350444900755,False,WTICO_USD
n20_ema_k2_x0.5_tp2,96,0,96,0.4791666666666667,1.315349705149072,1.4297279403794259,,3.6384548611111107,0.4791666666666667,1051.3683895481663,0.010513683895481664,1257.6203697021629,0.0,1257.6203697021629,125.60953965636853,0.0,125.60953965636853,18.728955446598576,76.07450026190108,30.806083947868864,-80.642440497815,0.0,-80.642440497815,0.0,1051.3683895479794,6.097494767138865,5.065117496309948e-06,0.0,0.00011112329215083988,0.0013113484348981075,0.046589817483189244,0.4311111111111111,0.2783773529999374,0.011218371004299788,0.0029714145557480334,0.918118025028865,0.11689294590056726,0.011707314699250333,0.011707314699250333,0.32606894657756613,0.010868964885918873,0.00039024382330834443,0.003958628106951467,-0.0034322948206034765,7.9808350444900755,False,EUR_USD
n20_ema_k2_x0.5_tp2,100,0,100,0.45,0.8275358390838335,1.0114326922135743,,3.380833333333334,0.45,-591.9827922587283,-0.005919827922587283,-358.12856601978115,0.0,-358.12856601978115,164.42330671061583,0.0,164.42330671061583,38.06183934430544,84.60420349862177,41.75726386768862,-69.43091952839167,0.0,-69.43091952839167,0.0,-591.9827922587887,-1.5314179768286964,-2.8263728939051165e-06,0.0,-6.20746269431205e-05,-0.0007436830204730072,0.049951969260326606,0.44635193133047213,-0.19896420095261094,0.013622502028259986,0.00329101208606708,-0.43119522848013964,-0.05459224883433535,0.013052801416946244,0.013052801416946244,0.4500550837381059,0.01500183612460353,0.0004350933805648748,0.0027733867890893382,-0.0020200817575871666,7.9808350444900755,False,GBP_USD
n20_ema_k2_x0.5_tp2,96,0,96,0.3958333333333333,0.8379561316558578,1.2789856746326251,,3.0833333333333335,0.3958333333333333,-720.8570658001554,-0.007208570658001554,-366.113435057787,0.0,-366.113435057787,152.7559471823178,0.0,152.7559471823178,48.43460998351416,64.47119388041673,39.85014331838693,-201.98768356008412,0.0,-201.98768356008412,0.0,-720.857065800189,-1.032050763791278,-3.4303421937139315e-06,0.0,-7.522068896696576e-05,-0.0009060956344419946,0.037944284341978864,0.4010152284263959,-0.18238802698657247,0.019837729575968632,0.0037787020968282426,-0.36038684759659984,-0.045675369803389,0.00948457596745551,0.00948457596745551,0.40781159556794,0.020390579778397002,0.00047422879837277554,0.005046239215089177,-0.0028676287398060607,7.9808350444900755,False,AUD_USD
n20_ema_k2_x0.5_tp2,94,0,94,0.30851063829787234,0.47472192275609437,1.0640318958326254,,2.4055851063829787,0.30851063829787234,-2264.4688728196925,-0.022644688728196926,-1962.571878014135,0.0,-1962.571878014135,219.25669291473307,0.0,219.25669291473307,71.49357930990195,82.97620073163822,64.7869128731929,-82.64030189085886,0.0,-82.64030189085886,0.0,-2264.468872819727,-6.500799649489532,-1.0976218306971854e-05,0.0,-0.00024069457934870154,-0.002865888068457001,0.03362151777137368,0.35,-0.7764270591639489,0.02299626225195117,0.012047755680165806,-0.9845496627212287,-0.124624081820681,0.009834351463413616,0.009834351463413616,0.41069297521286274,0.01368976584042876,0.00032781171544712066,0.0024559982031084893,-0.002335797774129622,7.9808350444900755,False,USD_CAD
n20_ema_k2_x0.5_tp2,91,0,91,0.4945054945054945,1.0225197797870693,1.0452424415601154,,2.993131868131868,0.4945054945054945,77.70574449611013,0.0007770574449611013,296.6359038931994,0.0,296.6359038931994,121.68054209038317,0.0,121.68054209038317,49.21181824336285,60.056547876369805,12.412175970650509,-97.249617306643,0.0,-97.249617306643,0.0,77.70574449617321,1.3549339419940547,4.053307356030549e-07,0.0,8.82238153439837e-06,9.733235794517903e-05,0.036983669548511046,0.4301675977653631,0.025322689236102206,0.01046696470413222,0.003427332738819655,0.07385411909352085,0.00929900507897514,0.007648817197111729,0.007648817197111729,0.4230946957582146,0.01410315652527382,0.0002549605732370576,0.0038389949349690866,-0.0023898768321022335,7.9808350444900755,False,EUR_JPY
n20_ema_k2_x0.5_tp2,89,0,89,0.449438202247191,0.8673406511058702,1.062492297604691,,3.183052434456928,0.449438202247191,-524.0991417753394,-0.005240991417753394,-191.76817655795048,0.0,-191.76817655795048,128.59497549994825,0.0,128.59497549994825,63.45506750698359,47.227667453821944,17.9122405391427,-203.73598971752273,0.0,-203.73598971752273,0.0,-524.0991417754215,-0.5770397484100258,-2.488354993040918e-06,0.0,-5.4614903172292125e-05,-0.0006582073185219528,0.03602305475504323,0.41208791208791207,-0.14806539945654248,0.014508883421967322,0.008939697657064741,-0.3590642542483091,-0.045365814816968435,0.00654170946022313,0.00654170946022313,0.34996155855128347,0.017498077927564172,0.00032708547301115646,0.003853561890347912,-0.00289126153795638,7.9808350444900755,False,AUD_JPY
n20_ema_k2_x0.5_tp2,47,0,47,0.3617021276595745,0.38667702198758447,0.6823712152722079,,3.61968085106383,0.3617021276595745,-1269.160464871893,-0.01269160464871893,-1133.2077102306025,0.0,-1133.2077102306025,100.20699932493626,0.0,100.20699932493626,54.3801383075066,13.268981417423994,32.55787960000568,-35.745755316441276,0.0,-35.745755316441276,0.0,-1269.1604648719801,-8.335305255269231,-7.219611867630452e-06,0.0,-0.00015750166687232713,-0.001883945270665266,0.026062322946175637,0.3865546218487395,-0.6196714859031195,0.016095644619582683,0.008512303599606863,-0.7873083701248674,-0.11704689779079576,0.004276492820139427,0.004276492820139427,0.22768728666979374,0.011384364333489688,0.0002138246410069713,0.002621800605534519,-0.001735655168699779,6.7734428473648185,False,XAU_USD
n20_ema_k2_x0.5_tp2,68,0,68,0.4411764705882353,1.078842799959538,1.3665342132820815,,3.4736519607843137,0.4411764705882353,191.79888581206615,0.0019179888581206614,751.4378789065486,0.0,751.4378789065486,485.7757993390761,0.0,485.7757993390761,271.02492201125983,0.0,214.7508773278163,-73.86319375537371,0.0,-73.86319375537371,0.0,191.79888581209875,1.3427189459254298,9.742055907403844e-07,0.0,2.0846922493540717e-05,0.0002401229823902895,0.03488372093023256,0.4528301886792453,0.05104197259311661,0.011814197423983486,0.005914439093445467,0.1614589659940324,0.02032495088518043,0.0039636319096145916,0.0039636319096145916,0.17969096543665874,0.008984548271832937,0.0001981815954807296,0.005536930265467976,-0.004231128312095267,7.9808350444900755,False,NAS100_USD
n20_ema_k2_x0.5_tp2,67,0,67,0.3283582089552239,0.5594331906559011,1.1442951627052524,,2.9197761194029845,0.3283582089552239,-1311.6105697642197,-0.013116105697642197,-836.2873202251441,0.0,-836.2873202251441,411.8300718359633,0.0,411.8300718359633,210.3078101352342,0.0,201.5222617007291,-63.493177703142685,0.0,-63.493177703142685,0.0,-1311.61056976425,-1.7594075632446855,-6.36425133051463e-06,0.0,-0.000138510222554352,-0.001652955668071887,0.029554263565891473,0.40131578947368424,-0.39621875762798753,0.016862575317265427,0.0054664250139224045,-0.7748705806142966,-0.09802510215503334,0.004382517952137911,0.004382517952137911,0.19127674928509933,0.009563837464254965,0.00021912589760689558,0.005067493973228698,-0.00266098275813198,7.9808350444900755,False,SPX500_USD
n20_ema_k2_x0.5_tp2,53,0,53,0.20754716981132076,0.264732880667562,1.0107982716397823,,4.294811320754717,0.20754716981132076,-2675.580608343269,-0.02675580608343269,-2359.4206570645333,0.0,-2359.4206570645333,139.09215595484977,0.0,139.09215595484977,70.34320529887106,0.0,68.74895065597873,-177.06779532379258,0.0,-177.06779532379258,0.0,-2675.5806083431758,-7.462743612916037,-1.3388895001641344e-05,0.0,-0.00028492351547014386,-0.003394730937036128,0.033151904997525974,0.3701657458563536,-0.8639789302936929,0.028713853204244022,0.028713853204244022,-0.9310831232723827,-0.11822624128113789,0.005535879380403559,0.005535879380403559,0.16748164851622652,0.008374082425811325,0.00027679396902017796,0.0032734126908267047,-0.0022192365715857365,7.975359342915811,False,UK100_GBP
n20_ema_k2_x0.5_tp2,59,0,59,0.3898305084745763,0.5746701373156022,0.8994836931896384,,3.490819209039548,0.3898305084745763,-1353.6424240820925,-0.013536424240820924,-917.1677152496059,0.0,-917.1677152496059,381.88211883753786,0.0,381.88211883753786,210.27975051823125,0.0,171.6023683193066,-54.59258999492664,0.0,-54.59258999492664,0.0,-1353.6424240820702,-2.101307811632333,-6.592982262887134e-06,0.0,-0.00014301831547948348,-0.0017062433220442763,0.03058252427184466,0.39375,-0.4882757674396904,0.020352255414202935,0.011424999802349123,-0.6647651492879891,-0.0838355890941485,0.0037132093506997547,0.0037132093506997547,0.1580858098158332,0.00790429049079166,0.00018566046753498773,0.002956037014151258,-0.0019588120966317346,7.9808350444900755,False,JP225_USD
n20_ema_k2_x0.5_tp2,88,0,88,0.4318181818181818,0.6159865352484507,0.8105085990111193,,2.9824810606060606,0.4318181818181818,-1519.191988973209,-0.01519191988973209,-1244.3878531366038,0.0,-1244.3878531366038,216.27493488005825,0.0,216.27493488005825,133.46366735131775,0.0,82.81126752874052,-61.55579683966345,0.0,-61.55579683966345,0.0,-1522.2185848563254,-4.478942431724774,-7.4079043437918115e-06,0.0,-0.00016055211854821603,-0.0019163191022768533,0.037469586374695864,0.43258426966292135,-0.40811340324773027,0.016793852708741897,0.00649678304430279,-0.9037764120701886,-0.11410836664533384,0.0032217335637873554,0.0032217335637873554,0.1233843579775887,0.012338435797758871,0.0003221733563787355,0.006292980626533051,-0.002409621957798036,7.9808350444900755,False,WTICO_USD
n20_ema_k2_x1.0_tp0,72,0,72,0.3611111111111111,1.4575663768150828,2.578771282057455,,6.286458333333333,0.3611111111111111,1738.3188282981282,0.01738318828298128,2020.0244620090405,0.0,2020.0244620090405,120.2446634810184,0.0,120.2446634810184,18.001490549536943,71.75453559639612,30.48863733508534,-161.46097023010606,0.0,-161.46097023010606,0.0,1738.3188282979158,7.170692454381222,8.367847100930759e-06,0.0,0.00018354915064962242,0.002161734926093617,0.0643611911623439,0.46048109965635736,0.31237674346029753,0.010384351847426698,0.0057683411584056165,1.6313965546812785,0.20817234988328204,0.021305393104696736,0.021305393104696736,0.43565422557628003,0.014521807519209333,0.0007101797701565578,0.005686301831181906,-0.003680807488958937,7.9808350444900755,False,EUR_USD
n20_ema_k2_x1.0_tp0,81,0,81,0.32098765432098764,0.9882808875473439,2.0905941851963044,,5.662551440329218,0.32098765432098764,-50.4133862828603,-0.000504133862828603,206.89901615128878,0.0,206.89901615128878,154.74710997767733,0.0,154.74710997767733,35.78509582442509,78.76142387505664,40.2005902781956,-102.56529245645373,0.0,-102.56529245645373,0.0,-50.41338628284228,0.8040771225718608,-1.8635765620127396e-07,0.0,-3.358407224391139e-06,-6.318199135102454e-05,0.0686839577329491,0.4735099337748344,-0.008848605745868068,0.02486483007479523,0.009699285339169675,-0.02008126468261126,-0.0025410184248582626,0.021646135813177536,0.021646135813177536,0.4500550837381059,0.015001836124603528,0.0007215378604392512,0.003689191848984086,-0.0029571447306895315,7.9808350444900755,False,GBP_USD
n20_ema_k2_x1.0_tp0,76,0,76,0.2631578947368421,1.166042095235682,3.26491786665991,,5.644188596491228,0.2631578947368421,929.0273641668755,0.009290273641668755,1373.8363861943274,0.0,1373.8363861943274,146.66719372617936,0.0,146.66719372617936,43.74988648222541,62.55248159906095,40.364825644893,-406.4545253538934,0.0,-406.4545253538934,0.0,820.7146671142546,2.483786730485345,4.595143971574945e-06,0.0,0.00010130894720127935,0.0011593704123373794,0.05427473583093179,0.4139194139194139,0.13150346630667703,0.020128168292215642,0.005229852333696396,0.45214912326685486,0.057599399781735415,0.017883989484282117,0.017883989484282117,0.40847561142032784,0.020423780571016393,0.0008941994742141057,0.009934700504077298,-0.005417137445755005,7.9808350444900755,False,AUD_USD
n20_ema_k2_x1.0_tp0,79,0,79,0.21518987341772153,0.45354728959794033,1.6541136444160176,,4.47626582278481,0.21518987341772153,-2788.848453385508,-0.02788848453385508,-2430.557880495115,0.0,-2430.557880495115,204.12433597635135,0.0,204.12433597635135,64.47000940640841,77.4924532667248,62.161873303218144,-154.1662369140389,0.0,-154.1662369140389,0.0,-2788.8484533855053,-6.783761740889235,-1.3533722780611043e-05,0.0,-0.0002965433050598224,-0.0035378115800968057,0.053794428434197884,0.4014336917562724,-0.6689170391125848,0.03163699148549903,0.03163699148549903,-0.8813837522110161,-0.11182515827139818,0.018236961459486955,0.018236961459486955,0.41124890119112617,0.013708296706370872,0.0006078987153162319,0.0026151422248055223,-0.0039047311794419004,7.9808350444900755,False,USD_CAD
n20_ema_k2_x1.0_tp0,68,0,68,0.3088235294117647,0.7116252968744955,1.5926851882429187,,5.162990196078432,0.3088235294117647,-1176.464407568812,-0.01176464407568812,-888.9731170591367,0.0,-888.9731170591367,114.09904306183353,0.0,114.09904306183353,44.76587129586847,56.92836697296285,12.404804793002207,-173.3922474477125,0.0,-173.3922474477125,0.0,-1176.4644075686826,-3.0921740811122715,-5.616295819374061e-06,0.0,-0.0001234117586535308,-0.0014817528551033243,0.04899135446685879,0.43776824034334766,-0.24193362537105909,0.019590711228853475,0.019590711228853475,-0.6005215399408771,-0.07563548039649412,0.01331182627566007,0.01331182627566007,0.42309469575821457,0.014103156525273818,0.00044372754252200225,0.005817996550728344,-0.003425555040297623,7.9808350444900755,False,EUR_JPY
n20_ema_k2_x1.0_tp0,66,0,66,0.36363636363636365,1.2396492718313021,2.1693862257047787,,5.763888888888889,0.36363636363636365,1060.4847241647658,0.010604847241647657,1577.879125819004,0.0,1577.879125819004,118.74004920835098,0.0,118.74004920835098,55.476250150482834,45.06437483980496,18.199424218063182,-398.65435244611723,0.0,-398.65435244611723,0.0,1060.484724164536,3.0496640875383108,5.173232723152475e-06,0.0,0.0001130350909621319,0.001322666748628576,0.05475504322766571,0.44015444015444016,0.177833782687247,0.012743266302480127,0.010128960011677207,0.818351141838744,0.10379338524622649,0.012329449403413361,0.012329449403413361,0.35028587591661725,0.01751429379583086,0.0006164724701706681,0.006878368624567699,-0.003406063408204818,7.9808350444900755,False,AUD_JPY
n20_ema_k2_x1.0_tp0,40,0,40,0.225,0.7298190815028088,2.513821280731897,,6.292708333333334,0.225,-777.0152289253747,-0.007770152289253747,-627.9865452364934,0.0,-627.9865452364934,97.44640509571896,0.0,97.44640509571896,51.9478370483103,12.82666444808743,32.671903599321226,-51.58227859307019,0.0,-51.58227859307019,0.0,-777.0152289252826,-4.213863597882226,-4.376337003666854e-06,0.0,-9.505176540732289e-05,-0.0011509667199182116,0.036827195467422094,0.40625,-0.2362196260844651,0.019724511055909333,0.00813719298496246,-0.3902671899064514,-0.05835210397133721,0.007642003816522891,0.007642003816522891,0.22768728666979382,0.011384364333489692,0.00038210019082614445,0.004290828432339966,-0.0023432455072973646,6.7734428473648185,False,XAU_USD
n20_ema_k2_x1.0_tp0,56,0,56,0.26785714285714285,0.7597692932182937,2.0767027347966693,,5.520833333333334,0.26785714285714285,-877.3153419651062,-0.008773153419651063,-220.8661355231484,0.0,-220.8661355231484,517.6231314439807,0.0,517.6231314439807,292.3990782864282,0.0,225.22405315755245,-138.8260749982957,0.0,-138.8260749982957,0.0,-877.3153419654248,-0.3364557887428414,-4.149613501706443e-06,0.0,-9.162733406642537e-05,-0.0011035187588513962,0.046027131782945735,0.4439252336448598,-0.13454839669221932,0.023632789545648736,0.0066055293772216694,-0.36852617292712947,-0.046694392835845984,0.0068396698344486695,0.0068396698344486695,0.1796909654366587,0.008984548271832935,0.0003419834917224335,0.009923284490868545,-0.008412695451572638,7.9808350444900755,False,NAS100_USD
n20_ema_k2_x1.0_tp0,56,0,56,0.21428571428571427,0.431320140027919,1.5815071801023697,,5.118303571428571,0.21428571428571427,-2176.5946641957125,-0.021765946641957124,-1635.4133591050338,0.0,-1635.4133591050338,416.6008824740604,0.0,416.6008824740604,213.91405661888626,0.0,202.68682585517416,-124.58042261652787,0.0,-124.58042261652787,0.0,-2176.594664195622,-3.0219324720229985,-1.0581927117265689e-05,0.0,-0.0002308284918102129,-0.0027535974492133297,0.04505813953488372,0.4246575342465753,-0.4196905999225438,0.026684033610207214,0.011908582651741106,-0.8115908682291867,-0.10319269902883123,0.008441057619908023,0.008441057619908023,0.23359051786626014,0.011679525893313007,0.0004220528809954011,0.00733620445771499,-0.004293649143855438,7.9808350444900755,False,SPX500_USD
n20_ema_k2_x1.0_tp0,47,0,47,0.10638297872340426,0.17498772077140434,1.4698968544797966,,6.024822695035459,0.10638297872340426,-3562.1590892852546,-0.035621590892852543,-3203.2702081568696,0.0,-3203.2702081568696,134.51690702103872,0.0,134.51690702103872,67.25845351051936,0.0,67.25845351051936,-224.3719741073883,0.0,-224.3719741073883,0.0,-3562.1590892852964,-8.925520896844368,-1.789331759591917e-05,0.0,-0.0003810852269776317,-0.004537621901496314,0.044532409698169226,0.38626609442060084,-0.8654533823437648,0.037818054525585176,0.012075693832002632,-0.9397749242885822,-0.11998559837144614,0.007810307430788573,0.007810307430788573,0.16748164851622657,0.008374082425811329,0.0003905153715394287,0.0043471582000984554,-0.0032036549244266466,7.975359342915811,False,UK100_GBP
n20_ema_k2_x1.0_tp0,50,0,50,0.24,0.49877281240688326,1.5794472392884635,,5.281666666666667,0.24,-2056.9918072678265,-0.020569918072678266,-1604.825420788148,0.0,-1604.825420788148,383.1329876980181,0.0,383.1329876980181,206.30237799124052,0.0,176.83060970677758,-69.03339878168032,0.0,-69.03339878168032,0.0,-2056.9918072678465,-3.5491922194446497,-1.0036363227659222e-05,0.0,-0.00021799136290847387,-0.0026009038581239485,0.04029126213592233,0.3915094339622642,-0.48864463009921716,0.03155314287377142,0.007869090920944987,-0.6463070712244403,-0.08242931198736314,0.006246654195767522,0.006246654195767522,0.15808580981583317,0.007904290490791659,0.0003123327097883761,0.0034288957056798353,-0.002352755672524909,7.9808350444900755,False,JP225_USD
n20_ema_k2_x1.0_tp0,71,0,71,0.323943661971831,0.7073614370845615,1.4762325643503893,,5.513497652582159,0.323943661971831,-1285.0435879906872,-0.012850435879906872,-962.396023489076,0.0,-962.396023489076,207.6136382465658,0.0,207.6136382465658,125.19581636494739,0.0,82.41782188161842,-121.10104928632745,0.0,-121.10104928632745,0.0,-1291.1107110219693,-2.927754858513198,-6.181889908078364e-06,0.0,-0.00013481833382142694,-0.0016192844961401276,0.052554744525547446,0.453781512605042,-0.20734902847745068,0.021133116629491133,0.00840894352832644,-0.6059942120301197,-0.07662308047268457,0.0062339872038592965,0.0062339872038592965,0.12363099095500335,0.012363099095500336,0.0006233987203859295,0.007839479983928754,-0.004944043916064955,7.9808350444900755,False,WTICO_USD
n20_ema_k2_x1.0_tp2,99,0,99,0.5151515151515151,1.3363039232582805,1.2576978101254406,,5.8522727272727275,0.5151515151515151,1277.3227747193596,0.012773227747193595,1515.8832419732587,0.0,1515.8832419732587,118.1547630124929,0.0,118.1547630124929,16.972886530840462,72.50759258225986,28.67428389939256,-120.4057042412788,0.0,-120.4057042412788,0.0,1277.3227747194871,6.3542935651644195,6.154748742402769e-06,0.0,0.00013483418780515626,0.0015916174290941942,0.0643611911623439,0.46048109965635736,0.28547544434158645,0.00886448383627314,0.004319762078832033,1.4145303944783603,0.17954992738340325,0.01766790372251351,0.01766790372251351,0.4356542255762801,0.014521807519209336,0.0005889301240837836,0.003958628106951467,-0.003351978231753483,7.9808350444900755,False,EUR_USD
n20_ema_k2_x1.0_tp2,107,0,107,0.45794392523364486,0.9749247185558609,1.1539925240048967,,5.496495327102804,0.45794392523364486,-108.17511136892426,-0.0010817511136892426,142.67854888814276,0.0,142.67854888814276,157.02959204369438,0.0,157.02959204369438,37.36706991198852,80.88202418932185,38.78049794238402,-93.8240682132358,0.0,-93.8240682132358,0.0,-108.17511136878743,0.568772043198445,-4.78470214588996e-07,0.0,-1.0180988777915669e-05,-0.00013560776966292654,0.0686839577329491,0.4735099337748344,-0.02639269973536788,0.017531899135435847,0.006927211522101555,-0.061196639849571924,-0.007734916144300262,0.018445871796703435,0.018445871796703435,0.45005508373810593,0.015001836124603532,0.0006148623932234478,0.003292367866971846,-0.0024934864443464377,7.9808350444900755,False,GBP_USD
n20_ema_k2_x1.0_tp2,98,0,98,0.41836734693877553,1.0178711244030243,1.4150891241700583,,5.167091836734694,0.41836734693877553,168.46716437040595,0.0016846716437040595,531.8394774510655,0.0,531.8394774510655,145.70585875790727,0.0,145.70585875790727,45.12795332478023,62.86160334035506,37.716302092771976,-298.26851897798525,0.0,-298.26851897798525,0.0,87.86509971517296,1.1979057894359872,8.812475026487726e-07,0.0,1.9594169307729795e-05,0.00021093428050633634,0.05427473583093179,0.4139194139194139,0.03664827005542263,0.015287598823023996,0.0024463088342323277,0.10926719452706363,0.013797737823199369,0.014204098950955311,0.014204098950955311,0.40781159556794,0.020390579778397002,0.0007102049475477655,0.0050462392150887325,-0.002738127963517911,7.9808350444900755,False,AUD_USD
n20_ema_k2_x1.0_tp2,94,0,94,0.3191489361702128,0.48912256045226593,1.0434614622981673,,4.328457446808512,0.3191489361702128,-2645.3221748710203,-0.026453221748710204,-2308.1519907303414,0.0,-2308.1519907303414,206.2957433426,0.0,206.2957433426,65.92787961326194,79.2773488066394,61.09051492269864,-130.8744407980347,0.0,-130.8744407980347,0.0,-2645.322174870976,-6.845658659330342,-1.283656877168639e-05,0.0,-0.0002812392520246331,-0.003353587006077907,0.053314121037463975,0.3978494623655914,-0.7194135807341433,0.028581209702168375,0.028581209702168375,-0.925408040857126,-0.1173353766696404,0.015806047815587792,0.015806047815587792,0.4112489011911262,0.013708296706370875,0.0005268682605195931,0.0024559982031084893,-0.0039047311794420114,7.9808350444900755,False,USD_CAD
n20_ema_k2_x1.0_tp2,95,0,95,0.4842105263157895,0.851311474826214,0.9068317884018368,,4.665350877192983,0.4842105263157895,-612.8547593082621,-0.006128547593082622,-361.9105353851942,0.0,-361.9105353851942,115.36511779684562,0.0,115.36511779684562,45.304633456047945,58.257388639337776,11.803095701459913,-135.57910612624488,0.0,-135.57910612624488,0.0,-612.8547593082847,-1.4421951210007236,-2.9107386277448426e-06,0.0,-6.379350837169708e-05,-0.0007699742211667582,0.049951969260326606,0.44635193133047213,-0.1595457422291135,0.015942960657754024,0.0112498222784162,-0.38433929645047743,-0.04829556051073069,0.010759307490397694,0.010759307490397694,0.42309469575821457,0.014103156525273818,0.0003586435830132565,0.0038395131865489596,-0.002491744072875668,7.9808350444900755,False,EUR_JPY
n20_ema_k2_x1.0_tp2,92,0,92,0.532608695652174,1.135566963668108,0.996517947708748,,5.349637681159421,0.532608695652174,602.2778620030585,0.006022778620030585,1030.6116156612948,0.0,1030.6116156612948,121.12796457528653,0.0,121.12796457528653,58.3047581437562,45.83180319969816,16.991403231832162,-307.20578908290446,0.0,-307.20578908290446,0.0,602.2778620031038,2.4060947960774524,2.9380243859541774e-06,0.0,6.45177172964318e-05,0.0007526748349540036,0.05427473583093179,0.4362934362934363,0.14195575828164828,0.01224079769325137,0.009033672526138653,0.48829274061860994,0.06148903476845878,0.009739104262589218,0.009739104262589218,0.35028587591661725,0.01751429379583086,0.00048695521312946093,0.0038571330741219434,-0.0028926369152439957,7.9808350444900755,False,AUD_JPY
n20_ema_k2_x1.0_tp2,51,0,51,0.37254901960784315,0.6285200524554073,1.058560088345949,,6.2181372549019605,0.37254901960784315,-1062.2334295536275,-0.010622334295536275,-918.0939217490826,0.0,-918.0939217490826,95.65944450352836,0.0,95.65944450352836,51.10524302805691,13.07696839521545,31.477233080256006,-48.480063300985485,0.0,-48.480063300985485,0.0,-1062.2334295535964,-6.3694814539968325,-6.022107262674053e-06,0.0,-0.00013125691741056183,-0.0015753790488934882,0.036827195467422094,0.40625,-0.4010795919700703,0.017579203443251035,0.005190309668516191,-0.6017326100395997,-0.08961606559586771,0.006660536737467529,0.006660536737467529,0.22768728666979382,0.011384364333489692,0.00033302683687337647,0.0026175535646857373,-0.0023432455072974756,6.7734428473648185,False,XAU_USD
n20_ema_k2_x1.0_tp2,71,0,71,0.4225352112676056,0.7818338213936507,1.0685062225713227,,5.045187793427229,0.4225352112676056,-796.3901532868185,-0.007963901532868186,-194.73340656244662,0.0,-194.73340656244662,499.4491330042821,0.0,499.4491330042821,287.5849831883296,0.0,211.86414981595252,-102.20761372011977,0.0,-102.20761372011977,0.0,-796.3901532868484,-0.3236619677625709,-3.817322125873784e-06,0.0,-8.33111360138551e-05,-0.0010013712461209856,0.046027131782945735,0.4439252336448598,-0.18000733856241322,0.01933316422605169,0.0053427474459165625,-0.4100351878235206,-0.05179551750621478,0.005459165267225769,0.005459165267225769,0.17969096543665863,0.008984548271832931,0.00027295826336128846,0.005536930265467976,-0.004231128312094934,7.9808350444900755,False,NAS100_USD
n20_ema_k2_x1.0_tp2,68,0,68,0.35294117647058826,0.4984018340919918,0.9137366958353184,,4.842524509803922,0.35294117647058826,-1918.6202081529336,-0.019186202081529335,-1407.17549883791,0.0,-1407.17549883791,406.23143869645,0.0,406.23143869645,214.02631606119817,0.0,192.20512263525185,-105.21327061853981,0.0,-105.21327061853981,0.0,-1918.6202081529,-2.7513736542951612,-9.339895821201891e-06,0.0,-0.00020322172520304227,-0.0024244521080608594,0.04505813953488372,0.4246575342465753,-0.48841040065432856,0.021030062728489063,0.010488555646372263,-0.9106075252525105,-0.1152850630719468,0.006765960101184424,0.006765960101184424,0.19127674928509936,0.009563837464254966,0.0003382980050592212,0.0050643216682195735,-0.0025699288458524983,7.9808350444900755,False,SPX500_USD
n20_ema_k2_x1.0_tp2,53,0,53,0.20754716981132076,0.24300305068145497,0.9278298298746462,,6.321540880503143,0.20754716981132076,-3248.2247399820917,-0.03248224739982092,-2903.612422432947,0.0,-2903.612422432947,132.3616544409225,0.0,132.3616544409225,67.32258203303013,0.0,65.03907240789236,-212.25066310828518,0.0,-212.25066310828518,0.0,-3248.2247399821545,-8.425736036026443,-1.6297439102026736e-05,0.0,-0.0003468541815214826,-0.0041318812535466876,0.044532409698169226,0.38626609442060084,-0.8965206438882076,0.03507675246959796,0.01376454688596096,-0.9243068164728321,-0.11779543323253511,0.007174205022370679,0.007174205022370679,0.16748164851622652,0.008374082425811327,0.00035871025111853405,0.0032734126908267047,-0.002445450425377693,7.975359342915811,False,UK100_GBP
n20_ema_k2_x1.0_tp2,59,0,59,0.3559322033898305,0.4779733103415099,0.8649040853798751,,5.050141242937854,0.3559322033898305,-2134.5042007668526,-0.021345042007668527,-1697.9802687151307,0.0,-1697.9802687151307,372.8745524795976,0.0,372.8745524795976,205.75285415457964,0.0,167.12169832501795,-63.64937957213253,0.0,-63.64937957213253,0.0,-2134.504200766861,-3.8897758955261863,-1.0440853307500243e-05,0.0,-0.0002264139292348635,-0.002699843130280044,0.04029126213592233,0.3915094339622642,-0.6454671348380686,0.02984990174139346,0.007010491090694737,-0.7122220104665459,-0.09044730376904783,0.0049766139674545865,0.0049766139674545865,0.15808580981583317,0.00790429049079166,0.00024883069837272934,0.0029560370141514802,-0.0020678662418066596,7.9808350444900755,False,JP225_USD
n20_ema_k2_x1.0_tp2,95,0,95,0.4631578947368421,0.8322346208371367,0.9646355832430448,,5.199561403508771,0.4631578947368421,-756.2490385457058,-0.0075624903854570585,-461.93700608920244,0.0,-461.93700608920244,206.5381504608583,0.0,206.5381504608583,128.33086135766607,0.0,78.20728910319224,-92.34927995144102,0.0,-92.34927995144102,0.0,-760.8244365015019,-1.5455216883894547,-3.6238824934210703e-06,0.0,-7.864463123640957e-05,-0.0009507303166789161,0.053041362530413624,0.4579831932773109,-0.15350711674575074,0.015127612568926696,0.008871183353903522,-0.49874308560685415,-0.06284734701837821,0.005091513810613802,0.005091513810613802,0.12363099095500321,0.012363099095500324,0.0005091513810613802,0.006294366348883029,-0.0026905925237674655,7.9808350444900755,False,WTICO_USD
n20_ema_k4_x0.5_tp0,68,0,68,0.35294117647058826,1.4346716730263365,2.6302314005482836,,3.8939950980392153,0.35294117647058826,1393.1262416182726,0.013931262416182727,1597.461838600564,0.0,1597.461838600564,111.46816066540991,0.0,111.46816066540991,16.688250272415168,66.52671342709301,28.253196965901726,-92.86743631687695,0.0,-92.86743631687695,0.0,1393.1262416182772,7.817834299028389,6.693018412886201e-06,0.0,0.0001471424134322447,0.0017350456511862067,0.04803073967339097,0.4291845493562232,0.3430203592729788,0.014082260803413349,0.003346234267926451,0.9627691208129201,0.12320789079305045,0.012335579226329054,0.012335579226329054,0.2910316477285734,0.009701054924285779,0.0004111859742109685,0.004797339034645409,-0.0019221623511461727,7.9808350444900755,False,EUR_USD
n20_ema_k4_x0.5_tp0,69,0,69,0.463768115942029,0.945581969531751,1.093329152271087,,3.628623188405797,0.463768115942029,-135.50499588018283,-0.0013550499588018284,47.63942991930901,0.0,47.63942991930901,134.7403659052015,0.0,134.7403659052015,32.572981997779515,67.90191183957808,34.265472067843895,-56.74050446846315,0.0,-56.74050446846315,0.0,-143.84144045435562,0.24879472203329356,-6.295301096132559e-07,0.0,-1.3880287165818057e-05,-0.00016988869917622385,0.05427473583093179,0.4708333333333333,-0.04789723146089407,0.010752274821501984,0.002357285685338032,-0.12493251431631053,-0.015800256410530632,0.012332188850323644,0.012332188850323644,0.29641825589499726,0.00988060852983324,0.0004110729616774548,0.0022181190435741627,-0.0017026704222814493,7.9808350444900755,False,GBP_USD
n20_ema_k4_x0.5_tp0,60,0,60,0.3,0.9450537413993602,2.2051253965985067,,3.6173611111111112,0.3,-198.8083807639341,-0.001988083807639341,145.1338113489811,0.0,145.1338113489811,123.49007926961121,0.0,123.49007926961121,40.241429905680405,50.15569700773834,33.09295235619248,-220.4521128433575,0.0,-220.4521128433575,0.0,-198.8083807639876,0.42197152509079644,-9.11194458047927e-07,0.0,-1.942538037197058e-05,-0.0002493241074082997,0.039865513928914506,0.39712918660287083,-0.04838109228610392,0.015021939624207281,0.004453557645442113,-0.13112429646533205,-0.016597331213242493,0.009285233630106401,0.009285233630106401,0.2118430827875709,0.010592154139378546,0.0004642616815053201,0.003529381873858428,-0.002194378844424305,7.9808350444900755,False,AUD_USD
n20_ema_k4_x0.5_tp0,70,0,70,0.2714285714285714,0.4637522691460093,1.2448087224445514,,2.880357142857143,0.2714285714285714,-2053.483289059528,-0.02053483289059528,-1780.0173164739335,0.0,-1780.0173164739335,185.82509275079883,0.0,185.82509275079883,61.69062962043464,68.85450461859662,55.27995851176758,-87.6408798348529,0.0,-87.6408798348529,0.0,-2053.4832890595853,-6.509099832946923,-9.94118375405842e-06,0.0,-0.0002179929663351986,-0.0025964270948705126,0.03650336215177714,0.3568075117370892,-0.713077327231402,0.022249246151889057,0.011674247630134749,-0.9227932250393914,-0.11669730637817878,0.010360896674417095,0.010360896674417095,0.3578034151928363,0.011926780506427878,0.0003453632224805698,0.002749068986209968,-0.0018307545130979985,7.9808350444900755,False,USD_CAD
n20_ema_k4_x0.5_tp0,60,0,60,0.38333333333333336,0.8044147900925347,1.2940585753662517,,3.4118055555555546,0.38333333333333336,-624.4775092723576,-0.0062447750927235755,-414.5463371950717,0.0,-414.5463371950717,102.62872301743866,0.0,102.62872301743866,41.20363108942817,50.410895336659514,11.014196591350988,-107.30244905962813,0.0,-107.30244905962813,0.0,-624.4775092721385,-1.9746773816081478,-2.9771216965429216e-06,0.0,-6.541070061206101e-05,-0.0007846168155892785,0.037944284341978864,0.42021276595744683,-0.18765840198002687,0.011276149367889454,0.011276149367889454,-0.5538038641547726,-0.06958198140081347,0.008184269292347083,0.008184269292347083,0.21300080183170697,0.007100026727723566,0.0002728089764115695,0.002911073894323435,-0.0023587899227620612,7.9808350444900755,False,EUR_JPY
n20_ema_k4_x0.5_tp0,59,0,59,0.3389830508474576,0.754451475984178,1.4711803781691473,,3.419491525423729,0.3389830508474576,-944.8449919541454,-0.009448449919541455,-624.0555701153329,0.0,-624.0555701153329,107.81592294820408,0.0,107.81592294820408,51.464644889575055,40.15079542667959,16.200482631949427,-212.97349889058768,0.0,-212.97349889058768,0.0,-944.8449919541247,-1.9453745280570482,-4.515410573906717e-06,0.0,-9.920893267540158e-05,-0.0011888136516033931,0.03890489913544669,0.43315508021390375,-0.2406625197190663,0.020831035536376663,0.008242535886048646,-0.450942389325906,-0.057069349698309554,0.006832028107041851,0.006832028107041851,0.34402663402942946,0.01720133170147147,0.0003416014053520925,0.004911906788077847,-0.0030898881543710566,7.9808350444900755,False,AUD_JPY
n20_ema_k4_x0.5_tp0,34,0,34,0.2647058823529412,0.34867215805192586,0.9685337723664609,,3.912990196078432,0.2647058823529412,-1133.3179095888481,-0.011333179095888482,-1021.7012776458071,0.0,-1021.7012776458071,79.80149141897897,0.0,79.80149141897897,42.70924717436716,10.566682304060983,26.525561940550823,-31.81514052401219,0.0,-31.81514052401219,0.0,-1133.317909588798,-9.153665182870299,-6.443180526063861e-06,0.0,-0.00014054586664353556,-0.0016813169881398915,0.027762039660056657,0.3951612903225806,-0.5999898933497448,0.01368947500099793,0.007346736666759612,-0.8271121637293712,-0.12281822261389333,0.004030250087667611,0.004030250087667611,0.11418680561362125,0.005709340280681062,0.0002015125043833805,0.0013597315673528065,-0.0020915478863025028,6.7734428473648185,False,XAU_USD
n20_ema_k4_x0.5_tp0,47,0,47,0.2978723404255319,0.9017267715841121,2.1254988187339783,,3.9335106382978724,0.2978723404255319,-235.7493711933348,-0.002357493711933348,257.42292631056466,0.0,257.42292631056466,421.00910290968443,0.0,421.00910290968443,229.64132885982787,0.0,191.3677740498566,-72.16319459412725,0.0,-72.16319459412725,0.0,-235.74937119324701,0.5219736137116969,-1.0967744761791506e-06,0.0,-2.4289792063478693e-05,-0.00029569938219087266,0.035368217054263566,0.43452380952380953,-0.05690476581209216,0.012465526183189413,0.006884192532276234,-0.18874559764637738,-0.023721371873546972,0.0041657268869799355,0.0041657268869799355,0.11323689340376004,0.0056618446701880015,0.00020828634434899676,0.004976086933357049,-0.0042393604241588445,7.9808350444900755,False,NAS100_USD
n20_ema_k4_x0.5_tp0,50,0,50,0.28,0.7258079672104408,1.866363344255419,,3.5049999999999994,0.28,-669.6123268273659,-0.006696123268273659,-237.07973353885345,0.0,-237.07973353885345,360.5671963316582,0.0,360.5671963316582,180.2835981658291,0.0,180.2835981658291,-71.96539695693018,0.0,-71.96539695693018,0.0,-669.6123268274417,-0.5481199271858628,-3.2013250001828225e-06,0.0,-7.023294527131141e-05,-0.0008414928523599041,0.030038759689922482,0.389937106918239,-0.15475867869680435,0.01592162619856896,0.004502334122256678,-0.41707362773748635,-0.052852192474882854,0.005233347559383993,0.005233347559383993,0.23390149039284505,0.011695074519642253,0.0002616673779691997,0.007346018377675678,-0.004811126117566955,7.9808350444900755,False,SPX500_USD
n20_ema_k4_x0.5_tp0,44,0,44,0.1590909090909091,0.2629671527346739,1.3899692358832763,,4.910984848484849,0.1590909090909091,-2448.554494074895,-0.02448554494074895,-2127.4321812950966,0.0,-2127.4321812950966,126.44601069163463,0.0,126.44601069163463,63.22300534581731,0.0,63.22300534581731,-194.67630208817053,0.0,-194.67630208817053,0.0,-2448.5544940749014,-6.6249902190816785,-1.2229054804767357e-05,0.0,-0.0002604535939293089,-0.003103535670430202,0.03661553686293914,0.37755102040816324,-0.7112425086000917,0.026174415591345146,0.016152656803334664,-0.9345718271210048,-0.11857134535054986,0.006362531649474155,0.006362531649474155,0.15776693317502402,0.0078883466587512,0.0003181265824737077,0.004350710058099727,-0.003206259670143763,7.975359342915811,False,UK100_GBP
n20_ema_k4_x0.5_tp0,41,0,41,0.36585365853658536,0.6911644041459378,1.1980183005196254,,4.53760162601626,0.36585365853658536,-784.4852896592638,-0.007844852896592638,-406.9492145715392,0.0,-406.9492145715392,323.8222895418016,0.0,323.8222895418016,177.475454228556,0.0,146.34683531324558,-53.713785545840956,0.0,-53.713785545840956,0.0,-784.4852896591818,-1.0779081561333406,-3.7960302964112577e-06,0.0,-8.258360591009736e-05,-0.0009863505273696171,0.03446601941747573,0.4152046783625731,-0.2584628735819802,0.015492713979484929,0.005917013797931497,-0.5042825003687623,-0.06366544484560409,0.004339377403345998,0.004339377403345998,0.1397992795982005,0.006989963979910026,0.00021696887016729998,0.003428895705679613,-0.0019605841478165242,7.9808350444900755,False,JP225_USD
n20_ema_k4_x0.5_tp0,58,0,58,0.39655172413793105,0.5811068033288166,0.8842929615873296,,3.428879310344827,0.39655172413793105,-1465.0573428848002,-0.014650573428848002,-1230.2150071843967,0.0,-1230.2150071843967,183.14895336808763,0.0,183.14895336808763,114.04636016044299,0.0,69.10259320764466,-54.71506977462474,0.0,-54.71506977462474,0.0,-1468.079030327109,-5.171925501513522,-7.1485394203503935e-06,0.0,-0.00015489927257490314,-0.0018475904332786452,0.03941605839416058,0.42408376963350786,-0.4388317153949209,0.01633553984205527,0.006267965118429419,-0.8961336558718753,-0.11310250234412757,0.0032307388578025316,0.0032307388578025316,0.09947604769064766,0.009947604769064767,0.0003230738857802532,0.0048358189768074045,-0.0027675701758537175,7.9808350444900755,False,WTICO_USD
n20_ema_k4_x0.5_tp2,74,0,74,0.40540540540540543,1.3401824086169722,1.9656008659715596,,3.9352477477477477,0.40540540540540543,1088.2489472799352,0.010882489472799352,1286.7622229623967,0.0,1286.7622229623967,110.82497552205456,0.0,110.82497552205456,16.669924614882177,66.43647091974475,27.71857998742764,-87.68830016040476,0.0,-87.68830016040476,0.0,1088.2489472799375,6.481995818862482,5.23612409587936e-06,0.0,0.0001151215451873589,0.0013571317012535111,0.04851104707012488,0.4334763948497854,0.30368770193985173,0.013292551382522944,0.002800446411370681,0.7997965691104589,0.10209715668565095,0.011832613673324765,0.011832613673324765,0.2910316477285734,0.009701054924285779,0.00039442045577749217,0.004486952092449759,-0.0019221623511461727,7.9808350444900755,False,EUR_USD
n20_ema_k4_x0.5_tp2,70,0,70,0.4714285714285714,0.963522557182949,1.0803131701748216,,3.6119047619047615,0.4714285714285714,-88.08461656571308,-0.0008808461656571307,93.84538804969498,0.0,93.84538804969498,134.5666974865539,0.0,134.5666974865539,32.57440408416267,67.90349125997204,34.08880214241917,-55.70371024070566,0.0,-55.70371024070566,0.0,-96.42501967756458,0.49322114337515016,-4.0157444426344164e-07,0.0,-8.874543712329781e-06,-0.00011041271784939521,0.05427473583093179,0.4708333333333333,-0.030597555170083855,0.010752274821501984,0.002357285685338032,-0.08121200660286551,-0.010268777508234456,0.012287143070004773,0.012287143070004773,0.29641825589499726,0.00988060852983324,0.0004095714356668258,0.0022181190435741627,-0.0017026704222814493,7.9808350444900755,False,GBP_USD
n20_ema_k4_x0.5_tp2,64,0,64,0.34375,0.8362840357022012,1.5965422499769295,,3.697916666666667,0.34375,-590.8155998073053,-0.005908155998073053,-271.68469109510454,0.0,-271.68469109510454,122.77694389332649,0.0,122.77694389332649,40.1626057389365,50.057448867967956,32.55688928642203,-196.3539648190465,0.0,-196.3539648190465,0.0,-590.8155998074775,-0.8513267868389681,-2.8081063535178886e-06,0.0,-6.141626944071605e-05,-0.0007422129187163451,0.040345821325648415,0.4019138755980861,-0.16155438751618345,0.01586006043602839,0.003156703639310104,-0.370330457590834,-0.04679760973863016,0.008818768880300911,0.008818768880300911,0.2118430827875709,0.010592154139378546,0.00044093844401504553,0.003529381873858428,-0.002194378844424416,7.9808350444900755,False,AUD_USD
n20_ema_k4_x0.5_tp2,72,0,72,0.2916666666666667,0.5106121325529677,1.2400580362000644,,2.8657407407407405,0.2916666666666667,-1875.2819891760155,-0.018752819891760156,-1604.039040440974,0.0,-1604.039040440974,185.58141419917408,0.0,185.58141419917408,61.73403807331631,68.9110745183739,54.93630160748386,-85.66153453590469,0.0,-85.66153453590469,0.0,-1875.2819891760528,-5.9136617114704375,-9.068455083343358e-06,0.0,-0.000198823645860045,-0.0023692318995085504,0.03650336215177714,0.3568075117370892,-0.6548515764083486,0.020692696467465743,0.010895972787923092,-0.9061039432797199,-0.11449604469062764,0.010266654123595993,0.010266654123595993,0.3578034151928364,0.01192678050642788,0.0003422218041198664,0.0028639600780091534,-0.0018307545130982206,7.9808350444900755,False,USD_CAD
n20_ema_k4_x0.5_tp2,63,0,63,0.4126984126984127,0.8186261683575258,1.1649680088164789,,3.439153439153438,0.4126984126984127,-579.2799218693253,-0.005792799218693253,-373.1512088054617,0.0,-373.1512088054617,102.54431238223623,0.0,102.54431238223623,41.215281110221134,50.425038224691065,10.903993047324033,-103.58440068146335,0.0,-103.58440068146335,0.0,-579.2799218691613,-1.8102825329829106,-2.760622940607825e-06,0.0,-6.0612968000517994e-05,-0.0007276843183182669,0.037944284341978864,0.42021276595744683,-0.17948264980583845,0.011276149367889454,0.011276149367889454,-0.5137213981209869,-0.06453305065206554,0.008027276021391317,0.008027276021391317,0.21300080183170697,0.007100026727723566,0.0002675758673797106,0.0027078295262812357,-0.0023587899227620612,7.9808350444900755,False,EUR_JPY
n20_ema_k4_x0.5_tp2,66,0,66,0.4090909090909091,0.9058407494175825,1.3084366380476191,,3.432449494949495,0.4090909090909091,-363.65321765367116,-0.0036365321765367115,-46.97997930265062,0.0,-46.97997930265062,108.9705528461539,0.0,108.9705528461539,52.83743594814726,40.260207861872935,15.872909036133686,-207.70268550488476,0.0,-207.70268550488476,0.0,-363.65321765368924,-0.14835475061701414,-1.7098120288851299e-06,0.0,-3.74790381261168e-05,-0.00045638445217266455,0.03890489913544669,0.43315508021390375,-0.09588287022696276,0.01728703830093936,0.005195308846360695,-0.2085487134345626,-0.02640038416226943,0.006602687244583942,0.006602687244583942,0.34402663402942946,0.01720133170147147,0.00033013436222919704,0.004872562596966112,-0.0030898881543712786,7.9808350444900755,False,AUD_JPY
n20_ema_k4_x0.5_tp2,34,0,34,0.2647058823529412,0.34867215805192586,0.9685337723664609,,3.912990196078432,0.2647058823529412,-1133.3179095888481,-0.011333179095888482,-1021.7012776458071,0.0,-1021.7012776458071,79.80149141897897,0.0,79.80149141897897,42.70924717436716,10.566682304060983,26.525561940550823,-31.81514052401219,0.0,-31.81514052401219,0.0,-1133.317909588798,-9.153665182870299,-6.443180526063861e-06,0.0,-0.00014054586664353556,-0.0016813169881398915,0.027762039660056657,0.3951612903225806,-0.5999898933497448,0.01368947500099793,0.007346736666759612,-0.8271121637293712,-0.12281822261389333,0.004030250087667611,0.004030250087667611,0.11418680561362125,0.005709340280681062,0.0002015125043833805,0.0013597315673528065,-0.0020915478863025028,6.7734428473648185,False,XAU_USD
n20_ema_k4_x0.5_tp2,51,0,51,0.35294117647058826,0.9999403116291902,1.8332239046535155,,4.031045751633987,0.35294117647058826,-0.14329143383656628,-1.4329143383656629e-06,485.02903917992546,0.0,485.02903917992546,417.2091219509465,0.0,417.2091219509465,229.81961852260466,0.0,187.38950342834184,-67.96320866280814,0.0,-67.96320866280814,0.0,-0.14329143382917664,0.9997046586856099,3.078417667489984e-08,0.0,6.180743183516556e-07,-1.7954452491419914e-07,0.035368217054263566,0.43452380952380953,0.001946603214286984,0.012228147301578618,0.004836774751711376,-0.00011689531262259877,-1.4682888624593234e-05,0.004004224120993186,0.004004224120993186,0.11323689340376,0.005661844670188001,0.00020021120604965927,0.003673306943744903,-0.0021239937405846954,7.9808350444900755,False,NAS100_USD
n20_ema_k4_x0.5_tp2,55,0,55,0.34545454545454546,0.8532795559895251,1.616740211348574,,3.465909090909091,0.34545454545454546,-358.92230462380394,-0.0035892230462380393,67.86250531801477,0.0,67.86250531801477,355.5399510718222,0.0,355.5399510718222,180.51758400627165,0.0,175.02236706555058,-71.24485887010214,0.0,-71.24485887010214,0.0,-358.92230462390955,0.15900871759528956,-1.7024698121892187e-06,0.0,-3.7248522582973056e-05,-0.00045043781330145194,0.030038759689922482,0.389937106918239,-0.09590787459888432,0.013818505436897222,0.0032113258272530062,-0.2573279513104484,-0.03259670992339909,0.004820462554588425,0.004820462554588425,0.14085174121158345,0.007042587060579171,0.0002410231277294212,0.006531907134366355,-0.002407174021406,7.9808350444900755,False,SPX500_USD
n20_ema_k4_x0.5_tp2,45,0,45,0.17777777777777778,0.2941993392568498,1.3606719440629302,,4.908333333333334,0.17777777777777778,-2345.7138774001505,-0.023457138774001504,-2027.035724401201,0.0,-2027.035724401201,126.0883738103052,0.0,126.0883738103052,63.24630412917278,0.0,62.84206968113242,-192.58977918867046,0.0,-192.58977918867046,0.0,-2345.7138774001764,-6.360761493454861,-1.1708776867189758e-05,0.0,-0.0002493459528195048,-0.0029718220682818375,0.03661553686293914,0.37755102040816324,-0.691015801844942,0.025147789864634285,0.015639343939979233,-0.9318695465425325,-0.11817428427223958,0.006293954855685325,0.006293954855685325,0.15776693317502402,0.0078883466587512,0.0003146977427842663,0.004350710058099727,-0.003206259670143763,7.975359342915811,False,UK100_GBP
n20_ema_k4_x0.5_tp2,45,0,45,0.4222222222222222,0.8049948008479277,1.1015718327392696,,4.635185185185185,0.4222222222222222,-496.4146408991219,-0.0049641464089912185,-123.00260229753013,0.0,-123.00260229753013,320.63209822984163,0.0,320.63209822984163,177.8797651138454,0.0,142.7523331159962,-52.779940371725296,0.0,-52.779940371725296,0.0,-496.41464089909704,-0.3294018124273029,-2.389939561842889e-06,0.0,-5.1984421431215895e-05,-0.0006233630238245969,0.03446601941747573,0.4152046783625731,-0.16682712828023966,0.013743012129814769,0.004632575438175701,-0.3594324041485291,-0.04535854425044437,0.004179361961301344,0.004179361961301344,0.13979927959820046,0.006989963979910023,0.00020896809806506718,0.003428895705679613,-0.0019605841478165242,7.9808350444900755,False,JP225_USD
n20_ema_k4_x0.5_tp2,60,0,60,0.4166666666666667,0.609820814634637,0.8537491404884919,,3.3902777777777775,0.4166666666666667,-1364.9250747601036,-0.013649250747601037,-1133.2738953424084,0.0,-1133.2738953424084,182.60663843931553,0.0,182.60663843931553,114.08365794176427,0.0,68.52298049755127,-52.06929909199415,0.0,-52.06929909199415,0.0,-1367.9498328737182,-4.829101386635393,-6.656061674382192e-06,0.0,-0.00014418442857336435,-0.0017205507587706448,0.03941605839416058,0.42408376963350786,-0.4198916130586993,0.015514009843249577,0.005994121785494189,-0.8790962057063841,-0.11090303384842103,0.0031844193441014587,0.0031844193441014587,0.09947604769064765,0.009947604769064764,0.0003184419344101458,0.0047151232728148695,-0.0027675701758537175,7.9808350444900755,False,WTICO_USD
n20_ema_k4_x1.0_tp0,56,0,56,0.375,1.3704537307061133,2.2840895511768555,,7.749255952380952,0.375,1350.3059907815768,0.013503059907815768,1589.4492930587298,0.0,1589.4492930587298,93.4336670791384,0.0,93.4336670791384,14.539306266947685,55.321082916633735,23.573277895556984,-145.70963519801288,0.0,-145.70963519801288,0.0,1350.3059907815787,6.646430311548777,6.517725242899616e-06,0.0,0.0001432243005944508,0.001682027393085539,0.06964457252641691,0.45454545454545453,0.2660887280599211,0.0112281752307829,0.0056643990912179825,1.174129168171894,0.14980416305528724,0.019968923923424954,0.019968923923424954,0.2914309759366587,0.009714365864555291,0.0006656307974474985,0.005681491458632726,-0.0036831379345585447,7.9808350444900755,False,EUR_USD
n20_ema_k4_x1.0_tp0,62,0,62,0.43548387096774194,1.40846134514754,1.8257832251912556,,7.342069892473117,0.43548387096774194,1425.807290721481,0.01425807290721481,1655.7521105248366,0.0,1655.7521105248366,123.47737469337962,0.0,123.47737469337962,30.661767417180315,61.85669864264753,30.958908633551772,-114.93422422720467,0.0,-114.93422422720467,0.0,1417.3405116042522,6.944931026935368,6.8586696779317135e-06,0.0,0.00015138369482162563,0.001775496794025777,0.0787704130643612,0.5109034267912772,0.317477361979547,0.016441793693160678,0.004758951940877905,0.850125769547088,0.10798680649814586,0.021969422098286437,0.021969422098286437,0.37687024529811064,0.012562341509937023,0.0007323140699428812,0.003588251502187001,-0.00295331199653337,7.9808350444900755,False,GBP_USD
n20_ema_k4_x1.0_tp0,55,0,55,0.3090909090909091,1.0643279655998923,2.3790860407527004,,6.830303030303029,0.3090909090909091,317.80918460231624,0.003178091846023162,742.4997995157931,0.0,742.4997995157931,114.80406115896363,0.0,114.80406115896363,38.33147652411056,46.322773284393996,30.149811350459075,-363.69734246569294,0.0,-363.69734246569294,0.0,263.9983958911365,1.5517191671567607,1.600140074963359e-06,0.0,3.5758164025173915e-05,0.0003976630552953164,0.06099903938520653,0.4150326797385621,0.06507463114369623,0.015807712504158355,0.003260903297687869,0.19903320711460018,0.02515626819444671,0.015354857298327838,0.015354857298327838,0.22242487122643706,0.011121243561321853,0.0007677428649163918,0.005011628665050338,-0.0027460988596781366,7.9808350444900755,False,AUD_USD
n20_ema_k4_x1.0_tp0,62,0,62,0.27419354838709675,0.5012581127431627,1.3268597102024895,,6.210349462365592,0.27419354838709675,-2428.8000448645616,-0.024288000448645618,-2105.561310490326,0.0,-2105.561310490326,158.91285858221175,0.0,158.91285858221175,50.43267885505992,60.356084081547685,48.12409564560415,-164.3258757920905,0.0,-164.3258757920905,0.0,-2428.800044864628,-6.51395110355846,-1.1757532777539992e-05,0.0,-0.0002575061778371652,-0.0030761169080556483,0.06388088376560999,0.4169278996865204,-0.5780192983390032,0.03233152488330793,0.03233152488330793,-0.7511053869200267,-0.09514295781464305,0.019521284305862304,0.019521284305862304,0.36403262664572583,0.012134420888190861,0.0006507094768620768,0.0027511989700403916,-0.0026560469568397416,7.9808350444900755,False,USD_CAD
n20_ema_k4_x1.0_tp0,55,0,55,0.3090909090909091,0.5387134997250904,1.204183117032555,,6.397727272727273,0.3090909090909091,-2022.2615741002082,-0.020222615741002082,-1769.7850919124025,0.0,-1769.7850919124025,90.5971238936702,0.0,90.5971238936702,34.897889304910386,45.85171025173382,9.847524337025998,-161.8793582943589,0.0,-161.8793582943589,0.0,-2022.2615741004315,-7.009702751618563,-9.762177033703834e-06,0.0,-0.00021414708292238845,-0.0025565953064528024,0.056676272814601344,0.4419475655430712,-0.4879810685511695,0.027290515163356344,0.027290515163356344,-0.7410126052935597,-0.09368072721051476,0.013241947223826189,0.013241947223826189,0.22944042594466232,0.007648014198155411,0.0004413982407942062,0.0029118258562526034,-0.0025046393070025097,7.9808350444900755,False,EUR_JPY
n20_ema_k4_x1.0_tp0,53,0,53,0.41509433962264153,1.0542651571965516,1.485555448776959,,7.264150943396227,0.41509433962264153,249.81897757072875,0.0024981897757072875,769.2614569235365,0.0,769.2614569235365,97.1220194977196,0.0,97.1220194977196,45.45962767065351,36.904093551398226,14.758298275667876,-422.3204598550786,0.0,-422.3204598550786,0.0,249.81897757073824,1.4809367494972714,1.2947022019433665e-06,0.0,2.8126429492163136e-05,0.0003126821360561749,0.06340057636887608,0.4520547945205479,0.04680035030628271,0.01576252972385328,0.010913851938940344,0.15722416775257297,0.019837052905473423,0.012450898543665628,0.012450898543665628,0.34421102327231823,0.017210551163615914,0.0006225449271832815,0.0057615512804753966,-0.0031660336699265157,7.9808350444900755,False,AUD_JPY
n20_ema_k4_x1.0_tp0,30,0,30,0.26666666666666666,0.5616901972692552,1.5446480424904518,,7.577777777777778,0.26666666666666666,-1056.2202944688179,-0.010562202944688178,-928.8590364856631,0.0,-928.8590364856631,74.08067121943553,0.0,74.08067121943553,41.3114807656623,9.493950243702278,23.27524021007095,-53.28058676375623,0.0,-53.28058676375623,0.0,-1056.220294468855,-7.293105071310205,-5.986875975899091e-06,0.0,-0.00013056260635366143,-0.0015664205876207982,0.040793201133144476,0.4161849710982659,-0.39326791381713805,0.014622240934824782,0.005699384999252111,-0.720954372609517,-0.10712589093578416,0.007134663935400802,0.007134663935400802,0.22478233048348825,0.011239116524174414,0.00035673319677004007,0.0027180898624277194,-0.0023458250440652195,6.7734428473648185,False,XAU_USD
n20_ema_k4_x1.0_tp0,44,0,44,0.2727272727272727,0.5763837645278358,1.5370233720742288,,6.813446969696968,0.2727272727272727,-1568.369974987203,-0.01568369974987203,-1032.1275998259116,0.0,-1032.1275998259116,418.40989032124145,0.0,418.40989032124145,238.24778547200495,0.0,180.1621048492365,-117.8324848402027,0.0,-117.8324848402027,0.0,-1568.3699749873556,-1.9247408403992197,-7.5941543671756215e-06,0.0,-0.00016554932281300782,-0.0019787835096987116,0.050387596899224806,0.41935483870967744,-0.3349507409624261,0.023669729513254745,0.006568387067789727,-0.6606577198192344,-0.08359975168244395,0.007035351699932697,0.007035351699932697,0.11333571773663396,0.005666785886831698,0.00035176758499663486,0.004976086933356827,-0.0042393604241587335,7.9808350444900755,False,NAS100_USD
n20_ema_k4_x1.0_tp0,43,0,43,0.3023255813953488,0.5086939473740186,1.1739091093246585,,7.361434108527131,0.3023255813953488,-1601.1483992521535,-0.016011483992521534,-1115.356217883031,0.0,-1115.356217883031,326.38431828600994,0.0,326.38431828600994,168.82195274597802,0.0,157.56236554003195,-159.40786308298047,0.0,-159.40786308298047,0.0,-1601.1483992520211,-2.295953415182378,-7.742610125015507e-06,0.0,-0.00016916985025922386,-0.002020432846845166,0.050387596899224806,0.416,-0.31171028125624956,0.02224303735611599,0.004310347198238237,-0.7158772530832651,-0.09083439525356116,0.009521415503786159,0.009521415503786159,0.23390373685383012,0.011695186842691507,0.0004760707751893079,0.007346089273751133,-0.004293649143855438,7.9808350444900755,False,SPX500_USD
n20_ema_k4_x1.0_tp0,40,0,40,0.15,0.1736017868709582,0.9837434589354298,,8.576041666666665,0.15,-3865.0961982763984,-0.038650961982763986,-3458.9861120027695,0.0,-3458.9861120027695,115.04965457152261,0.0,115.04965457152261,57.524827285761305,0.0,57.524827285761305,-291.0604317021422,0.0,-291.0604317021422,0.0,-3865.0961982764343,-8.517360757378155,-1.9443519097796594e-05,0.0,-0.0004141062516284415,-0.004930245990096949,0.05294408708560119,0.3890909090909091,-0.8880971923679342,0.03939910509462463,0.03939910509462463,-0.9802477202315009,-0.12513598921234384,0.009431960968423036,0.009431960968423036,0.1587588979809796,0.007937944899048982,0.0004715980484211518,0.004354142636777247,-0.003208776922906331,7.975359342915811,False,UK100_GBP
n20_ema_k4_x1.0_tp0,38,0,38,0.3157894736842105,0.540671559831236,1.1714550463010114,,8.067982456140351,0.3157894736842105,-1767.9153835983016,-0.017679153835983015,-1376.0747511058905,0.0,-1376.0747511058905,303.7206476186358,0.0,303.7206476186358,166.6330634374997,0.0,137.08758418113612,-88.11998487378642,0.0,-88.11998487378642,0.0,-1767.915383598313,-3.5118225038402633,-8.603467934313751e-06,0.0,-0.00018702108775838427,-0.0022325205513926694,0.05048543689320388,0.41106719367588934,-0.410249909119614,0.029210771468004104,0.0063902966183883025,-0.5990081898059326,-0.076427990059696,0.007313326770680679,0.007313326770680679,0.14085808253402476,0.007042904126701238,0.000365666338534034,0.003428895705679613,-0.002933759271892211,7.9808350444900755,False,JP225_USD
n20_ema_k4_x1.0_tp0,50,0,50,0.38,0.6371755575736111,1.0396022255148394,,6.815833333333334,0.38,-1427.4387056626147,-0.014274387056626146,-1190.4478196312675,0.0,-1190.4478196312675,152.62685350926435,0.0,152.62685350926435,94.1229745132668,0.0,58.50387899599756,-90.40756151231888,0.0,-90.40756151231888,0.0,-1433.4822346528506,-4.898268500473676,-6.935340224037851e-06,0.0,-0.00015054325421264982,-0.0017998497300391048,0.057907542579075426,0.44569288389513106,-0.31546389176310025,0.01887472157037562,0.0113242117305834,-0.754429941299046,-0.09535768373208837,0.005567066494491738,0.005567066494491738,0.09947604769064769,0.009947604769064769,0.0005567066494491737,0.004841334533704389,-0.002941581268798399,7.9808350444900755,False,WTICO_USD
n20_ema_k4_x1.0_tp2,66,0,66,0.4696969696969697,1.313262064327416,1.4827152339180503,,7.618055555555556,0.4696969696969697,1140.8344005441613,0.011408344005441613,1362.5264943658199,0.0,1362.5264943658199,91.74659179359817,0.0,91.74659179359817,13.737694739801928,55.30008101428218,22.708816039514062,-129.94550202804754,0.0,-129.94550202804754,0.0,1140.8344005441743,6.1460310599167824,5.503080602788175e-06,0.0,0.00012091585418974856,0.001422385654088254,0.07012487992315082,0.45768025078369906,0.26426552614489385,0.009649621720252743,0.003978282681038947,1.1585012461981927,0.14740325531133866,0.01841160815020173,0.01841160815020173,0.2914309759366586,0.009714365864555288,0.000613720271673391,0.004486952092449981,-0.0019044946428438125,7.9808350444900755,False,EUR_USD
n20_ema_k4_x1.0_tp2,69,0,69,0.4927536231884058,1.2262395025496609,1.2623053702717097,,7.597222222222223,0.4927536231884058,793.2437470694858,0.007932437470694859,1005.5005721533985,0.0,1005.5005721533985,122.44016887402267,0.0,122.44016887402267,30.648907012886376,61.85372656773084,29.937535293405453,-98.2306304648887,0.0,-98.2306304648887,0.0,784.8297728144871,4.556563782637716,3.843119785228498e-06,0.0,8.462098138392925e-05,0.000990504559041705,0.0787704130643612,0.5109034267912772,0.19655840064866079,0.015743665755400982,0.005055154910590209,0.497495662631382,0.06291448093668434,0.02010383089368328,0.02010383089368328,0.3768702452981107,0.012562341509937023,0.0006701276964561092,0.003377648408733558,-0.00295331199653337,7.9808350444900755,False,GBP_USD
n20_ema_k4_x1.0_tp2,59,0,59,0.3559322033898305,0.8474086116805235,1.5334060592314236,,6.699858757062147,0.3559322033898305,-570.3315137705795,-0.005703315137705795,-201.41159125133663,0.0,-201.41159125133663,113.98546116026715,0.0,113.98546116026715,38.213983075385705,46.18553134984843,29.58594673503301,-308.26884860312003,0.0,-308.26884860312003,0.0,-623.6659010147239,-0.47699120315479754,-2.690917094850733e-06,0.0,-5.8811443308243463e-05,-0.0007164152683606373,0.06147934678194044,0.41830065359477125,-0.12729011685441546,0.01691494081442446,0.0025396502344506955,-0.33532754666974124,-0.04235399202518662,0.014187842885411573,0.014187842885411573,0.22242487122643712,0.011121243561321856,0.0007093921442705785,0.003529381873858428,-0.002492988712580302,7.9808350444900755,False,AUD_USD
n20_ema_k4_x1.0_tp2,67,0,67,0.3283582089552239,0.5478065452789141,1.120513388070506,,6.5,0.3283582089552239,-2204.41141877904,-0.0220441141877904,-1893.9375526374806,0.0,-1893.9375526374806,158.01841038149234,0.0,158.01841038149234,50.4942194570443,60.43327172562825,47.0909191988198,-152.45545576004275,0.0,-152.45545576004275,0.0,-2204.4114187790155,-6.10015128221483,-1.0659370731541112e-05,0.0,-0.00023336760817883664,-0.0027891337193288734,0.06388088376560999,0.4169278996865204,-0.5519481495538929,0.029609732540002986,0.029609732540002986,-0.7443778989202338,-0.09419651851163233,0.018619416241105344,0.018619416241105344,0.3587991526742207,0.011959971755807357,0.0006206472080368448,0.0028679357896106428,-0.0026560469568397416,7.9808350444900755,False,USD_CAD
n20_ema_k4_x1.0_tp2,62,0,62,0.3870967741935484,0.6180563944289355,0.9785892911791477,,6.620295698924731,0.3870967741935484,-1675.9176805284806,-0.016759176805284805,-1433.4531783969235,0.0,-1433.4531783969235,92.27372772478141,0.0,92.27372772478141,36.80840005247596,45.89785653586383,9.56747113644163,-150.19077440690356,0.0,-150.19077440690356,0.0,-1675.9176805286083,-5.912012545318491,-8.071358724867385e-06,0.0,-0.00017698079451582767,-0.0021154825713410874,0.056676272814601344,0.4419475655430712,-0.42059273879507475,0.02537446069372251,0.02537446069372251,-0.6604742070215082,-0.0833705431959957,0.01268079720352976,0.01268079720352976,0.2293370178531233,0.007644567261770777,0.00042269324011765864,0.0027085289879877905,-0.002441498011584664,7.9808350444900755,False,EUR_JPY
n20_ema_k4_x1.0_tp2,62,0,62,0.5,1.0321719235433715,1.0321719235433715,,6.967069892473118,0.5,148.1070557415951,0.001481070557415951,611.6620313541554,0.0,611.6620313541554,98.54170151039202,0.0,98.54170151039202,47.38377983298607,36.906690206232106,14.251231471173838,-365.01327410210524,0.0,-365.01327410210524,0.0,148.1070557416581,1.3195026772088112,7.732683638195546e-07,0.0,1.7141324103465752e-05,0.00018545829834559768,0.06340057636887608,0.4520547945205479,0.03472200993216401,0.014647888158497935,0.010252717850241547,0.1004406459947344,0.012661094646466461,0.01122263788175489,0.01122263788175489,0.34421102327231823,0.017210551163615914,0.0005611318940877445,0.004876817708062253,-0.0028926369152438847,7.9808350444900755,False,AUD_JPY
n20_ema_k4_x1.0_tp2,32,0,32,0.3125,0.5153678057406265,1.1338091726293782,,7.893229166666666,0.3125,-1166.6430972208618,-0.011666430972208618,-1042.879824360509,0.0,-1042.879824360509,73.6868569292708,0.0,73.6868569292708,41.27262855993302,9.485001994813546,22.929226374524244,-50.07641593112796,0.0,-50.07641593112796,0.0,-1166.6430972209077,-8.426407933934051,-6.622460661929037e-06,0.0,-0.0001444448111906929,-0.0017310042161177153,0.040793201133144476,0.4161849710982659,-0.4586854370192279,0.01631175845581956,0.005021672982169323,-0.7138786173878795,-0.1061200250608262,0.006793458996502218,0.006793458996502218,0.22478233048348828,0.011239116524174414,0.00033967294982511093,0.0027180898624274974,-0.0023458250440652195,6.7734428473648185,False,XAU_USD
n20_ema_k4_x1.0_tp2,50,0,50,0.36,0.7162249469478013,1.273288794573869,,6.852499999999999,0.36,-1051.9531135881552,-0.010519531135881553,-536.814893320559,0.0,-536.814893320559,408.4647263484448,0.0,408.4647263484448,233.85915318465922,0.0,174.60557316378558,-106.67349391911719,0.0,-106.67349391911719,0.0,-1051.953113588121,-1.0420793336626006,-5.0770960781112015e-06,0.0,-0.00011038042349134431,-0.001324203422979231,0.050387596899224806,0.41935483870967744,-0.26399949842928533,0.020059403438894674,0.005571392709538214,-0.523272859544618,-0.06601409792734086,0.006539861372990954,0.006539861372990954,0.11333571773663405,0.0056667858868317015,0.0003269930686495477,0.003673306943745125,-0.0021239937405848064,7.9808350444900755,False,NAS100_USD
n20_ema_k4_x1.0_tp2,49,0,49,0.3877551020408163,0.6595533504682992,1.0414000270552093,,7.072278911564625,0.3877551020408163,-1112.1866200732475,-0.011121866200732475,-634.5013392979155,0.0,-634.5013392979155,320.736216410474,0.0,320.736216410474,169.17112310004487,0.0,151.56509331042915,-156.94906436483706,0.0,-156.94906436483706,0.0,-1112.1866200732265,-1.3282832124701076,-5.3596223866384045e-06,0.0,-0.00011691000862544995,-0.0014003977718162197,0.050387596899224806,0.416,-0.24738665367804807,0.017427649393524924,0.0032576155427665103,-0.6346302925938215,-0.08035494289531232,0.00870612017786473,0.00870612017786473,0.14087493858274844,0.0070437469291374216,0.0004353060088932365,0.00653197017349294,-0.0028771312730866416,7.9808350444900755,False,SPX500_USD
n20_ema_k4_x1.0_tp2,41,0,41,0.17073170731707318,0.20133108451572057,0.9778938390763571,,8.483739837398373,0.17073170731707318,-3736.6967844130268,-0.03736696784413027,-3332.8972706039135,0.0,-3332.8972706039135,114.70017308682921,0.0,114.70017308682921,57.5498275641014,0.0,57.15034552272781,-289.09934072230465,0.0,-289.09934072230465,0.0,-3736.696784413047,-8.253841712596248,-1.8784378272688904e-05,0.0,-0.0004000544226182357,-0.004763700955924266,0.05294408708560119,0.3890909090909091,-0.867193567499927,0.038116110188665564,0.038116110188665564,-0.9795828550551052,-0.12497867522013904,0.009363144217316136,0.009363144217316136,0.1587588979809796,0.007937944899048982,0.0004681572108658067,0.004354142636777247,-0.003208776922906331,7.975359342915811,False,UK100_GBP
n20_ema_k4_x1.0_tp2,43,0,43,0.3953488372093023,0.5869947810555248,0.8977567239672731,,7.9563953488372094,0.3953488372093023,-1589.781463784253,-0.01589781463784253,-1201.814445976002,0.0,-1201.814445976002,299.3504986659583,0.0,299.3504986659583,166.73879409524523,0.0,132.61170457071307,-88.61651914231922,0.0,-88.61651914231922,0.0,-1589.7814637842794,-3.097723236282691,-7.736066603765534e-06,0.0,-0.00016792646030154495,-0.002005988272812287,0.05048543689320388,0.41106719367588934,-0.41721741045156685,0.0238906369367734,0.0050715729671035326,-0.6610404186423403,-0.08396545802111251,0.006510564031650489,0.006510564031650489,0.14085808253402476,0.007042904126701238,0.00032552820158252444,0.0034288957056798353,-0.0029337592718921,7.9808350444900755,False,JP225_USD
n20_ema_k4_x1.0_tp2,55,0,55,0.43636363636363634,0.7146812834961108,0.9231299911824764,,6.869696969696969,0.43636363636363634,-1123.162301369739,-0.01123162301369739,-892.5670864510785,0.0,-892.5670864510785,151.32817889235739,0.0,151.32817889235739,94.2812012263996,0.0,57.046977665957776,-85.32922034279731,0.0,-85.32922034279731,0.0,-1129.224485686233,-3.7715579117143045,-5.441040957627342e-06,0.0,-0.00011805769403005571,-0.001414286192110037,0.057907542579075426,0.44569288389513106,-0.2594567281606725,0.016032808151157374,0.009903255020974278,-0.698974899123944,-0.08821200745222806,0.005347473001255012,0.005347473001255012,0.09947604769064766,0.009947604769064767,0.0005347473001255011,0.004720501168640423,-0.002941581268798066,7.9808350444900755,False,WTICO_USD
n20_d1_k2_x0.5_tp0,91,0,91,0.42857142857142855,1.8830927587209687,2.5107903449612916,,4.08470695970696,0.42857142857142855,3148.1333014430857,0.03148133301443086,3447.8586436404817,0.0,3447.8586436404817,153.66437917639274,0.0,153.66437917639274,23.744100592841065,90.96091500054912,38.95936358300256,-146.06096302094403,0.0,-146.06096302094403,0.0,3148.133301443145,11.503393801684073,1.4963675049386575e-05,0.0,0.00032826524510309993,0.0038913503770066082,0.05523535062439962,0.42592592592592593,0.6088768559073834,0.007358521703907495,0.0028233247297135017,4.130723763267944,0.5288223006721905,0.01756512680837641,0.01756512680837641,0.42866390655759234,0.014288796885253079,0.0005855042269458803,0.005423006027425625,-0.003839513273108275,7.9808350444900755,False,EUR_USD
n20_d1_k2_x0.5_tp0,101,0,101,0.39603960396039606,0.7539133974561861,1.149717931120684,,3.337871287128713,0.39603960396039606,-1044.0604777812114,-0.010440604777812114,-766.1443308591981,0.0,-766.1443308591981,194.19593863512492,0.0,194.19593863512492,44.476079565631196,99.5311732380192,50.188685831474515,-83.72020828678144,0.0,-83.72020828678144,0.0,-1044.0604777811045,-2.7567463760012565,-5.004925508437941e-06,0.0,-0.00010998840766417965,-0.0013142223811106746,0.053794428434197884,0.42748091603053434,-0.295493808703025,0.016346116696605906,0.004427883999710455,-0.634909032217507,-0.08039966956699622,0.01662799883371711,0.01662799883371711,0.4500550837381058,0.015001836124603528,0.0005542666277905704,0.002834858929785966,-0.0020200817575871666,7.9808350444900755,False,GBP_USD
n20_d1_k2_x0.5_tp0,86,0,86,0.3372093023255814,0.9853637770938581,1.9367494929086175,,3.3924418604651163,0.3372093023255814,-65.02664375877066,-0.0006502664375877066,411.9637350237034,0.0,411.9637350237034,171.98849898910908,0.0,171.98849898910908,53.896711404348416,71.3754467624905,46.71634082227015,-305.0018797931959,0.0,-305.0018797931959,0.0,-65.02664375860155,0.8636730494971278,-2.414371176558537e-07,0.0,-5.2629036127372965e-06,-8.150167758114168e-05,0.04851104707012488,0.45089285714285715,-0.010164466548838257,0.020762775260913857,0.006418529001330368,-0.030846660398052835,-0.00392537493456231,0.012816707156597424,0.012816707156597424,0.40809280608909476,0.02040464030445474,0.0006408353578298712,0.005762230000462498,-0.0038323334282741595,7.9808350444900755,False,AUD_USD
n20_d1_k2_x0.5_tp0,98,0,98,0.2653061224489796,0.4374253322992344,1.2113316894440338,,2.7278911564625856,0.2653061224489796,-2893.6837275698053,-0.028936837275698055,-2520.703758009877,0.0,-2520.703758009877,258.22131935107336,0.0,258.22131935107336,84.54200863076414,96.2978159632957,77.38149475701351,-114.75865020889673,0.0,-114.75865020889673,0.0,-2893.683727569847,-6.7582818481746445,-1.4066492200548335e-05,0.0,-0.0003085306327721649,-0.0036725243487243375,0.042747358309317966,0.3617886178861789,-0.8202691849178034,0.02927120227378177,0.02927120227378177,-0.9884297396711774,-0.12546544260034784,0.01349732200477779,0.01349732200477779,0.41193717585882716,0.01373123919529424,0.00044991073349259303,0.0026116401784437304,-0.002906877400403296,7.9808350444900755,False,USD_CAD
n20_d1_k2_x0.5_tp0,89,0,89,0.3707865168539326,1.071871801731379,1.8189339665744615,,3.1343632958801497,0.3707865168539326,305.1054488236405,0.0030510544882364045,703.4008794923091,0.0,703.4008794923091,169.64853293631845,0.0,169.64853293631845,68.3739189290268,83.80843829292075,17.466175714370905,-228.64689773211992,0.0,-228.64689773211992,0.0,305.1054488238707,1.766027991613733,1.5448522122570854e-06,0.0,3.3513879481147776e-05,0.00038178849146608407,0.0446685878962536,0.42081447963800905,0.060635853446356636,0.014739144042302588,0.004167156423644958,0.20520474420795262,0.0259030300789733,0.012198376965183102,0.012198376965183102,0.42733736661950716,0.014244578887316905,0.0004066125655061034,0.007643075785406683,-0.00478698783581033,7.9808350444900755,False,EUR_JPY
n20_d1_k2_x0.5_tp0,85,0,85,0.23529411764705882,0.733817358258376,2.384906414339722,,3.124999999999999,0.23529411764705882,-1332.013704509358,-0.01332013704509358,-821.4897146024311,0.0,-821.4897146024311,156.0730988096397,0.0,156.0730988096397,73.23476287453184,59.1778206003098,23.660515334798056,-354.4508910972596,0.0,-354.4508910972596,0.0,-1332.0137045093306,-1.6091108955570148,-6.384549253655534e-06,0.0,-0.000140106779619434,-0.0016788201217869947,0.043227665706051875,0.3964757709251101,-0.3021983734483556,0.025579776002127463,0.006246646142602286,-0.5146712578914354,-0.06563075930169864,0.00931607858874204,0.00931607858874204,0.34991102155387865,0.017495551077693933,0.000465803929437102,0.004905479289327497,-0.0035308327821530483,7.9808350444900755,False,AUD_JPY
n20_d1_k2_x0.5_tp0,49,0,49,0.3469387755102041,0.6607634396530824,1.2437900040528609,,3.8605442176870746,0.3469387755102041,-748.6329344765545,-0.007486329344765545,-581.8665837273142,0.0,-581.8665837273142,114.6248126742176,0.0,114.6248126742176,60.65133919278413,15.490531604231773,38.482941877201704,-52.14153807502667,0.0,-52.14153807502667,0.0,-748.6329344765585,-3.4891126484036885,-4.229681490871548e-06,0.0,-9.245639328950387e-05,-0.0011087900138097018,0.03456090651558073,0.41496598639455784,-0.28459034855040755,0.01368461381944297,0.005024504459183936,-0.5453679384963801,-0.08102457463829511,0.005636101124130679,0.005636101124130679,0.2276872866697938,0.01138436433348969,0.000281805056206534,0.0027232766627052207,-0.0025511231525752187,6.7734428473648185,False,XAU_USD
n20_d1_k2_x0.5_tp0,75,0,75,0.29333333333333333,0.932278158406421,2.245942836160923,,3.436111111111112,0.29333333333333333,-243.31716596763,-0.0024331716596762997,524.4627248284023,0.0,524.4627248284023,663.9501332960299,0.0,663.9501332960299,362.15461816147064,0.0,301.79551513455925,-103.82975750004229,0.0,-103.82975750004229,0.0,-243.31716596766987,0.6830899468916976,-1.0732583618591063e-06,0.0,-2.4699496543224623e-05,-0.0003052017543605512,0.04263565891472868,0.42718446601941745,-0.03679535714910081,0.01567138979479976,0.00904235489470003,-0.15421154199520246,-0.019475091766387325,0.006036354881976794,0.006036354881976794,0.18253682230318707,0.009126841115159353,0.00030181774409883974,0.009934398403829592,-0.008422024848087406,7.9808350444900755,False,NAS100_USD
n20_d1_k2_x0.5_tp0,77,0,77,0.2857142857142857,0.7110127408773906,1.7775318521934766,,3.383658008658009,0.2857142857142857,-1069.12850992335,-0.0106912850992335,-391.1297364952661,0.0,-391.1297364952661,573.8444299955922,0.0,573.8444299955922,286.9222149977961,0.0,286.9222149977961,-104.15434343235863,0.0,-104.15434343235863,0.0,-1069.128509923217,-0.5768885606056785,-5.124687256644659e-06,0.0,-0.00011233371024106375,-0.0013459258678329977,0.03972868217054264,0.4120603015075377,-0.19937984205567308,0.019556066504976988,0.00527751836451168,-0.5421106913939633,-0.06882395636619776,0.00816377008934527,0.00816377008934527,0.2818363200043757,0.014091816000218785,0.0004081885044672635,0.008876022361426816,-0.004817863992890747,7.9808350444900755,False,SPX500_USD
n20_d1_k2_x0.5_tp0,85,0,85,0.21176470588235294,0.4178412780998439,1.5552980907049745,,4.587254901960785,0.21176470588235294,-3744.6428691475157,-0.03744642869147516,-3157.162123421454,0.0,-3157.162123421454,276.11244741397894,0.0,276.11244741397894,138.05622370698947,0.0,138.05622370698947,-311.3682983123104,0.0,-311.3682983123104,0.0,-3744.642869147743,-5.374069101649153,-1.8768580629819094e-05,0.0,-0.0004003892824677455,-0.004774002066684657,0.056407718951014346,0.38513513513513514,-0.6189877409207009,0.04028059063284173,0.013894693555948967,-0.9276131278671376,-0.11851867094501586,0.01277122801011015,0.01277122801011015,0.3153275620864834,0.01576637810432417,0.0006385614005055074,0.008703531342632465,-0.006382824080775618,7.975359342915811,False,UK100_GBP
n20_d1_k2_x0.5_tp0,78,0,78,0.2948717948717949,0.6934142488364792,1.6581645080872327,,4.200854700854702,0.2948717948717949,-1490.9333833199344,-0.014909333833199343,-796.3404013090302,0.0,-796.3404013090302,614.202599620724,0.0,614.202599620724,330.72447671885135,0.0,283.47812290187255,-80.39038239000703,0.0,-80.39038239000703,0.0,-1490.9333833197613,-1.1464849515233473,-7.214557999197273e-06,0.0,-0.00015728916737465937,-0.0018804382086886617,0.05145631067961165,0.4076923076923077,-0.2908794156681927,0.02667021056842722,0.011858248148069425,-0.5567081114371922,-0.07050706269693895,0.008317392535496715,0.008317392535496715,0.17582417488440583,0.008791208744220291,0.0004158696267748357,0.0034427408620352207,-0.003392671829299587,7.9808350444900755,False,JP225_USD
n20_d1_k2_x0.5_tp0,92,0,92,0.32608695652173914,0.7688985370220841,1.589056976512307,,3.294384057971014,0.32608695652173914,-1132.9419048451673,-0.011329419048451674,-778.5841836466136,0.0,-778.5841836466136,281.3681649780817,0.0,281.3681649780817,171.04913259279402,0.0,110.31903238528773,-76.03118588182811,0.0,-76.03118588182811,0.0,-1135.9835345065235,-2.1784711745371803,-5.475845870985705e-06,0.0,-0.00011899340483672612,-0.001426662254185529,0.049635036496350364,0.42323651452282157,-0.23432690698655975,0.020677603969277092,0.020677603969277092,-0.5479077297971753,-0.06899553044469138,0.004831173797881875,0.004831173797881875,0.13184946423498325,0.013184946423498324,0.0004831173797881874,0.007837754100491923,-0.004649601536053094,7.9808350444900755,False,WTICO_USD
n20_d1_k2_x0.5_tp2,119,0,119,0.5462184873949579,1.74108148023824,1.4464369220440763,,3.8256302521008405,0.5462184873949579,2681.0890405423706,0.026810890405423705,2960.2135415350367,0.0,2960.2135415350367,153.70630774275062,0.0,153.70630774275062,24.058323793757918,92.45609987667895,37.19188407231376,-125.41819324997589,0.0,-125.41819324997589,0.0,2681.08904054231,10.605351844810553,1.276536244270598e-05,0.0,0.0002800355329701786,0.0033206651191926007,0.05523535062439962,0.42592592592592593,0.597569091072895,0.006402862717091895,0.0022375917436744386,4.062634810485614,0.5186219455132731,0.015165593306983038,0.015165593306983038,0.3292192418721579,0.010973974729071929,0.0005055197768994346,0.003962604933740677,-0.002879674466098936,7.9808350444900755,False,EUR_USD
n20_d1_k2_x0.5_tp2,117,0,117,0.4700854700854701,0.843568170173539,0.9509313918319895,,3.3554131054131053,0.4700854700854701,-665.505772966033,-0.006655057729660329,-388.14025270032903,0.0,-388.14025270032903,193.86334867592598,0.0,193.86334867592598,44.79462516736906,100.32118743166056,48.74753607689634,-83.50217158958428,0.0,-83.50217158958428,0.0,-665.5057729658392,-1.3993817700512263,-3.173933692435334e-06,0.0,-6.978545549034309e-05,-0.0008363170987167878,0.05427473583093179,0.4312977099236641,-0.1954087117569272,0.014418268604536544,0.0033270954985876854,-0.4579639317089609,-0.05800398935928064,0.015545177814344224,0.015545177814344224,0.4500550837381059,0.01500183612460353,0.0005181725938114741,0.0027733867890895603,-0.0020200817575870555,7.9808350444900755,False,GBP_USD
n20_d1_k2_x0.5_tp2,108,0,108,0.46296296296296297,0.9818007853888148,1.1388889110510252,,3.23804012345679,0.46296296296296297,-81.25268442608649,-0.0008125268442608649,342.23509556990183,0.0,342.23509556990183,171.12356349689358,0.0,171.12356349689358,55.37024898569809,71.76186162074657,43.99145289044892,-252.36421649914206,0.0,-252.36421649914206,0.0,-81.25268442613381,0.8081345241487382,-3.419354267994512e-07,0.0,-7.718490429682079e-06,-0.0001018459503021596,0.04851104707012488,0.45089285714285715,-0.017420845274385793,0.016545739752240163,0.0049925569748365635,-0.04858229653235354,-0.006155418363108876,0.011129958329485287,0.011129958329485287,0.3425196882781574,0.017125984413907867,0.0005564979164742644,0.0047584930512174495,-0.001918172353133074,7.9808350444900755,False,AUD_USD
n20_d1_k2_x0.5_tp2,113,0,113,0.34513274336283184,0.5187377069632194,0.9842715465455958,,2.674410029498525,0.34513274336283184,-2501.943596621408,-0.025019435966214077,-2136.5920659183125,0.0,-2136.5920659183125,259.4018331844843,0.0,259.4018331844843,85.75978570620212,97.83110326815594,75.81094421012625,-105.94969751863033,0.0,-105.94969751863033,0.0,-2501.943596621427,-5.848044653888453,-1.2136483012505893e-05,0.0,-0.0002661496761434585,-0.003169789059400352,0.042747358309317966,0.3617886178861789,-0.7458729100112708,0.02535514983832743,0.02535514983832743,-0.9866125512807498,-0.1250155916889446,0.012684373734654218,0.012684373734654218,0.4119371758588272,0.013731239195294242,0.00042281245782180727,0.002462444147485199,-0.00290687740040374,7.9808350444900755,False,USD_CAD
n20_d1_k2_x0.5_tp2,115,0,115,0.48695652173913045,1.114711559021793,1.1744282496836749,,3.0137681159420286,0.48695652173913045,491.8435694681539,0.0049184356946815385,852.0651137116264,0.0,852.0651137116264,168.5537845443844,0.0,168.5537845443844,66.87257147891808,84.93870703958203,16.74250602588429,-191.66775969907903,0.0,-191.66775969907903,0.0,491.84356946816297,2.365391874328705,2.4071010712628233e-06,0.0,5.272187555740788e-05,0.0006149592285216166,0.04562920268972142,0.4298642533936652,0.12012499588066487,0.014322503590826985,0.002506645999595582,0.3401971108659864,0.042936573527234054,0.010828352330076249,0.010828352330076249,0.4273373666195068,0.014244578887316893,0.0003609450776692083,0.00446608698582418,-0.0024053905898359096,7.9808350444900755,False,EUR_JPY
n20_d1_k2_x0.5_tp2,107,0,107,0.3925233644859813,0.7688271361644933,1.1898515202545727,,3.199376947040499,0.3925233644859813,-1150.6190502910758,-0.011506190502910758,-684.1592869470784,0.0,-684.1592869470784,157.430553125659,0.0,157.430553125659,75.12412098385032,59.74797691230188,22.558455229506805,-309.02921021850295,0.0,-309.02921021850295,0.0,-1150.6190502912405,-1.46670589986621,-5.518560717181685e-06,0.0,-0.00012093382087495482,-0.0014490353518468169,0.043707973102785784,0.4008810572687225,-0.3097148360071531,0.021570759711703302,0.0057869196936250105,-0.5287129439722451,-0.06717590716383702,0.008145107979193334,0.008145107979193334,0.34991102155387865,0.017495551077693933,0.0004072553989596668,0.0037994094240181298,-0.0035308327821528263,7.9808350444900755,False,AUD_JPY
n20_d1_k2_x0.5_tp2,59,0,59,0.4406779661016949,0.7614992764963515,0.9665183124761386,,3.8100282485875705,0.4406779661016949,-532.4544427023648,-0.005324544427023648,-371.0252586273634,0.0,-371.0252586273634,112.21436692079386,0.0,112.21436692079386,59.46646650640846,15.549483725734028,37.19841668865138,-49.21481715420982,0.0,-49.21481715420982,0.0,-532.4544427023671,-2.2983778351687425,-2.998588514027041e-06,0.0,-6.55630070375197e-05,-0.0007878809964078082,0.03456090651558073,0.41496598639455784,-0.2078456055445012,0.012992772698554589,0.004695731746727587,-0.40850513261083854,-0.06063994304275467,0.00525418791137664,0.00525418791137664,0.2276872866697939,0.011384364333489695,0.000262709395568832,0.0027947867773818746,-0.0025511231525751077,6.7734428473648185,False,XAU_USD
n20_d1_k2_x0.5_tp2,90,0,90,0.4111111111111111,0.9032588486858584,1.2938572697392028,,3.253240740740741,0.4111111111111111,-347.27699582491186,-0.0034727699582491186,386.0460260464647,0.0,386.0460260464647,649.3730268347938,0.0,649.3730268347938,361.87226647365156,0.0,287.50076036114217,-83.94999503655613,0.0,-83.94999503655613,0.0,-347.2769958248852,0.526433801384447,-1.633169199294779e-06,0.0,-3.5897438885786714e-05,-0.00043580100468287863,0.04263565891472868,0.42718446601941745,-0.08010828732668943,0.015316997684159284,0.008175514990959032,-0.22596622946549308,-0.02845211663990656,0.005221045890444963,0.005221045890444963,0.18253682230318696,0.009126841115159347,0.0002610522945222481,0.005543176767474511,-0.004235848164758638,7.9808350444900755,False,NAS100_USD
n20_d1_k2_x0.5_tp2,93,0,93,0.40860215053763443,0.7216774953887615,1.0445332170100494,,3.3239247311827955,0.40860215053763443,-1029.3285816747666,-0.010293285816747665,-365.1446999930506,0.0,-365.1446999930506,563.509877185137,0.0,563.509877185137,288.9454238424332,0.0,274.56445334270387,-100.67400449645248,0.0,-100.67400449645248,0.0,-1029.3285816746402,-0.5497644704484131,-4.9594710559705094e-06,0.0,-0.00010821872220934582,-0.0012955942607030257,0.03972868217054264,0.4120603015075377,-0.2406637843869665,0.01706390761258858,0.003958310373891133,-0.5996321063520063,-0.0759260006627805,0.007133751737034354,0.007133751737034354,0.25641957963944984,0.012820978981972491,0.0003566875868517177,0.007040885736725011,-0.003162800945868738,7.9808350444900755,False,SPX500_USD
n20_d1_k2_x0.5_tp2,97,0,97,0.30927835051546393,0.4541149799471761,1.0141901218820266,,4.666237113402062,0.30927835051546393,-3511.649146489275,-0.03511649146489275,-2954.0533924551974,0.0,-2954.0533924551974,270.93583088482694,0.0,270.93583088482694,138.07435553461175,0.0,132.86147535021516,-286.6599231492724,0.0,-286.6599231492724,0.0,-3511.6491464892965,-5.297840543230794,-1.761573984870236e-05,0.0,-0.00037510619397703083,-0.00447226303096393,0.056407718951014346,0.38513513513513514,-0.734889543185496,0.038409590078672506,0.013271026704559227,-0.9122707652467691,-0.1164361041553323,0.011363798915005956,0.011363798915005956,0.3153275620864834,0.01576637810432417,0.0005681899457502978,0.006243214908387973,-0.003201008888099488,7.975359342915811,False,UK100_GBP
n20_d1_k2_x0.5_tp2,94,0,94,0.4148936170212766,0.6891724122759771,0.9719098121840704,,3.898936170212767,0.4148936170212766,-1512.02617043574,-0.0151202617043574,-840.7176070695069,0.0,-840.7176070695069,598.3622068270959,0.0,598.3622068270959,330.8058411977033,0.0,267.55636562939264,-72.94635653919488,0.0,-72.94635653919488,0.0,-1512.0261704357977,-1.2523564467190929,-7.345442668767956e-06,0.0,-0.00015966108971486928,-0.001907219571399832,0.051941747572815535,0.4115384615384615,-0.36671431443938557,0.024833898583553005,0.007364695094438512,-0.6070357372283331,-0.07679904002921818,0.007068126746568836,0.007068126746568836,0.15770954722569594,0.007885477361284797,0.00035340633732844183,0.0029679728670224392,-0.003315675162569809,7.9808350444900755,False,JP225_USD
n20_d1_k2_x0.5_tp2,114,0,114,0.42105263157894735,0.7631539375021594,1.0493366640654693,,3.236476608187134,0.42105263157894735,-1185.3302092373342,-0.011853302092373341,-844.0868386963019,0.0,-844.0868386963019,279.3570116031337,0.0,279.3570116031337,172.22971108710564,0.0,107.12730051602804,-64.92535937641566,0.0,-64.92535937641566,0.0,-1188.3692096758512,-2.4517283190966563,-5.751482751092589e-06,0.0,-0.00012479690396792695,-0.0014929777513664755,0.051094890510948905,0.43568464730290457,-0.2857259720115859,0.019947452328998194,0.019947452328998194,-0.594226365195612,-0.07484553549708652,0.004344575927136857,0.004344575927136857,0.13184946423498325,0.013184946423498324,0.0004344575927136856,0.006292980626533051,-0.0024112194166922007,7.9808350444900755,False,WTICO_USD
n20_d1_k2_x1.0_tp0,84,0,84,0.39285714285714285,1.8659202702305808,2.883694963083625,,7.019841269841268,0.39285714285714285,3604.5254438759002,0.036045254438759,3967.064341505989,0.0,3967.064341505989,142.72721960113742,0.0,142.72721960113742,22.083186223097446,84.43329977332688,36.2107336047131,-219.81167802886952,0.0,-219.81167802886952,0.0,3604.525443875982,10.942451602957705,1.7124017119155883e-05,0.0,0.00037561317654200363,0.004446840399067842,0.07684918347742556,0.4584527220630373,0.5644506795580124,0.008780984564757732,0.0036015245717681763,3.9394522670603855,0.5064170613526787,0.02776110953335479,0.02776110953335479,0.4290719538552534,0.01430239846184178,0.0009253703177784931,0.005683674754051848,-0.003780662877677421,7.9808350444900755,False,EUR_USD
n20_d1_k2_x1.0_tp0,94,0,94,0.2978723404255319,0.8865613576602563,2.089751771627747,,5.554964539007093,0.2978723404255319,-591.4210160056828,-0.005914210160056828,-279.9463585100051,0.0,-279.9463585100051,180.4727520684149,0.0,180.4727520684149,41.114286137097785,92.76113068458203,46.5973352467351,-131.001905427296,0.0,-131.001905427296,0.0,-591.4210160057161,-0.8987773219201952,-2.780137211785179e-06,0.0,-6.034730292751443e-05,-0.0007429754503930353,0.07540826128722382,0.4604105571847507,-0.1188214722638426,0.030494724844005394,0.011538583956836823,-0.19208192063405288,-0.024364064742138123,0.02551606336715715,0.02551606336715715,0.4500550837381058,0.015001836124603526,0.0008505354455719049,0.003689191848984086,-0.002960025514266773,7.9808350444900755,False,GBP_USD
n20_d1_k2_x1.0_tp0,83,0,83,0.3253012048192771,1.3113860740023724,2.7199118571901053,,5.8298192771084345,0.3253012048192771,1623.5522993736959,0.01623552299373696,2158.7869100164326,0.0,2158.7869100164326,163.0571217447578,0.0,163.0571217447578,48.31438501264095,69.82227537532528,44.92046135679159,-481.1333147507159,0.0,-481.1333147507159,0.0,1514.5964735209589,3.3511626185583725,7.898272035087478e-06,0.0,0.00017335394065745024,0.0020200138206101226,0.06628242074927954,0.45695364238410596,0.21950396728358013,0.019506399853333023,0.006392257903886817,0.8112786550922589,0.10355646535488026,0.020232397561523903,0.020232397561523903,0.40809280608909476,0.020404640304454737,0.0010116198780761954,0.009934359395324499,-0.005416953277492698,7.9808350444900755,False,AUD_USD
n20_d1_k2_x1.0_tp0,95,0,95,0.22105263157894736,0.4772229294971436,1.6816427039423156,,4.722368421052633,0.22105263157894736,-3269.0256423604296,-0.0326902564236043,-2833.9785828420386,0.0,-2833.9785828420386,243.95309562034345,0.0,243.95309562034345,76.71155282098987,92.83240887040223,74.40913392895135,-191.09396389817132,0.0,-191.09396389817132,0.0,-3269.0256423605533,-6.514188570722727,-1.5889344748283086e-05,0.0,-0.0003483645316157559,-0.00415588208877693,0.06724303554274735,0.40816326530612246,-0.6543429338705863,0.03429274432375884,0.03429274432375884,-0.9531283519686415,-0.12118837878768526,0.022413757907783365,0.022413757907783365,0.4119371758588271,0.013731239195294238,0.0007471252635927789,0.0052094509325675276,-0.004907000222007185,7.9808350444900755,False,USD_CAD
n20_d1_k2_x1.0_tp0,87,0,87,0.28735632183908044,0.728705946537826,1.8071907474138087,,4.8821839080459775,0.28735632183908044,-1440.964501896815,-0.014409645018968149,-962.9887489530106,0.0,-962.9887489530106,157.82127022683687,0.0,157.82127022683687,59.85307974060734,81.10024897821404,16.867941508015477,-320.15448271698557,0.0,-320.15448271698557,0.0,-1440.964501896833,-2.0147230126675333,-6.86483470594745e-06,0.0,-0.00015099673724756506,-0.0018170130840283738,0.06147934678194044,0.4444444444444444,-0.23590618120223647,0.02117153401299443,0.008506007848217681,-0.6792052477093428,-0.0858234024475103,0.01823880036805777,0.01823880036805777,0.4284752444035096,0.014282508146783652,0.0006079600122685924,0.00766327812719747,-0.005033951331214426,7.9808350444900755,False,EUR_JPY
n20_d1_k2_x1.0_tp0,82,0,82,0.2804878048780488,1.0888051876873235,2.7930220031979163,,5.6224593495934965,0.2804878048780488,505.99557467932755,0.005059955746793275,1234.4060677217603,0.0,1234.4060677217603,147.03910712732716,0.0,147.03910712732716,66.88766524993095,57.218528077419926,22.9329137999763,-581.371385915101,0.0,-581.371385915101,0.0,505.9955746793323,1.6946571740968306,2.540914235209434e-06,0.0,5.560256786252739e-05,0.0006326146900952345,0.06484149855907781,0.421875,0.08342622321391735,0.018233097667883613,0.007680442321893577,0.27233178091849103,0.034695952471616665,0.015609653542111452,0.015609653542111452,0.35009928502479065,0.01750496425123953,0.0007804826771055727,0.006878368624567921,-0.0035308327821529373,7.9808350444900755,False,AUD_JPY
n20_d1_k2_x1.0_tp0,47,0,47,0.3191489361702128,0.8725487408144483,1.8614373137374898,,6.461879432624113,0.3191489361702128,-378.7520555075753,-0.0037875205550757527,-204.862948847138,0.0,-204.862948847138,110.3614670562975,0.0,110.3614670562975,58.71858921487685,14.810931757591689,36.83194608382896,-63.52763960422389,0.0,-63.52763960422389,0.0,-378.7520555076594,-1.1781241089879535,-2.095470385272603e-06,0.0,-4.552446293920666e-05,-0.0005600768612000762,0.04589235127478754,0.42408376963350786,-0.10069590929686394,0.020388008241930433,0.006112742971213299,-0.18318301955280408,-0.027470896350150063,0.0090613827609275,0.0090613827609275,0.22768728666979385,0.011384364333489692,0.0004530691380463749,0.004290828432339744,-0.002340138636461986,6.7734428473648185,False,XAU_USD
n20_d1_k2_x1.0_tp0,74,0,74,0.25675675675675674,0.6399016432294884,1.8523468619800978,,5.230292792792793,0.25675675675675674,-1814.1662799102633,-0.018141662799102634,-977.1392827451156,0.0,-977.1392827451156,681.2835516817438,0.0,681.2835516817438,385.9241544230653,0.0,295.35939725867854,-155.74344548342853,0.0,-155.74344548342853,0.0,-1814.166279910288,-1.1673927914565156,-8.738851323037103e-06,0.0,-0.00019158987028518738,-0.0022913964094730677,0.05571705426356589,0.4275092936802974,-0.2704600291026346,0.030532272852064613,0.008330400203825639,-0.5898553952240502,-0.07504834050761215,0.008781323662103999,0.008781323662103999,0.18224193486880885,0.009112096743440443,0.0004390661831052,0.009934398403829814,-0.008422024848087628,7.9808350444900755,False,NAS100_USD
n20_d1_k2_x1.0_tp0,76,0,76,0.2236842105263158,0.4577759321727252,1.588751764599458,,5.286184210526317,0.2236842105263158,-2819.316990995343,-0.02819316990995343,-2070.0284034699766,0.0,-2070.0284034699766,572.6719965561437,0.0,572.6719965561437,291.93237907995143,0.0,280.7396174761922,-176.61659096920354,0.0,-176.61659096920354,0.0,-2819.316990995324,-2.7626583908165436,-1.373667657469698e-05,0.0,-0.0002998682984241195,-0.0035769503841360795,0.0562015503875969,0.4233576642335766,-0.44670310390070533,0.03300358845444684,0.010892675398066399,-0.8502345811353339,-0.10838065045784825,0.012423205960503642,0.012423205960503642,0.28188275851561,0.014094137925780499,0.0006211602980251822,0.008872900957263896,-0.004299714294269563,7.9808350444900755,False,SPX500_USD
n20_d1_k2_x1.0_tp0,82,0,82,0.15853658536585366,0.3229975779394156,1.7143717598322823,,6.570630081300813,0.15853658536585366,-5095.803330397437,-0.05095803330397437,-4431.1428979527145,0.0,-4431.1428979527145,266.88529602700703,0.0,266.88529602700703,133.44264801350351,0.0,133.44264801350351,-397.7751364175699,0.0,-397.7751364175699,0.0,-5095.803330397292,-6.666777021245668,-2.5728907265155742e-05,0.0,-0.0005487352950600824,-0.006536524906911478,0.07669470559129143,0.40575916230366493,-0.7450409268096428,0.05623471019128823,0.015592482479073189,-0.901128613905562,-0.11623648249767461,0.017413521565972197,0.017413521565972197,0.3153275620864834,0.01576637810432417,0.0008706760782986099,0.008707443923118063,-0.006385665445854727,7.975359342915811,False,UK100_GBP
n20_d1_k2_x1.0_tp0,77,0,77,0.23376623376623376,0.6115130063902713,2.0044037431681114,,6.33495670995671,0.23376623376623376,-2435.911750197498,-0.02435911750197498,-1716.6383791423982,0.0,-1716.6383791423982,606.8476481635594,0.0,606.8476481635594,326.7641182419163,0.0,280.08352992164305,-112.42572289152127,0.0,-112.42572289152127,0.0,-2435.911750197479,-2.386628572978189,-1.1827086014868382e-05,0.0,-0.00025781023610037945,-0.0030852219010950588,0.06601941747572816,0.40718562874251496,-0.34960111701064095,0.045107766985499564,0.011004650601587044,-0.5310884551514093,-0.06839668880276961,0.012218159426796759,0.012218159426796759,0.17582417488440588,0.008791208744220293,0.0006109079713398378,0.005640780312883065,-0.00465917424062845,7.9808350444900755,False,JP225_USD
n20_d1_k2_x1.0_tp0,90,0,90,0.3,0.7747117360040372,1.8076607173427535,,5.444444444444445,0.3,-1301.74680774656,-0.0130174680774656,-911.5638058383357,0.0,-911.5638058383357,269.2772601382165,0.0,269.2772601382165,162.19432630300017,0.0,107.08293383521632,-126.97612056398499,0.0,-126.97612056398499,0.0,-1307.8171865405373,-2.3004568547098616,-6.244773140542792e-06,0.0,-0.0001363522047660776,-0.0016404533442665459,0.06715328467153285,0.4495114006514658,-0.19333161221198372,0.02658070702804005,0.02658070702804005,-0.4897337028595004,-0.0617159409091725,0.007897442164095485,0.007897442164095485,0.13184946423498325,0.013184946423498324,0.0007897442164095485,0.007839479983928976,-0.004944043916064955,7.9808350444900755,False,WTICO_USD
n20_d1_k2_x1.0_tp2,125,0,125,0.568,1.7386418190317618,1.3223472989819034,,6.299666666666666,0.568,3148.4338556630246,0.03148433855663024,3467.3923539914513,0.0,3467.3923539914513,142.8786136042296,0.0,142.8786136042296,21.112643552222345,87.51232614243138,34.2536439095759,-176.07988472404773,0.0,-176.07988472404773,0.0,3148.433855663174,10.870982814895104,1.4968526349293198e-05,0.0,0.0003283252331425001,0.003891716898359876,0.07636887608069164,0.45558739255014324,0.5957981335077355,0.0074172001397921905,0.002480553342612657,4.095360914215687,0.5246881336639935,0.02255278784994173,0.02255278784994173,0.32921924187215784,0.010973974729071929,0.0007517595949980575,0.003962604933740677,-0.002860950242124516,7.9808350444900755,False,EUR_USD
n20_d1_k2_x1.0_tp2,125,0,125,0.432,0.8929575853390973,1.1740738622051095,,5.36,0.432,-564.4569694777747,-0.005644569694777747,-260.7852496526822,0.0,-260.7852496526822,183.75259893208676,0.0,183.75259893208676,42.476243060851445,95.94453225254836,45.33182361868693,-119.91912089308812,0.0,-119.91912089308812,0.0,-564.456969477857,-0.858773578925352,-2.6671231617361317e-06,0.0,-5.823602727764546e-05,-0.0007090177272344178,0.07588856868395773,0.4633431085043988,-0.13165154013131006,0.02243054288573465,0.008522772000670864,-0.24957667686859858,-0.031609476901485876,0.021982166368428743,0.021982166368428743,0.45005508373810577,0.015001836124603525,0.0007327388789476247,0.003292367866971846,-0.0024996852746261844,7.9808350444900755,False,GBP_USD
n20_d1_k2_x1.0_tp2,112,0,112,0.4642857142857143,1.139690746373142,1.3150277842767022,,5.089285714285714,0.4642857142857143,777.6064320664009,0.007776064320664008,1212.6762675047326,0.0,1212.6762675047326,163.62026427069347,0.0,163.62026427069347,50.265179245947564,70.97441464248543,42.38067038226047,-352.48137958610965,0.0,-352.48137958610965,0.0,696.5746236479295,2.3496849543870084,3.799378347277061e-06,0.0,8.32255617483393e-05,0.0009710446029715936,0.06628242074927954,0.45695364238410596,0.15173011156360872,0.014347785088011822,0.003999192192952426,0.5349557083190439,0.06767905966077943,0.016012103786227624,0.016012103786227624,0.37511539185457987,0.018755769592728993,0.0008006051893113812,0.004996836496656387,-0.002847841808109819,7.9808350444900755,False,AUD_USD
n20_d1_k2_x1.0_tp2,116,0,116,0.3448275862068966,0.5441131767819436,1.0338150358856926,,4.635416666666666,0.3448275862068966,-2864.201989677429,-0.02864201989677429,-2453.3312130100794,0.0,-2453.3312130100794,245.93237685610893,0.0,245.93237685610893,78.46034474505623,94.98943087140944,72.48260123964326,-164.938399811214,0.0,-164.938399811214,0.0,-2864.2019896774023,-5.971053071502604,-1.3904792952514097e-05,0.0,-0.00030470715741483495,-0.003634627620690667,0.06676272814601344,0.40524781341107874,-0.678215514216275,0.0303092797975848,0.0303092797975848,-0.9448510017945894,-0.11991798039953074,0.019569206808038236,0.019569206808038236,0.4119371758588271,0.013731239195294237,0.0006523068936012745,0.003123755276394302,-0.003475664106100118,7.9808350444900755,False,USD_CAD
n20_d1_k2_x1.0_tp2,120,0,120,0.4666666666666667,0.8659592361607052,0.9896676984693774,,4.689583333333333,0.4666666666666667,-717.7841147843719,-0.007177841147843719,-303.4239303177941,0.0,-303.4239303177941,159.41929272006237,0.0,159.41929272006237,60.60090739931152,82.77080037699035,16.0475849437605,-254.94089174642,0.0,-254.94089174642,0.0,-717.7841147842764,-0.7322709606099669,-3.3976312307230217e-06,0.0,-7.443537713324236e-05,-0.0009022208306690427,0.06243996157540826,0.4513888888888889,-0.15263584792839985,0.020293817908094258,0.004380481496362183,-0.352540235856234,-0.044457914954937526,0.015034393265088524,0.015034393265088524,0.42847524440350954,0.01428250814678365,0.0005011464421696174,0.004477978904386726,-0.0025295190736760453,7.9808350444900755,False,EUR_JPY
n20_d1_k2_x1.0_tp2,112,0,112,0.4732142857142857,1.033360824796253,1.15034506911281,,5.50483630952381,0.4732142857142857,187.08082836677204,0.0018708082836677205,811.5235739419627,0.0,811.5235739419627,149.1043537758752,0.0,149.1043537758752,69.66481601318368,58.006203437918444,21.433334324773092,-475.33839179951354,0.0,-475.33839179951354,0.0,187.08082836657394,1.2995964477002444,9.603320271837428e-07,0.0,2.1258146189074903e-05,0.0002342210268757583,0.06532180595581172,0.425,0.04306176339423897,0.013295930062732109,0.006340402429986506,0.13947287903064812,0.01761599420053128,0.012742444768410806,0.012742444768410806,0.35009928502479065,0.01750496425123953,0.0006371222384205403,0.0038014536294346257,-0.0035308327821529373,7.9808350444900755,False,AUD_JPY
n20_d1_k2_x1.0_tp2,62,0,62,0.46774193548387094,0.8534922470906805,0.9712153156549123,,6.110887096774194,0.46774193548387094,-432.0402099448256,-0.004320402099448256,-263.1029285512202,0.0,-263.1029285512202,107.68460690779759,0.0,107.68460690779759,57.65279048660162,15.067566475719033,34.96424994547694,-61.25267448565089,0.0,-61.25267448565089,0.0,-432.04020994466873,-1.5574000385294677,-2.415285118879648e-06,0.0,-5.2742389604204175e-05,-0.0006390219197390801,0.04589235127478754,0.42408376963350786,-0.13932678335640755,0.017885157351897107,0.0041128090645688176,-0.23914178863303956,-0.03572917515714772,0.007809345526662586,0.007809345526662586,0.22768728666979382,0.011384364333489692,0.00039046727633312926,0.0027947867773818746,-0.002340138636461986,6.7734428473648185,False,XAU_USD
n20_d1_k2_x1.0_tp2,93,0,93,0.40860215053763443,0.6903092457248375,0.9991318030227911,,4.76747311827957,0.40860215053763443,-1544.8218419955083,-0.015448218419955083,-760.666302899653,0.0,-760.666302899653,665.2962880656507,0.0,665.2962880656507,387.382850304081,0.0,277.9134377615697,-118.85925103028863,0.0,-118.85925103028863,0.0,-1544.8218419955922,-0.9700451823328733,-7.478382675962178e-06,0.0,-0.00016302160194593232,-0.0019488699699743428,0.05571705426356589,0.4275092936802974,-0.3300780991741738,0.024387519691966397,0.006606336312395239,-0.6305346456951162,-0.07991259441673886,0.007053793751691237,0.007053793751691237,0.18216110106945563,0.00910805505347278,0.0003526896875845619,0.005543176767474289,-0.004235848164758638,7.9808350444900755,False,NAS100_USD
n20_d1_k2_x1.0_tp2,95,0,95,0.37894736842105264,0.5335347216321005,0.8744041271192756,,4.921929824561404,0.37894736842105264,-2425.6382206859125,-0.024256382206859127,-1710.6121564803623,0.0,-1710.6121564803623,561.3868939558608,0.0,561.3868939558608,294.365878068083,0.0,267.0210158877778,-153.6391702494714,0.0,-153.6391702494714,0.0,-2425.6382206856947,-2.3923773441482967,-1.1824790204703799e-05,0.0,-0.00025748834737185394,-0.003072069065786942,0.0562015503875969,0.4233576642335766,-0.4938440312291989,0.027250162792681998,0.006991682450388892,-0.8879937718640978,-0.11273580598982487,0.010204948997055843,0.010204948997055843,0.2566361381216536,0.012831806906082679,0.0005102474498527921,0.007038409689555047,-0.0030977544315168304,7.9808350444900755,False,SPX500_USD
n20_d1_k2_x1.0_tp2,99,0,99,0.29292929292929293,0.42108872914767614,1.0164210703564596,,6.572811447811447,0.29292929292929293,-4366.003959788824,-0.043660039597888244,-3747.895258841039,0.0,-3747.895258841039,261.62907800360085,0.0,261.62907800360085,134.33042576161878,0.0,127.2986522419821,-356.47962294407097,0.0,-356.47962294407097,0.0,-4366.003959788711,-6.0634889188501,-2.199560544619415e-05,0.0,-0.00046836044465466673,-0.005581831778534441,0.07669470559129143,0.40575916230366493,-0.8087445442313116,0.047387807736851695,0.013380756865464055,-0.9184965178576882,-0.11779046225414776,0.01503050397555564,0.01503050397555564,0.3153275620864834,0.01576637810432417,0.000751525198777782,0.0062460214796355995,-0.0032024381296253956,7.975359342915811,False,UK100_GBP
n20_d1_k2_x1.0_tp2,95,0,95,0.37894736842105264,0.5905174591441217,0.9677925024861993,,5.728070175438596,0.37894736842105264,-2532.5414802164014,-0.025325414802164013,-1842.3679510270206,0.0,-1842.3679510270206,587.7650740716921,0.0,587.7650740716921,325.8736051973749,0.0,261.8914688743172,-102.40845511757807,0.0,-102.40845511757807,0.0,-2532.5414802162904,-2.669427141303441,-1.2374438363027756e-05,0.0,-0.0002687854065963449,-0.003208992835773361,0.06650485436893204,0.4101796407185629,-0.49804518953050064,0.03941169294766844,0.009872776535133609,-0.6366694837482478,-0.08142235452900538,0.00957330581584457,0.00957330581584457,0.1578845240044903,0.007894226200224515,0.0004786652907922285,0.004126527888804299,-0.003315675162569698,7.9808350444900755,False,JP225_USD
n20_d1_k2_x1.0_tp2,123,0,123,0.45528455284552843,0.8691754799968331,1.0399063778533537,,5.187669376693767,0.45528455284552843,-773.1370808759093,-0.007731370808759093,-411.20758980263497,0.0,-411.20758980263497,269.1613464319239,0.0,269.1613464319239,167.13809669295972,0.0,102.02324973896418,-97.34599394654272,0.0,-97.34599394654272,0.0,-777.7149301811016,-1.1219627671795318,-3.6939786352134894e-06,0.0,-8.040220672173436e-05,-0.0009720336240899297,0.0681265206812652,0.4560260586319218,-0.14397578750630394,0.020279446470635287,0.020279446470635287,-0.38124170795066553,-0.04793196034701627,0.006485503499926563,0.006485503499926563,0.13184946423498325,0.013184946423498326,0.0006485503499926564,0.006294366348883251,-0.0033422972786132377,7.9808350444900755,False,WTICO_USD
n20_d1_k4_x0.5_tp0,83,0,83,0.3614457831325301,1.5683659417721572,2.7707798304641442,,4.118975903614459,0.3614457831325301,2160.087926296401,0.021600879262964008,2435.3481131593467,0.0,2435.3481131593467,139.1803871839964,0.0,139.1803871839964,21.8490361344107,82.14595819932954,35.185392850256164,-136.07979967901403,0.0,-136.07979967901403,0.0,2160.0879262963363,8.847440455932531,1.032666923528474e-05,0.0,0.00022664955489423447,0.0026813641763685503,0.05763688760806916,0.42704626334519574,0.46512658190157,0.008013779228900897,0.0026852199590285397,2.6224252029077424,0.3345942157600845,0.016101957848025285,0.016101957848025285,0.3260069008281326,0.010866896694271086,0.0005367319282675096,0.004803243488819442,-0.003843271987959307,7.9808350444900755,False,EUR_USD
n20_d1_k4_x0.5_tp0,81,0,81,0.4444444444444444,0.8626013914918086,1.0782517393647608,,3.596707818930041,0.4444444444444444,-484.39358346382505,-0.004843935834638251,-268.6190011061283,0.0,-268.6190011061283,159.52478778087257,0.0,159.52478778087257,37.65915248922742,81.47759823958651,40.38803705205864,-64.55711478233124,0.0,-64.55711478233124,0.0,-492.7009036693321,-1.1987536611992238,-2.304063515028161e-06,0.0,-5.069420775054334e-05,-0.0006082357086650836,0.059077809798270896,0.45387453874538747,-0.15406099036339857,0.010754442524131158,0.002848637783947408,-0.44807388009796706,-0.05655669341300631,0.0146557021754993,0.0146557021754993,0.3138002650240833,0.01046000883413611,0.0004885234058499767,0.0022246677086981137,-0.0018731158042090135,7.9808350444900755,False,GBP_USD
n20_d1_k4_x0.5_tp0,70,0,70,0.38571428571428573,1.0875805453312644,1.7320727203423838,,3.7553571428571435,0.38571428571428573,332.80252411605034,0.0033280252411605035,754.6880956418134,0.0,754.6880956418134,141.87273534972897,0.0,141.87273534972897,45.266420384980535,58.52545769936608,38.08085726538235,-280.01283617621755,0.0,-280.01283617621755,0.0,332.80252411586696,1.788845475118125,1.6491691821774274e-06,0.0,3.646437283232855e-05,0.00041639644139390697,0.05187319884726225,0.45569620253164556,0.08009893396002546,0.015309904809649333,0.005217845762556683,0.21429515945987698,0.02719784652948762,0.011525072820236421,0.011525072820236421,0.4083457098960557,0.020417285494802786,0.000576253641011821,0.004950652082991169,-0.0021931891572817275,7.9808350444900755,False,AUD_USD
n20_d1_k4_x0.5_tp0,84,0,84,0.2619047619047619,0.4849805129527267,1.366763263775866,,3.195436507936509,0.2619047619047619,-2417.912519231264,-0.02417912519231264,-2081.0937793366193,0.0,-2081.0937793366193,223.1851328337621,0.0,223.1851328337621,73.68630849516168,82.97364163543155,66.52518270316885,-113.63360706087687,0.0,-113.63360706087687,0.0,-2417.912519231258,-6.178675747043086,-1.1722733920589374e-05,0.0,-0.00025716416384708655,-0.0030621789222812223,0.046589817483189244,0.3716475095785441,-0.7207644801300063,0.024515131910414656,0.024515131910414656,-0.9861469869819613,-0.12490974690535238,0.013459897812191472,0.013459897812191472,0.4109237981764657,0.013697459939215523,0.00044866326040638246,0.002749068986209968,-0.0027083057265090416,7.9808350444900755,False,USD_CAD
n20_d1_k4_x0.5_tp0,71,0,71,0.4225352112676056,1.0586080859780522,1.4467643841700044,,3.5698356807511735,0.4225352112676056,196.667054891077,0.00196667054891077,529.6492161882268,0.0,529.6492161882268,132.13998105130426,0.0,132.13998105130426,52.01483252877755,66.24736370738206,13.877784815144652,-200.8421802458628,0.0,-200.8421802458628,0.0,196.66705489105968,1.5906233959348528,9.866039904254211e-07,0.0,2.137115216121506e-05,0.0002462124621005479,0.046589817483189244,0.41630901287553645,0.053425777017041154,0.010820305580442335,0.002535971752514188,0.18059929532131597,0.022754668088632923,0.011034556701188861,0.011034556701188861,0.21404205676647578,0.007134735225549193,0.00036781855670629533,0.0038313432524783586,-0.002408747037666914,7.9808350444900755,False,EUR_JPY
n20_d1_k4_x0.5_tp0,73,0,73,0.2876712328767123,0.8268101988054911,2.0473395398993115,,3.5804794520547945,0.2876712328767123,-766.0671369832708,-0.007660671369832708,-280.51047881012823,0.0,-280.51047881012823,140.72968834486355,0.0,140.72968834486355,68.0629380324046,51.9574015144595,20.709348797999446,-344.8269698283087,0.0,-344.8269698283087,0.0,-766.0671369833005,-0.5777090563756312,-3.643006130493454e-06,0.0,-7.992148184194914e-05,-0.0009631149050153276,0.04803073967339097,0.41841004184100417,-0.1816469461449149,0.02038987200019826,0.005069658319605375,-0.37174455921111177,-0.0472349657224902,0.009159822057885104,0.009159822057885104,0.34505178358923216,0.017252589179461607,0.0004579911028942552,0.004905479289327497,-0.0030870469118516874,7.9808350444900755,False,AUD_JPY
n20_d1_k4_x0.5_tp0,40,0,40,0.35,1.0207788743594697,1.895732195239015,,4.529166666666667,0.35,32.37927676207619,0.00032379276762076187,171.1111610345855,0.0,171.1111610345855,95.86021982918248,0.0,95.86021982918248,52.563329186502116,12.305653335274119,30.991237307406244,-42.87166444322651,0.0,-42.87166444322651,0.0,32.37927676217652,1.2333946297348468,2.075208622653805e-07,0.0,4.298688068056551e-06,4.779668215215693e-05,0.038526912181303115,0.44155844155844154,0.014998947724169986,0.009744523055298604,0.0037505136864594444,0.03301208688991038,0.004904979123238606,0.005268477340603189,0.005268477340603189,0.11418680561362128,0.005709340280681064,0.00026342386703015946,0.002978073376658452,-0.001990475171921191,6.7734428473648185,False,XAU_USD
n20_d1_k4_x0.5_tp0,63,0,63,0.30158730158730157,0.9690211725770469,2.244049031231056,,3.9391534391534386,0.30158730158730157,-103.72563119178812,-0.0010372563119178814,552.2870992135871,0.0,552.2870992135871,563.8116236122164,0.0,563.8116236122164,307.53361287939055,0.0,256.2780107328259,-92.201106793246,0.0,-92.201106793246,0.0,-103.7256311918753,0.8418847281701903,-3.9959117465367583e-07,0.0,-9.901518241171492e-06,-0.00013002739142198294,0.044573643410852716,0.423963133640553,-0.013950709793148263,0.015920232483007002,0.009120452368806578,-0.06464054064706005,-0.008167430441783564,0.005787314448885437,0.005787314448885437,0.147193894133172,0.0073596947066586,0.0002893657224442718,0.009914980675335805,-0.008405724812386328,7.9808350444900755,False,NAS100_USD
n20_d1_k4_x0.5_tp0,62,0,62,0.3225806451612903,0.8067033611269424,1.6940770583665792,,3.785618279569892,0.3225806451612903,-584.585373051028,-0.00584585373051028,-30.018951374214595,0.0,-30.018951374214595,464.81919830821903,0.0,464.81919830821903,232.40959915410951,0.0,232.40959915410951,-89.74722336873818,0.0,-89.74722336873818,0.0,-584.5853730511718,-0.054130488613861764,-2.770819378424898e-06,0.0,-6.10170769344758e-05,-0.0007343660814467246,0.041182170542635656,0.4106280193236715,-0.11762272866515651,0.014859602930667681,0.004515792476643202,-0.3902241452517079,-0.04942030314491906,0.007469613360855142,0.007469613360855142,0.28250407740037164,0.014125203870018583,0.0003734806680427571,0.008000264023941384,-0.004817863992890858,7.9808350444900755,False,SPX500_USD
n20_d1_k4_x0.5_tp0,67,0,67,0.23880597014925373,0.426659436784675,1.3599769547511515,,5.492537313432836,0.23880597014925373,-3225.9798680194217,-0.03225979868019422,-2715.8990188447083,0.0,-2715.8990188447083,218.21779973261016,0.0,218.21779973261016,109.10889986630508,0.0,109.10889986630508,-291.8630494422856,0.0,-291.8630494422856,0.0,-3225.979868019604,-5.324448120798758,-1.614744722647456e-05,0.0,-0.0003440826075518754,-0.004103174844071411,0.06481939633844631,0.40683229813664595,-0.6493951951837552,0.03484588572491587,0.012083125253307014,-0.9240173157896379,-0.11775206050043135,0.012328901446441895,0.012328901446441895,0.19352923672019712,0.009676461836009856,0.0006164450723220948,0.0043569514150019195,-0.0040086278165517575,7.975359342915811,False,UK100_GBP
n20_d1_k4_x0.5_tp0,62,0,62,0.3387096774193548,0.7957895273645563,1.5536843153308004,,4.932795698924731,0.3387096774193548,-793.6910283449542,-0.007936910283449542,-221.91148079057567,0.0,-221.91148079057567,501.81892343244874,0.0,501.81892343244874,273.3210370136502,0.0,228.49788641879857,-69.9606241221168,0.0,-69.9606241221168,0.0,-793.6910283451411,-0.38810671304992495,-3.8112478448083273e-06,0.0,-8.326662148016906e-05,-0.0009979655420963018,0.05533980582524272,0.42066420664206644,-0.17914735115241606,0.017923809255969925,0.0071610530005849216,-0.44074762526761524,-0.05567820589052001,0.007759292081152093,0.007759292081152093,0.1564369020474715,0.007821845102373574,0.00038796460405760464,0.003443167779187739,-0.0028646629898343434,7.9808350444900755,False,JP225_USD
n20_d1_k4_x0.5_tp0,73,0,73,0.3424657534246575,0.8522019784507598,1.6362277986254588,,4.014840182648402,0.3424657534246575,-613.3330630129203,-0.006133330630129203,-318.3441081100916,0.0,-318.3441081100916,229.5367698893378,0.0,229.5367698893378,141.87234304722136,0.0,87.66442684211644,-68.50454061940937,0.0,-68.50454061940937,0.0,-616.3854186188388,-1.0681207499949863,-2.9441394287011004e-06,0.0,-6.387094944023499e-05,-0.0007705767690757703,0.054987834549878344,0.4362934362934363,-0.14827162393678492,0.015154850233425554,0.015154850233425554,-0.40471073851997047,-0.05084687457855475,0.0047971529763299265,0.0047971529763299265,0.1291195669030047,0.012911956690300468,0.0004797152976329927,0.004835818976807182,-0.0027139255811330365,7.9808350444900755,False,WTICO_USD
n20_d1_k4_x0.5_tp2,90,0,90,0.4111111111111111,1.5058604753917537,2.1570433836692686,,4.175462962962963,0.4111111111111111,1920.5535210052913,0.019205535210052912,2187.9829442817327,0.0,2187.9829442817327,138.46459745480038,0.0,138.46459745480038,21.83792969328482,82.08575869741635,34.5409090640992,-128.964825821638,0.0,-128.964825821638,0.0,1920.5535210052944,8.181534094025409,9.18861185981922e-06,0.0,0.00020163025456834712,0.002386483016797669,0.05811719500480307,0.4306049822064057,0.4543702783413015,0.007537635663872444,0.002407747631886383,2.486726159139495,0.31660896376777364,0.01556368000956015,0.01556368000956015,0.3260069008281326,0.010866896694271086,0.0005187893336520049,0.004492474529538493,-0.003843271987959307,7.9808350444900755,False,EUR_USD
n20_d1_k4_x0.5_tp2,82,0,82,0.45121951219512196,0.8757832002347065,1.0651417300151835,,3.5828252032520327,0.45121951219512196,-437.13887293044536,-0.004371388729304454,-222.57446903081217,0.0,-222.57446903081217,159.35172609366933,0.0,159.35172609366933,37.660569607381305,81.47917214208599,40.211984344202044,-63.52394271952561,0.0,-63.52394271952561,0.0,-445.45013784400714,-0.9986485748579617,-2.0761078496783467e-06,0.0,-4.568846429705272e-05,-0.0005487858028867532,0.059077809798270896,0.45387453874538747,-0.1389725763463713,0.010754442524131158,0.002848637783947408,-0.40436231532002653,-0.05102875408514856,0.01461065639518043,0.01461065639518043,0.3138002650240833,0.01046000883413611,0.00048702187983934767,0.0022246677086981137,-0.0018731158042090135,7.9808350444900755,False,GBP_USD
n20_d1_k4_x0.5_tp2,75,0,75,0.4266666666666667,0.983598423332468,1.321710381353004,,3.811111111111111,0.4266666666666667,-62.17004846225609,-0.0006217004846225609,333.43567655417655,0.0,333.43567655417655,140.95048792921403,0.0,140.95048792921403,45.187262366597395,58.42403348486475,37.339192077751875,-254.6552370871924,0.0,-254.6552370871924,0.0,-62.170048462229886,0.8428484611549755,-2.5253958515233966e-07,0.0,-5.627052076883603e-06,-7.792036643106126e-05,0.05187319884726225,0.45569620253164556,-0.013186925819433388,0.014459481281299924,0.0048799250291569245,-0.04259068174557992,-0.005388877022292194,0.010958823192777136,0.010958823192777136,0.4083457098960557,0.020417285494802786,0.0005479411596388567,0.004844796112828176,-0.0021931891572817275,7.9808350444900755,False,AUD_USD
n20_d1_k4_x0.5_tp2,86,0,86,0.27906976744186046,0.5230914314903204,1.3513195313499946,,3.1758720930232567,0.27906976744186046,-2240.3585171425657,-0.02240358517142566,-1905.7303891733247,0.0,-1905.7303891733247,222.95840828324617,0.0,222.95840828324617,73.73484656448262,83.03619511026909,66.18736660849447,-111.66971968596435,0.0,-111.66971968596435,0.0,-2240.358517142535,-5.695069331854472,-1.0849928010525708e-05,0.0,-0.0002379931431782933,-0.0028350697081912513,0.046589817483189244,0.3716475095785441,-0.670373102225025,0.022740203265437575,0.022740203265437575,-0.9850504707927275,-0.12467213573680859,0.013365649077167216,0.013365649077167216,0.4109237981764657,0.013697459939215523,0.00044552163590557385,0.0028642500818438776,-0.0027083057265090416,7.9808350444900755,False,USD_CAD
n20_d1_k4_x0.5_tp2,76,0,76,0.4605263157894737,1.0872734720757415,1.2736632101458687,,3.6414473684210535,0.4605263157894737,292.8968181144155,0.002928968181144155,616.5422652737803,0.0,616.5422652737803,131.96000572018457,0.0,131.96000572018457,52.02273883413296,66.26138473432998,13.675882151721632,-191.6854414393247,0.0,-191.6854414393247,0.0,292.8968181142711,1.9049928577240771,1.4427715269046642e-06,0.0,3.14865101499882e-05,0.0003665309527571825,0.04707012487992315,0.4206008583690987,0.08301519365520499,0.010820305580442335,0.002507844523778324,0.2687089864694072,0.03387436242278461,0.010768031044254748,0.010768031044254748,0.21404205676647578,0.007134735225549193,0.000358934368141825,0.0027127892051936886,-0.0022184676912148094,7.9808350444900755,False,EUR_JPY
n20_d1_k4_x0.5_tp2,81,0,81,0.35802469135802467,0.9248821510176877,1.6584093742386126,,3.6239711934156373,0.35802469135802467,-333.12124298246636,-0.0033312124298246638,131.50804234041595,0.0,131.50804234041595,141.7196753958014,0.0,141.7196753958014,69.41875974286855,52.04610477579978,20.254810877133085,-322.9096099271392,0.0,-322.9096099271392,0.0,-333.1212429825246,0.2830386428376147,-1.5586235092273515e-06,0.0,-3.401324281235501e-05,-0.0004180108722959819,0.04803073967339097,0.41841004184100417,-0.08331608751214395,0.017263087834320068,0.004008201422579984,-0.19065781662075984,-0.02421414270191865,0.008692985938210225,0.008692985938210225,0.34505178358923216,0.017252589179461607,0.00043464929691051116,0.004107640321861394,-0.0030870469118515764,7.9808350444900755,False,AUD_JPY
n20_d1_k4_x0.5_tp2,41,0,41,0.36585365853658536,1.0332842382596388,1.791026012983374,,4.575203252032519,0.36585365853658536,51.87199842291011,0.0005187199842291011,190.04847396365372,0.0,190.04847396365372,95.7923982089401,0.0,95.7923982089401,52.569034803888826,12.30753537214497,30.9158280329063,-42.384077331643006,0.0,-42.384077331643006,0.0,51.871998423070615,1.375403976835663,3.1775738183770816e-07,0.0,6.709372401969834e-06,7.65645122546843e-05,0.038526912181303115,0.44155844155844154,0.02304178063122012,0.009419451658733369,0.0036854994071463974,0.05471818756654757,0.008128340696318188,0.005245717074482156,0.005245717074482156,0.11418680561362127,0.005709340280681063,0.0002622858537241078,0.002978073376658452,-0.001990475171921191,6.7734428473648185,False,XAU_USD
n20_d1_k4_x0.5_tp2,69,0,69,0.36231884057971014,1.0425148912111122,1.8348262085315576,,4.065821256038648,0.36231884057971014,142.46421228184772,0.0014246421228184772,788.2920607333058,0.0,788.2920607333058,558.1155742115168,0.0,558.1155742115168,307.8010847861071,0.0,250.3144894254097,-87.71227423991918,0.0,-87.71227423991918,0.0,142.46421228186983,1.220591621472301,7.489935863767461e-07,0.0,1.608118393638479e-05,0.00017839677886577476,0.044573643410852716,0.423963133640553,0.03450852815072417,0.014784553307480408,0.007401642583396558,0.09575410287711009,0.012066430087915673,0.005497284416508612,0.005497284416508612,0.14719389413317205,0.007359694706658601,0.00027486422082543063,0.006367108623783091,-0.004220301016039207,7.9808350444900755,False,NAS100_USD
n20_d1_k4_x0.5_tp2,67,0,67,0.373134328358209,0.8679440353218777,1.4581459793407545,,3.6828358208955225,0.373134328358209,-399.5980297935894,-0.0039959802979358935,149.32617749413538,0.0,149.32617749413538,459.4856834578823,0.0,459.4856834578823,232.48888062365228,0.0,226.99680283423004,-89.4385238298488,0.0,-89.4385238298488,0.0,-399.59802979359574,0.2720342362599845,-1.8876733389506458e-06,0.0,-4.138293878944301e-05,-0.0005015742470476647,0.041182170542635656,0.4106280193236715,-0.09260402546132401,0.012751792730110512,0.0037457906055340384,-0.31091834958914194,-0.03933362607622293,0.006956780989552091,0.006956780989552091,0.28250407740037164,0.014125203870018583,0.0003478390494776046,0.007021121312842382,-0.0024105474759774648,7.9808350444900755,False,SPX500_USD
n20_d1_k4_x0.5_tp2,72,0,72,0.2916666666666667,0.5224756360865346,1.268869401924441,,5.621527777777778,0.2916666666666667,-2694.325021205659,-0.026943250212056593,-2194.3486893292716,0.0,-2194.3486893292716,216.45489885572317,0.0,216.45489885572317,109.43941530149763,0.0,107.01548355422555,-283.5214330207757,0.0,-283.5214330207757,0.0,-2694.32502120577,-4.388905132955986,-1.3450861951703136e-05,0.0,-0.00028629612587418115,-0.003418800018661794,0.06481939633844631,0.40683229813664595,-0.5985574364427799,0.029543544641257635,0.010315678225420935,-0.9102430014511487,-0.11572071192457492,0.011687694318332947,0.011687694318332947,0.19352923672019726,0.009676461836009863,0.0005843847159166473,0.004134537826988582,-0.00268321133428584,7.975359342915811,False,UK100_GBP
n20_d1_k4_x0.5_tp2,68,0,68,0.39705882352941174,0.8637529755053882,1.3116248887304045,,4.9099264705882355,0.39705882352941174,-530.266568078092,-0.005302665680780919,35.272784482132295,0.0,35.272784482132295,496.39291081629926,0.0,496.39291081629926,273.74707843390297,0.0,222.64583238239626,-69.14644174402589,0.0,-69.14644174402589,0.0,-530.2665680781929,0.06237016809253748,-2.5313789421481097e-06,0.0,-5.528007182494039e-05,-0.0006659709261794822,0.05533980582524272,0.42066420664206644,-0.12756226708151994,0.014387081538953517,0.007650861096088109,-0.3673950804498968,-0.04628950801288941,0.007350867763914212,0.007350867763914212,0.1564369020474715,0.007821845102373574,0.0003675433881957105,0.003443167779187739,-0.0024516098211093684,7.9808350444900755,False,JP225_USD
n20_d1_k4_x0.5_tp2,77,0,77,0.37662337662337664,0.8435955576981125,1.396296095500324,,3.983225108225108,0.37662337662337664,-649.178600909494,-0.0064917860090949395,-360.04637769991155,0.0,-360.04637769991155,230.05644438047864,0.0,230.05644438047864,143.61171408402583,0.0,86.4447302964528,-62.12703354968476,0.0,-62.12703354968476,0.0,-652.2298556300749,-1.2322612498505767,-3.1236474890129967e-06,0.0,-6.779474152372718e-05,-0.0008157407660428495,0.054987834549878344,0.4362934362934363,-0.16399965002926195,0.014726339398349553,0.014726339398349553,-0.4408282216979532,-0.0553933156079693,0.004585736702683389,0.004585736702683389,0.1291195669030047,0.01291195669030047,0.0004585736702683388,0.0047151232728148695,-0.002602945356371178,7.9808350444900755,False,WTICO_USD
n20_d1_k4_x1.0_tp0,72,0,72,0.4027777777777778,1.5077230295679884,2.2355893197042587,,8.07349537037037,0.4027777777777778,2357.8515380722674,0.023578515380722673,2702.3445493206464,0.0,2702.3445493206464,119.79766253823001,0.0,119.79766253823001,18.07003350474172,71.11880048642273,30.608828547065578,-224.69534871010825,0.0,-224.69534871010825,0.0,2357.8515380723084,7.844410368524368,1.1294769277005145e-05,0.0,0.0002480578881173747,0.00292436756924519,0.08501440922190202,0.4609375,0.3982378434002234,0.012087316718387364,0.005453298173734806,1.8951849637692564,0.24193686964424524,0.027203282789738378,0.027203282789738378,0.32838503698196375,0.010946167899398791,0.0009067760929912792,0.005676177608262778,-0.003682609146450133,7.9808350444900755,False,EUR_USD
n20_d1_k4_x1.0_tp0,74,0,74,0.3918918918918919,1.2401915969117228,1.9244352365871558,,7.061936936936937,0.3918918918918919,1037.4157693772868,0.010374157693772867,1314.2482963961854,0.0,1314.2482963961854,148.4478732747224,0.0,148.4478732747224,35.80321852321168,75.49911276010327,37.14554199140745,-136.8190108843323,0.0,-136.8190108843323,0.0,1028.9814122371306,4.607083294194804,5.027762401527557e-06,0.0,0.00011108006111434307,0.001294023939110156,0.08741594620557157,0.5,0.21225968656750271,0.01994777911928869,0.006244270918989136,0.5117950514308964,0.06487057688837589,0.025815167220562533,0.025815167220562533,0.3768702452981107,0.012562341509937024,0.0008605055740187512,0.0035858797787315932,-0.0029549252425340455,7.9808350444900755,False,GBP_USD
n20_d1_k4_x1.0_tp0,63,0,63,0.38095238095238093,1.1788465014763618,1.915625564899088,,7.3498677248677255,0.38095238095238093,893.8822977336677,0.008938822977336676,1388.0535470025657,0.0,1388.0535470025657,123.64984980577324,0.0,123.64984980577324,37.436694971441185,52.70482009323153,33.508334741100526,-478.76194684333365,0.0,-478.76194684333365,0.0,785.6417503534587,2.304160633512759,4.382196036877967e-06,0.0,9.612360228868151e-05,0.001115681693275583,0.07396733909702209,0.45294117647058824,0.14966668091411736,0.016763308379170172,0.003991267330890358,0.5250333356232127,0.06655498234834789,0.01911192339909836,0.01911192339909836,0.4083457098960557,0.020417285494802782,0.000955596169954918,0.005737246383879846,-0.004414892094264267,7.9808350444900755,False,AUD_USD
n20_d1_k4_x1.0_tp0,71,0,71,0.29577464788732394,0.5940934095400906,1.414508117952597,,6.91255868544601,0.29577464788732394,-2124.2221968971426,-0.021242221968971426,-1733.102267166743,0.0,-1733.102267166743,182.07272697007363,0.0,182.07272697007363,57.555292185188684,69.2700961570847,55.24733862780024,-209.0472027601999,0.0,-209.0472027601999,0.0,-2124.2221968970166,-4.431127476326598,-1.023887199877729e-05,0.0,-0.00022469568670232474,-0.0026867149128588785,0.07973102785782901,0.43915343915343913,-0.42297828294228235,0.030324879128895588,0.030324879128895588,-0.7003839202958402,-0.08859771217682433,0.024297781231188424,0.024297781231188424,0.41176121277925803,0.013725373759308603,0.0008099260410396142,0.005216747760546703,-0.0049138520554786735,7.9808350444900755,False,USD_CAD
n20_d1_k4_x1.0_tp0,61,0,61,0.3770491803278688,0.7805477426310847,1.289600618260053,,7.235655737704918,0.3770491803278688,-909.3424028179434,-0.009093424028179434,-471.22181070841344,0.0,-471.22181070841344,106.68224256227329,0.0,106.68224256227329,39.91688215019442,55.25403943145755,11.511320980621315,-331.4383495472144,0.0,-331.4383495472144,0.0,-909.3424028179011,-1.075552756923723,-4.323391043251962e-06,0.0,-9.525153343335742e-05,-0.0011439649431019827,0.074447646493756,0.4599406528189911,-0.19143457728902877,0.01928390737614083,0.007533664780358588,-0.4705789039493127,-0.05932225875121982,0.018523380788248663,0.018523380788248663,0.22942559472871604,0.0076475198242905345,0.0006174460262749554,0.0038378620964760746,-0.0025306707759314984,7.9808350444900755,False,EUR_JPY
n20_d1_k4_x1.0_tp0,64,0,64,0.34375,1.1357878192717437,2.1683222004278746,,7.515625,0.34375,682.5578459095414,0.006825578459095413,1428.5300642478846,0.0,1428.5300642478846,122.57003124211963,0.0,122.57003124211963,56.81493434527641,47.111891674698676,18.643205222144537,-623.4021870962112,0.0,-623.4021870962112,0.0,682.557845909554,1.914990973028414,3.376134907739018e-06,0.0,7.391014316914538e-05,0.0008527039362327127,0.07780979827089338,0.44141689373297005,0.1147678458989806,0.015175991078340889,0.006525882581604914,0.4417231701144886,0.05618769356353195,0.016365214153577334,0.016365214153577334,0.34523691762495184,0.01726184588124759,0.0008182607076788667,0.00575473817130745,-0.0031622773019804873,7.9808350444900755,False,AUD_JPY
n20_d1_k4_x1.0_tp0,37,0,37,0.40540540540540543,0.8515773312962872,1.2489800859012214,,7.9076576576576585,0.40540540540540543,-353.76236082377727,-0.003537623608237773,-199.80052004418587,0.0,-199.80052004418587,93.42686256388554,0.0,93.42686256388554,53.131082708135914,11.486588992764673,28.809190862984945,-60.53497821565013,0.0,-60.53497821565013,0.0,-353.76236082372156,-1.2977275345147927,-1.9664126566732833e-06,0.0,-4.3164852451675975e-05,-0.0005230676549302649,0.052691218130311614,0.4386792452830189,-0.10836552436681092,0.016669008317478196,0.004430614815917159,-0.21008964468224053,-0.0313796504847745,0.009028011826377795,0.009028011826377795,0.2247823304834883,0.011239116524174416,0.0004514005913188898,0.002978073376658452,-0.002576768620395131,6.7734428473648185,False,XAU_USD
n20_d1_k4_x1.0_tp0,59,0,59,0.3050847457627119,0.6204862755114244,1.4133298497760225,,6.716101694915254,0.3050847457627119,-1914.135722145933,-0.01914135722145933,-1207.4976816972078,0.0,-1207.4976816972078,558.0785208319153,0.0,558.0785208319153,318.6730874804126,0.0,239.40543335150272,-148.55951961694188,0.0,-148.55951961694188,0.0,-1914.1357221460648,-1.7087923556028828,-9.237059074092365e-06,0.0,-0.0002021260430287538,-0.0024187371258476142,0.06395348837209303,0.4177215189873418,-0.2910862586907581,0.029569609997571633,0.00804335718886895,-0.6454289203505017,-0.08179807329370424,0.009623152135664415,0.009623152135664415,0.18076316049901975,0.009038158024950988,0.00048115760678322074,0.009914980675336027,-0.008405724812386328,7.9808350444900755,False,NAS100_USD
n20_d1_k4_x1.0_tp0,56,0,56,0.30357142857142855,0.4953265615485217,1.1363374059054323,,6.926339285714286,0.30357142857142855,-2250.327584575469,-0.022503275845754688,-1638.9188790748537,0.0,-1638.9188790748537,431.8206964866912,0.0,431.8206964866912,221.51632963978605,0.0,210.30436684690514,-179.5880090138791,0.0,-179.5880090138791,0.0,-2250.3275845754238,-2.680561896371829,-1.0924915331406772e-05,0.0,-0.00023854460930756248,-0.0028478115721828345,0.06153100775193798,0.4163934426229508,-0.38308238213017964,0.026454035155934474,0.004961074651056302,-0.8479209775188454,-0.10765131124217095,0.012207843198029618,0.012207843198029618,0.2825630836632894,0.014128154183164472,0.0006103921599014809,0.008013416514872196,-0.004293745644088243,7.9808350444900755,False,SPX500_USD
n20_d1_k4_x1.0_tp0,60,0,60,0.2,0.32845270238959073,1.3138108095583632,,9.660416666666666,0.2,-4805.150399121558,-0.04805150399121558,-4167.561522401527,0.0,-4167.561522401527,197.57958064732475,0.0,197.57958064732475,98.78979032366237,0.0,98.78979032366237,-440.0092960725729,0.0,-440.0092960725729,0.0,-4805.150399121426,-6.536440133400257,-2.4242825166794956e-05,0.0,-0.0005167865212366364,-0.006155538036405783,0.09401286491835725,0.42410714285714285,-0.7751184308498791,0.05472589850420173,0.012114726343959293,-0.8718833657416447,-0.11247943304088785,0.019127463085424033,0.019127463085424033,0.19791996957882102,0.00989599847894105,0.0009563731542712016,0.0043630731357999775,-0.00402209793597097,7.975359342915811,False,UK100_GBP
n20_d1_k4_x1.0_tp0,57,0,57,0.2631578947368421,0.6185168146973954,1.731847081152707,,8.3859649122807,0.2631578947368421,-2184.4283524101193,-0.021844283524101192,-1608.5539660694337,0.0,-1608.5539660694337,466.28464952004197,0.0,466.28464952004197,254.15756335997995,0.0,212.12708616006205,-109.5897368205216,0.0,-109.5897368205216,0.0,-2184.4283524099974,-2.7932375605227193,-1.0603302395657241e-05,0.0,-0.0002308992732537181,-0.0027636041948373435,0.07572815533980583,0.4148936170212766,-0.3460017458326491,0.035573995065204866,0.010006301150211302,-0.6072401836186336,-0.0776860791084002,0.012479323177150805,0.012479323177150805,0.23525183304307534,0.011762591652153766,0.0006239661588575403,0.006872978977109145,-0.004574397792618368,7.9808350444900755,False,JP225_USD
n20_d1_k4_x1.0_tp0,60,0,60,0.38333333333333336,0.8521230908455661,1.3708067113602584,,7.659027777777778,0.38333333333333336,-680.9231731095497,-0.006809231731095496,-394.08405285130283,0.0,-394.08405285130283,184.98524663285266,0.0,184.98524663285266,113.5398072274462,0.0,71.44543940540646,-107.95355214509684,0.0,-107.95355214509684,0.0,-687.0228516292524,-1.345277766193144,-3.240278686557666e-06,0.0,-7.076658852768495e-05,-0.0008557496063367198,0.07737226277372262,0.45821325648414984,-0.12506169203142434,0.018316524583647076,0.012289507374705133,-0.37162530000424676,-0.04672008614018021,0.007472383719682385,0.007472383719682385,0.129201046907261,0.012920104690726101,0.0007472383719682383,0.004841334533704389,-0.0044515814908395734,7.9808350444900755,False,WTICO_USD
n20_d1_k4_x1.0_tp2,84,0,84,0.4880952380952381,1.4591714597613212,1.5303505553594345,,8.196428571428571,0.4880952380952381,2131.4668221178727,0.021314668221178727,2455.40618976488,0.0,2455.40618976488,117.91714927222796,0.0,117.91714927222796,17.270624387335864,71.11449593190166,29.532028952990437,-206.02221837482017,0.0,-206.02221837482017,0.0,2131.4668221178317,7.579832632260356,1.0208248923468904e-05,0.0,0.00022420517214378065,0.0026461617211805954,0.08549471661863593,0.4635416666666667,0.40959592884719886,0.010739597269323387,0.004092379011837843,1.9324898476502939,0.24639301221649146,0.025341635590402374,0.025341635590402374,0.3283850369819637,0.01094616789939879,0.0008447211863467459,0.004493155362822909,-0.003682609146450133,7.9808350444900755,False,EUR_USD
n20_d1_k4_x1.0_tp2,81,0,81,0.4444444444444444,1.0931742307800307,1.3664677884750385,,7.30349794238683,0.4444444444444444,407.50757864925254,0.004075075786492526,666.759212097311,0.0,666.759212097311,147.4319860299692,0.0,147.4319860299692,35.79416790688132,75.50607190900139,36.131746214086505,-120.20142135830278,0.0,-120.20142135830278,0.0,399.125804709039,2.49131533542075,2.013332839890439e-06,0.0,4.434224076760015e-05,0.0005096999832332472,0.08741594620557157,0.5,0.092219844800975,0.01925213972400719,0.007205192972491864,0.20980238584412816,0.026474978394098053,0.023949870968377543,0.023949870968377543,0.37687024529811064,0.012562341509937023,0.0007983290322792514,0.003377648408733558,-0.0029549252425340455,7.9808350444900755,False,GBP_USD
n20_d1_k4_x1.0_tp2,70,0,70,0.44285714285714284,1.025611467880303,1.29028539507522,,7.138690476190477,0.44285714285714284,219.5640738021175,0.002195640738021175,650.4330783228111,0.0,650.4330783228111,123.64791913480647,0.0,123.64791913480647,38.56711233711421,52.55564717141657,32.525159626275695,-414.73821354592144,0.0,-414.73821354592144,0.0,112.04694564208319,1.2081163292304353,1.127720674598457e-06,0.0,2.4656721570807874e-05,0.0002748503409573111,0.07396733909702209,0.45294117647058824,0.04641656445196146,0.017992431583051305,0.003655240048542997,0.12081899337287794,0.01527588640193677,0.01746820465362438,0.01746820465362438,0.40834570989605573,0.020417285494802786,0.000873410232681219,0.004844796112828176,-0.0024916349651921132,7.9808350444900755,False,AUD_USD
n20_d1_k4_x1.0_tp2,77,0,77,0.35064935064935066,0.6516367604492683,1.2067347415727192,,7.141774891774891,0.35064935064935066,-1825.2664752262208,-0.01825266475226221,-1447.9090013545951,0.0,-1447.9090013545951,181.06491300706264,0.0,181.06491300706264,57.63771783219019,69.37430011538368,54.052895059488776,-196.2925608644841,0.0,-196.2925608644841,0.0,-1825.266475226142,-3.83696919130709,-8.785111635563852e-06,0.0,-0.00019259518680182555,-0.002305530199832817,0.07973102785782901,0.43915343915343913,-0.3935858166194973,0.02686525629012626,0.02686525629012626,-0.6793140418074562,-0.08581828421566796,0.023335315930694392,0.023335315930694392,0.41176121277925803,0.013725373759308603,0.0007778438643564798,0.0044681026316333305,-0.0027165433814405615,7.9808350444900755,False,USD_CAD
n20_d1_k4_x1.0_tp2,69,0,69,0.4492753623188406,0.8663122921949449,1.061931196884126,,7.179951690821255,0.4492753623188406,-554.4823430698743,-0.005544823430698743,-135.18889091188223,0.0,-135.18889091188223,107.29212393635339,0.0,107.29212393635339,40.79821078101515,55.30719787008264,11.186715285255604,-312.0013282215081,0.0,-312.0013282215081,0.0,-554.4823430697437,-0.32242070610963036,-2.6146886244963024e-06,0.0,-5.762242619722474e-05,-0.000696458018441648,0.07492795389048991,0.4629080118694362,-0.12404825796943257,0.017845556304974197,0.007054214423303044,-0.31006852121852346,-0.039026971563084316,0.017691848677390296,0.017691848677390296,0.22932219130806736,0.0076440730436022454,0.0005897282892463431,0.0027153894016735958,-0.0022188729615616465,7.9808350444900755,False,EUR_JPY
n20_d1_k4_x1.0_tp2,74,0,74,0.43243243243243246,1.0844216017382902,1.4233033522815057,,7.26463963963964,0.43243243243243246,423.8220822260919,0.004238220822260919,1091.2233313890365,0.0,1091.2233313890365,123.75829269808368,0.0,123.75829269808368,58.68445970286421,47.0741204384449,17.999712556774572,-543.6429564649086,0.0,-543.6429564649086,0.0,423.82208222604424,1.6350333967123558,2.1036275126960014e-06,0.0,4.6355840348360166e-05,0.0005300680488788956,0.07780979827089338,0.44141689373297005,0.08778879570035096,0.012532002906390116,0.005313893144705456,0.33396451752464884,0.04229715336313973,0.014816684317379954,0.014816684317379954,0.34523691762495184,0.01726184588124759,0.0007408342158689976,0.004111710006760916,-0.002891331362553373,7.9808350444900755,False,AUD_JPY
n20_d1_k4_x1.0_tp2,40,0,40,0.45,0.8236457713919798,1.006678165034642,,8.10625,0.45,-419.9846887741005,-0.004199846887741005,-270.2083409378499,0.0,-270.2083409378499,92.96058393014933,0.0,92.96058393014933,53.09648325641854,11.479729322754078,28.384371350976707,-56.81576390608593,0.0,-56.81576390608593,0.0,-419.98468877408516,-1.8040788471708125,-2.346383322556669e-06,0.0,-5.1462079142419705e-05,-0.0006211588172665428,0.052691218130311614,0.4386792452830189,-0.13481182802264413,0.01609337180394821,0.0047071866361718855,-0.2588286414013361,-0.03859718304116686,0.00866404519485252,0.00866404519485252,0.2247823304834882,0.01123911652417441,0.00043320225974262605,0.002978073376658452,-0.002576768620395131,6.7734428473648185,False,XAU_USD
n20_d1_k4_x1.0_tp2,67,0,67,0.3880597014925373,0.720783596102538,1.1366202861616945,,6.7257462686567155,0.3880597014925373,-1410.5155218392465,-0.014105155218392465,-726.8750804525935,0.0,-726.8750804525935,546.3733203097231,0.0,546.3733203097231,314.45109387942165,0.0,231.9222264303014,-137.26712107701482,0.0,-137.26712107701482,0.0,-1410.5155218393313,-1.0632417809838104,-6.80375283002893e-06,0.0,-0.00014813095745767524,-0.0017783782134889181,0.06395348837209303,0.4177215189873418,-0.27191040199469474,0.0254344712384873,0.006915159659436371,-0.5533564745708646,-0.06991999939035046,0.008938256141609549,0.008938256141609549,0.1807631604990198,0.00903815802495099,0.0004469128070804774,0.006367108623782869,-0.004220301016038985,7.9808350444900755,False,NAS100_USD
n20_d1_k4_x1.0_tp2,62,0,62,0.3709677419354839,0.5777314659592045,0.9796316161916947,,6.793010752688171,0.3709677419354839,-1885.2398676539742,-0.018852398676539744,-1281.757864889551,0.0,-1281.757864889551,425.9777283380033,0.0,425.9777283380033,221.75117314325126,0.0,204.22655519475205,-177.50427442636652,0.0,-177.50427442636652,0.0,-1885.2398676539208,-2.123937182912172,-9.14209708995353e-06,0.0,-0.00019924727189288955,-0.002381918030072483,0.06153100775193798,0.4163934426229508,-0.36488205740745117,0.022084720673945846,0.0035612319755843813,-0.8515340172098816,-0.10785366341003891,0.011292014079827417,0.011292014079827417,0.2825630836632894,0.014128154183164472,0.0005646007039913708,0.007032664086195295,-0.002884185387281857,7.9808350444900755,False,SPX500_USD
n20_d1_k4_x1.0_tp2,66,0,66,0.2727272727272727,0.44818267360751,1.1951537962866932,,9.537878787878787,0.2727272727272727,-3968.124887927115,-0.03968124887927115,-3343.074735197747,0.0,-3343.074735197747,195.32324261656385,0.0,195.32324261656385,99.28940840039496,0.0,96.03383421616888,-429.72691011280546,0.0,-429.72691011280546,0.0,-3968.124887927116,-5.348490390090686,-1.9930418045678634e-05,0.0,-0.00042454692905581756,-0.005064023766706893,0.09401286491835725,0.42410714285714285,-0.6934463900792952,0.04556179570750396,0.010281905784619738,-0.8655993183530333,-0.11114627261876897,0.018124820088892157,0.018124820088892157,0.19791996957882096,0.009895998478941048,0.0009062410044446078,0.004140347046278858,-0.0034385152407755415,7.975359342915811,False,UK100_GBP
n20_d1_k4_x1.0_tp2,65,0,65,0.35384615384615387,0.6534114162613441,1.193186064477237,,8.289102564102565,0.35384615384615387,-1983.9136991124687,-0.019839136991124686,-1414.7350543265757,0.0,-1414.7350543265757,458.48480315555173,0.0,458.48480315555173,254.159241787745,0.0,204.32556136780673,-110.69384163027523,0.0,-110.69384163027523,0.0,-1983.9136991124026,-2.4855729695532034,-9.640389550313393e-06,0.0,-0.00020944204294898476,-0.0025076873528140364,0.07572815533980583,0.4148936170212766,-0.3666218764734657,0.030577909331787168,0.008440757581971473,-0.6443617231721228,-0.08200977135500817,0.011209569404962604,0.011209569404962604,0.2352518330430752,0.01176259165215376,0.0005604784702481301,0.00634015511357755,-0.0029317795584199446,7.9808350444900755,False,JP225_USD
n20_d1_k4_x1.0_tp2,69,0,69,0.463768115942029,0.9456700564583951,1.0934310027800194,,7.667874396135266,0.463768115942029,-247.05363399711496,-0.0024705363399711495,27.320509538073626,0.0,27.320509538073626,184.33451260671603,0.0,184.33451260671603,115.60997229078077,0.0,68.72454031593524,-96.16595553458194,0.0,-96.16595553458194,0.0,-253.17995860322435,0.09739915843673859,-1.1306466480540655e-06,0.0,-2.500185980115769e-05,-0.0003098936191013868,0.07737226277372262,0.45821325648414984,-0.046942897603031386,0.013912970327493945,0.0059831090598533865,-0.17716113667817848,-0.022273720981708295,0.007033320954814828,0.007033320954814828,0.12920104690726095,0.012920104690726096,0.0007033320954814827,0.004720501168640201,-0.00296222375501487,7.9808350444900755,False,WTICO_USD
n60_none_k2_x0.5_tp0,57,0,57,0.3684210526315789,1.1688979764072238,2.0038251024123834,,7.631578947368421,0.3684210526315789,559.4606694799731,0.005594606694799732,784.8125869728208,0.0,784.8125869728208,92.04594531677208,0.0,92.04594531677208,11.93500653803321,56.240925702672456,23.87001307606642,-133.30597217606416,0.0,-133.30597217606416,0.0,559.4606694799845,3.4826088710683787,2.7525419678176576e-06,0.0,5.994092137998911e-05,0.0006992959310019309,0.06292026897214217,0.4517241379310345,0.11436450669200816,0.012050044662521131,0.008511960803023189,0.4594333408719523,0.0580326422504415,0.019781741968239362,0.019781741968239362,0.5018073880430582,0.016726912934768606,0.000659391398941312,0.005413007744376586,-0.003687834126311351,7.9808350444900755,False,EUR_USD
n60_none_k2_x0.5_tp0,67,0,67,0.208955223880597,0.6666171771884654,2.523622170784905,,5.902363184079602,0.208955223880597,-1557.301789675883,-0.015573017896758828,-1310.6313815548367,0.0,-1310.6313815548367,133.63730627733307,0.0,133.63730627733307,31.052281142710182,68.0500704494107,34.53495468521219,-113.03310184378424,0.0,-113.03310184378424,0.0,-1557.3017896759538,-5.3132898734707785,-7.484835336489986e-06,0.0,-0.00016368284878327534,-0.00196472265153691,0.05571565802113353,0.43283582089552236,-0.362015696001615,0.035524752726223796,0.009839618342632861,-0.43410532750751274,-0.055305737570597736,0.020290141394355872,0.020290141394355872,0.45005508373810604,0.015001836124603535,0.0006763380464785291,0.003689191848984086,-0.002996921529850982,7.9808350444900755,False,GBP_USD
n60_none_k2_x0.5_tp0,56,0,56,0.26785714285714285,0.9776409898932734,2.6722187057082807,,6.26860119047619,0.26785714285714285,12.01643802683975,0.00012016438026839751,288.46535389650074,0.0,288.46535389650074,109.02444830732603,0.0,109.02444830732603,33.1526607206434,46.09404424445786,29.777743342224774,-274.75306787643564,0.0,-274.75306787643564,0.0,-95.31216228726092,0.7516473522601484,1.5930366518537905e-07,0.0,3.5727769147210853e-06,1.505582623484436e-05,0.04755043227665706,0.4248927038626609,0.005606487112431639,0.017813194886831862,0.004931115034462617,0.006674312226060568,0.0008452063950624688,0.01474285136739114,0.01474285136739114,0.40847561142032773,0.020423780571016386,0.0007371425683695569,0.005759383133676188,-0.0044136925912174885,7.9808350444900755,False,AUD_USD
n60_none_k2_x0.5_tp0,57,0,57,0.17543859649122806,0.5701802716644684,2.6798472768230015,,5.724415204678363,0.17543859649122806,-1626.7301433230314,-0.016267301433230314,-1318.6667628397474,0.0,-1318.6667628397474,148.94824227441143,0.0,148.94824227441143,47.522497120344994,56.22015659717113,45.20558855689529,-159.11513820905336,0.0,-159.11513820905336,0.0,-1626.7301433232124,-4.280504747984892,-7.828271126042302e-06,0.0,-0.00017140105050962131,-0.0020529462792930886,0.053794428434197884,0.4375,-0.3958894979232669,0.02265809650753392,0.02265809650753392,-0.7179465154021815,-0.09060541685884667,0.01675660877466533,0.01675660877466533,0.4115826573567108,0.01371942191189036,0.0005585536258221778,0.0026221925299922955,-0.0041955399410594785,7.9808350444900755,False,USD_CAD
n60_none_k2_x0.5_tp0,50,0,50,0.28,0.564766274344284,1.452256134028159,,6.6975,0.28,-1409.288946783985,-0.01409288946783985,-1129.3136987637804,0.0,-1129.3136987637804,79.86663098666507,0.0,79.86663098666507,27.666963181775422,42.97734674429783,9.222321060591824,-200.10861703361195,0.0,-200.10861703361195,0.0,-1409.2889467840573,-4.033619781567229,-6.752844442013311e-06,0.0,-0.00014895075200049612,-0.0017768221052304467,0.05523535062439962,0.4791666666666667,-0.29910979295532064,0.015451845483699156,0.009283319417777325,-0.9110769394619284,-0.11499093147837233,0.012814866439487281,0.012814866439487281,0.25338933267031777,0.008446311089010592,0.0004271622146495761,0.003826695392974866,-0.004210146002918469,7.9808350444900755,False,EUR_JPY
n60_none_k2_x0.5_tp0,55,0,55,0.2545454545454545,0.9061460556057229,2.653713448559617,,6.800757575757576,0.2545454545454545,-394.55747641473135,-0.0039455747641473134,69.3592340721177,0.0,69.3592340721177,101.55103426840266,0.0,101.55103426840266,47.48587573592571,38.602198577996454,15.462959954480496,-362.365676218505,0.0,-362.365676218505,0.0,-394.5574764147899,0.14950794507772988,-1.8130583648360637e-06,0.0,-3.925611278404915e-05,-0.0004952364067021264,0.049951969260326606,0.4262295081967213,-0.0694441356814554,0.015573826453559314,0.006994935368710919,-0.25060373022571697,-0.03179927605967015,0.012185627684141222,0.012185627684141222,0.3463617733294532,0.01731808866647266,0.0006092813842070612,0.006880025175286075,-0.0033912311176581555,7.9808350444900755,False,AUD_JPY
n60_none_k2_x0.5_tp0,28,0,28,0.2857142857142857,0.6330341729647619,1.5825854324119049,,8.257440476190476,0.2857142857142857,-730.7096077250317,-0.007307096077250317,-618.2037338209865,0.0,-618.2037338209865,65.25489825282162,0.0,65.25489825282162,33.80671838134435,8.910367617247708,22.537812254229557,-47.25097565112614,0.0,-47.25097565112614,0.0,-730.7096077249342,-5.494857400501416,-4.121353266937883e-06,0.0,-9.009849952336236e-05,-0.0010821608564609564,0.038526912181303115,0.4276729559748428,-0.2513988206833798,0.016833856930761337,0.00564385866200261,-0.43075196250581393,-0.06428478398693471,0.00672092533799218,0.00672092533799218,0.22768728666979388,0.011384364333489695,0.0003360462668996091,0.002720521864356451,-0.0019048892007298424,6.7734428473648185,False,XAU_USD
n60_none_k2_x0.5_tp0,47,0,47,0.2765957446808511,0.5134101055599345,1.342764891464444,,6.555851063829786,0.2765957446808511,-1716.562688990627,-0.01716562688990627,-1165.5203731267525,0.0,-1165.5203731267525,412.4444391922466,0.0,412.4444391922466,224.96969410486165,0.0,187.47474508738492,-138.59787667162453,0.0,-138.59787667162453,0.0,-1716.5626889906237,-2.1151195463084567,-8.31693473459133e-06,0.0,-0.0001815205935575837,-0.0021671786731729537,0.04505813953488372,0.43457943925233644,-0.3480166642855225,0.025450703401280195,0.006973241167894495,-0.6693266179370357,-0.0851520148187316,0.007354582093032269,0.007354582093032269,0.20306826114070228,0.010153413057035115,0.00036772910465161345,0.004980771427061104,-0.004243331583282273,7.9808350444900755,False,NAS100_USD
n60_none_k2_x0.5_tp0,44,0,44,0.1590909090909091,0.25619695180461816,1.3541838881101245,,5.399621212121212,0.1590909090909091,-2724.0854647168453,-0.027240854647168453,-2258.8193148227856,0.0,-2258.8193148227856,347.9511416229475,0.0,347.9511416229475,179.34148968512318,0.0,168.60965193782434,-117.31500827111549,0.0,-117.31500827111549,0.0,-2724.0854647168485,-4.854897170871121,-1.332791188668222e-05,0.0,-0.00029019614545319614,-0.0034546549695871898,0.03682170542635659,0.39378238341968913,-0.6485734134622098,0.027958917505334413,0.027958917505334413,-0.9735980023396774,-0.12356182849096571,0.007727730153172147,0.007727730153172147,0.2818536799134226,0.01409268399567113,0.0003863865076586074,0.004220805721605769,-0.004303366395795427,7.9808350444900755,False,SPX500_USD
n60_none_k2_x0.5_tp0,29,0,29,0.06896551724137931,0.14441685327549936,1.9496275192192412,,5.849137931034484,0.06896551724137931,-2650.0551642078935,-0.026500551642078936,-2412.868613340515,0.0,-2412.868613340515,86.53414349200598,0.0,86.53414349200598,43.26707174600299,0.0,43.26707174600299,-150.6524073753637,0.0,-150.6524073753637,0.0,-2650.0551642078844,-10.172872806307412,-1.3248359567599605e-05,0.0,-0.00028220535824500647,-0.0033619610760162733,0.026719445818901535,0.3829787234042553,-0.7341281677424928,0.03556256809946867,0.012437899505583236,-0.7382443760881999,-0.09453651003529476,0.0051462615080488956,0.0051462615080488956,0.16747622350647667,0.008373811175323834,0.00025731307540244477,0.003409513320456359,-0.003943612151351972,7.975359342915811,False,UK100_GBP
n60_none_k2_x0.5_tp0,35,0,35,0.22857142857142856,0.8116936676781182,2.739466128413649,,8.717857142857142,0.22857142857142856,-554.5399130666483,-0.005545399130666483,-193.37388121172404,0.0,-193.37388121172404,282.2167836784163,0.0,282.2167836784163,155.08877978077786,0.0,127.12800389763842,-78.94924817655621,0.0,-78.94924817655621,0.0,-554.5399130666965,-0.5354154714344066,-2.626858350518619e-06,0.0,-5.788021568589158e-05,-0.0006965305054530413,0.04611650485436893,0.4185022026431718,-0.10940938583355538,0.017831653294766436,0.006062644451963491,-0.3073554272674404,-0.0390614652460449,0.007506852796800624,0.007506852796800624,0.15808580981583314,0.007904290490791657,0.00037534263984003124,0.003428895705679613,-0.0027403031451803672,7.9808350444900755,False,JP225_USD
n60_none_k2_x0.5_tp0,49,0,49,0.24489795918367346,0.6659996053966895,2.053498783306459,,6.9855442176870755,0.24489795918367346,-1132.3025549737358,-0.011323025549737359,-889.6820192530937,0.0,-889.6820192530937,145.392280898303,0.0,145.392280898303,87.54997281724624,0.0,57.84230808105675,-100.26942951232397,0.0,-100.26942951232397,0.0,-1135.3437296637208,-3.6215738210320927,-5.463838559770428e-06,0.0,-0.00011897567587956529,-0.0014258531259176976,0.049635036496350364,0.45535714285714285,-0.22015159934265954,0.014901602498321398,0.009703334753433435,-0.7598328186181669,-0.09568454977096014,0.005107247314034201,0.005107247314034201,0.12342185345256562,0.012342185345256563,0.0005107247314034201,0.004136291288251659,-0.004672026660935802,7.9808350444900755,False,WTICO_USD
n60_none_k2_x0.5_tp2,77,0,77,0.5194805194805194,1.1102157491734832,1.0269495679854719,,6.841991341991342,0.5194805194805194,366.42576986966014,0.0036642576986966016,560.3856763205706,0.0,560.3856763205706,90.84887347712794,0.0,90.84887347712794,12.011742218512582,56.57685559988986,22.260275658725483,-103.1110329740402,0.0,-103.1110329740402,0.0,366.4257698694025,2.8891830614573677,1.7987847537801782e-06,0.0,3.9281714919239964e-05,0.0004583980104950758,0.06340057636887608,0.45517241379310347,0.09844303555125096,0.008331197542525759,0.00579889709678591,0.43678400844182425,0.05502186308213547,0.01580555175225378,0.01580555175225378,0.4981722797593783,0.016605742658645943,0.000526851725075126,0.003955299161713555,-0.0019447772879495062,7.9808350444900755,False,EUR_USD
n60_none_k2_x0.5_tp2,85,0,85,0.35294117647058826,0.6370972947659881,1.1680117070709781,,5.820588235294117,0.35294117647058826,-1683.0977370923065,-0.016830977370923064,-1454.8958121513142,0.0,-1454.8958121513142,133.86450174201963,0.0,133.86450174201963,31.542700843436013,69.2062998906858,33.11550100789783,-94.33742319898477,0.0,-94.33742319898477,0.0,-1683.0977370923188,-6.375475634254353,-8.11419491837079e-06,0.0,-0.000177770683036633,-0.0021246134755011914,0.05571565802113353,0.43283582089552236,-0.46335145289763524,0.030044555919778615,0.008178526548396653,-0.5552661125492871,-0.07071542282648745,0.01705582169725487,0.01705582169725487,0.4500550837381059,0.015001836124603528,0.0005685273899084958,0.003292367866972068,-0.002588285349661934,7.9808350444900755,False,GBP_USD
n60_none_k2_x0.5_tp2,70,0,70,0.4142857142857143,0.8177854062793336,1.1561793674983682,,5.878571428571429,0.4142857142857143,-694.2516690258344,-0.0069425166902583445,-470.80170662096174,0.0,-470.80170662096174,108.21433119393404,0.0,108.21433119393404,34.3123623858899,46.01701011961909,27.884958688425055,-195.1434961729619,0.0,-195.1434961729619,0.0,-774.1595339878577,-1.5519682175583058,-3.295381403206242e-06,0.0,-7.202378399131398e-05,-0.0008725513292842102,0.04755043227665706,0.4248927038626609,-0.16406114885825046,0.019706578786612083,0.0033331484589746133,-0.3503584379479596,-0.044277159355381825,0.01162756414441617,0.01162756414441617,0.4078115955679399,0.020390579778396995,0.0005813782072208085,0.005046239215089177,-0.002515583871136484,7.9808350444900755,False,AUD_USD
n60_none_k2_x0.5_tp2,66,0,66,0.2878787878787879,0.5614844974050005,1.3889353356860539,,5.4614898989899,0.2878787878787879,-1645.9386168711644,-0.016459386168711645,-1366.6476805222414,0.0,-1366.6476805222414,146.99855786337406,0.0,146.99855786337406,47.55020655906947,56.25011229749092,43.19823900681367,-132.29237848551165,0.0,-132.29237848551165,0.0,-1645.9386168711271,-4.89327615993613,-7.93758701077457e-06,0.0,-0.00017386657846525026,-0.0020773643868856606,0.053794428434197884,0.4375,-0.4850589636172399,0.02051330879055646,0.02051330879055646,-0.8023759763363437,-0.10126910329756257,0.01413279144721234,0.01413279144721234,0.4115826573567108,0.01371942191189036,0.00047109304824041135,0.0023425827039278424,-0.0031840429865540587,7.9808350444900755,False,USD_CAD
n60_none_k2_x0.5_tp2,69,0,69,0.463768115942029,0.8392926232011142,0.9704320955762883,,5.975845410628019,0.463768115942029,-510.90395043685567,-0.005109039504368557,-282.2353210203955,0.0,-282.2353210203955,79.97286550147919,0.0,79.97286550147919,28.011621395507767,43.42145210790546,8.539791998065965,-148.69576391508207,0.0,-148.69576391508207,0.0,-510.90395043695673,-1.2342546581072684,-2.4238046093604965e-06,0.0,-5.348603990514201e-05,-0.0006415985155386883,0.05571565802113353,0.48333333333333334,-0.14257479614540006,0.010947941894539737,0.006656267004400029,-0.466292806797971,-0.05860448673541867,0.010080568157766218,0.010080568157766218,0.22852062789403438,0.007617354263134479,0.00033601893859220726,0.0023667620576588444,-0.002491847465172392,7.9808350444900755,False,EUR_JPY
n60_none_k2_x0.5_tp2,75,0,75,0.44,0.861985698963443,1.0970727077716547,,5.979444444444444,0.44,-571.9384374090878,-0.005719384374090878,-207.3435742869576,0.0,-207.3435742869576,102.82326665195849,0.0,102.82326665195849,49.63263094416333,38.79691151785563,14.393724189939528,-261.77159647012525,0.0,-261.77159647012525,0.0,-571.9384374090414,-0.5686958190015121,-2.7147948873670927e-06,0.0,-5.922228346790325e-05,-0.0007184388593481916,0.0494716618635927,0.42213114754098363,-0.15202194586140244,0.013142027863701777,0.006081928276483284,-0.4330808655183405,-0.05466727561372142,0.00895359310881156,0.00895359310881156,0.3463617733294532,0.01731808866647266,0.000447679655440578,0.003439106989434615,-0.0028923712161922355,7.9808350444900755,False,AUD_JPY
n60_none_k2_x0.5_tp2,35,0,35,0.4,0.6277484783196561,0.9416227174794841,,7.844047619047619,0.4,-754.2813760120043,-0.007542813760120043,-647.2219745112054,0.0,-647.2219745112054,64.7374654654829,0.0,64.7374654654829,34.04931187250387,8.965302668558355,21.72285092442067,-42.32193603534364,0.0,-42.32193603534364,0.0,-754.2813760120321,-6.045447344539925,-4.266035419954174e-06,0.0,-9.31332729851061e-05,-0.0011171829011799028,0.038526912181303115,0.4276729559748428,-0.31092363499928743,0.01656840668199422,0.0030008799801731767,-0.45190406338485056,-0.06742850550584359,0.0058351135780790354,0.0058351135780790354,0.22768728666979393,0.011384364333489695,0.00029175567890395176,0.0027865563445497177,-0.0016847004929193554,6.7734428473648185,False,XAU_USD
n60_none_k2_x0.5_tp2,61,0,61,0.4426229508196721,0.6522806864981571,0.8213904941087904,,6.042349726775955,0.4426229508196721,-1206.0355326294812,-0.012060355326294812,-700.9186739735469,0.0,-700.9186739735469,406.9013205141507,0.0,406.9013205141507,232.98023297181157,0.0,173.92108754233917,-98.21553814181564,0.0,-98.21553814181564,0.0,-1206.0355326295132,-1.3876366665697464,-5.839728399338961e-06,0.0,-0.0001271684566569909,-0.0015191959703133584,0.045542635658914726,0.4392523364485981,-0.33192929216559935,0.020718808643150788,0.005602456477326073,-0.5792202336488982,-0.0733244848426926,0.005700063876514245,0.005700063876514245,0.20159411588516726,0.010079705794258364,0.00028500319382571224,0.003452942400763215,-0.002343527055503003,7.9808350444900755,False,NAS100_USD
n60_none_k2_x0.5_tp2,53,0,53,0.3018867924528302,0.3693535141060539,0.8541300013702496,,5.386792452830188,0.3018867924528302,-2293.459417601087,-0.022934594176010868,-1848.7781630506113,0.0,-1848.7781630506113,341.6647474814695,0.0,341.6647474814695,181.79794556386346,0.0,159.866801917606,-103.01650706908462,0.0,-103.01650706908462,0.0,-2293.459417601165,-4.157535637339151,-1.1208756509391745e-05,0.0,-0.00024379913238236015,-0.0029029531948335796,0.03682170542635659,0.39378238341968913,-0.699844404161565,0.023734545470154522,0.012999144623297487,-0.9655047744199797,-0.12230919688282871,0.006382327279195015,0.006382327279195015,0.2580019830395459,0.012900099151977295,0.0003191163639597508,0.0032194616099279205,-0.0025670244900578565,7.9808350444900755,False,SPX500_USD
n60_none_k2_x0.5_tp2,33,0,33,0.18181818181818182,0.2339488720286839,1.0527699241290776,,6.049242424242424,0.18181818181818182,-2304.639430937066,-0.023046394309370662,-2086.9440998207674,0.0,-2086.9440998207674,84.85737673662405,0.0,84.85737673662405,43.293916223212655,0.0,41.5634605134114,-132.83795437970733,0.0,-132.83795437970733,0.0,-2304.639430937099,-9.58653586697986,-1.1510927636648671e-05,0.0,-0.00024501423703407026,-0.002919249679180669,0.026719445818901535,0.3829787234042553,-0.8023411199918331,0.029722259143277974,0.010487405331799335,-0.7708657703373333,-0.09821762420912376,0.0044237621615929815,0.0044237621615929815,0.16747622350647667,0.008373811175323834,0.00022118810807964906,0.002387061010986624,-0.0022236357647136273,7.975359342915811,False,UK100_GBP
n60_none_k2_x0.5_tp2,43,0,43,0.37209302325581395,0.728266492338371,1.228949705821001,,7.937984496124031,0.37209302325581395,-779.654860515293,-0.00779654860515293,-443.6835268478335,0.0,-443.6835268478335,273.56089614486416,0.0,273.56089614486416,154.65965616463998,0.0,118.90123998022415,-62.410437522615624,0.0,-62.410437522615624,0.0,-779.6548605153133,-1.320599355916953,-3.7648184871146597e-06,0.0,-8.188680359326271e-05,-0.0009802562815720561,0.04611650485436893,0.4185022026431718,-0.22663637976650686,0.015766513423440265,0.004774134042204077,-0.4915955672878849,-0.062173307138070066,0.005229795228218657,0.005229795228218657,0.15808580981583317,0.007904290490791659,0.0002614897614109329,0.002956037014151258,-0.001810627924424768,7.9808350444900755,False,JP225_USD
n60_none_k2_x0.5_tp2,62,0,62,0.4032258064516129,0.7780925326990586,1.1515769483946068,,6.810483870967741,0.4032258064516129,-745.5903215021244,-0.007455903215021245,-530.8278025809587,0.0,-530.8278025809587,141.87062728212385,0.0,141.87062728212385,87.7818014678104,0.0,54.08882581431346,-75.94496161405067,0.0,-75.94496161405067,0.0,-748.6433914771333,-2.4370514767608613,-3.5916507042543383e-06,0.0,-7.795858601833405e-05,-0.0009372865818795262,0.05012165450121654,0.45982142857142855,-0.18003480473614233,0.011469909734864281,0.004084078155084968,-0.6485749498565772,-0.08171699721668443,0.0041737316851258284,0.0041737316851258284,0.12342185345256572,0.012342185345256572,0.0004173731685125828,0.0034004804302545377,-0.0030207898017162726,7.9808350444900755,False,WTICO_USD
n60_none_k2_x1.0_tp0,57,0,57,0.2631578947368421,1.0294299459661818,2.882403848705309,,11.123538011695906,0.2631578947368421,115.75507256806304,0.0011575507256806304,420.9887294806489,0.0,420.9887294806489,91.63059793599197,0.0,91.63059793599197,11.88464114806288,55.97667449180334,23.76928229612576,-213.6030589767959,0.0,-213.6030589767959,0.0,115.75507256786099,1.3792343011535417,6.59526650301855e-07,0.0,1.4209363438538444e-05,0.00014496792970497552,0.09317963496637849,0.4720194647201946,0.022959931180079683,0.021380001500412638,0.010315174055424925,0.05389786282921374,0.006780538799409233,0.027965489767442245,0.027965489767442245,0.5018073880430582,0.01672691293476861,0.0009321829922480749,0.005413007744376586,-0.0036878341263115733,7.9808350444900755,False,EUR_USD
n60_none_k2_x1.0_tp0,67,0,67,0.16417910447761194,0.49489712893450755,2.519476292757493,,8.143034825870647,0.16417910447761194,-2780.3936413775664,-0.027803936413775664,-2517.677568254897,0.0,-2517.677568254897,130.1478720224679,0.0,130.1478720224679,28.50947954513853,67.42701702316312,34.211375454166266,-132.5682011000833,0.0,-132.5682011000833,0.0,-2780.3936413774477,-9.58326431394419,-1.3469843514663946e-05,0.0,-0.00029501215334214165,-0.0035269527299985892,0.07780979827089338,0.4487534626038781,-0.5569455115829136,0.04342411012539671,0.0123934127166197,-0.6355332548960347,-0.08122107096296814,0.027729311821226774,0.027729311821226774,0.450055083738106,0.015001836124603532,0.0009243103940408925,0.003689191848984086,-0.0033307293828204187,7.9808350444900755,False,GBP_USD
n60_none_k2_x1.0_tp0,56,0,56,0.23214285714285715,1.186730276964805,3.925338608422048,,10.099702380952381,0.23214285714285715,1014.4453336630686,0.010144453336630686,1267.000169879555,0.0,1267.000169879555,109.30893188923156,0.0,109.30893188923156,33.235142687436536,46.24008796356026,29.83370123823477,-251.65026827572245,0.0,-251.65026827572245,0.0,906.0409697146008,3.5100924683469796,5.002647122431611e-06,0.0,0.00010967883237224267,0.0012654977682684532,0.074447646493756,0.46130952380952384,0.14268000183659346,0.02213902544499291,0.0044092510540019725,0.45072376302941936,0.05716140357725934,0.024050010734296315,0.024050010734296315,0.40847561142032784,0.020423780571016393,0.0012025005367148158,0.00575938313367641,-0.0044136925912177105,7.9808350444900755,False,AUD_USD
n60_none_k2_x1.0_tp0,56,0,56,0.125,0.38527642134226725,2.696934949395871,,7.956845238095238,0.125,-2788.2031256983028,-0.027882031256983027,-2443.057971416395,0.0,-2443.057971416395,142.2806366158424,0.0,142.2806366158424,43.896115744491155,54.48840512686011,43.896115744491155,-202.86451766616878,0.0,-202.86451766616878,0.0,-2788.2031256984064,-7.078349329569963,-1.3505870497666963e-05,0.0,-0.00029621318090148864,-0.003536982731056182,0.069164265129683,0.43636363636363634,-0.5490138518983527,0.0329926082735269,0.0329926082735269,-0.8450993333362923,-0.10720530798088608,0.023153305709035968,0.023153305709035968,0.4137259134073847,0.013790863780246155,0.0007717768569678655,0.0036221689941171586,-0.0041955399410598115,7.9808350444900755,False,USD_CAD
n60_none_k2_x1.0_tp0,50,0,50,0.28,1.039321163975376,2.672540135936681,,11.076666666666664,0.28,140.36102085057064,0.0014036102085057064,565.9284091402434,0.0,565.9284091402434,80.14032767286284,0.0,80.14032767286284,27.773430720755307,43.10908671185576,9.257810240251771,-345.42706061689745,0.0,-345.42706061689745,0.0,140.3610208504831,1.3298209043097873,7.835505975322224e-07,0.0,1.6119029718648413e-05,0.00017576473177993712,0.08693563880883766,0.4891891891891892,0.0265284229582459,0.011842426755170221,0.006433850414314467,0.117692026816084,0.014841952195583642,0.02127016134955076,0.02127016134955076,0.25338933267031777,0.008446311089010592,0.0007090053783183586,0.004190882626375014,-0.004292050022208449,7.9808350444900755,False,EUR_JPY
n60_none_k2_x1.0_tp0,55,0,55,0.2545454545454545,1.01126192950432,2.9615527935483654,,10.540151515151514,0.2545454545454545,51.49378699719091,0.0005149378699719091,584.8988670665693,0.0,584.8988670665693,104.11952638520276,0.0,104.11952638520276,49.82897790626465,38.76727226724424,15.523276211693888,-429.2855536840897,0.0,-429.2855536840897,0.0,51.49378699727686,1.096537863851217,3.6884642012480825e-07,0.0,8.150828975653955e-06,6.450727727869143e-05,0.07156580211335255,0.43823529411764706,0.011866830355888397,0.020201235197304435,0.004497148253376169,0.02496262299347798,0.003193234307142714,0.018002245746366066,0.018002245746366066,0.3473768690076786,0.01736884345038393,0.0009001122873183033,0.006880025175286297,-0.0033912311176583776,7.9808350444900755,False,AUD_JPY
n60_none_k2_x1.0_tp0,28,0,28,0.21428571428571427,0.41901211662735477,1.5363777609669675,,11.77529761904762,0.21428571428571427,-1278.6754125254229,-0.012786754125254228,-1128.254499389826,0.0,-1128.254499389826,65.073345903728,0.0,65.073345903728,33.71416689884753,8.883067738982108,22.47611126589836,-85.34756723177485,0.0,-85.34756723177485,0.0,-1278.6754125253287,-7.5006491841561065,-7.2369570840274685e-06,0.0,-0.00015839998701224398,-0.001898147057253441,0.054390934844192634,0.42857142857142855,-0.348311148199176,0.018959956661251165,0.006816694828919501,-0.6707297271039991,-0.10011347025558984,0.009453174536417508,0.009453174536417508,0.22768728666979382,0.011384364333489692,0.00047265872682087544,0.0047830641406616525,-0.004029622399191024,6.7734428473648185,False,XAU_USD
n60_none_k2_x1.0_tp0,47,0,47,0.2127659574468085,0.8376051995137246,3.099139238200781,,11.403368794326243,0.2127659574468085,-661.4513334922667,-0.0066145133349226675,22.422148051207955,0.0,22.422148051207955,413.9498873395431,0.0,413.9498873395431,225.7908476397509,0.0,188.15903969979226,-269.92359420392285,0.0,-269.92359420392285,0.0,-661.4513334922581,0.03278698276266301,-3.1048553788064967e-06,0.0,-6.831323789503288e-05,-0.0008312072117919733,0.0809108527131783,0.48265895953757226,-0.1048173953026778,0.019784416775592284,0.005556669511472517,-0.33178203137247275,-0.042013227947028504,0.012081740466061454,0.012081740466061454,0.20306826114070228,0.010153413057035115,0.0006040870233030727,0.004980771427061326,-0.004243331583282273,7.9808350444900755,False,NAS100_USD
n60_none_k2_x1.0_tp0,44,0,44,0.1590909090909091,0.3881451053444535,2.051624128249254,,8.624999999999998,0.1590909090909091,-2413.475290797782,-0.024134752907977817,-1898.370212333011,0.0,-1898.370212333011,341.32618350055657,0.0,341.32618350055657,172.82312462255229,0.0,168.5030588780043,-173.7788949641345,0.0,-173.7788949641345,0.0,-2413.475290797702,-3.685403797592608,-1.1749936520853398e-05,0.0,-0.00025622110764958374,-0.0030564988641030855,0.06153100775193798,0.43197278911564624,-0.4480385813221943,0.02485510860122353,0.02485510860122353,-0.9703010239703932,-0.12297266180332138,0.011784509909583057,0.011784509909583057,0.2818536799134227,0.014092683995671134,0.0005892254954791528,0.004380121166747353,-0.004303366395795316,7.9808350444900755,False,SPX500_USD
n60_none_k2_x1.0_tp0,29,0,29,0.034482758620689655,0.06519678968497107,1.8255101111791898,,6.932471264367818,0.034482758620689655,-3088.0062906394305,-0.030880062906394307,-2829.550615186831,0.0,-2829.550615186831,86.26745278575957,0.0,86.26745278575957,43.13372639287979,0.0,43.13372639287979,-172.1882226667727,0.0,-172.1882226667727,0.0,-3088.0062906393628,-10.947914416011745,-1.546389520995047e-05,0.0,-0.00032957939472404906,-0.003925252450599048,0.031172686788718457,0.38181818181818183,-0.7302826346974908,0.040350074151207616,0.012246536697187227,-0.757825378633773,-0.09727993152849192,0.006705128826230843,0.006705128826230843,0.16747622350647667,0.008373811175323834,0.0003352564413115421,0.0043575543562788255,-0.003943612151351972,7.975359342915811,False,UK100_GBP
n60_none_k2_x1.0_tp0,35,0,35,0.17142857142857143,0.9918041798156184,4.793720202442155,,14.298809523809524,0.17142857142857143,-24.691580190570676,-0.00024691580190570677,382.64336963509925,0.0,382.64336963509925,282.0733333867821,0.0,282.0733333867821,155.0034472689103,0.0,127.06988611787183,-125.2616164389813,0.0,-125.2616164389813,0.0,-24.69158019066417,0.9393826132493027,-2.1748588269253125e-08,0.0,-1.5897806385159035e-06,-3.0941933862438376e-05,0.08300970873786408,0.4672131147540984,-0.0007790158784706438,0.02041321766642945,0.006465129901866,-0.011962439281356806,-0.0015157793527731751,0.012125128170465757,0.012125128170465757,0.15807488795025737,0.007903744397512869,0.0006062564085232878,0.003428895705679613,-0.002740303145180256,7.9808350444900755,False,JP225_USD
n60_none_k2_x1.0_tp0,49,0,49,0.22448979591836735,0.8178203943954759,2.825197726093462,,10.194727891156461,0.22448979591836735,-699.6658946127718,-0.006996658946127718,-420.4016236981133,0.0,-420.4016236981133,146.24976413420282,0.0,146.24976413420282,88.06583944043048,0.0,58.18392469377234,-136.06898939307888,0.0,-136.06898939307888,0.0,-702.7203772253949,-1.4891027196940638,-3.2974202340293233e-06,0.0,-7.233134045292934e-05,-0.0008793769927232242,0.07153284671532846,0.4788273615635179,-0.10715817028617464,0.017889980028344743,0.004723996310488557,-0.38682841751318786,-0.0491547218795072,0.007731170379232808,0.007731170379232808,0.12342185345256572,0.012342185345256572,0.0007731170379232808,0.004367315779025827,-0.004767668781143541,7.9808350444900755,False,WTICO_USD
n60_none_k2_x1.0_tp2,79,0,79,0.45569620253164556,1.0414988593682435,1.244012526467624,,9.507911392405061,0.45569620253164556,157.021050314288,0.00157021050314288,389.25157518328666,0.0,389.25157518328666,90.38322915789955,0.0,90.38322915789955,11.976592342763372,56.394719911076166,22.011916904060012,-141.847295711144,0.0,-141.847295711144,0.0,157.0210503142431,1.6761430281518261,8.076089498849566e-07,0.0,1.7600324206204645e-05,0.00019661266501147523,0.0936599423631124,0.4744525547445255,0.03899021408698038,0.01461819683175547,0.005305796235168895,0.10700463828401327,0.013449857549076688,0.020346877390353502,0.020346877390353502,0.4981722797593783,0.016605742658645943,0.000678229246345117,0.003955299161713555,-0.0025349823056729504,7.9808350444900755,False,EUR_USD
n60_none_k2_x1.0_tp2,88,0,88,0.3409090909090909,0.5571454372564637,1.0771478453624965,,7.73532196969697,0.3409090909090909,-2365.837984989368,-0.02365837984989368,-2126.770619183248,0.0,-2126.770619183248,130.5541716603896,0.0,130.5541716603896,29.117213849036702,68.85547670176565,32.58148110958727,-108.51319414554285,0.0,-108.51319414554285,0.0,-2365.8379849891808,-8.896114331680447,-1.1452782737166108e-05,0.0,-0.0002510023356896955,-0.002995532983600002,0.07780979827089338,0.4487534626038781,-0.5927266260322229,0.035394142259217665,0.00980589370499002,-0.6633091225019355,-0.08463358037218371,0.021506650276045033,0.021506650276045033,0.450055083738106,0.015001836124603533,0.0007168883425348344,0.003292367866972068,-0.0033307293828204187,7.9808350444900755,False,GBP_USD
n60_none_k2_x1.0_tp2,71,0,71,0.39436619718309857,0.9173344040716874,1.4087635491100912,,8.99237089201878,0.39436619718309857,-315.70888082626334,-0.003157088808262633,-103.01435937303094,0.0,-103.01435937303094,108.12253839257451,0.0,108.12253839257451,34.34534765960917,46.07864673648315,27.698543996482186,-184.78444817416988,0.0,-184.78444817416988,0.0,-395.92134593977534,-0.35169649102773165,-1.45251371380816e-06,0.0,-3.1577115807207275e-05,-0.00039613105252211955,0.074447646493756,0.46130952380952384,-0.06331342918176945,0.023931483074663862,0.0038082116581789746,-0.13073310504640998,-0.016552716406510612,0.016632392906875886,0.016632392906875886,0.4078115955679399,0.020390579778396995,0.0008316196453437944,0.0050462392150889546,-0.0025154958248649884,7.9808350444900755,False,AUD_USD
n60_none_k2_x1.0_tp2,69,0,69,0.2753623188405797,0.46461690952983736,1.2226760777100982,,7.599033816425122,0.2753623188405797,-2370.6547522287437,-0.023706547522287437,-2065.987361021863,0.0,-2065.987361021863,141.8124760471127,0.0,141.8124760471127,44.54283046308196,55.35323691032466,41.91640867370609,-162.8549151598065,0.0,-162.8549151598065,0.0,-2370.654752228782,-6.7811240081768975,-1.1474602693373438e-05,0.0,-0.000251592378509949,-0.0030016962650109003,0.069164265129683,0.43636363636363634,-0.5823567381240761,0.027124963416047865,0.027124963416047865,-0.8739752809495773,-0.11066176270803799,0.018463480475865515,0.018463480475865515,0.41372591340738474,0.013790863780246158,0.0006154493491955172,0.0035312320362241856,-0.0031840429865541697,7.9808350444900755,False,USD_CAD
n60_none_k2_x1.0_tp2,71,0,71,0.4788732394366197,1.1093710466764521,1.2072567272655508,,9.461854460093898,0.4788732394366197,373.1184593535436,0.003731184593535436,674.5416490626286,0.0,674.5416490626286,80.03436214667653,0.0,80.03436214667653,28.063953010355586,43.48988037707103,8.480528759249907,-221.3888275626007,0.0,-221.3888275626007,0.0,373.11845935335145,2.2378558521433742,1.8370394609521675e-06,0.0,3.982476590783014e-05,0.0004667569320921938,0.08741594620557157,0.4918918918918919,0.0938383801761982,0.009766677167041715,0.0039361649199447036,0.3792051275773665,0.04779076077862954,0.014553776026462316,0.014553776026462316,0.2285206278940345,0.007617354263134484,0.00048512586754874377,0.0023676843571767137,-0.002493169377276505,7.9808350444900755,False,EUR_JPY
n60_none_k2_x1.0_tp2,75,0,75,0.44,0.9085614593581636,1.1563509482740264,,8.721666666666666,0.44,-400.05108031501004,-0.004000510803150101,10.65872648031688,0.0,10.65872648031688,104.05817895928392,0.0,104.05817895928392,50.775658277483736,38.86686856825672,14.415652113543455,-306.65162783593024,0.0,-306.65162783593024,0.0,-400.05108031489726,0.025951964876337795,-1.875706925949087e-06,0.0,-4.095087621704261e-05,-0.0005021439129002658,0.07108549471661864,0.43529411764705883,-0.09448218409415092,0.015721344356477207,0.005022364321120433,-0.2520455524158412,-0.03194026550874335,0.01208754046181628,0.01208754046181628,0.34636666466538446,0.01731833323326922,0.0006043770230908139,0.003439106989434837,-0.0028923712186577077,7.9808350444900755,False,AUD_JPY
n60_none_k2_x1.0_tp2,38,0,38,0.39473684210526316,0.642748572814684,0.985547811649182,,11.546052631578947,0.39473684210526316,-779.1333763393341,-0.007791333763393341,-646.1654976623613,0.0,-646.1654976623613,64.12613242278596,0.0,64.12613242278596,34.011572640542674,8.948942568503439,21.165617213739846,-68.84174625418885,0.0,-68.84174625418885,0.0,-779.1333763393361,-4.8595608510241926,-4.3987149415251e-06,0.0,-9.62277440625278e-05,-0.001154114745325785,0.054390934844192634,0.42857142857142855,-0.27205437928155807,0.014457133270023848,0.0038746496438414138,-0.5363713534717325,-0.07983012425560086,0.00767215547433072,0.00767215547433072,0.22768728666979385,0.011384364333489692,0.000383607773716536,0.0030881461797960252,-0.0024529322832969047,6.7734428473648185,False,XAU_USD
n60_none_k2_x1.0_tp2,62,0,62,0.4032258064516129,0.8203051742744487,1.214051657926184,,9.781586021505378,0.4032258064516129,-685.0174282674707,-0.006850174282674707,-112.95100023315817,0.0,-112.95100023315817,406.8306276005526,0.0,406.8306276005526,233.3166881032762,0.0,173.51393949727637,-165.23580043362483,0.0,-165.23580043362483,0.0,-685.0174282673356,-0.19744385389175476,-3.2806602038099494e-06,0.0,-7.155125141057142e-05,-0.0008609105595238642,0.08139534883720931,0.48554913294797686,-0.1652317937374825,0.01802696247773805,0.004929494935972889,-0.3781180997795,-0.04775682872735905,0.008144478816160367,0.008144478816160367,0.20159411588516726,0.010079705794258364,0.00040722394080801836,0.003452942400763437,-0.002343527055502892,7.9808350444900755,False,NAS100_USD
n60_none_k2_x1.0_tp2,53,0,53,0.3018867924528302,0.4264211032993463,0.9860988013797383,,8.064465408805031,0.3018867924528302,-2205.8473697715963,-0.022058473697715963,-1734.4751257893327,0.0,-1734.4751257893327,338.22316126937994,0.0,338.22316126937994,178.46327786777826,0.0,159.75988340160166,-133.14908271295542,0.0,-133.14908271295542,0.0,-2205.847369771668,-3.6796293119336316,-1.0765487911580436e-05,0.0,-0.00023419196176498866,-0.002790968405595007,0.06153100775193798,0.43197278911564624,-0.5942393091278402,0.022780362040632607,0.022780362040632607,-0.967596157021372,-0.12251642009099088,0.00850467652309581,0.00850467652309581,0.2580019830395458,0.01290009915197729,0.0004252338261547904,0.0032194616099281426,-0.0025670244900580785,7.9808350444900755,False,SPX500_USD
n60_none_k2_x1.0_tp2,33,0,33,0.15151515151515152,0.1838563099831231,1.0295953359054895,,7.001262626262627,0.15151515151515152,-2606.118557817783,-0.02606118557817783,-2377.6315182092094,0.0,-2377.6315182092094,84.67711935632371,0.0,84.67711935632371,43.202302569538986,0.0,41.47481678678473,-143.80992025230978,0.0,-143.80992025230978,0.0,-2606.118557817843,-10.405979797724026,-1.303610336843306e-05,0.0,-0.00027751397677965717,-0.0033055723479535892,0.031172686788718457,0.38181818181818183,-0.8444700623884696,0.032912295656899015,0.009526696775493643,-0.7870307377974596,-0.1004357879624444,0.005229982549487789,0.005229982549487789,0.1674762235064767,0.008373811175323835,0.0002614991274743895,0.002387061010986624,-0.0022236357647136273,7.975359342915811,False,UK100_GBP
n60_none_k2_x1.0_tp2,45,0,45,0.35555555555555557,0.9052932758735283,1.6408440625207699,,12.676851851851852,0.35555555555555557,-272.4908470338414,-0.0027249084703384143,87.4573355305259,0.0,87.4573355305259,272.37047974796855,0.0,272.37047974796855,154.82455034086792,0.0,117.54592940710064,-87.57770281643262,0.0,-87.57770281643262,0.0,-272.4908470338753,0.24297201588141984,-1.2813849174521292e-06,0.0,-2.8125385312381898e-05,-0.0003418390900070678,0.08300970873786408,0.4672131147540984,-0.06918016510172544,0.014669799256936011,0.004387650895071331,-0.1847184299956279,-0.023302233658408326,0.007778989020083346,0.007778989020083346,0.1580803233233909,0.007904016166169543,0.0003889494510041673,0.0029560370141514802,-0.001810627924424657,7.9808350444900755,False,JP225_USD
n60_none_k2_x1.0_tp2,63,0,63,0.3968253968253968,0.8412960945435567,1.2787700637062063,,9.453042328042331,0.3968253968253968,-587.8114824794175,-0.005878114824794175,-353.27439357556983,0.0,-353.27439357556983,141.93684465415504,0.0,141.93684465415504,88.0342735688532,0.0,53.90257108530186,-95.65816750871295,0.0,-95.65816750871295,0.0,-590.8694057384378,-1.4868763041768118,-2.806779382931449e-06,0.0,-6.0981791640413756e-05,-0.0007384292435312911,0.07201946472019465,0.4820846905537459,-0.12643778320114618,0.0127350863264033,0.0040984723542022055,-0.4584144832823767,-0.057983842795028905,0.005539703711295588,0.005539703711295588,0.12342185345256565,0.012342185345256565,0.0005539703711295588,0.0034004804302545377,-0.0030207898017161616,7.9808350444900755,False,WTICO_USD
n60_none_k4_x0.5_tp0,46,0,46,0.41304347826086957,1.0156712370764844,1.443322284266583,,10.148550724637682,0.41304347826086957,55.59441641862213,0.0005559441641862213,252.77848880995958,0.0,252.77848880995958,76.28463450004283,0.0,76.28463450004283,11.989937165094382,45.039223065162915,19.255474269785534,-120.89943789132838,0.0,-120.89943789132838,0.0,55.59441641858837,1.2819417194520888,3.3528354259610527e-07,0.0,6.954759901601829e-06,6.964296775713308e-05,0.07396733909702209,0.4463768115942029,0.014390358969304124,0.014852147837471241,0.013690908016124992,0.0370562634340338,0.004689083930435117,0.02229354297152966,0.02229354297152966,0.5021081542889083,0.016736938476296946,0.0007431180990509885,0.004678750337183013,-0.003692146621830039,7.9808350444900755,False,EUR_USD
n60_none_k4_x0.5_tp0,49,0,49,0.30612244897959184,0.9170473494259663,2.078640658698857,,9.276360544217686,0.30612244897959184,-338.1919199885451,-0.0033819191998854512,-106.80859258352197,0.0,-106.80859258352197,100.02877149048075,0.0,100.02877149048075,23.75829979822452,51.01153689262328,25.25893479963296,-139.67408067860788,0.0,-139.67408067860788,0.0,-346.5114447526106,-0.4455874914169907,-1.563783000476844e-06,0.0,-3.3175644012868675e-05,-0.0004243831521567598,0.07108549471661864,0.46835443037974683,-0.06972202654706085,0.029272558347644084,0.011269696421692474,-0.114676899224581,-0.014497644760554899,0.023580633506076937,0.023580633506076937,0.3768702452981107,0.012562341509937023,0.0007860211168692314,0.0035853770266049967,-0.0026708569924698278,7.9808350444900755,False,GBP_USD
n60_none_k4_x0.5_tp0,40,0,40,0.3,0.8157963955180071,1.90352492287535,,9.134375,0.3,-671.5745164115942,-0.006715745164115943,-351.8826583623811,0.0,-351.8826583623811,91.97225987966596,0.0,91.97225987966596,36.53105399754701,33.50523214905536,21.93597373306358,-280.9996783483735,0.0,-280.9996783483735,0.0,-724.8545965904206,-0.9434561217504677,-3.168752008474356e-06,0.0,-6.949771594991012e-05,-0.0008439659920294051,0.060038424591738714,0.4166666666666667,-0.13658776047584,0.01834453104876599,0.0032526478930147273,-0.36446963058393766,-0.046006408655847195,0.01490632002604986,0.01490632002604986,0.20473457632646644,0.010236728816323322,0.0007453160013024932,0.005006980213097645,-0.0027435644515576563,7.9808350444900755,False,AUD_USD
n60_none_k4_x0.5_tp0,43,0,43,0.2558139534883721,0.5489534469763642,1.5969554821130594,,8.726744186046512,0.2558139534883721,-1549.556261237376,-0.01549556261237376,-1271.9948761630992,0.0,-1271.9948761630992,113.57438627061096,0.0,113.57438627061096,36.62101848486091,42.65470838846557,34.29865939728448,-163.98699880378743,0.0,-163.98699880378743,0.0,-1549.5562612374977,-4.582751580599549,-7.450474852720542e-06,0.0,-0.00016331076917033515,-0.001954883669717522,0.06772334293948126,0.4504792332268371,-0.3724512496090535,0.023214975729557552,0.005088098540097774,-0.6663670328084976,-0.08420787049234532,0.018967273602848708,0.018967273602848708,0.23472716061831703,0.007824238687277234,0.0006322424534282901,0.002748505617309549,-0.002486493550674984,7.9808350444900755,False,USD_CAD
n60_none_k4_x0.5_tp0,43,0,43,0.3023255813953488,0.42174547679622204,0.9732587926066661,,8.39922480620155,0.3023255813953488,-2482.838277207935,-0.024828382772079348,-2182.071883131667,0.0,-2182.071883131667,70.52271725261299,0.0,70.52271725261299,24.188355802702873,38.2715761823425,8.062785267567614,-230.24367682365934,0.0,-230.24367682365934,0.0,-2482.8382772079394,-7.255038881033725,-1.2016766909513593e-05,0.0,-0.00026404964506599024,-0.0031453156776198865,0.06628242074927954,0.46308724832214765,-0.5554198465543345,0.02679962137079095,0.008871231244154565,-0.9245725399152976,-0.11736418340029173,0.01510981809923758,0.01510981809923758,0.21341757306669595,0.007113919102223198,0.0005036606033079193,0.0038310498781304325,-0.0030729927329798956,7.9808350444900755,False,EUR_JPY
n60_none_k4_x0.5_tp0,44,0,44,0.3409090909090909,0.8888491971815696,1.7184417812177013,,10.428977272727273,0.3409090909090909,-484.74047486770723,-0.004847404748677072,74.57742169310981,0.0,74.57742169310981,79.15239137122964,0.0,79.15239137122964,35.9206008505106,30.916155943401122,12.315634577317923,-480.1655051895909,0.0,-480.1655051895909,0.0,-484.7404748677107,0.13333637659670386,-2.241162835077003e-06,0.0,-4.8817214021064445e-05,-0.0006086722148864743,0.06772334293948126,0.44200626959247646,-0.08256731974612065,0.017437286799207974,0.00933362581118452,-0.2758329872228848,-0.03490636025520444,0.015377665198736935,0.015377665198736935,0.3454224528779935,0.017271122643899676,0.0007688832599368468,0.005351114402264878,-0.003393524241386059,7.9808350444900755,False,AUD_JPY
n60_none_k4_x0.5_tp0,21,0,21,0.42857142857142855,0.7142754200687,0.9523672267582667,,12.682539682539684,0.42857142857142855,-520.8552480031358,-0.0052085524800313575,-403.1586607585843,0.0,-403.1586607585843,49.764423430264806,0.0,49.764423430264806,27.934243342705784,6.521931974700942,15.30824811285808,-67.93216381426177,0.0,-67.93216381426177,0.0,-520.8552480031109,-3.4254065491379233,-2.9218191470884826e-06,0.0,-6.395690147594135e-05,-0.0007706792287954789,0.04815864022662889,0.4497354497354497,-0.17064487455829688,0.019105780181256082,0.00463927871963835,-0.26963952569281324,-0.040337490617188276,0.007909041980084571,0.007909041980084571,0.22478233048348822,0.01123911652417441,0.0003954520990042286,0.0027180898624274974,-0.0019048892007299534,6.7734428473648185,False,XAU_USD
n60_none_k4_x0.5_tp0,37,0,37,0.3783783783783784,0.500219536685729,0.8217892388408405,,10.411036036036036,0.3783783783783784,-1784.5591192136926,-0.017845591192136925,-1283.9413477592088,0.0,-1283.9413477592088,354.2962747598872,0.0,354.2962747598872,206.06345666985058,0.0,148.23281809003657,-146.3214966945981,0.0,-146.3214966945981,0.0,-1784.5591192136942,-2.5647138814686308,-8.647839655817237e-06,0.0,-0.00018884750191244278,-0.00225370468185071,0.060077519379844964,0.4161073825503356,-0.35127098060897605,0.023851308539331373,0.006542017033845493,-0.7457887515501888,-0.09448977099660162,0.009234502060990668,0.009234502060990668,0.13706906835634977,0.006853453417817488,0.00046172510304953344,0.004980771427061326,-0.004243331583282384,7.9808350444900755,False,NAS100_USD
n60_none_k4_x0.5_tp0,33,0,33,0.21212121212121213,0.30463758529672474,1.1315110311021204,,9.417929292929294,0.21212121212121213,-2392.6641643804614,-0.023926641643804616,-1971.0509177984206,0.0,-1971.0509177984206,253.9877433075757,0.0,253.9877433075757,130.20070507523337,0.0,123.78703823234233,-167.6255032742883,0.0,-167.6255032742883,0.0,-2392.6641643802845,-4.675021322926353,-1.1669838742486644e-05,0.0,-0.00025428200650447105,-0.003029861733196526,0.04748062015503876,0.39357429718875503,-0.5200889727361581,0.02510166405758829,0.008998585772380366,-0.952041987234869,-0.12070362053469487,0.009464347176335004,0.009464347176335004,0.14089028648752405,0.007044514324376203,0.00047321735881675024,0.004211322269181084,-0.004293745644088243,7.9808350444900755,False,SPX500_USD
n60_none_k4_x0.5_tp0,22,0,22,0.09090909090909091,0.14600217903402427,1.4600217903402424,,11.75,0.09090909090909091,-2611.5211885829194,-0.026115211885829194,-2338.7271384578335,0.0,-2338.7271384578335,66.08604259839417,0.0,66.08604259839417,33.043021299197086,0.0,33.043021299197086,-206.70800752669123,0.0,-206.70800752669123,0.0,-2611.521188582919,-8.573233680813226,-1.3038710470122742e-05,0.0,-0.0002779277705854551,-0.0033125049443784027,0.03958436417615042,0.4020100502512563,-0.6247617075620655,0.03387820427292021,0.018476479433103488,-0.7647112320385174,-0.09777687499883753,0.0074374435457821575,0.0074374435457821575,0.15883955503450792,0.007941977751725397,0.0003718721772891078,0.0034095133204561368,-0.003943612151351972,7.975359342915811,False,UK100_GBP
n60_none_k4_x0.5_tp0,29,0,29,0.27586206896551724,0.8083421408810639,2.121898119812793,,12.75574712643678,0.27586206896551724,-616.4835141849617,-0.006164835141849617,-301.3663598739538,0.0,-301.3663598739538,229.02890446707096,0.0,229.02890446707096,123.32325625149976,0.0,105.7056482155712,-86.08824984384783,0.0,-86.08824984384783,0.0,-616.4835141848727,-0.9563629137644553,-2.9254156909694647e-06,0.0,-6.439650357030641e-05,-0.0007745456450444221,0.062135922330097085,0.44755244755244755,-0.11869335510680576,0.01764784372550221,0.006655965026025982,-0.3452889350518605,-0.04388896780206391,0.009024485745896075,0.009024485745896075,0.12552701944112266,0.006276350972056133,0.0004512242872948038,0.0034288957056798353,-0.002740303145180256,7.9808350444900755,False,JP225_USD
n60_none_k4_x0.5_tp0,39,0,39,0.2564102564102564,0.5289344688528788,1.5339099596733485,,9.47222222222222,0.2564102564102564,-1883.4739526919584,-0.018834739526919584,-1671.7087345170353,0.0,-1671.7087345170353,117.65200943828347,0.0,117.65200943828347,70.90382095447683,0.0,46.748188483806636,-97.13515655443076,0.0,-97.13515655443076,0.0,-1886.4959005097496,-7.783094147132335,-9.185443624034842e-06,0.0,-0.00019919051875909706,-0.0023796682089031185,0.05693430656934306,0.44150943396226416,-0.39746953961555964,0.021676410571596083,0.013000833350337193,-0.867384173131158,-0.10978146963230814,0.005656197694762909,0.005656197694762909,0.09335249028353099,0.0093352490283531,0.0005656197694762909,0.004136291288251659,-0.003233713572416308,7.9808350444900755,False,WTICO_USD
n60_none_k4_x0.5_tp2,54,0,54,0.5,1.0004767097001301,1.0004767097001301,,10.027777777777779,0.5,1.691570276976563,1.691570276976563e-05,189.38868076251694,0.0,189.38868076251694,75.58807630480766,0.0,75.58807630480766,11.992664177732687,45.048647347402785,18.546764779672195,-112.10903418077132,0.0,-112.10903418077132,0.0,1.6915702769379664,1.0090122339793182,6.129253789514525e-08,0.0,1.1434343105465316e-06,2.1195247781324866e-06,0.074447646493756,0.4492753623188406,0.0029825464607704678,0.012682828664690504,0.008795117970688585,0.0013225022710167866,0.00016711767021132496,0.020543488113943922,0.020543488113943922,0.5021081542889083,0.016736938476296946,0.0006847829371314641,0.003401302208440482,-0.0023486055776955617,7.9808350444900755,False,EUR_USD
n60_none_k4_x0.5_tp2,56,0,56,0.39285714285714285,0.8067734393353282,1.24683167897278,,9.489583333333332,0.39285714285714285,-798.9758068189694,-0.007989758068189695,-584.8711788921562,0.0,-584.8711788921562,99.04354627807379,0.0,99.04354627807379,23.755213068007567,51.029700143971176,24.258633066095047,-123.34214129721134,0.0,-123.34214129721134,0.0,-807.2568664674413,-2.6299857030779346,-3.8014530916669602e-06,0.0,-8.284663351426694e-05,-0.001004633850112735,0.07108549471661864,0.46835443037974683,-0.1879842974166872,0.02855822733579827,0.01083697568768797,-0.27759083484475744,-0.03517843871399566,0.021463264121365965,0.021463264121365965,0.37687024529811075,0.012562341509937026,0.0007154421373788655,0.003377648408733336,-0.002496599961026469,7.9808350444900755,False,GBP_USD
n60_none_k4_x0.5_tp2,43,0,43,0.3488372093023256,0.6822716745432689,1.2735737924807686,,8.875,0.3488372093023256,-1194.7224961143656,-0.011947224961143657,-914.5133464999399,0.0,-914.5133464999399,91.49312252667033,0.0,91.49312252667033,36.48524902466321,33.46090753064506,21.546965971362056,-241.71548904309614,0.0,-241.71548904309614,0.0,-1247.7219580697063,-2.744566961194702,-5.7204067054490354e-06,0.0,-0.00012547295014566872,-0.0015048701858830782,0.06051873198847262,0.42,-0.2801980623877305,0.02132600064787371,0.0035839222929155857,-0.557739465288293,-0.07056504455433935,0.014040255942449207,0.014040255942449207,0.2047345763264664,0.01023672881632332,0.0007020127971224603,0.003529381873858428,-0.0021778392771307775,7.9808350444900755,False,AUD_USD
n60_none_k4_x0.5_tp2,47,0,47,0.3191489361702128,0.6003469650824259,1.280740192175842,,8.75354609929078,0.3191489361702128,-1370.1266981783265,-0.013701266981783264,-1104.9153442782317,0.0,-1104.9153442782317,112.86533809603947,0.0,112.86533809603947,36.66161465423149,42.706342261147206,33.49738118066077,-152.34601580402958,0.0,-152.34601580402958,0.0,-1370.1266981783008,-4.166169087521649,-6.58139761926733e-06,0.0,-0.00014417327417910698,-0.001727147376864413,0.06772334293948126,0.4504792332268371,-0.34855710592242595,0.020487301454366946,0.0045425636850596526,-0.667652314802955,-0.08430331250367114,0.01796276438922743,0.01796276438922743,0.23472716061831697,0.007824238687277232,0.0005987588129742477,0.002868872048700233,-0.002486493550674984,7.9808350444900755,False,USD_CAD
n60_none_k4_x0.5_tp2,49,0,49,0.3877551020408163,0.5804968311921775,0.9165739439876489,,8.46513605442177,0.3877551020408163,-1807.2862714663788,-0.01807286271466379,-1520.492439336491,0.0,-1520.492439336491,71.47297011761363,0.0,71.47297011761363,25.312695332919255,38.39456399122709,7.765710793467283,-215.3208620122574,0.0,-215.3208620122574,0.0,-1807.286271466362,-5.3016915602562715,-8.708469634047712e-06,0.0,-0.00019128073631526443,-0.002282636851060782,0.06628242074927954,0.46308724832214765,-0.43097026606153943,0.022267102205349776,0.006029221481748381,-0.8087883570130451,-0.1025116258959088,0.014521373493538194,0.014521373493538194,0.21341757306669595,0.0071139191022231985,0.0004840457831179398,0.0029973023251532727,-0.002258300105642097,7.9808350444900755,False,EUR_JPY
n60_none_k4_x0.5_tp2,53,0,53,0.4528301886792453,0.8872436961936654,1.072086132900679,,9.893867924528305,0.4528301886792453,-490.13964803332055,-0.004901396480333205,6.915029696750167,0.0,6.915029696750167,80.57114084400618,0.0,80.57114084400618,37.83920866422957,30.930551160464905,11.80138101931171,-416.4835368860365,0.0,-416.4835368860365,0.0,-490.13964803329253,0.013912010099834159,-2.298517639113451e-06,0.0,-5.0059870636727e-05,-0.0006154663647792713,0.06772334293948126,0.44200626959247646,-0.10404732282446567,0.015328113333462623,0.011101394365304107,-0.31843596565257454,-0.04015278014911685,0.013660679779543945,0.013660679779543945,0.3454224528779935,0.017271122643899676,0.0006830339889771972,0.0034890121332440405,-0.003393524241385726,7.9808350444900755,False,AUD_JPY
n60_none_k4_x0.5_tp2,23,0,23,0.4782608695652174,0.7066648761599609,0.7709071376290483,,12.780797101449275,0.4782608695652174,-534.3455472199857,-0.005343455472199858,-420.039411482019,0.0,-420.039411482019,49.411522177815534,0.0,49.411522177815534,27.918813166520263,6.51843414374043,14.974274867554842,-64.89461356020365,0.0,-64.89461356020365,0.0,-534.3455472200382,-3.6746882288516587,-3.0016647979773745e-06,0.0,-6.565847295275034e-05,-0.0007906856929021933,0.04815864022662889,0.4497354497354497,-0.18292235355432115,0.01831436958164334,0.003569790238826709,-0.2890353236052331,-0.04317296805535172,0.007616449262427426,0.007616449262427426,0.22478233048348828,0.011239116524174414,0.0003808224631213713,0.0027180898624274974,-0.0019048892007299534,6.7734428473648185,False,XAU_USD
n60_none_k4_x0.5_tp2,43,0,43,0.46511627906976744,0.6662474305307045,0.7661845451103101,,10.102713178294573,0.46511627906976744,-1193.5793946065824,-0.011935793946065823,-712.6717574373606,0.0,-712.6717574373606,348.9463258417113,0.0,348.9463258417113,206.37208981738598,0.0,142.5742360243253,-131.96131132746513,0.0,-131.96131132746513,0.0,-1193.579394606537,-1.481930629408268,-5.761305745396769e-06,0.0,-0.00012559433215054996,-0.0015034227475355655,0.060562015503875966,0.41946308724832215,-0.27242331779402607,0.02101963911803706,0.003995724058687773,-0.5661776436632578,-0.07152466981440565,0.008441617370207766,0.008441617370207766,0.1370690683563497,0.006853453417817484,0.00042208086851038847,0.003673306943745125,-0.002583916146373322,7.9808350444900755,False,NAS100_USD
n60_none_k4_x0.5_tp2,38,0,38,0.3157894736842105,0.4591792901160313,0.9948884619180679,,9.105263157894735,0.3157894736842105,-1865.5226540041476,-0.018655226540041477,-1452.1563334550324,0.0,-1452.1563334550324,249.2384644208492,0.0,249.2384644208492,130.45294693556576,0.0,118.78551748528345,-164.12785612827318,0.0,-164.12785612827318,0.0,-1865.5226540041547,-3.5130010870889645,-9.07116160470112e-06,0.0,-0.00019752466892857491,-0.0023567998015939784,0.04748062015503876,0.39357429718875503,-0.4439727090940752,0.019836594819990117,0.0072435626931809756,-0.9393128741992178,-0.11881070430590933,0.008769290735908231,0.008769290735908231,0.14089028648752405,0.007044514324376203,0.0004384645367954116,0.003973127637655338,-0.00236229684200584,7.9808350444900755,False,SPX500_USD
n60_none_k4_x0.5_tp2,23,0,23,0.13043478260869565,0.2123532319127462,1.4156882127516413,,11.494565217391305,0.13043478260869565,-2413.077860928199,-0.024130778609281988,-2145.518424279484,0.0,-2145.518424279484,65.55799707582938,0.0,65.55799707582938,33.09904174332526,0.0,32.45895533250411,-202.0014395730066,0.0,-202.0014395730066,0.0,-2413.07786092832,-8.01884789096568,-1.2042070812252567e-05,0.0,-0.0002564476137082801,-0.003058085090869578,0.03958436417615042,0.4020100502512563,-0.6420694525645279,0.030369398931945346,0.016722076762616056,-0.7894958130448056,-0.100696266584743,0.007079674950597388,0.007079674950597388,0.15883955503450792,0.007941977751725397,0.0003539837475298694,0.0034095133204561368,-0.0022714429079990772,7.975359342915811,False,UK100_GBP
n60_none_k4_x0.5_tp2,33,0,33,0.36363636363636365,0.7608301337665621,1.3314527340914837,,12.585858585858585,0.36363636363636365,-768.3381691405084,-0.007683381691405084,-451.3757707380223,0.0,-451.3757707380223,225.5816380100398,0.0,225.5816380100398,123.1614404799983,0.0,102.42019753004148,-91.38076039235885,0.0,-91.38076039235885,0.0,-768.338169140421,-1.4240672490273738,-3.6915426268705703e-06,0.0,-8.050752738434772e-05,-0.0009659797466219366,0.062135922330097085,0.44755244755244755,-0.1805176834219123,0.014729022946387227,0.004168609198087291,-0.5179452983906864,-0.06558342329549256,0.007697515441558294,0.007697515441558294,0.12552701944112263,0.006276350972056132,0.0003848757720779147,0.003428895705679613,-0.0024516098211092574,7.9808350444900755,False,JP225_USD
n60_none_k4_x0.5_tp2,45,0,45,0.35555555555555557,0.6267163708151733,1.1359234221025016,,9.91111111111111,0.35555555555555557,-1495.4474696274556,-0.014954474696274556,-1293.2029068463194,0.0,-1293.2029068463194,116.188376474448,0.0,116.188376474448,71.05883555502959,0.0,45.12954091941842,-89.09008517737654,0.0,-89.09008517737654,0.0,-1498.4813684981439,-6.299749600811689,-7.272947233091683e-06,0.0,-0.0001575928550337239,-0.0018861692902739646,0.05693430656934306,0.44150943396226416,-0.33568333653668647,0.01813741328756402,0.011231334708321161,-0.823115930457625,-0.10399329057397745,0.005289905842231426,0.005289905842231426,0.09320283032333941,0.00932028303233394,0.0005289905842231425,0.00439554205407644,-0.0029140884812141055,7.9808350444900755,False,WTICO_USD
n60_none_k4_x1.0_tp0,43,0,43,0.32558139534883723,0.9456975357130142,1.9589448954055293,,16.993217054263567,0.32558139534883723,-232.2814775815059,-0.0023228147758150588,39.166470769860666,0.0,39.166470769860666,69.27952836513015,0.0,69.27952836513015,9.028715328836084,42.1933823786219,18.057430657672167,-202.16841998630497,0.0,-202.16841998630497,0.0,-232.28147758157445,0.14428722341696637,-9.976051702110062e-07,0.0,-2.2473087106368366e-05,-0.0002913451915041998,0.11479346781940442,0.4742063492063492,-0.03240195285280628,0.01634962549904362,0.015819866166521868,-0.1408812496701261,-0.017819685932331734,0.03535401161515018,0.03535401161515018,0.5021081542889084,0.016736938476296946,0.0011784670538383393,0.00466853659168609,-0.003947994675637001,7.9808350444900755,False,EUR_USD
n60_none_k4_x1.0_tp0,47,0,47,0.3404255319148936,0.8809908900844884,1.7069198495386961,,17.53723404255319,0.3404255319148936,-564.8727796645544,-0.005648727796645544,-226.771060331129,0.0,-226.771060331129,92.26228106726902,0.0,92.26228106726902,20.24655795251072,48.247909625505116,23.767813489253175,-254.1400402646695,0.0,-254.1400402646695,0.0,-573.1733816630675,-0.6546464800212081,-2.599118854874839e-06,0.0,-5.614434261494819e-05,-0.0007095413251427818,0.1186359269932757,0.4881422924901186,-0.08360362768904321,0.03935694226578168,0.014239348425686471,-0.14279015232472683,-0.018028365119199877,0.04201570020610585,0.04201570020610585,0.37687024529811075,0.012562341509937026,0.0014005233402035284,0.0035853770266047746,-0.003323940709626827,7.9808350444900755,False,GBP_USD
n60_none_k4_x1.0_tp0,38,0,38,0.2894736842105263,0.8238337225466075,2.0221373189780363,,17.37828947368421,0.2894736842105263,-856.693490280988,-0.00856693490280988,-412.11146782465846,0.0,-412.11146782465846,74.07513647011879,0.0,74.07513647011879,21.236579781264656,31.99209449538126,20.846462193472874,-423.6876677647464,0.0,-423.6876677647464,0.0,-909.8742720595236,-0.8279274070269966,-4.011657813546933e-06,0.0,-8.829776979264458e-05,-0.001077481980886974,0.11143131604226705,0.45759368836291914,-0.1295062437710667,0.030160233697859362,0.003659105911256594,-0.2807873752923452,-0.03572525304946324,0.027188575818627186,0.027188575818627186,0.2313400803783765,0.011567004018918825,0.0013594287909313592,0.005007197572075572,-0.003793205090675378,7.9808350444900755,False,AUD_USD
n60_none_k4_x1.0_tp0,42,0,42,0.21428571428571427,0.4960088128852496,1.8186989805792488,,15.604166666666664,0.21428571428571427,-2316.880574645824,-0.02316880574645824,-1957.8321354644888,0.0,-1957.8321354644888,110.93276166440779,0.0,110.93276166440779,36.075330767949985,41.508631196799705,33.34879969965811,-248.11567751690433,0.0,-248.11567751690433,0.0,-2316.880574645801,-5.452835667322937,-1.1167836248116643e-05,0.0,-0.0002453505206192697,-0.0029329047473931613,0.11239193083573487,0.4717741935483871,-0.41504207252968406,0.032889296542202184,0.011127712376506041,-0.703664698370756,-0.0891750525472559,0.03278415889997608,0.03278415889997608,0.41255034352475445,0.013751678117491813,0.0010928052966658695,0.0035601313463717865,-0.0029658123218054833,7.9808350444900755,False,USD_CAD
n60_none_k4_x1.0_tp0,42,0,42,0.30952380952380953,0.7154635348503332,1.5960340392815127,,14.933531746031743,0.30952380952380953,-1511.0651833066659,-0.015110651833066658,-1029.6355177309183,0.0,-1029.6355177309183,68.95034055979293,0.0,68.95034055979293,23.556233612760952,37.54202907611168,7.8520778709203,-412.4793250160227,0.0,-412.4793250160227,0.0,-1511.065183306734,-2.138703929886454,-7.2040355148001495e-06,0.0,-0.0001587536485421461,-0.0019059993037597867,0.10902977905859751,0.47390396659707723,-0.24476109949196542,0.027935763936490554,0.00906595026606924,-0.5388524582283232,-0.06822792847522999,0.026904398292436186,0.026904398292436186,0.213417573066696,0.0071139191022232,0.0008968132764145396,0.004201912404456776,-0.0036376868947798346,7.9808350444900755,False,EUR_JPY
n60_none_k4_x1.0_tp0,40,0,40,0.35,1.092865784161756,2.0296078848718326,,20.33125,0.35,480.9884192913305,0.004809884192913305,1295.9200294567472,0.0,1295.9200294567472,72.15900253517906,0.0,72.15900253517906,32.758894482810035,28.168487086834155,11.23162096553487,-742.7726076300947,0.0,-742.7726076300947,0.0,480.9884192914734,1.590219367234909,2.4450197678568747e-06,0.0,5.366610182764415e-05,0.0006014153142106515,0.11191162343900096,0.45956607495069035,0.0732291336858079,0.02595279951445173,0.005599304710319675,0.18193176895107432,0.02317342735513968,0.026205470726580155,0.026205470726580155,0.3475051827265211,0.017375259136326055,0.0013102735363290082,0.0053415909374541215,-0.003393524241385837,7.9808350444900755,False,AUD_JPY
n60_none_k4_x1.0_tp0,21,0,21,0.2857142857142857,0.3834329199223626,0.9585822998059066,,18.42063492063492,0.2857142857142857,-1493.4809508380858,-0.014934809508380859,-1323.3423974837144,0.0,-1323.3423974837144,52.49024140340212,0.0,52.49024140340212,30.75705214044935,6.489183922586124,15.244005340366648,-117.64831195103865,0.0,-117.64831195103865,0.0,-1493.4809508381552,-7.778027797890489,-8.463385373077996e-06,0.0,-0.0001851039944381682,-0.002219071633825842,0.06742209631728045,0.43911439114391143,-0.38124866395951895,0.02436179206388367,0.005664319940190866,-0.6078024155848633,-0.09108819367667181,0.011470957725199571,0.011470957725199571,0.22478233048348822,0.01123911652417441,0.0005735478862599786,0.004778795195053753,-0.0040260397234179734,6.7734428473648185,False,XAU_USD
n60_none_k4_x1.0_tp0,36,0,36,0.3055555555555556,0.8734079364766671,1.9850180374469706,,19.935185185185187,0.3055555555555556,-540.2746249526099,-0.0054027462495260985,153.26608363650126,0.0,153.26608363650126,343.2880638681613,0.0,343.2880638681613,197.1546356880269,0.0,146.13342818013444,-350.2526447210132,0.0,-350.2526447210132,0.0,-540.2746249526733,0.22099075330167806,-2.488819927206121e-06,0.0,-5.553592949897148e-05,-0.0006785700476653611,0.1124031007751938,0.464,-0.0757643885383751,0.01687854948118339,0.004277485807452436,-0.31773404000442246,-0.040203102074727874,0.017119144862661327,0.017119144862661327,0.14524964539486834,0.0072624822697434175,0.0008559572431330665,0.004980771427061104,-0.004243331583282162,7.9808350444900755,False,NAS100_USD
n60_none_k4_x1.0_tp0,33,0,33,0.21212121212121213,0.3567001767252342,1.324886370693727,,14.598484848484846,0.21212121212121213,-2948.7236013431684,-0.029487236013431683,-2464.373248852241,0.0,-2464.373248852241,246.61969961310524,0.0,246.61969961310524,123.30984980655262,0.0,123.30984980655262,-237.73065287786574,0.0,-237.73065287786574,0.0,-2948.723601343212,-5.087997223865302,-1.4400531808340535e-05,0.0,-0.0003137802291507011,-0.003743301227133733,0.07412790697674419,0.4146341463414634,-0.5092523859701366,0.030409234012301445,0.015414811944909068,-0.9687591208954254,-0.12309751786643017,0.014274615040629069,0.014274615040629069,0.1409516653676718,0.007047583268383591,0.0007137307520314535,0.00437032236567414,-0.004293745644088132,7.9808350444900755,False,SPX500_USD
n60_none_k4_x1.0_tp0,22,0,22,0.18181818181818182,0.18364789777871848,0.8264155400042332,,21.41666666666666,0.18181818181818182,-3235.4188147130917,-0.03235418814713092,-2874.7741019910777,0.0,-2874.7741019910777,65.80940548924174,0.0,65.80940548924174,32.90470274462087,0.0,32.90470274462087,-294.83530723273765,0.0,-294.83530723273765,0.0,-3235.418814713057,-7.971208229544288,-1.618274938369897e-05,0.0,-0.00034510535852431897,-0.0041153548461776435,0.07619990103908957,0.44126074498567336,-0.6025963184655503,0.04049286223559201,0.016825579223871845,-0.7922893520954154,-0.10163161157228273,0.013034421974884112,0.013034421974884112,0.15883955503450792,0.007941977751725397,0.0006517210987442056,0.0043575543562788255,-0.003943612151351972,7.975359342915811,False,UK100_GBP
n60_none_k4_x1.0_tp0,27,0,27,0.25925925925925924,0.8400087915771758,2.400025118791931,,23.81481481481482,0.25925925925925924,-582.262106528593,-0.00582262106528593,-217.7462647207089,0.0,-217.7462647207089,210.1837045894865,0.0,210.1837045894865,113.1758409328004,0.0,97.0078636566861,-154.33213721843526,0.0,-154.33213721843526,0.0,-582.2621065286306,-0.597357480104934,-2.7230001259223566e-06,0.0,-6.0287094225216904e-05,-0.0007314400870858107,0.10970873786407767,0.46887966804979253,-0.0913911637628192,0.02099703876315162,0.008085385440716464,-0.2756602718711396,-0.03483539252065574,0.015578668861482452,0.015578668861482452,0.12552701944112263,0.006276350972056133,0.0007789334430741225,0.003428895705679613,-0.002740303145180256,7.9808350444900755,False,JP225_USD
n60_none_k4_x1.0_tp0,38,0,38,0.2894736842105263,0.6235763329668391,1.5305964536458776,,16.934210526315795,0.2894736842105263,-1853.9243870972132,-0.01853924387097213,-1594.450721534469,0.0,-1594.450721534469,119.1722187250904,0.0,119.1722187250904,73.31662757933499,0.0,45.855591145755405,-143.32430476983038,0.0,-143.32430476983038,0.0,-1856.94724502939,-6.074178432177678,-8.99799351022142e-06,0.0,-0.0001953706986912779,-0.0023420265549009,0.10024330900243308,0.46924829157175396,-0.3070259951385581,0.026541007513235626,0.006958770065412526,-0.6936145833450985,-0.0882418104788586,0.010201954042386035,0.010201954042386035,0.09335249028353097,0.009335249028353096,0.0010201954042386033,0.004136291288251437,-0.0034265376203793663,7.9808350444900755,False,WTICO_USD
n60_none_k4_x1.0_tp2,56,0,56,0.48214285714285715,1.0956174711922424,1.1767743209101862,,16.282738095238095,0.48214285714285715,404.45349963588524,0.004044534996358852,642.3321746629533,0.0,642.3321746629533,68.25206367024377,0.0,68.25206367024377,9.058704378785347,42.34420461940297,16.849154672055445,-169.62661135658627,0.0,-169.62661135658627,0.0,404.4534996361233,2.7002511872512556,2.0223927666986265e-06,0.0,4.411413557198383e-05,0.0005058867547496071,0.11527377521613832,0.47619047619047616,0.07844142169971574,0.012261015141594167,0.007540572021745451,0.3264099887581187,0.04125977734367532,0.03026731541422406,0.03026731541422406,0.5021081542889083,0.016736938476296946,0.0010089105138074686,0.003506103530291682,-0.0028921514016451155,7.9808350444900755,False,EUR_USD
n60_none_k4_x1.0_tp2,59,0,59,0.4745762711864407,0.9015354470017944,0.9981285306091295,,17.37146892655367,0.4745762711864407,-467.89603667665506,-0.0046789603667665505,-164.18576920181573,0.0,-164.18576920181573,90.93079906451462,0.0,90.93079906451462,20.316353108791652,48.43359902374468,22.18084693197829,-221.08816579108674,0.0,-221.08816579108674,0.0,-476.2047340574171,-0.5262044545202531,-2.160044557942574e-06,0.0,-4.7066470747509095e-05,-0.0005874777749407256,0.1186359269932757,0.4881422924901186,-0.07966744791161574,0.03419285046232301,0.013295332001711624,-0.1360112538751566,-0.017181304483171577,0.03667652352182869,0.03667652352182869,0.37687024529811075,0.012562341509937024,0.001222550784060956,0.003414096666593869,-0.003323940709626716,7.9808350444900755,False,GBP_USD
n60_none_k4_x1.0_tp2,46,0,46,0.41304347826086957,0.794311942995602,1.128759076888487,,17.465579710144926,0.41304347826086957,-988.2449943524553,-0.009882449943524553,-614.4671903139687,0.0,-614.4671903139687,74.26806708430394,0.0,74.26806708430394,22.516082736577033,31.95119482810069,19.80078951962621,-352.6199540914892,0.0,-352.6199540914892,0.0,-1041.3552114897618,-1.439410711552691,-4.6830475051691226e-06,0.0,-0.0001028509131913675,-0.0012436578848586954,0.11191162343900096,0.45956607495069035,-0.17798782468135943,0.0296503926280407,0.003540628939504048,-0.33026712482263987,-0.041944061262870244,0.023943157636337795,0.023943157636337795,0.22944329723621845,0.011472164861810923,0.0011971578818168898,0.0036993102317821602,-0.0035887698384653444,7.9808350444900755,False,AUD_USD
n60_none_k4_x1.0_tp2,49,0,49,0.32653061224489793,0.591875455272129,1.220743126498766,,15.60374149659864,0.32653061224489793,-1866.6588790406822,-0.01866658879040682,-1530.6477382227006,0.0,-1530.6477382227006,112.21579823896107,0.0,112.21579823896107,38.614127237743155,41.65218633340011,31.94948466781782,-223.79534257908207,0.0,-223.79534257908207,0.0,-1866.6588790407436,-4.555348178325961,-8.97663034337149e-06,0.0,-0.00019707534920573836,-0.0023582471458847287,0.11239193083573487,0.4717741935483871,-0.3709123644346391,0.027157760899678696,0.009217200495664879,-0.6865745486454404,-0.08683510966151224,0.029664559450557904,0.029664559450557904,0.41255034352475445,0.013751678117491813,0.0009888186483519301,0.002870050457662199,-0.0026203728992978403,7.9808350444900755,False,USD_CAD
n60_none_k4_x1.0_tp2,50,0,50,0.42,0.6821560662312901,0.9420250438432103,,14.85083333333333,0.42,-1688.1958508289827,-0.016881958508289826,-1277.422203736436,0.0,-1277.422203736436,69.62608899319693,0.0,69.62608899319693,24.5975632269696,37.57083507913381,7.457690687093514,-341.1475580994062,0.0,-341.1475580994062,0.0,-1688.195850829039,-3.109795900437739,-8.108660300481653e-06,0.0,-0.00017820483525674558,-0.0021310971194729023,0.10902977905859751,0.47390396659707723,-0.34627084226898686,0.027013733301896714,0.008380751880854548,-0.6231682880596386,-0.07888939657678755,0.022650877293621103,0.022650877293621103,0.21341757306669595,0.007113919102223198,0.0007550292431207035,0.0029973023251530506,-0.0027913189783046466,7.9808350444900755,False,EUR_JPY
n60_none_k4_x1.0_tp2,53,0,53,0.5094339622641509,1.0267255060273435,0.988698635433738,,19.428459119496857,0.5094339622641509,135.13634523304063,0.0013513634523304064,845.3983474879104,0.0,845.3983474879104,73.27287848535227,0.0,73.27287848535227,34.62940467109988,28.159558969846636,10.48391484440575,-636.9891237695343,0.0,-636.9891237695343,0.0,135.1363452330238,1.1902626704005044,7.34210168562875e-07,0.0,1.6369476613527296e-05,0.00016922608192615485,0.11191162343900096,0.45956607495069035,0.028163484092772965,0.020285765507935705,0.004782758945834953,0.06584814015343043,0.008342109735023523,0.022645608696952094,0.022645608696952094,0.3475051827265211,0.017375259136326055,0.0011322804348476048,0.0034890121332440405,-0.003393524241385837,7.9808350444900755,False,AUD_JPY
n60_none_k4_x1.0_tp2,23,0,23,0.34782608695652173,0.3977321739353366,0.7457478261287561,,18.019927536231883,0.34782608695652173,-1458.0764493017632,-0.014580764493017631,-1294.017039198325,0.0,-1294.017039198325,52.14363147571331,0.0,52.14363147571331,30.744012471665023,6.485790702430345,14.913828301617949,-111.9157786277174,0.0,-111.9157786277174,0.0,-1458.0764493017557,-7.887490503486001,-8.268567097452196e-06,0.0,-0.00018068286265295858,-0.0021661354382642717,0.06742209631728045,0.43911439114391143,-0.40200220953433,0.022788578513639024,0.004911335063294414,-0.635748664137195,-0.09505355663003877,0.010945592742828364,0.010945592742828364,0.22478233048348822,0.01123911652417441,0.0005472796371414182,0.003582217184116221,-0.0030641998739520115,6.7734428473648185,False,XAU_USD
n60_none_k4_x1.0_tp2,47,0,47,0.46808510638297873,0.9788820673758875,1.1123659856544177,,18.865248226950357,0.46808510638297873,-90.26501701962843,-0.0009026501701962843,514.0579407298676,0.0,514.0579407298676,332.7597007775985,0.0,332.7597007775985,197.359014107132,0.0,135.40068667046646,-271.56325697187526,0.0,-271.56325697187526,0.0,-90.26501701960615,0.8506344730708938,-3.5054296632646e-07,0.0,-8.119461713033886e-06,-0.00011314689616925833,0.1124031007751938,0.464,-0.01333678541979642,0.01341408458593063,0.003236464331221609,-0.06686232968425344,-0.008434932361164065,0.01405081843511502,0.01405081843511502,0.1374002990544493,0.006870014952722466,0.0007025409217557511,0.003673306943745125,-0.0028538212058861756,7.9808350444900755,False,NAS100_USD
n60_none_k4_x1.0_tp2,39,0,39,0.3333333333333333,0.434936898318412,0.8698737966368238,,13.880341880341884,0.3333333333333333,-2595.8280627509375,-0.025958280627509375,-2134.711733886434,0.0,-2134.711733886434,241.33741703869924,0.0,241.33741703869924,123.52650358186347,0.0,117.81091345683578,-219.7789118258336,0.0,-219.7789118258336,0.0,-2595.828062750967,-4.629442941530642,-1.2675529735486686e-05,0.0,-0.0002757257658287914,-0.00329011343328256,0.07412790697674419,0.4146341463414634,-0.548685746061354,0.026883631173532208,0.01365201052552445,-0.9646620950381007,-0.12238352073963064,0.012162459727602451,0.012162459727602451,0.1409516653676718,0.007047583268383591,0.0006081229863801225,0.003973127637655338,-0.002362296842006062,7.9808350444900755,False,SPX500_USD
n60_none_k4_x1.0_tp2,25,0,25,0.28,0.30901752586373554,0.7946164950781771,,21.69833333333333,0.28,-2747.653943790472,-0.02747653943790472,-2406.6959137653976,0.0,-2406.6959137653976,64.75542964677166,0.0,64.75542964677166,33.007842469616676,0.0,31.747587177154976,-276.20260037837187,0.0,-276.20260037837187,0.0,-2747.653943790541,-7.0586280475280745,-1.3720698636521343e-05,0.0,-0.000292117777182132,-0.0034873001146553673,0.07669470559129143,0.44412607449856734,-0.6039644592497682,0.03389658359769876,0.013481154915802521,-0.8052479668554051,-0.10288057805601743,0.011540552408162572,0.011540552408162572,0.15883955503450792,0.007941977751725397,0.0005770276204081287,0.003409513320456359,-0.002271442907998966,7.975359342915811,False,UK100_GBP
n60_none_k4_x1.0_tp2,32,0,32,0.375,0.7363684925045199,1.2272808208408663,,22.009114583333336,0.375,-955.727208356664,-0.00955727208356664,-589.5456048719121,0.0,-589.5456048719121,205.8566487443474,0.0,205.8566487443474,113.1248135852475,0.0,92.73183515909992,-160.32495474056637,0.0,-160.32495474056637,0.0,-955.7272083568258,-1.609981493502856,-4.583959216592799e-06,0.0,-0.00010009738281764792,-0.001202563446086491,0.10970873786407767,0.46887966804979253,-0.18441468611362327,0.017764924059638698,0.006825901968891583,-0.5363926303133144,-0.0676931374459784,0.01303381480118069,0.01303381480118069,0.12552701944112263,0.006276350972056132,0.0006516907400590344,0.003428895705679613,-0.0024516098211092574,7.9808350444900755,False,JP225_USD
n60_none_k4_x1.0_tp2,48,0,48,0.4375,0.7507888133860906,0.9652999029249735,,17.09809027777778,0.4375,-1229.2102085501538,-0.012292102085501537,-985.1728570920218,0.0,-985.1728570920218,116.40138004265576,0.0,116.40138004265576,73.50585500772759,0.0,42.89552503492817,-130.6780702820884,0.0,-130.6780702820884,0.0,-1232.252307416766,-3.9872715266169587,-5.930891174323904e-06,0.0,-0.00012867528593033938,-0.0015485467201502567,0.10024330900243308,0.46924829157175396,-0.22472047557491917,0.02023090923793025,0.004858769118680106,-0.6033993604422931,-0.07654360473561607,0.009076187017328544,0.009076187017328544,0.09320283032333938,0.00932028303233394,0.0009076187017328546,0.00439554205407644,-0.0034265376203792552,7.9808350444900755,False,WTICO_USD
n60_ema_k2_x0.5_tp0,54,0,54,0.37037037037037035,1.2331398257519646,2.0963377037783397,,7.621141975308642,0.37037037037037035,728.6834755551681,0.007286834755551681,940.3944085430239,0.0,940.3944085430239,86.02565620474601,0.0,86.02565620474601,11.145489034271389,52.58918910193184,22.290978068542778,-125.68527678323667,0.0,-125.68527678323667,0.0,728.6834755550412,4.441879289230677,3.5560194943911388e-06,0.0,7.760828547109683e-05,0.0009101450562445379,0.06051873198847262,0.45323741007194246,0.1520979477919942,0.011188358706226142,0.008096760449485207,0.6440781166555122,0.08134750414625666,0.018328597328593533,0.018328597328593533,0.3260689465775661,0.010868964885918868,0.0006109532442864511,0.005413007744376586,-0.0036878341263114622,7.9808350444900755,False,EUR_USD
n60_ema_k2_x0.5_tp0,61,0,61,0.21311475409836064,0.7855321526424394,2.900426409756699,,6.1086065573770485,0.21311475409836064,-844.2445194311877,-0.008442445194311877,-626.8627082601646,0.0,-626.8627082601646,120.62555453088547,0.0,120.62555453088547,28.40977311296658,60.862634458825084,31.353146959093802,-96.75625664019489,0.0,-96.75625664019489,0.0,-844.244519431245,-2.8836943849309504,-4.025048270941185e-06,0.0,-8.776933873628883e-05,-0.0010617664277510208,0.05475504322766571,0.4470588235294118,-0.2080415017983195,0.02853869789897534,0.008093104635820747,-0.2929459461202315,-0.037204445399351686,0.01883234399791971,0.01883234399791971,0.4500550837381059,0.01500183612460353,0.0006277447999306569,0.003689191848984086,-0.002996921529851093,7.9808350444900755,False,GBP_USD
n60_ema_k2_x0.5_tp0,56,0,56,0.26785714285714285,0.9664354509320576,2.641590232547624,,6.266369047619047,0.26785714285714285,-35.75018104395713,-0.0003575018104395713,240.59456751489688,0.0,240.59456751489688,108.99242323900873,0.0,108.99242323900873,33.14327970230789,46.079169322575275,29.769974214125572,-274.6296645499382,0.0,-274.6296645499382,0.0,-143.02752027405003,0.6271655756361508,-7.084322187235885e-08,0.0,-1.464448233601841e-06,-4.480204359014195e-05,0.04755043227665706,0.4248927038626609,-0.0025018027284430854,0.017813194886833195,0.004983493286604055,-0.019866276975397078,-0.00251510432995138,0.014743124052705817,0.014743124052705817,0.40847561142032757,0.02042378057101638,0.0007371562026352909,0.005759383133676188,-0.0044136925912174885,7.9808350444900755,False,AUD_USD
n60_ema_k2_x0.5_tp0,54,0,54,0.18518518518518517,0.5578523901012716,2.4545505164455954,,5.622685185185185,0.18518518518518517,-1638.8049854148849,-0.016388049854148847,-1349.5565505439126,0.0,-1349.5565505439126,141.36655022466732,0.0,141.36655022466732,45.20621270781534,53.271693113250656,42.888644403601305,-147.8818846463513,0.0,-147.8818846463513,0.0,-1638.8049854149313,-4.665735014765787,-7.890067822284709e-06,0.0,-0.00017279285036065497,-0.002068295517773988,0.05187319884726225,0.4444444444444444,-0.41102581339780714,0.023511005776284177,0.006395418280266824,-0.6965145808333526,-0.08797137551045568,0.015766931644301582,0.015766931644301582,0.4112489011911263,0.013708296706370875,0.0005255643881433861,0.0026221925299922955,-0.003788509760130232,7.9808350444900755,False,USD_CAD
n60_ema_k2_x0.5_tp0,45,0,45,0.26666666666666666,0.5019986761061405,1.3804963592918864,,6.70925925925926,0.26666666666666666,-1398.6594432806596,-0.013986594432806596,-1191.1465078024496,0.0,-1191.1465078024496,69.83918628900516,0.0,69.83918628900516,24.414504465287774,37.28651366862146,8.138168155095922,-137.67374918920046,0.0,-137.67374918920046,0.0,-1398.659443280655,-5.740107261542506,-6.712923915484921e-06,0.0,-0.0001479232621247267,-0.001763337575086954,0.04803073967339097,0.47393364928909953,-0.3293440357429361,0.014412584951431051,0.014412584951431051,-0.9703241333798017,-0.12234707243906785,0.010653445452236156,0.010653445452236156,0.25338933267031777,0.008446311089010592,0.00035511484840787186,0.002913392359677802,-0.00421014600291858,7.9808350444900755,False,EUR_JPY
n60_ema_k2_x0.5_tp0,53,0,53,0.2641509433962264,0.9514657348727932,2.6505116900027805,,6.923742138364781,0.2641509433962264,-194.35862512500898,-0.00194358625125009,252.5058256161761,0.0,252.5058256161761,97.88920729643517,0.0,97.88920729643517,45.814910537704904,37.184291242733885,14.890005515996375,-348.97524344484145,0.0,-348.97524344484145,0.0,-194.3586251251005,0.5650613406309437,-8.492052015752449e-07,0.0,-1.8164812064270843e-05,-0.0002437389510123733,0.04899135446685879,0.42857142857142855,-0.03263212714855428,0.014368833391933955,0.006741363063355798,-0.13379110444394854,-0.01696302993875605,0.011839334335082979,0.011839334335082979,0.3463617733294532,0.01731808866647266,0.0005919667167541488,0.006880025175286075,-0.0033912311176581555,7.9808350444900755,False,AUD_JPY
n60_ema_k2_x0.5_tp0,26,0,26,0.2692307692307692,0.556582609679915,1.5107242262740552,,7.905448717948719,0.2692307692307692,-817.8783274797024,-0.008178783274797024,-713.994542867095,0.0,-713.994542867095,61.31742158673646,0.0,61.31742158673646,31.82914191243229,8.268851732682634,21.219427941621536,-42.56636302571452,0.0,-42.56636302571452,0.0,-817.878327479546,-6.873012429521356,-4.629227631549994e-06,0.0,-0.0001010298189794118,-0.0012117082361859932,0.03286118980169972,0.4142857142857143,-0.33751003623259485,0.01540988299171342,0.005710914465525768,-0.5279168436120739,-0.07863189077020136,0.0059801335065591335,0.0059801335065591335,0.22768728666979382,0.01138436433348969,0.0002990066753279567,0.002720521864356673,-0.0016366634833425708,6.7734428473648185,False,XAU_USD
n60_ema_k2_x0.5_tp0,44,0,44,0.2727272727272727,0.5603737813656543,1.4943300836417448,,6.737689393939394,0.2727272727272727,-1417.0771600387234,-0.014170771600387233,-902.2461228544075,0.0,-902.2461228544075,386.5446059883276,0.0,386.5446059883276,210.84251235726947,0.0,175.7020936310581,-128.28643119602128,0.0,-128.28643119602128,0.0,-1417.0771600387563,-1.7525091878470693,-6.8444118721447375e-06,0.0,-0.00014947352124962531,-0.0017867029973074322,0.0436046511627907,0.4411764705882353,-0.28955499615157715,0.02247118008877158,0.0062283603397673415,-0.6258148087967024,-0.07951086637413464,0.00710135803634085,0.00710135803634085,0.20306826114070228,0.010153413057035115,0.0003550679018170425,0.004980771427061104,-0.004243331583282384,7.9808350444900755,False,NAS100_USD
n60_ema_k2_x0.5_tp0,41,0,41,0.17073170731707318,0.2573953942444155,1.2502062006157322,,5.617886178861789,0.17073170731707318,-2468.4076088916045,-0.024684076088916044,-2030.9354630054484,0.0,-2030.9354630054484,320.42053378072205,0.0,320.42053378072205,165.582651872013,0.0,154.83788190870905,-117.05161210527666,0.0,-117.05161210527666,0.0,-2468.4076088914467,-4.642433768879749,-1.2057119853189946e-05,0.0,-0.00026257102883612095,-0.0031268331737349664,0.03682170542635659,0.40425531914893614,-0.592100963062404,0.025404026287569104,0.025404026287569104,-0.9709427448151327,-0.12308415754021687,0.007492232348131001,0.007492232348131001,0.25841309532101886,0.012920654766050943,0.00037461161740655005,0.004214816949784428,-0.0042972909450209595,7.9808350444900755,False,SPX500_USD
n60_ema_k2_x0.5_tp0,27,0,27,0.037037037037037035,0.030541911463379822,0.7940896980478754,,5.475308641975308,0.037037037037037035,-2877.3971423537005,-0.028773971423537006,-2662.989676367641,0.0,-2662.989676367641,78.41620442870708,0.0,78.41620442870708,39.20810221435354,0.0,39.20810221435354,-135.9912615573657,0.0,-135.9912615573657,0.0,-2877.397142353714,-12.420228298116355,-1.4423815881414802e-05,0.0,-0.00030701646950840147,-0.003654090341312699,0.022761009401286492,0.3709677419354839,-1.0812288028423782,0.029037551428125696,0.029037551428125696,-0.9906538627084439,-0.12584016769999956,0.004098080739796511,0.004098080739796511,0.16747622350647667,0.008373811175323834,0.0002049040369898255,0.0024490436218451705,-0.0030381695744194914,7.975359342915811,False,UK100_GBP
n60_ema_k2_x0.5_tp0,33,0,33,0.24242424242424243,0.8902587868243274,2.782058708826023,,8.902777777777777,0.24242424242424243,-295.32144166757644,-0.0029532144166757642,54.35860288047009,0.0,54.35860288047009,268.6559565500296,0.0,268.6559565500296,147.79501020399715,0.0,120.86094634603248,-81.02408799791718,0.0,-81.02408799791718,0.0,-295.32144166747673,0.15545240206870498,-1.3705445504738595e-06,0.0,-3.049581240035398e-05,-0.0003705170938753666,0.04466019417475728,0.42592592592592593,-0.06023573319698568,0.017831653294768324,0.0056048813698862205,-0.1632538039864515,-0.020778616976815805,0.007120302584981914,0.007120302584981914,0.15808580981583314,0.007904290490791659,0.00035601512924909575,0.003428895705679613,-0.002740303145180145,7.9808350444900755,False,JP225_USD
n60_ema_k2_x0.5_tp0,47,0,47,0.2553191489361702,0.7124311302226954,2.077924129816195,,7.118794326241134,0.2553191489361702,-911.9516494042327,-0.009119516494042327,-673.7587696527523,0.0,-673.7587696527523,139.19998360442975,0.0,139.19998360442975,83.83503953213575,0.0,55.36494407229399,-102.03837338544096,0.0,-102.03837338544096,0.0,-914.997126642623,-2.7929172543694722,-4.381019954755302e-06,0.0,-9.554013042137233e-05,-0.001147260599895561,0.04866180048661801,0.45871559633027525,-0.1771128275052756,0.014761888802871548,0.008997087989075947,-0.6169728001202773,-0.07771773756163174,0.005006052372105,0.005006052372105,0.12342185345256568,0.012342185345256568,0.0005006052372104999,0.004136291288251659,-0.004672026660935691,7.9808350444900755,False,WTICO_USD
n60_ema_k2_x0.5_tp2,73,0,73,0.5205479452054794,1.1396838971698422,1.0497088526564335,,6.835616438356165,0.5205479452054794,438.02422231872333,0.004380242223187233,618.2456436349202,0.0,618.2456436349202,84.959457131749,0.0,84.959457131749,11.215377289071128,52.895232158993196,20.848847683684685,-95.26196418447726,0.0,-95.26196418447726,0.0,438.0242223186939,3.43047812585005,2.138038522258995e-06,0.0,4.675461255677579e-05,0.0005477965490581216,0.06099903938520653,0.4568345323741007,0.12183228633910775,0.009178410892420441,0.004443295423875486,0.47409331970738305,0.059683158171802225,0.014594153595064786,0.014594153595064786,0.32606894657756613,0.010868964885918871,0.0004864717865021595,0.003955299161713333,-0.0019447772879495062,7.9808350444900755,False,EUR_USD
n60_ema_k2_x0.5_tp2,78,0,78,0.358974358974359,0.727220910824013,1.2986087693285946,,6.027243589743589,0.358974358974359,-1063.5771259826288,-0.010635771259826288,-862.0577689063512,0.0,-862.0577689063512,120.9190228579297,0.0,120.9190228579297,28.87805482900637,61.97578220814879,30.065185820774545,-80.60033421815903,0.0,-80.60033421815903,0.0,-1063.5771259824398,-4.277791381504157,-5.10228259526459e-06,0.0,-0.00011170608180493916,-0.0013389044387212001,0.05475504322766571,0.4470588235294118,-0.31279734342963456,0.0239326120359189,0.006650540577431724,-0.44049046363736555,-0.05594476844866434,0.01579953206650771,0.01579953206650771,0.45005508373810593,0.015001836124603532,0.0005266510688835904,0.003292367866972068,-0.002584503770909796,7.9808350444900755,False,GBP_USD
n60_ema_k2_x0.5_tp2,70,0,70,0.4142857142857143,0.8122981763970317,1.1484215597337346,,6.000595238095238,0.4142857142857143,-717.4427691710298,-0.007174427691710298,-491.08256619896423,0.0,-491.08256619896423,108.19685207796904,0.0,108.19685207796904,34.307508353018136,46.00795233161089,27.881391393340024,-198.05255478832697,0.0,-198.05255478832697,0.0,-797.3319730652602,-1.6035380157107166,-3.405630649584887e-06,0.0,-7.448800786835863e-05,-0.0009017904211472416,0.04755043227665706,0.4248927038626609,-0.16641932724276357,0.019935508967241944,0.0033585851457112645,-0.357904218870482,-0.04523538489180612,0.011795703895001728,0.011795703895001728,0.40781159556794,0.020390579778397,0.0005897851947500864,0.005046239215089177,-0.002515583871136595,7.9808350444900755,False,AUD_USD
n60_ema_k2_x0.5_tp2,62,0,62,0.2903225806451613,0.5196783191119615,1.2703247800514617,,5.385752688172043,0.2903225806451613,-1765.5595627979492,-0.01765559562797949,-1504.7796432139062,0.0,-1504.7796432139062,139.57771849372722,0.0,139.57771849372722,45.19785243828728,53.25867843426121,41.121187621178734,-121.20220109026843,0.0,-121.20220109026843,0.0,-1765.559562797902,-5.770304882424913,-8.522949390576909e-06,0.0,-0.0001866944489187485,-0.002229522318621946,0.05187319884726225,0.4444444444444444,-0.5275436552914162,0.022438338179516903,0.006127251381075005,-0.7862593597259472,-0.09936218541608359,0.013282367129117966,0.013282367129117966,0.4112489011911263,0.013708296706370875,0.0004427455709705989,0.0023425827039276204,-0.003788509760130232,7.9808350444900755,False,USD_CAD
n60_ema_k2_x0.5_tp2,62,0,62,0.45161290322580644,0.7969969001151802,0.9677819501398617,,6.058467741935484,0.45161290322580644,-557.7299862754589,-0.005577299862754589,-383.06831325291364,0.0,-383.06831325291364,70.03748367643277,0.0,70.03748367643277,24.743360328099577,37.707279295606796,7.586844052726394,-104.62418934605822,0.0,-104.62418934605822,0.0,-557.7299862754046,-2.1932019007031176,-2.6566416534234406e-06,0.0,-5.856132505251206e-05,-0.0007005472188261752,0.04851104707012488,0.4786729857819905,-0.1730732553632873,0.011032882789607457,0.008469474278206324,-0.5053489698934829,-0.06349629849109457,0.008531322355229581,0.008531322355229581,0.2285206278940345,0.007617354263134483,0.00028437741184098606,0.0023667620576590664,-0.002486643767748653,7.9808350444900755,False,EUR_JPY
n60_ema_k2_x0.5_tp2,72,0,72,0.4444444444444444,0.884980788826528,1.1062259860331598,,6.104166666666667,0.4444444444444444,-457.25162445647584,-0.004572516244564759,-106.07458348507204,0.0,-106.07458348507204,99.22899358505539,0.0,99.22899358505539,47.96071654306968,37.381137027833184,13.887140014152534,-251.94804738638607,0.0,-251.94804738638607,0.0,-457.25162445651347,-0.30205443724807246,-2.1615508813788217e-06,0.0,-4.712394596210259e-05,-0.0005740861079713833,0.04851104707012488,0.42436974789915966,-0.12173016417858537,0.012066633321281106,0.005854266047994416,-0.37707138963594544,-0.047576328267049134,0.008674472167792543,0.008674472167792543,0.3463617733294532,0.01731808866647266,0.00043372360838962704,0.003439106989434837,-0.0028923712161922355,7.9808350444900755,False,AUD_JPY
n60_ema_k2_x0.5_tp2,32,0,32,0.375,0.5041161712128973,0.8401936186881622,,7.752604166666666,0.375,-931.3476323383802,-0.009313476323383802,-831.7595072930081,0.0,-831.7595072930081,60.971751720816926,0.0,60.971751720816926,32.05371413174633,8.319863557963021,20.598174031107572,-38.616373324584735,0.0,-38.616373324584735,0.0,-931.3476323384098,-8.351994847918,-5.283485925058321e-06,0.0,-0.00011527597562930479,-0.001380488173254757,0.03286118980169972,0.4142857142857143,-0.4421341338959515,0.015144048276659272,0.0032901340048259037,-0.6124456019780073,-0.0911571429273922,0.005392389121976169,0.005392389121976169,0.22768728666979385,0.011384364333489693,0.00026961945609880843,0.00204025442479816,-0.0016366634833425708,6.7734428473648185,False,XAU_USD
n60_ema_k2_x0.5_tp2,57,0,57,0.43859649122807015,0.683362583707697,0.8747041071458521,,6.269736842105263,0.43859649122807015,-1013.450869040098,-0.01013450869040098,-540.9670572763525,0.0,-540.9670572763525,381.80140534464704,0.0,381.80140534464704,218.80897470373,0.0,162.99243064091704,-90.682406419108,0.0,-90.682406419108,0.0,-1013.4508690401076,-1.1449430516083787,-4.897453995537969e-06,0.0,-0.00010665567830316913,-0.001275519998951813,0.04408914728682171,0.44607843137254904,-0.28297018052247175,0.017639233717141267,0.004832562745823693,-0.5717042033614632,-0.07231153118132913,0.005525113350761761,0.005525113350761761,0.20159411588516726,0.010079705794258364,0.00027625566753808806,0.003452942400763215,-0.002344148902463261,7.9808350444900755,False,NAS100_USD
n60_ema_k2_x0.5_tp2,50,0,50,0.32,0.400184160510681,0.8503913410851972,,5.604166666666666,0.32,-1978.8401506762893,-0.019788401506762893,-1562.063688016036,0.0,-1562.063688016036,314.19077225909894,0.0,314.19077225909894,168.07199024063942,0.0,146.1187820184595,-102.58569040111425,0.0,-102.58569040111425,0.0,-1978.8401506762493,-3.7479652234813106,-9.651163647718225e-06,0.0,-0.00020995558819954547,-0.0025012179253959266,0.03682170542635659,0.40425531914893614,-0.6024191297793399,0.020590928678511422,0.011427336227475937,-0.9602383888160121,-0.12147183667369911,0.006215350489408018,0.006215350489408018,0.2580019830395459,0.012900099151977295,0.00031076752447040096,0.0032148936145637297,-0.0025670244900578565,7.9808350444900755,False,SPX500_USD
n60_ema_k2_x0.5_tp2,30,0,30,0.13333333333333333,0.11615621900318901,0.7550154235207286,,5.830555555555555,0.13333333333333333,-2544.497877502261,-0.02544497877502261,-2342.7923055545657,0.0,-2342.7923055545657,77.37178637741707,0.0,77.37178637741707,39.229082887669406,0.0,38.14270348974766,-124.33378557025927,0.0,-124.33378557025927,0.0,-2544.4978775022423,-11.614911194234637,-1.2733335153698073e-05,0.0,-0.0002710298739806251,-0.0032265251546602647,0.022761009401286492,0.3709677419354839,-1.0150415136011437,0.02668588157467633,0.02668588157467633,-0.9532408819983164,-0.12090757225431474,0.0038426892271260903,0.0038426892271260903,0.1674762235064767,0.008373811175323835,0.0001921344613563045,0.002387061010986624,-0.0022236357647135163,7.975359342915811,False,UK100_GBP
n60_ema_k2_x0.5_tp2,40,0,40,0.375,0.7322863384719241,1.2204772307865401,,8.214583333333334,0.375,-717.075226641784,-0.00717075226641784,-393.1336857092141,0.0,-393.1336857092141,260.300811149663,0.0,260.300811149663,147.06694266275338,0.0,113.23386848690963,-63.64072978296726,0.0,-63.64072978296726,0.0,-717.0752266418443,-1.2135945410933686,-3.4622084703014625e-06,0.0,-7.525975027811628e-05,-0.0009013269808566537,0.04466019417475728,0.42592592592592593,-0.2196658348142814,0.015766513423438933,0.004487063239854742,-0.4518427174753054,-0.05716717175508926,0.004971620016630228,0.004971620016630228,0.15808580981583314,0.007904290490791657,0.00024858100083151145,0.002956037014151258,-0.001810627924424657,7.9808350444900755,False,JP225_USD
n60_ema_k2_x0.5_tp2,60,0,60,0.4166666666666667,0.8328641976013264,1.166009876641857,,6.909027777777778,0.4166666666666667,-524.4114714316092,-0.005244114714316093,-314.1292014900679,0.0,-314.1292014900679,135.6636242862796,0.0,135.6636242862796,84.06101031453643,0.0,51.60261397174317,-77.67603396466414,0.0,-77.67603396466414,0.0,-527.4688597410117,-1.472436977097662,-2.5089934999365074e-06,0.0,-5.4524645320929684e-05,-0.0006586004715766203,0.049148418491484186,0.463302752293578,-0.12641541602597167,0.010125968581680689,0.0037089927710129145,-0.5159904626841932,-0.0650407382033677,0.004072656550389832,0.004072656550389832,0.12342185345256565,0.012342185345256565,0.00040726565503898326,0.0034004804302545377,-0.0030207898017161616,7.9808350444900755,False,WTICO_USD
n60_ema_k2_x1.0_tp0,54,0,54,0.2777777777777778,1.1227855968079181,2.919242551700587,,11.303240740740739,0.2777777777777778,443.8837137617229,0.004438837137617229,735.9021804902093,0.0,735.9021804902093,85.70947573130994,0.0,85.70947573130994,11.108524322342863,52.38390276428134,22.217048644685725,-206.30899099733134,0.0,-206.30899099733134,0.0,443.88371376156806,2.5200535730983336,2.225772993830973e-06,0.0,4.854046402030389e-05,0.0005551103003571534,0.09077809798270893,0.47368421052631576,0.07957386519767783,0.01921678230419055,0.009122647164090569,0.22919583208836516,0.02888674553159204,0.026508087277822338,0.026508087277822338,0.326068946577566,0.010868964885918868,0.0008836029092607444,0.0054130077443763636,-0.0036878341263115733,7.9808350444900755,False,EUR_USD
n60_ema_k2_x1.0_tp0,61,0,61,0.18032786885245902,0.5875362924685698,2.6706195112207713,,8.549863387978142,0.18032786885245902,-1926.9096450087527,-0.019269096450087526,-1693.7464588311798,0.0,-1693.7464588311798,117.35677496190274,0.0,117.35677496190274,25.90863075455252,60.35778730188718,31.09035690546304,-115.80641121575563,0.0,-115.80641121575563,0.0,-1926.9096450088382,-7.264210472491279,-9.278623282332205e-06,0.0,-0.00020315418209753485,-0.002435016681712532,0.07684918347742556,0.4610951008645533,-0.40301681653823235,0.03502639855363365,0.010293984823678937,-0.5460454424352273,-0.06951947052118272,0.026170034368536644,0.026170034368536644,0.4500550837381058,0.015001836124603526,0.0008723344789512216,0.003689191848984086,-0.003324760992580944,7.9808350444900755,False,GBP_USD
n60_ema_k2_x1.0_tp0,56,0,56,0.23214285714285715,1.1768560358475373,3.8926776570341617,,10.097470238095239,0.23214285714285715,966.1812340362085,0.009661812340362085,1218.6485136093256,0.0,1218.6485136093256,109.27677458475372,0.0,109.27677458475372,33.225721969818615,46.22514690587677,29.825905709058325,-251.54307397813744,0.0,-251.54307397813744,0.0,857.8286650464345,3.3774431159014093,4.77241342925725e-06,0.0,0.00010463837559800551,0.00120554180136212,0.074447646493756,0.46130952380952384,0.13641867096892135,0.022139025444993354,0.004442880648344638,0.42948495766792844,0.05445324611769431,0.024050509737726496,0.024050509737726496,0.40847561142032784,0.020423780571016393,0.0012025254868863245,0.005759383133676632,-0.0044136925912174885,7.9808350444900755,False,AUD_USD
n60_ema_k2_x1.0_tp0,54,0,54,0.1111111111111111,0.37708520949082486,3.016681675926599,,7.270833333333333,0.1111111111111111,-2802.195865401547,-0.02802195865401547,-2480.9933674625295,0.0,-2480.9933674625295,138.23537239574546,0.0,138.23537239574546,42.63322816882884,52.96891605808778,42.63322816882884,-182.96712554341812,0.0,-182.96712554341812,0.0,-2802.195865401693,-7.724078683636001,-1.3593288239091761e-05,0.0,-0.0002978436965170896,-0.003554955871855947,0.06388088376560999,0.4389438943894389,-0.6337759638465644,0.03352076153423578,0.01172845642966247,-0.8356219971154941,-0.10605236006422951,0.020330196415648434,0.020330196415648434,0.4112489011911262,0.013708296706370875,0.0006776732138549478,0.0026221925299925175,-0.003788509760130232,7.9808350444900755,False,USD_CAD
n60_ema_k2_x1.0_tp0,45,0,45,0.26666666666666666,1.1385037426931066,3.130885292406043,,11.281481481481482,0.26666666666666666,435.6269098661578,0.004356269098661578,762.4273617751182,0.0,762.4273617751182,70.26149681078049,0.0,70.26149681078049,24.57632929353069,37.493057752739574,8.192109764510226,-256.5389550978972,0.0,-256.5389550978972,0.0,435.62690986644054,2.333005836810084,2.182168530346847e-06,0.0,4.704775221850626e-05,0.0005448041430402562,0.0787704130643612,0.4939759036144578,0.07971993520659305,0.011610062661606024,0.005116859439138051,0.37148623401913355,0.0469251681855172,0.018247537012593296,0.018247537012593296,0.25338933267031777,0.008446311089010592,0.0006082512337531098,0.004186879143905697,-0.00429205002220856,7.9808350444900755,False,EUR_JPY
n60_ema_k2_x1.0_tp0,53,0,53,0.2641509433962264,1.059477644279291,2.9514020090637394,,10.804245283018865,0.2641509433962264,259.62225316283,0.0025962225316283,775.8783813819307,0.0,775.8783813819307,100.4380789235962,0.0,100.4380789235962,48.14923915339785,37.34157338938458,14.947266380813756,-415.81804929545194,0.0,-415.81804929545194,0.0,259.62225316288254,1.502894278579342,1.366386120942486e-06,0.0,2.997988113439046e-05,0.0003249383541961137,0.07060518731988473,0.44011976047904194,0.04406291645497886,0.018527544058928314,0.0043524413547496405,0.13721756724870943,0.01753812341034633,0.017655952397307818,0.017655952397307818,0.3473768690076786,0.01736884345038393,0.000882797619865391,0.006880025175286075,-0.0033912311176580445,7.9808350444900755,False,AUD_JPY
n60_ema_k2_x1.0_tp0,26,0,26,0.19230769230769232,0.37746371249977034,1.5853475924990355,,11.431089743589745,0.19230769230769232,-1279.8451038221683,-0.012798451038221683,-1138.6979628208742,0.0,-1138.6979628208742,61.175513516865806,0.0,61.175513516865806,31.757228503995726,8.246799343539601,21.17148566933048,-79.97162748446924,0.0,-79.97162748446924,0.0,-1279.8451038222092,-8.067453260070664,-7.254504574398386e-06,0.0,-0.0001586481405743381,-0.0018998929914399998,0.04702549575070822,0.415,-0.39021572050181497,0.017539062070111355,0.006576232808846338,-0.7267906484519159,-0.1083235228796894,0.008497400498082511,0.008497400498082511,0.22768728666979385,0.011384364333489692,0.00042487002490412557,0.0047830641406616525,-0.004029622399191135,6.7734428473648185,False,XAU_USD
n60_ema_k2_x1.0_tp0,44,0,44,0.22727272727272727,0.9107024364323854,3.0963882838701102,,11.912878787878787,0.22727272727272727,-335.17462225508643,-0.0033517462225508645,312.6418179189177,0.0,312.6418179189177,387.9986177777804,0.0,387.9986177777804,211.63560969697102,0.0,176.36300808080935,-259.8178223963766,0.0,-259.8178223963766,0.0,-335.1746222552393,0.4826086504301559,-1.5177858287494848e-06,0.0,-3.378990381875537e-05,-0.0004205913036902098,0.07945736434108527,0.4880952380952381,-0.051624345144460515,0.017348224954483515,0.004947621556195325,-0.19173186702898645,-0.024244054062805498,0.011827282930169061,0.011827282930169061,0.20306826114070228,0.010153413057035115,0.000591364146508453,0.004980771427061104,-0.004243331583282273,7.9808350444900755,False,NAS100_USD
n60_ema_k2_x1.0_tp0,41,0,41,0.17073170731707318,0.4018116321884127,1.9516564992008618,,9.079268292682928,0.17073170731707318,-2157.6668569757167,-0.021576668569757165,-1670.2651990791408,0.0,-1670.2651990791408,313.84080711944256,0.0,313.84080711944256,159.08304066777794,0.0,154.75776645166462,-173.56085077703764,0.0,-173.56085077703764,0.0,-2157.666856975621,-3.4268763185739726,-1.0482594489956044e-05,0.0,-0.0002286688662470019,-0.002729421979405622,0.06153100775193798,0.43944636678200694,-0.4020783156589604,0.02229891256737926,0.02229891256737926,-0.9668965348722489,-0.12240157322283293,0.011547429053504464,0.011547429053504464,0.2584130953210189,0.012920654766050945,0.0005773714526752232,0.004373933275428898,-0.0042972909450209595,7.9808350444900755,False,SPX500_USD
n60_ema_k2_x1.0_tp0,27,0,27,0.0,0.0,,,5.609567901234568,0.0,-3178.1232726224407,-0.03178123272622441,-2961.0825869641444,0.0,-2961.0825869641444,78.26395728800887,0.0,78.26395728800887,39.131978644004434,0.0,39.131978644004434,-138.77672837035664,0.0,-138.77672837035664,0.0,-3178.12327262251,-13.642983931708814,-1.5957610503729764e-05,0.0,-0.0003396114693707013,-0.0040414367520239525,0.022761009401286492,0.359375,-1.1792379130903672,0.032043996593349,0.032043996593349,-0.9915307398854817,-0.126121494871922,0.004230396031474436,0.004230396031474436,0.16747622350647667,0.008373811175323832,0.00021151980157372183,0.0024490436218451705,-0.0029810494226687467,7.975359342915811,False,UK100_GBP
n60_ema_k2_x1.0_tp0,33,0,33,0.18181818181818182,1.085557784485728,4.885010030185777,,14.821969696969697,0.18181818181818182,236.06136659058393,0.0023606136659058393,632.0342028313406,0.0,632.0342028313406,268.51252099989995,0.0,268.51252099989995,147.7096691532479,0.0,120.80285184665206,-127.46031524115065,0.0,-127.46031524115065,0.0,236.06136659029002,1.5961554555893487,1.2353056583057016e-06,0.0,2.5810767569673113e-05,0.00029548037401694316,0.08155339805825243,0.4732394366197183,0.04601734504307527,0.020413217666429784,0.0060725460047805924,0.11406577826636632,0.014474953378019894,0.011738186191314578,0.011738186191314578,0.15807488795025743,0.00790374439751287,0.000586909309565729,0.003428895705679613,-0.002740303145180145,7.9808350444900755,False,JP225_USD
n60_ema_k2_x1.0_tp0,47,0,47,0.23404255319148937,0.8677212317776325,2.8398149403631607,,10.464539007092197,0.23404255319148937,-478.46289633195556,-0.004784628963319556,-203.58470851279262,0.0,-203.58470851279262,140.0470755966772,0.0,140.0470755966772,84.34467300024878,0.0,55.702402596428406,-137.88991276414168,0.0,-137.88991276414168,0.0,-481.52169687361146,-0.7324851208666698,-2.2151536482797487e-06,0.0,-4.8900278443470296e-05,-0.0006007731126389526,0.0705596107055961,0.48172757475083056,-0.07214538156920058,0.017091639965681193,0.0045228195270507025,-0.2764958072395162,-0.03515011513495853,0.0076297664098273375,0.0076297664098273375,0.1234218534525657,0.01234218534525657,0.0007629766409827337,0.004367315779026049,-0.00476766878114343,7.9808350444900755,False,WTICO_USD
n60_ema_k2_x1.0_tp2,75,0,75,0.4666666666666667,1.0912340089932153,1.2471245817065317,,9.64111111111111,0.4666666666666667,320.82709561346564,0.0032082709561346563,539.4905722741519,0.0,539.4905722741519,84.55126953146245,0.0,84.55126953146245,11.18820415257024,52.7481150482389,20.614950330653315,-134.11220712923605,0.0,-134.11220712923605,0.0,320.82709561345337,2.4672184880298174,1.5887019084044515e-06,0.0,3.474834029053458e-05,0.00040143397261793723,0.09125840537944284,0.47619047619047616,0.07955320652345692,0.014057387997317927,0.003619552767664025,0.22698399380468529,0.028556796802829135,0.01913365372359728,0.01913365372359728,0.32606894657756613,0.010868964885918871,0.0006377884574532426,0.003955299161713333,-0.002532221838883131,7.9808350444900755,False,EUR_USD
n60_ema_k2_x1.0_tp2,81,0,81,0.35802469135802467,0.6313156687982114,1.1320143026726548,,8.084876543209877,0.35802469135802467,-1681.1873661951831,-0.01681187366195183,-1468.998527379636,0.0,-1468.998527379636,117.70363829882804,0.0,117.70363829882804,26.468763363040317,61.678457349858114,29.556417585929612,-94.48520051658295,0.0,-94.48520051658295,0.0,-1681.1873661950472,-6.923071616681776,-8.101267327505665e-06,0.0,-0.0001775647283455011,-0.002122183992905091,0.07684918347742556,0.4610951008645533,-0.44250338175151477,0.028629932030290628,0.008114841147758262,-0.5827176365535478,-0.07412466053568723,0.020199577157017565,0.020199577157017565,0.4500550837381059,0.015001836124603528,0.0006733192385672522,0.003292367866972068,-0.003324760992580833,7.9808350444900755,False,GBP_USD
n60_ema_k2_x1.0_tp2,71,0,71,0.39436619718309857,0.9124616782406823,1.4012804344410477,,9.112676056338026,0.39436619718309857,-338.99289425008465,-0.0033899289425008464,-123.38033511568537,0.0,-123.38033511568537,108.10503316475652,0.0,108.10503316475652,34.34048627081834,46.06957443785877,27.694972456079412,-187.70125525131678,0.0,-187.70125525131678,0.0,-419.18662353175864,-0.41709841861827446,-1.5627844322534845e-06,0.0,-3.404212937383232e-05,-0.0004253897561395936,0.074447646493756,0.46130952380952384,-0.06714935796473159,0.023931483074663307,0.0038259579836244974,-0.1404076678229539,-0.017775319432248703,0.01680058799196073,0.01680058799196073,0.4078115955679399,0.02039057977839699,0.0008400293995980364,0.0050462392150889546,-0.0025154958248647663,7.9808350444900755,False,AUD_USD
n60_ema_k2_x1.0_tp2,64,0,64,0.25,0.41359412693414505,1.240782380802435,,6.962239583333333,0.25,-2563.8347043776594,-0.025638347043776592,-2283.6417068937826,0.0,-2283.6417068937826,136.2842673883108,0.0,136.2842673883108,42.70869005198134,53.057825539731056,40.517751796598425,-143.90873009546166,0.0,-143.90873009546166,0.0,-2563.8347043775548,-8.150245464382245,-1.2433836492053846e-05,0.0,-0.0002724424691459539,-0.0032490986590876236,0.06388088376560999,0.4389438943894389,-0.6893758783696465,0.029440602443275066,0.010368403399342233,-0.8704996115657675,-0.11036114717244161,0.01646864411080688,0.01646864411080688,0.4112489011911264,0.013708296706370878,0.0005489548036935625,0.0023425827039276204,-0.003788509760130121,7.9808350444900755,False,USD_CAD
n60_ema_k2_x1.0_tp2,64,0,64,0.46875,1.157009647374372,1.3112776003576219,,9.716796875,0.46875,468.21798606392986,0.004682179860639298,702.3170962808106,0.0,702.3170962808106,70.17615778258015,0.0,70.17615778258015,24.824714893041644,37.81531640786892,7.53612648166958,-163.92295243423686,0.0,-163.92295243423686,0.0,468.2179860639935,3.0000844327444955,2.284267503995378e-06,0.0,4.970297402154179e-05,0.000585480072638811,0.0792507204610951,0.49698795180722893,0.12717180791915234,0.011610062661606024,0.0037063295992984524,0.3999231507133699,0.05042867465091022,0.012574121539391903,0.012574121539391903,0.22852062789403452,0.007617354263134484,0.0004191373846463968,0.0023676843571767137,-0.002487960015103763,7.9808350444900755,False,EUR_JPY
n60_ema_k2_x1.0_tp2,72,0,72,0.4444444444444444,0.93297791898187,1.1662223987273375,,8.960648148148149,0.4444444444444444,-281.67143227018823,-0.0028167143227018823,115.59624384432567,0.0,115.59624384432567,100.45615522609586,0.0,100.45615522609586,49.10021912128821,37.44793519116824,13.908000913639404,-296.81152088835506,0.0,-296.81152088835506,0.0,-281.67143227012525,0.29097822650696337,-1.3056324444391277e-06,0.0,-2.8483942916850063e-05,-0.00035337033136073615,0.07012487992315082,0.437125748502994,-0.06607047148737863,0.014614228282309072,0.0048552250292304465,-0.19089411121948094,-0.02417988309300606,0.01180841952079726,0.01180841952079726,0.34636666466538446,0.01731833323326922,0.000590420976039863,0.003439106989434393,-0.0028923712186578188,7.9808350444900755,False,AUD_JPY
n60_ema_k2_x1.0_tp2,35,0,35,0.37142857142857144,0.5508452815745476,0.9321997072800036,,11.58452380952381,0.37142857142857144,-913.2765103178826,-0.009132765103178826,-788.1559888636214,0.0,-788.1559888636214,60.37962202031419,0.0,60.37962202031419,32.02566559447844,8.305746139990266,20.048210285845485,-64.74089943398037,0.0,-64.74089943398037,0.0,-913.276510317916,-6.299174425607936,-5.1711055972295495e-06,0.0,-0.00011303084184325036,-0.0013535972520454242,0.04702549575070822,0.415,-0.3529815838279947,0.01302971699055655,0.005401853756065639,-0.6995509668990665,-0.10388539160339866,0.007122031696881221,0.007122031696881221,0.22768728666979385,0.011384364333489692,0.0003561015848440611,0.0030881461797962473,-0.0024529322832969047,6.7734428473648185,False,XAU_USD
n60_ema_k2_x1.0_tp2,58,0,58,0.41379310344827586,0.8643880695912443,1.2245497652542625,,10.260775862068966,0.41379310344827586,-479.66053493086656,-0.004796605349308666,59.854272255955124,0.0,59.854272255955124,381.713622008865,0.0,381.713622008865,219.13470987718568,0.0,162.57891213167932,-157.80118517792147,0.0,-157.80118517792147,0.0,-479.6605349308314,0.11094092591833696,-2.281166741476434e-06,0.0,-4.980005708968663e-05,-0.0006022800724483357,0.07994186046511628,0.49107142857142855,-0.11640013809385093,0.015584586790158617,0.00431890101407803,-0.3062577560002415,-0.038645880096651944,0.007968907741374463,0.007968907741374463,0.20159411588516726,0.010079705794258364,0.00039844538706872314,0.003452942400763437,-0.002344148902463372,7.9808350444900755,False,NAS100_USD
n60_ema_k2_x1.0_tp2,50,0,50,0.32,0.4610032807739817,0.9796319716447112,,8.4425,0.32,-1891.2671333833568,-0.018912671333833567,-1447.7325574813813,0.0,-1447.7325574813813,310.7806262453636,0.0,310.7806262453636,164.75015052245308,0.0,146.0304757229105,-132.7539496565908,0.0,-132.7539496565908,0.0,-1891.2671333833357,-3.2640804936961896,-9.209495106191574e-06,0.0,-0.0002003811803083306,-0.0023895971886963574,0.06153100775193798,0.43944636678200694,-0.5083276351131837,0.019636881817690743,0.019636881817690743,-0.9624089363365211,-0.1216892381836094,0.008336807043602523,0.008336807043602523,0.2580019830395458,0.01290009915197729,0.000416840352180126,0.0032148936145637297,-0.0025670244900578565,7.9808350444900755,False,SPX500_USD
n60_ema_k2_x1.0_tp2,30,0,30,0.1,0.09412309844311666,0.8471078859880499,,5.951388888888889,0.1,-2776.8616820087773,-0.02776861682008777,-2573.6907036467087,0.0,-2573.6907036467087,77.25050791967446,0.0,77.25050791967446,39.167344073841775,0.0,38.083163845832686,-125.92047044239109,0.0,-125.92047044239109,0.0,-2776.861682008774,-12.667609933246487,-1.391411726439935e-05,0.0,-0.0002961338280395488,-0.0035248308837352305,0.022761009401286492,0.359375,-1.098779869275727,0.0289753755006098,0.0289753755006098,-0.9580921815476303,-0.12164918738192189,0.003934473595779102,0.003934473595779102,0.16747622350647673,0.008373811175323837,0.00019672367978895513,0.002387061010986624,-0.0022236357647136273,7.975359342915811,False,UK100_GBP
n60_ema_k2_x1.0_tp2,42,0,42,0.35714285714285715,0.9220135270471553,1.6596243486848796,,13.278769841269842,0.35714285714285715,-209.514656602405,-0.00209514656602405,138.42060228774932,0.0,138.42060228774932,259.1098089152528,0.0,259.1098089152528,147.23205229552875,0.0,111.87775661972407,-88.82544997475442,0.0,-88.82544997475442,0.0,-209.5146566022579,0.397834363580577,-9.784024404626384e-07,0.0,-2.1490233117015196e-05,-0.00026276309182504676,0.08155339805825243,0.4732394366197183,-0.05507970566865146,0.014669799256936122,0.004141481432848966,-0.14193496209320536,-0.017911839638896764,0.007520616898806724,0.007520616898806724,0.1580803233233909,0.007904016166169545,0.00037603084494033625,0.002956037014151258,-0.001810627924424657,7.9808350444900755,False,JP225_USD
n60_ema_k2_x1.0_tp2,61,0,61,0.4098360655737705,0.8946293707569909,1.2882662938900669,,9.636612021857927,0.4098360655737705,-366.3374550518347,-0.003663374550518347,-136.25595889011427,0.0,-136.25595889011427,135.7256892447111,0.0,135.7256892447111,84.3112905617786,0.0,51.41439868293249,-97.41805364083558,0.0,-97.41805364083558,0.0,-369.39970177566096,-0.584428975891513,-1.7243986496376327e-06,0.0,-3.7550105696653996e-05,-0.00045975858099300826,0.07104622871046229,0.4850498338870432,-0.07800425795672923,0.011932555940783574,0.003448600424738883,-0.3044783424748425,-0.038529765397673665,0.005438523857091875,0.005438523857091875,0.12342185345256575,0.012342185345256574,0.0005438523857091875,0.0034004804302545377,-0.0030207898017162726,7.9808350444900755,False,WTICO_USD
n60_ema_k4_x0.5_tp0,43,0,43,0.4186046511627907,1.1248563754984684,1.5623005215256505,,10.460271317829456,0.4186046511627907,398.58020476813545,0.003985802047681355,585.0974436756047,0.0,585.0974436756047,70.35224260709668,0.0,70.35224260709668,11.215217126201871,41.441117359177134,17.695908121717675,-116.16499630029004,0.0,-116.16499630029004,0.0,398.58020476821804,3.1369617473596043,1.975719900481941e-06,0.0,4.2942170837886145e-05,0.0004985532554775407,0.07204610951008646,0.45045045045045046,0.08686791349680636,0.013963847332911894,0.005989664992372657,0.2818613811261919,0.03570314424037583,0.02104695369738162,0.02104695369738162,0.2510795895073995,0.00836931965024665,0.000701565123246054,0.004678750337183013,-0.003692146621829706,7.9808350444900755,False,EUR_USD
n60_ema_k4_x0.5_tp0,46,0,46,0.30434782608695654,0.9717552861496639,2.22115493977066,,9.209239130434783,0.30434782608695654,-101.41175448357535,-0.0010141175448357535,104.93281838085616,0.0,104.93281838085616,92.25403222991413,0.0,92.25403222991413,22.215232524178063,46.641731892189036,23.39706781354703,-122.42983122947753,0.0,-122.42983122947753,0.0,-109.7510450785355,0.48877832124865145,-4.3004402904786303e-07,0.0,-8.21498763453902e-06,-0.0001271254962821322,0.06628242074927954,0.47750865051903113,-0.020158815526238126,0.02696626861918383,0.010218620784006732,-0.03729227060426486,-0.004714241264796087,0.02138174381997012,0.02138174381997012,0.37687024529811064,0.01256234150993702,0.000712724793999004,0.0035853770266049967,-0.0026708569924696057,7.9808350444900755,False,GBP_USD
n60_ema_k4_x0.5_tp0,40,0,40,0.3,0.8036731742873136,1.875237406670398,,9.13125,0.3,-719.0534704914753,-0.0071905347049147535,-399.47613369575026,0.0,-399.47613369575026,91.94978065421732,0.0,91.94978065421732,36.524197766758235,33.494801313814314,21.930781573644776,-280.88216845982333,0.0,-280.88216845982333,0.0,-772.3080828097909,-1.0714643276817455,-3.3990878529221747e-06,0.0,-7.453907147647949e-05,-0.0009038213980648857,0.060038424591738714,0.4166666666666667,-0.14727553648849562,0.018813762033810355,0.003304784669130768,-0.38050405807851134,-0.048040439569748,0.014906593157728057,0.014906593157728057,0.2047345763264664,0.01023672881632332,0.0007453296578864028,0.005006980213097867,-0.0027435644515577673,7.9808350444900755,False,AUD_USD
n60_ema_k4_x0.5_tp0,41,0,41,0.21951219512195122,0.5168212856082516,1.8375867932737835,,8.356707317073171,0.21951219512195122,-1650.930910052135,-0.01650930910052135,-1393.7035977218488,0.0,-1393.7035977218488,108.50859661616316,0.0,108.50859661616316,35.049823160597114,40.72921392066418,32.72955953490187,-148.71871571417643,0.0,-148.71871571417643,0.0,-1650.9309100521884,-5.418178906025383,-7.94878039769493e-06,0.0,-0.00017427673083909227,-0.002083711349853301,0.06340057636887608,0.44594594594594594,-0.4118363571713865,0.023322181714222734,0.006348212264751463,-0.7073492023063481,-0.0893446151559044,0.017443439573976503,0.017443439573976503,0.2214588987124798,0.007381963290415993,0.0005814479857992167,0.002748505617309549,-0.002486493550675095,7.9808350444900755,False,USD_CAD
n60_ema_k4_x0.5_tp0,38,0,38,0.2894736842105263,0.3829651392179735,0.9400053417168439,,8.483552631578947,0.2894736842105263,-2246.8207567928766,-0.022468207567928767,-2019.2439336807734,0.0,-2019.2439336807734,60.58190686357621,0.0,60.58190686357621,20.96734350564253,32.62544885605285,6.989114501880837,-166.99491624851908,0.0,-166.99491624851908,0.0,-2246.8207567928685,-8.872801307566256,-1.0868191102354122e-05,0.0,-0.0002387706657281169,-0.0028433292256804243,0.059077809798270896,0.4659090909090909,-0.5658124037790844,0.024381871628564644,0.009690740620523738,-0.919708833152534,-0.11661652841897972,0.01271030374888309,0.01271030374888309,0.2116920912042101,0.007056403040140336,0.00042367679162943627,0.0029179306211870593,-0.0030729927329798956,7.9808350444900755,False,EUR_JPY
n60_ema_k4_x0.5_tp0,44,0,44,0.3409090909090909,0.8431559447325183,1.6301014931495355,,10.168560606060606,0.3409090909090909,-719.9678844876471,-0.007199678844876471,-180.10901375740082,0.0,-180.10901375740082,78.59792715038924,0.0,78.59792715038924,35.6840314209779,30.679370670790355,12.234525058620985,-461.2609435798499,0.0,-461.2609435798499,0.0,-719.9678844876399,-0.3336224030435523,-3.3796700897352875e-06,0.0,-7.368186973723866e-05,-0.0009049744202633825,0.06580211335254563,0.44336569579288027,-0.12577335137456777,0.02190909444251432,0.010517665719973118,-0.32615281841844496,-0.04130587974039178,0.01489798919762357,0.01489798919762357,0.3454224528779935,0.017271122643899676,0.0007448994598811784,0.005353860798374299,-0.00339352424138617,7.9808350444900755,False,AUD_JPY
n60_ema_k4_x0.5_tp0,19,0,19,0.3684210526315789,0.5072626841724698,0.8695931728670909,,11.635964912280702,0.3684210526315789,-1017.9141508958564,-0.010179141508958564,-922.1081576794027,0.0,-922.1081576794027,43.77131804133333,0.0,43.77131804133333,23.915270021848556,5.871268123012485,13.984779896472293,-52.03467517505287,0.0,-52.03467517505287,0.0,-1017.9141508957888,-9.624743992755661,-5.770209571445058e-06,0.0,-0.00012581049340024096,-0.0015093623967294967,0.036827195467422094,0.4140127388535032,-0.3974065630632943,0.02085948750091038,0.004467692956797553,-0.4837810864940964,-0.07235855610851527,0.006541442626972262,0.006541442626972262,0.22478233048348836,0.011239116524174418,0.00032707213134861306,0.0027180898624277194,-0.0016869569358660685,6.7734428473648185,False,XAU_USD
n60_ema_k4_x0.5_tp0,33,0,33,0.3939393939393939,0.6346033354579214,0.9763128237814175,,11.148989898989898,0.3939393939393939,-1028.2848891264584,-0.010282848891264584,-584.0858203328759,0.0,-584.0858203328759,310.71712838472854,0.0,310.71712838472854,178.06314012777824,0.0,132.65398825695033,-133.48194040871684,0.0,-133.48194040871684,0.0,-1028.2848891263213,-1.314919056267717,-4.9353558846474956e-06,0.0,-0.00010816836364325323,-0.001294274629140002,0.05862403100775194,0.426056338028169,-0.20578788426359634,0.01633481119976188,0.004662892698953119,-0.6274750096365025,-0.07923413459219347,0.008738512196534641,0.008738512196534641,0.11309801011622282,0.005654900505811141,0.00043692560982673204,0.004980771427061326,-0.004243331583282384,7.9808350444900755,False,NAS100_USD
n60_ema_k4_x0.5_tp0,32,0,32,0.21875,0.26831506241781033,0.9582680800636082,,9.33203125,0.21875,-2408.4775516678055,-0.024084775516678054,-2001.7870947452104,0.0,-2001.7870947452104,245.70999981156473,0.0,245.70999981156473,126.06397587811037,0.0,119.64602393345436,-160.98045711109617,0.0,-160.98045711109617,0.0,-2408.4775516678715,-4.922139333910862,-1.1752155722477919e-05,0.0,-0.00025603333358921644,-0.0030501015714852198,0.046511627906976744,0.3983402489626556,-0.5402913206285452,0.02525960756480594,0.009051233608119583,-0.9523418595395293,-0.12075015669423574,0.009084949855075606,0.009084949855075606,0.1410085774628912,0.007050428873144559,0.0004542474927537803,0.004214816949784206,-0.0042972909450208485,7.9808350444900755,False,SPX500_USD
n60_ema_k4_x0.5_tp0,21,0,21,0.047619047619047616,0.028619191928154354,0.572383838563087,,10.734126984126984,0.047619047619047616,-3064.704010546935,-0.03064704010546935,-2810.336932520611,0.0,-2810.336932520611,60.763515860208315,0.0,60.763515860208315,30.381757930104158,0.0,30.381757930104158,-193.60356216607082,0.0,-193.60356216607082,0.0,-3064.70401054689,-11.048351674780294,-1.536614062808999e-05,0.0,-0.00032719068036612253,-0.0038952251080326405,0.03364670954972786,0.38636363636363635,-0.9183291381217175,0.03091011177992964,0.03091011177992964,-0.9912200595005914,-0.12601782665056113,0.0061242325528959645,0.0061242325528959645,0.15883955503450792,0.007941977751725397,0.0003062116276447982,0.0024465284267762843,-0.0022714429079990772,7.975359342915811,False,UK100_GBP
n60_ema_k4_x0.5_tp0,27,0,27,0.2962962962962963,0.9107003983227724,2.162913446016584,,12.989197530864196,0.2962962962962963,-255.76258327398682,-0.0025576258327398684,49.271944954182345,0.0,49.271944954182345,215.5501777397236,0.0,215.5501777397236,116.06548032138961,0.0,99.48469741833401,-89.48435048843567,0.0,-89.48435048843567,0.0,-255.76258327397693,0.16152907423427157,-1.1752950962114597e-06,0.0,-2.6213601719662477e-05,-0.0003208300011098286,0.059223300970873784,0.45185185185185184,-0.05062331361790699,0.017689392366705192,0.005235185834300382,-0.1423918439953555,-0.018136858206259918,0.008418878288753045,0.008418878288753045,0.12552701944112263,0.006276350972056132,0.00042094391443765224,0.003428895705679613,-0.0027403031451803672,7.9808350444900755,False,JP225_USD
n60_ema_k4_x0.5_tp0,38,0,38,0.2631578947368421,0.5366925981982957,1.502739274955228,,9.461622807017543,0.2631578947368421,-1775.4442475211254,-0.017754442475211255,-1564.1838374970962,0.0,-1564.1838374970962,114.99592914949916,0.0,114.99592914949916,69.31001793457907,0.0,45.6859112149201,-99.28493184161387,0.0,-99.28493184161387,0.0,-1778.4646984882093,-7.29968990353258,-8.651301361286632e-06,0.0,-0.0001876632611070102,-0.0022421028931395304,0.05547445255474453,0.4418604651162791,-0.37814457730109535,0.020615945738467478,0.01247060093377289,-0.8601829917783176,-0.1087557622426203,0.005503734121423274,0.005503734121423274,0.093352490283531,0.009335249028353101,0.0005503734121423274,0.004136291288251659,-0.003233713572416308,7.9808350444900755,False,WTICO_USD
n60_ema_k4_x0.5_tp2,51,0,51,0.5098039215686274,1.107866806702316,1.0652565449060734,,10.283496732026144,0.5098039215686274,344.4371846903814,0.003444371846903814,521.4401743420449,0.0,521.4401743420449,69.6535374491221,0.0,69.6535374491221,11.21791488663982,41.45039339725095,16.98522916523134,-107.34945220261703,0.0,-107.34945220261703,0.0,344.43718469030574,2.9459399265967225,1.7014638325422519e-06,0.0,3.714074293942385e-05,0.00043093164825025454,0.07252641690682037,0.45345345345345345,0.085419922372569,0.011792496934782126,0.004664850426817154,0.2888898390518396,0.036542867098758015,0.019296924096592942,0.019296924096592942,0.2510795895073995,0.00836931965024665,0.0006432308032197647,0.00340130220844026,-0.0019456610691913623,7.9808350444900755,False,EUR_USD
n60_ema_k4_x0.5_tp2,53,0,53,0.39622641509433965,0.8529077150270078,1.299668899088774,,9.443396226415095,0.39622641509433965,-563.2903885104461,-0.005632903885104461,-374.2969919904877,0.0,-374.2969919904877,91.25807256442276,0.0,91.25807256442276,22.210337554537862,46.65487072856197,22.392864281322925,-106.03605804804752,0.0,-106.03605804804752,0.0,-571.591122602958,-1.8971521901261754,-2.6677141202381927e-06,0.0,-5.7885977135939625e-05,-0.0007075487514308643,0.06628242074927954,0.47750865051903113,-0.14040732247221743,0.026250240473617792,0.01006764673362781,-0.2129128116476397,-0.02695399122693638,0.019264374435259142,0.019264374435259142,0.37687024529811064,0.01256234150993702,0.0006421458145086382,0.003377648408733336,-0.002496599961026469,7.9808350444900755,False,GBP_USD
n60_ema_k4_x0.5_tp2,43,0,43,0.3488372093023256,0.6701438343395272,1.2509351574337841,,8.872093023255815,0.3488372093023256,-1241.9513856353005,-0.012419513856353006,-961.8378845530093,0.0,-961.8378845530093,91.47087232871581,0.0,91.47087232871581,36.47841468863616,33.45049788255677,21.54195975752289,-241.61675698386333,0.0,-241.61675698386333,0.0,-1294.9255138655883,-2.8876421695336894,-5.950742549897494e-06,0.0,-0.00013051430567223343,-0.0015646859998152962,0.06051873198847262,0.42,-0.29343696330580077,0.02179380649144924,0.0036359007199795335,-0.5673424223082552,-0.07179498452595685,0.014040529074127405,0.014040529074127405,0.2047345763264664,0.01023672881632332,0.0007020264537063701,0.003529381873858428,-0.002178879389483579,7.9808350444900755,False,AUD_USD
n60_ema_k4_x0.5_tp2,45,0,45,0.28888888888888886,0.5683665961759943,1.399056236740909,,8.417592592592593,0.28888888888888886,-1471.7179631648614,-0.014717179631648614,-1226.8404991998623,0.0,-1226.8404991998623,107.79744300955437,0.0,107.79744300955437,35.08944532489211,40.77965887783107,31.928338806831192,-137.08002095549202,0.0,-137.08002095549202,0.0,-1471.7179631649087,-5.0100179875065205,-7.079858177508109e-06,0.0,-0.00015514264522204706,-0.001856044891293318,0.06340057636887608,0.44594594594594594,-0.3903872940047478,0.020595123482830435,0.005666447706903388,-0.7140593900766758,-0.09012060028873581,0.01643894390502337,0.01643894390502337,0.2214588987124799,0.007381963290415997,0.0005479647968341123,0.0028684465631048095,-0.002486493550675095,7.9808350444900755,False,USD_CAD
n60_ema_k4_x0.5_tp2,43,0,43,0.37209302325581395,0.5322737224314491,0.8982119066030704,,8.626937984496125,0.37209302325581395,-1707.3115960498253,-0.017073115960498254,-1488.9940116929317,0.0,-1488.9940116929317,61.528178820090865,0.0,61.528178820090865,22.066025660072036,32.71153654953534,6.750616610483493,-156.78940553663534,0.0,-156.78940553663534,0.0,-1707.311596049658,-6.820311868511461,-8.229240989732232e-06,0.0,-0.00018079065590531922,-0.0021554106292663855,0.059077809798270896,0.4659090909090909,-0.45130032661973285,0.019700599951082753,0.008130316728029774,-0.8649709845881947,-0.10940837510625778,0.01232051623977087,0.01232051623977087,0.2116920912042101,0.0070564030401403365,0.0004106838746590291,0.0029179306211870593,-0.00225131565497505,7.9808350444900755,False,EUR_JPY
n60_ema_k4_x0.5_tp2,53,0,53,0.4528301886792453,0.8414803947978684,1.0167888103807576,,9.677672955974842,0.4528301886792453,-725.314986545025,-0.00725314986545025,-247.68789111644855,0.0,-247.68789111644855,80.01535320938274,0.0,80.01535320938274,37.60122387470783,30.693045489062012,11.72108384561289,-397.61174221916065,0.0,-397.61174221916065,0.0,-725.3149865449919,-0.5185800669332097,-3.436843575156794e-06,0.0,-7.492034745078915e-05,-0.0009117169870450637,0.06580211335254563,0.44336569579288027,-0.1579871627417756,0.01920653212650647,0.012684507205018791,-0.3761709767290601,-0.04746911004234987,0.013180960849434816,0.013180960849434816,0.3454224528779935,0.017271122643899676,0.0006590480424717407,0.0034890121332442625,-0.003393524241385948,7.9808350444900755,False,AUD_JPY
n60_ema_k4_x0.5_tp2,21,0,21,0.42857142857142855,0.5004033617095046,0.6672044822793396,,11.84325396825397,0.42857142857142855,-1031.3370442927117,-0.010313370442927117,-938.8932269002595,0.0,-938.8932269002595,43.42244221376953,0.0,43.42244221376953,23.902015474502353,5.86803862645473,13.652388112812442,-49.021375178650295,0.0,-49.021375178650295,0.0,-1031.3370442926794,-10.156365816382293,-5.85005522233439e-06,0.0,-0.00012751206487705407,-0.0015293540709997444,0.036827195467422094,0.4140127388535032,-0.4278897595139684,0.02006949183731621,0.003336724891955825,-0.5102641103426828,-0.07620292947109601,0.006248849909315118,0.006248849909315118,0.22478233048348834,0.011239116524174416,0.00031244249546575584,0.0027180898624277194,-0.0016869569358660685,6.7734428473648185,False,XAU_USD
n60_ema_k4_x0.5_tp2,39,0,39,0.48717948717948717,0.8463733504891563,0.890919316304375,,10.69551282051282,0.48717948717948717,-433.09795807197224,-0.004330979580719723,-8.76744642991233,0.0,-8.76744642991233,305.2871683792765,0.0,305.2871683792765,178.33385191115767,0.0,126.95331646811889,-119.04334326278497,0.0,-119.04334326278497,0.0,-433.09795807197384,-0.02066183361640512,-2.05046782187996e-06,0.0,-4.495100152883446e-05,-0.0005437031799940817,0.05910852713178295,0.4295774647887324,-0.1004770410401388,0.013202370627579563,0.0026928459769448576,-0.32708518606463954,-0.04118223880628632,0.007946492730859582,0.007946492730859582,0.11309801011622278,0.005654900505811139,0.0003973246365429791,0.003673306943744903,-0.0025839161463732108,7.9808350444900755,False,NAS100_USD
n60_ema_k4_x0.5_tp2,37,0,37,0.32432432432432434,0.47268066948630694,0.9847513947631393,,8.96171171171171,0.32432432432432434,-1741.648177893454,-0.01741648177893454,-1343.412748460813,0.0,-1343.412748460813,241.11295121245013,0.0,241.11295121245013,126.39679826498819,0.0,114.71615294746192,-157.1224782201531,0.0,-157.1224782201531,0.0,-1741.6481778934162,-3.3734134363054458,-8.461759285107423e-06,0.0,-0.00018428552970124585,-0.0021990940640284062,0.046511627906976744,0.3983402489626556,-0.42133730751614457,0.018599341291941407,0.006831144850498072,-0.935275883892649,-0.1182350508822167,0.008489693345467663,0.008489693345467663,0.1410085774628912,0.007050428873144559,0.00042448466727338307,0.0046353826819418575,-0.002362296842005951,7.9808350444900755,False,SPX500_USD
n60_ema_k4_x0.5_tp2,21,0,21,0.047619047619047616,0.028619191928154354,0.572383838563087,,10.734126984126984,0.047619047619047616,-3064.704010546935,-0.03064704010546935,-2810.336932520611,0.0,-2810.336932520611,60.763515860208315,0.0,60.763515860208315,30.381757930104158,0.0,30.381757930104158,-193.60356216607082,0.0,-193.60356216607082,0.0,-3064.70401054689,-11.048351674780294,-1.536614062808999e-05,0.0,-0.00032719068036612253,-0.0038952251080326405,0.03364670954972786,0.38636363636363635,-0.9183291381217175,0.03091011177992964,0.03091011177992964,-0.9912200595005914,-0.12601782665056113,0.0061242325528959645,0.0061242325528959645,0.15883955503450792,0.007941977751725397,0.0003062116276447982,0.0024465284267762843,-0.0022714429079990772,7.975359342915811,False,UK100_GBP
n60_ema_k4_x0.5_tp2,31,0,31,0.3870967741935484,0.8573913095161046,1.3575362400671658,,12.77822580645161,0.3870967741935484,-407.86364764325845,-0.004078636476432584,-100.97959711627439,0.0,-100.97959711627439,212.0923665262037,0.0,212.0923665262037,115.90340446664364,0.0,96.18896205956008,-94.79168400062953,0.0,-94.79168400062953,0.0,-407.8636476431076,-0.3290480458105299,-1.9399086668815908e-06,0.0,-4.230209742428376e-05,-0.0005119677938074663,0.059223300970873784,0.45185185185185184,-0.10369794026347579,0.014770695039284854,0.0031553694595378833,-0.2731658091836406,-0.034661049628728506,0.007092767991657281,0.007092767991657281,0.12552701944112266,0.0062763509720561335,0.00035463839958286403,0.003428895705679613,-0.0017202960877866769,7.9808350444900755,False,JP225_USD
n60_ema_k4_x0.5_tp2,44,0,44,0.36363636363636365,0.6351143107355981,1.1114500437872965,,9.803030303030303,0.36363636363636365,-1400.7147992200917,-0.014007147992200916,-1199.0064400740027,0.0,-1199.0064400740027,113.50872526421725,0.0,113.50872526421725,69.45033352064176,0.0,44.05839174357548,-91.23160795450292,0.0,-91.23160795450292,0.0,-1403.746773292723,-5.856229797150555,-6.806623314361759e-06,0.0,-0.00014754309524662372,-0.0017659448892507479,0.05547445255474453,0.4418604651162791,-0.3180356173264712,0.018062984279554772,0.011194120204316538,-0.7747006926615889,-0.0977659539486836,0.005137414369981429,0.005137414369981429,0.0932028303233394,0.009320283032333941,0.0005137414369981429,0.00439554205407644,-0.0029140884812141055,7.9808350444900755,False,WTICO_USD
n60_ema_k4_x1.0_tp0,40,0,40,0.325,1.0091675474011657,2.095963367679344,,17.071875,0.325,35.881586426578,0.00035881586426577994,298.10056837659386,0.0,298.10056837659386,63.306758187916145,0.0,63.306758187916145,8.24350419854589,38.576245592278475,16.48700839709178,-198.91222376227216,0.0,-198.91222376227216,0.0,35.88158642640553,1.1368382493118736,2.730316614925006e-07,0.0,5.756287744698864e-06,4.495263548243145e-05,0.11191162343900096,0.4794238683127572,0.009653245585753024,0.015306882242120734,0.01449788835788346,0.023220479239230898,0.00293675973796499,0.031652022696682595,0.031652022696682595,0.2512916331626885,0.008376387772089617,0.0010550674232227533,0.004668536591686312,-0.003854402436602511,7.9808350444900755,False,EUR_USD
n60_ema_k4_x1.0_tp0,44,0,44,0.3409090909090909,0.916618285707134,1.772128685700459,,17.039772727272727,0.3409090909090909,-368.67852207455144,-0.0036867852207455145,-98.24441934625946,0.0,-98.24441934625946,84.51798778609913,0.0,84.51798778609913,18.70181434967453,43.90309417164471,21.913079264779878,-194.2330947590186,0.0,-194.2330947590186,0.0,-376.9955018913772,-0.3524449786858064,-1.669009874999272e-06,0.0,-3.5419120740310424e-05,-0.0004627014041442834,0.10470701248799232,0.48660714285714285,-0.057781448886788954,0.0374615089637893,0.013765490100188377,-0.09771820331550846,-0.012351381910203765,0.03627970959275186,0.03627970959275186,0.37687024529811053,0.012562341509937019,0.0012093236530917287,0.0035853770266047746,-0.003324760992580944,7.9808350444900755,False,GBP_USD
n60_ema_k4_x1.0_tp0,38,0,38,0.2894736842105263,0.8145919395243948,1.9994529424689689,,17.375,0.2894736842105263,-904.1272583038808,-0.009041272583038808,-459.71656576135393,0.0,-459.71656576135393,74.05473427608875,0.0,74.05473427608875,21.23137087726524,31.981923462890382,20.841439935933135,-423.5112964223543,0.0,-423.5112964223543,0.0,-957.2825964597969,-0.9239307697835419,-4.242202043242437e-06,0.0,-9.334501816316594e-05,-0.001137378086571661,0.11143131604226705,0.45759368836291914,-0.1373447416384766,0.030624240357649546,0.003697773132905776,-0.29184418935678935,-0.03713979753582878,0.02718907616364402,0.02718907616364402,0.2313400803783765,0.011567004018918825,0.0013594538081822011,0.005007197572075794,-0.003793205090675378,7.9808350444900755,False,AUD_USD
n60_ema_k4_x1.0_tp0,39,0,39,0.20512820512820512,0.5134664301946602,1.9896824170043081,,15.559829059829058,0.20512820512820512,-2115.811266301622,-0.021158112663016218,-1790.571881226367,0.0,-1790.571881226367,102.61277093270263,0.0,102.61277093270263,33.54581802259973,38.25327820199794,30.813674708104966,-222.62661414247637,0.0,-222.62661414247637,0.0,-2115.811266301546,-5.505396835049594,-1.0189119005106947e-05,0.0,-0.00022386296557301027,-0.0026759766069707203,0.10806916426512968,0.4707112970711297,-0.3986464862791817,0.030005671217160357,0.015171533343363075,-0.7050018532834793,-0.08918236114779259,0.03037641572888891,0.03037641572888891,0.3116883574654454,0.010389611915514846,0.001012547190962964,0.003559603836462255,-0.0029689143127760165,7.9808350444900755,False,USD_CAD
n60_ema_k4_x1.0_tp0,37,0,37,0.2972972972972973,0.8120837898825249,1.919470776085968,,15.356981981981983,0.2972972972972973,-850.9831469715136,-0.008509831469715136,-485.57330744476076,0.0,-485.57330744476076,59.16951876945721,0.0,59.16951876945721,20.392941103471657,31.978930631495007,6.7976470344905495,-306.24032075727223,0.0,-306.24032075727223,0.0,-850.9831469714902,-1.3288457368133937,-4.01177484563631e-06,0.0,-8.858820008354445e-05,-0.0010702730419088757,0.10086455331412104,0.4872389791183295,-0.14759397231414473,0.021512546513880126,0.007460145910416632,-0.3940727081925838,-0.04975110878753122,0.023154753593439235,0.023154753593439235,0.21169209120421012,0.007056403040140337,0.0007718251197813078,0.004193936348813709,-0.0036376868947798346,7.9808350444900755,False,EUR_JPY
n60_ema_k4_x1.0_tp0,41,0,41,0.34146341463414637,1.039322068560347,2.004406846509241,,19.261178861788615,0.34146341463414637,213.792288405617,0.00213792288405617,993.5271472918641,0.0,993.5271472918641,73.31831361709864,0.0,73.31831361709864,33.31189905988311,28.585192022398473,11.421222534817051,-706.4165452692537,0.0,-706.4165452692537,0.0,213.79228840551184,1.2741858799423926,1.1639586867974053e-06,0.0,2.56572654436606e-05,0.00026763196297197034,0.10758885686839577,0.45807770961145194,0.03512995521787694,0.030652965065870008,0.0060956830761494715,0.06848477793112247,0.00873103017593428,0.025331723215411835,0.025331723215411835,0.3475051827265211,0.017375259136326055,0.0012665861607705916,0.005351694398288753,-0.003393524241385948,7.9808350444900755,False,AUD_JPY
n60_ema_k4_x1.0_tp0,19,0,19,0.2631578947368421,0.31262070034710077,0.8753379609718822,,16.70175438596491,0.2631578947368421,-1718.9833765110234,-0.017189833765110234,-1578.6953999616596,0.0,-1578.6953999616596,48.57675290805254,0.0,48.57675290805254,28.78727186829654,5.851996794089129,13.93748424566687,-91.71122364130484,0.0,-91.71122364130484,0.0,-1718.983376511017,-11.253248060116034,-9.776615077964317e-06,0.0,-0.0002134570828437674,-0.002556620048945746,0.05099150141643059,0.4090909090909091,-0.5044345096642776,0.025173849808444615,0.005362862130794029,-0.6779969023026586,-0.10155856447860918,0.009239722838527208,0.009239722838527208,0.22478233048348822,0.01123911652417441,0.00046198614192636037,0.004778795195053753,-0.004026039723417862,6.7734428473648185,False,XAU_USD
n60_ema_k4_x1.0_tp0,32,0,32,0.34375,1.090517956972084,2.081897917855797,,21.8125,0.34375,310.6174865318899,0.0031061748653188987,946.4395441044649,0.0,946.4395441044649,299.33218986516397,0.0,299.33218986516397,168.88829430730937,0.0,130.4438955578546,-336.4898677073246,0.0,-336.4898677073246,0.0,310.6174865319763,1.488528956856083,1.6324050299619929e-06,0.0,3.4005385654674974e-05,0.00038867653917007416,0.11046511627906977,0.47107438016528924,0.050842117025191196,0.011134928366641206,0.004434353847854909,0.27615504797727525,0.034906065523914676,0.016535851751075824,0.016535851751075824,0.14496038565493846,0.007248019282746923,0.0008267925875537913,0.004980771427061104,-0.004243331583282273,7.9808350444900755,False,NAS100_USD
n60_ema_k4_x1.0_tp0,32,0,32,0.21875,0.3317400656692987,1.1847859488189239,,14.674479166666668,0.21875,-2964.060578612858,-0.02964060578612858,-2494.522745989874,0.0,-2494.522745989874,238.37118835577567,0.0,238.37118835577567,119.18559417788784,0.0,119.18559417788784,-231.16664426732933,0.0,-231.16664426732933,0.0,-2964.060578612979,-5.312719386325171,-1.4480894345103052e-05,0.0,-0.0003155927006241028,-0.0037630296087615145,0.07315891472868218,0.4182825484764543,-0.5220273409278317,0.03056245808199598,0.015491423979756336,-0.9689157462108506,-0.1231258820434432,0.013895566614299134,0.013895566614299134,0.14107005947576648,0.007053502973788325,0.0006947783307149567,0.004373933275428898,-0.0042972909450209595,7.9808350444900755,False,SPX500_USD
n60_ema_k4_x1.0_tp0,21,0,21,0.14285714285714285,0.10243941760200619,0.6146365056120371,,19.537698412698415,0.14285714285714285,-3549.826482247983,-0.03549826482247983,-3226.351786850584,0.0,-3226.351786850584,60.5648139981422,0.0,60.5648139981422,30.2824069990711,0.0,30.2824069990711,-262.90988139929095,0.0,-262.90988139929095,0.0,-3549.8264822480173,-9.974046912345237,-1.7827445699412778e-05,0.0,-0.00037959085224169867,-0.004521660988874743,0.06580900544285008,0.434640522875817,-0.8422068365076469,0.03576001992819555,0.03576001992819555,-0.9924108279916282,-0.12644458806102532,0.010295514364286362,0.010295514364286362,0.15883955503450792,0.007941977751725397,0.0005147757182143182,0.002541831460812327,-0.0022714429079990772,7.975359342915811,False,UK100_GBP
n60_ema_k4_x1.0_tp0,25,0,25,0.28,1.0205626214840975,2.6243038838162507,,24.85,0.28,61.96859347418649,0.0006196859347418649,418.1388242776849,0.0,418.1388242776849,197.2070829665788,0.0,197.2070829665788,106.18842928969629,0.0,91.01865367688254,-158.9631478369035,0.0,-158.9631478369035,0.0,61.96859347420258,1.1739858868451976,4.02515930024479e-07,0.0,7.697151164644037e-06,7.762571826974707e-05,0.10679611650485436,0.47516198704103674,0.014156173267355934,0.020997038763151843,0.005881837310597576,0.029147665763551763,0.003696984091203095,0.014838801892390011,0.014838801892390011,0.12552701944112266,0.006276350972056132,0.0007419400946195006,0.003428895705679613,-0.002740303145180256,7.9808350444900755,False,JP225_USD
n60_ema_k4_x1.0_tp0,37,0,37,0.2972972972972973,0.6358132927082365,1.5028314191285588,,17.118243243243246,0.2972972972972973,-1725.5799154403649,-0.01725579915440365,-1466.5796854322484,0.0,-1466.5796854322484,116.53231825059005,0.0,116.53231825059005,71.73216324749076,0.0,44.80015500309929,-145.48989607608752,0.0,-145.48989607608752,0.0,-1728.601899758926,-5.597157818091647,-8.363450160482733e-06,0.0,-0.00018168472756645922,-0.002178650154877504,0.09878345498783454,0.4699074074074074,-0.28721150662370415,0.024984458208049842,0.006161538370975352,-0.6860160470510396,-0.08720021609976542,0.010049243663015786,0.010049243663015786,0.09335249028353103,0.009335249028353103,0.0010049243663015786,0.004136291288251659,-0.0034265376203792552,7.9808350444900755,False,WTICO_USD
n60_ema_k4_x1.0_tp2,52,0,52,0.4807692307692308,1.1313973501601504,1.2219091381729623,,16.216346153846153,0.4807692307692308,507.3369535055099,0.005073369535055099,735.3045254771255,0.0,735.3045254771255,62.387234248716126,0.0,62.387234248716126,8.263341490208393,38.68426336512759,15.439629393380148,-165.58033772290642,0.0,-165.58033772290642,0.0,507.33695350550295,3.2254786025823727,2.5032076424457193e-06,0.0,5.4834640952123635e-05,0.0006342880265075568,0.11239193083573487,0.48148148148148145,0.10425152634683502,0.010831651298258915,0.005395027592673756,0.4629971402226089,0.05855875609746711,0.027279576150085215,0.027279576150085215,0.2510795895073995,0.00836931965024665,0.0009093192050028406,0.003506103530291904,-0.0028921514016450045,7.9808350444900755,False,EUR_USD
n60_ema_k4_x1.0_tp2,55,0,55,0.4727272727272727,0.8816013058320212,0.9833245334280237,,16.927272727272726,0.4727272727272727,-528.3365912458976,-0.0052833659124589755,-283.5479025130578,0.0,-283.5479025130578,83.23281594406744,0.0,83.23281594406744,18.732626941424144,44.0071433814167,20.493045621226603,-169.85952473913827,0.0,-169.85952473913827,0.0,-536.6402431962636,-1.1203337949605245,-2.4648597405097313e-06,0.0,-5.354810125569423e-05,-0.000663541409986812,0.10470701248799232,0.48660714285714285,-0.09809516567276753,0.03477933379182585,0.013490826444879237,-0.15099070605441461,-0.019078611854916078,0.031691581187949375,0.031691581187949375,0.37687024529811075,0.012562341509937026,0.0010563860395983126,0.003414096666594091,-0.003324760992580944,7.9808350444900755,False,GBP_USD
n60_ema_k4_x1.0_tp2,46,0,46,0.41304347826086957,0.78488805304051,1.1153672332680933,,17.46286231884058,0.41304347826086957,-1035.6158233452588,-0.010356158233452588,-661.9760100708743,0.0,-661.9760100708743,74.24746493394554,0.0,74.24746493394554,22.510259328631946,31.941040023592002,19.79616558172158,-352.4771556160656,0.0,-352.4771556160656,0.0,-1088.7006306208855,-1.551295562036342,-4.9135917348626e-06,0.0,-0.00010789816156186315,-0.0013035440265174447,0.11191162343900096,0.45956607495069035,-0.18749992244987557,0.03011464321436297,0.003579316488364237,-0.3407627593571421,-0.04328605247747808,0.02394365798135463,0.02394365798135463,0.2294432972362185,0.011472164861810925,0.0011971828990677315,0.0036993102317823823,-0.0035887698384652333,7.9808350444900755,False,AUD_USD
n60_ema_k4_x1.0_tp2,44,0,44,0.29545454545454547,0.5252898725353635,1.2526143114304824,,15.45833333333333,0.29545454545454547,-2065.7979575995414,-0.020657979575995414,-1764.5473659328425,0.0,-1764.5473659328425,101.63101707609076,0.0,101.63101707609076,33.576459722455276,38.28784371540859,29.766713638226893,-199.61957459065528,0.0,-199.61957459065528,0.0,-2065.7979575995887,-5.857407137924717,-9.956755406792666e-06,0.0,-0.0002185157009578109,-0.0026121408578548833,0.10806916426512968,0.4707112970711297,-0.42448555840404595,0.028237352214597333,0.014287373842081563,-0.7314431082514089,-0.092506579158103,0.02764941724848439,0.02764941724848439,0.3116883574654454,0.010389611915514846,0.0009216472416161463,0.0028696246224788613,-0.0029689143127760165,7.9808350444900755,False,USD_CAD
n60_ema_k4_x1.0_tp2,44,0,44,0.4090909090909091,0.721307505153514,1.041888618555076,,15.420454545454543,0.4090909090909091,-1260.42507342335,-0.012604250734233501,-953.8500058556605,0.0,-953.8500058556605,59.82670350004309,0.0,59.82670350004309,21.404939518278656,31.963386284214764,6.458377697549674,-246.7483640676816,0.0,-246.7483640676816,0.0,-1260.4250734233851,-3.1113097794390865,-6.0338196952891395e-06,0.0,-0.0001327066707827936,-0.0015880898996689652,0.10086455331412104,0.4872389791183295,-0.279846657145661,0.02278011054100293,0.007322346190631102,-0.5517322000220691,-0.06971388030845996,0.019302488562342995,0.019302488562342995,0.21169209120421012,0.0070564030401403365,0.000643416285411433,0.0029188582919679185,-0.002791318648049379,7.9808350444900755,False,EUR_JPY
n60_ema_k4_x1.0_tp2,54,0,54,0.5,0.9844313934404992,0.9844313934404992,,18.324074074074073,0.5,-82.51224957757222,-0.0008251224957757222,592.7724506827424,0.0,592.7724506827424,74.42893509560552,0.0,74.42893509560552,35.18067299001318,28.57360490291658,10.67465720267577,-600.8557651645876,0.0,-600.8557651645876,0.0,-82.5122495774508,0.8778111668372494,-3.12505261411391e-07,0.0,-6.529621758842804e-06,-0.00010342531884000028,0.10758885686839577,0.45807770961145194,-0.012101721173970036,0.02454501182289437,0.006252262695582836,-0.03323795526614486,-0.004213700102744716,0.02177251304953931,0.02177251304953931,0.3475051827265211,0.017375259136326055,0.0010886256524769654,0.0034890121332442625,-0.003393524241385948,7.9808350444900755,False,AUD_JPY
n60_ema_k4_x1.0_tp2,21,0,21,0.3333333333333333,0.3263899481468773,0.6527798962937545,,16.426587301587297,0.3333333333333333,-1683.6599234275927,-0.016836599234275926,-1549.4239688455712,0.0,-1549.4239688455712,48.23164803823036,0.0,48.23164803823036,28.774659565145882,5.848794013917077,13.6081944591674,-86.00430654378424,0.0,-86.00430654378424,0.0,-1683.6599234275857,-11.542540697611045,-9.581796802337449e-06,0.0,-0.00020903595105855092,-0.002503701761652821,0.05099150141643059,0.4090909090909091,-0.5478453967058493,0.023601945698765392,0.0045455604500498825,-0.7098435947950598,-0.1060803119203765,0.008714357856156,0.008714357856156,0.22478233048348825,0.011239116524174413,0.0004357178928077999,0.003582217184116443,-0.0030641998739520115,6.7734428473648185,False,XAU_USD
n60_ema_k4_x1.0_tp2,43,0,43,0.5116279069767442,1.2223974805179736,1.1668339586762475,,20.162790697674417,0.5116279069767442,764.40501668035,0.007644050166803499,1310.5853933387575,0.0,1310.5853933387575,288.7005355909838,0.0,288.7005355909838,169.04946472048857,0.0,119.65107087049522,-257.479841067354,0.0,-257.479841067354,0.0,764.4050166804197,2.39954683351539,3.770395378621424e-06,0.0,8.141522254139222e-05,0.0009546139614715621,0.11046511627906977,0.47107438016528924,0.14868525894478846,0.009620228989642654,0.00293254956698908,0.7856503602589948,0.09922985850953445,0.01346984268758122,0.01346984268758122,0.13712445172500612,0.006856222586250306,0.000673492134379061,0.003673306943745125,-0.002754569926227024,7.9808350444900755,False,NAS100_USD
n60_ema_k4_x1.0_tp2,38,0,38,0.34210526315789475,0.4441857984989144,0.8542034586517583,,13.866228070175438,0.34210526315789475,-2472.809801072828,-0.02472809801072828,-2026.704059237368,0.0,-2026.704059237368,233.23142270843243,0.0,233.23142270843243,119.4758558082046,0.0,113.75556690022785,-212.87431912715755,0.0,-212.87431912715755,0.0,-2472.8098010729577,-4.543102383973125,-1.2065800932174699e-05,0.0,-0.0002625056697879602,-0.003132471157591299,0.07315891472868218,0.4182825484764543,-0.5293353384717253,0.025654617244019295,0.013037503560767993,-0.9629691920793532,-0.12210165241586494,0.011882689561012724,0.011882689561012724,0.14107005947576648,0.007053502973788325,0.0005941344780506363,0.0046353826819416355,-0.002362296842006062,7.9808350444900755,False,SPX500_USD
n60_ema_k4_x1.0_tp2,23,0,23,0.21739130434782608,0.15892697187684063,0.5721370987566262,,20.682971014492754,0.21739130434782608,-3328.996104686623,-0.033289961046866226,-3010.8512167588246,0.0,-3010.8512167588246,60.00348037310357,0.0,60.00348037310357,30.310318002875384,0.0,29.69316237022819,-258.1414075547396,0.0,-258.1414075547396,0.0,-3328.996104686668,-9.463773679876637,-1.6700034204294364e-05,0.0,-0.00035548081754803614,-0.004236163085604483,0.06630380999505195,0.43790849673202614,-0.819813171009755,0.03355231546180781,0.03355231546180781,-0.9919114690440123,-0.12625546187494735,0.00987289415515932,0.00987289415515932,0.15883955503450792,0.007941977751725397,0.000493644707757966,0.0024486859574675,-0.0022714429079990772,7.975359342915811,False,UK100_GBP
n60_ema_k4_x1.0_tp2,30,0,30,0.4,0.8954237508871321,1.3431356263306982,,22.75138888888889,0.4,-313.67145960911876,-0.0031367145960911873,44.169981375995086,0.0,44.169981375995086,192.8541810121926,0.0,192.8541810121926,106.13731357353443,0.0,86.7168674386582,-164.9872599727258,0.0,-164.9872599727258,0.0,-313.6714596089233,0.12343450566938856,-1.457210405371297e-06,0.0,-3.210090802175527e-05,-0.00039357111237448006,0.10679611650485436,0.47516198704103674,-0.06276854031737297,0.017339535650861104,0.004013740498564696,-0.179272310199813,-0.022697903813527716,0.012295432600339237,0.012295432600339237,0.12552701944112263,0.006276350972056131,0.000614771630016962,0.0034288957056798353,-0.002101117049257306,7.9808350444900755,False,JP225_USD
n60_ema_k4_x1.0_tp2,47,0,47,0.44680851063829785,0.7652066396340603,0.9473986966897889,,17.144503546099294,0.44680851063829785,-1113.7045182228176,-0.011137045182228175,-870.18432266428,0.0,-870.18432266428,113.73179095883285,0.0,113.73179095883285,71.90265735955624,0.0,41.8291335992766,-132.82920437278395,0.0,-132.82920437278395,0.0,-1116.7453179958968,-3.529286217773048,-5.36363081477184e-06,0.0,-0.00011645391971915053,-0.0014023184111885412,0.09878345498783454,0.4699074074074074,-0.2049513774736256,0.01878269360839857,0.004893367339807584,-0.5891036266557389,-0.07466013344121754,0.008923506332892411,0.008923506332892411,0.0932028303233394,0.00932028303233394,0.0008923506332892411,0.00439554205407644,-0.0034265376203793663,7.9808350444900755,False,WTICO_USD
n60_d1_k2_x0.5_tp0,53,0,53,0.37735849056603776,1.254899975729275,2.0705849599533033,,7.989779874213836,0.37735849056603776,782.7974740055652,0.007827974740055652,1000.2668264471793,0.0,1000.2668264471793,84.88063759672904,0.0,84.88063759672904,11.00136174841194,51.876552351493224,22.00272349682388,-132.58871484496058,0.0,-132.58871484496058,0.0,782.7974740054897,4.599576056195699,3.814038309745011e-06,0.0,8.327489324472541e-05,0.0009775049209572728,0.06243996157540826,0.45614035087719296,0.16306989138237216,0.01150932211477207,0.007962903342430966,0.6726724530108271,0.0849315807837768,0.018825992655813476,0.018825992655813476,0.32606894657756613,0.010868964885918871,0.0006275330885271159,0.005413007744376586,-0.003687834126311351,7.9808350444900755,False,EUR_USD
n60_d1_k2_x0.5_tp0,66,0,66,0.21212121212121213,0.6812056712618669,2.530192493258363,,5.933080808080809,0.21212121212121213,-1458.348334512193,-0.01458348334512193,-1214.31624288326,0.0,-1214.31624288326,131.69668155994933,0.0,131.69668155994933,30.65471984329734,66.9868225261618,34.05513919049019,-112.33541006894481,0.0,-112.33541006894481,0.0,-1458.3483345121542,-4.976051447896869,-7.00267182177662e-06,0.0,-0.0001531125366605315,-0.0018390750606236406,0.05475504322766571,0.4318181818181818,-0.33992744281166165,0.034591346647796506,0.009578243188647806,-0.4174754771031835,-0.05316575498921176,0.020055311639911196,0.020055311639911196,0.45005508373810593,0.015001836124603532,0.00066851038799704,0.003689191848984086,-0.002996921529851093,7.9808350444900755,False,GBP_USD
n60_d1_k2_x0.5_tp0,56,0,56,0.26785714285714285,0.9776409898932734,2.6722187057082807,,6.26860119047619,0.26785714285714285,12.01643802683975,0.00012016438026839751,288.46535389650074,0.0,288.46535389650074,109.02444830732603,0.0,109.02444830732603,33.1526607206434,46.09404424445786,29.777743342224774,-274.75306787643564,0.0,-274.75306787643564,0.0,-95.31216228726092,0.7516473522601484,1.5930366518537905e-07,0.0,3.5727769147210853e-06,1.505582623484436e-05,0.04755043227665706,0.4248927038626609,0.005606487112431639,0.017813194886831862,0.004931115034462617,0.006674312226060568,0.0008452063950624688,0.01474285136739114,0.01474285136739114,0.40847561142032773,0.020423780571016386,0.0007371425683695569,0.005759383133676188,-0.0044136925912174885,7.9808350444900755,False,AUD_USD
n60_d1_k2_x0.5_tp0,56,0,56,0.17857142857142858,0.5794126718433785,2.665298290479541,,5.825148809523809,0.17857142857142858,-1566.9922221000306,-0.015669922221000308,-1261.0263011899035,0.0,-1261.0263011899035,146.80974940422624,0.0,146.80974940422624,46.841066151995236,55.444525663685496,44.52415758854551,-159.1561715059406,0.0,-159.1561715059406,0.0,-1566.9922221000704,-4.121459989526571,-7.536778078832022e-06,0.0,-0.00016501522606894947,-0.0019770331575439393,0.053794428434197884,0.4392156862745098,-0.38148337257732584,0.02206459815453765,0.02206459815453765,-0.7101838932778269,-0.08960204684885033,0.01675647415419599,0.01675647415419599,0.4115826573567108,0.01371942191189036,0.0005585491384731998,0.0026221925299922955,-0.0041955399410594785,7.9808350444900755,False,USD_CAD
n60_d1_k2_x0.5_tp0,50,0,50,0.26,0.5176479283940488,1.4733056423522928,,6.528333333333333,0.26,-1612.282305476474,-0.01612282305476474,-1333.7717423540298,0.0,-1333.7717423540298,79.84978497379909,0.0,79.84978497379909,27.661568735351345,42.96769332666395,9.220522911783785,-198.66077814875842,0.0,-198.66077814875842,0.0,-1612.2823054765875,-4.788944905357535,-7.747222732351552e-06,0.0,-0.0001706305251770115,-0.0020345827131681427,0.05475504322766571,0.475,-0.35565772597743106,0.0171748723645605,0.010144832858207997,-0.9377410644563987,-0.11846275593677211,0.012513404305399607,0.012513404305399607,0.24040191880818595,0.008013397293606199,0.0004171134768466536,0.003826695392974866,-0.004210146002918469,7.9808350444900755,False,EUR_JPY
n60_d1_k2_x0.5_tp0,54,0,54,0.24074074074074073,0.8166705032569825,2.575653125656637,,6.482253086419753,0.24074074074074073,-775.4916305603838,-0.007754916305603838,-300.19114962580744,0.0,-300.19114962580744,100.07094953633889,0.0,100.07094953633889,46.81566060433327,38.02211702264255,15.233171909363069,-375.2295313983627,0.0,-375.2295313983627,0.0,-775.4916305605091,-0.6315818343702638,-3.6627397517689314e-06,0.0,-8.009124889939142e-05,-0.0009750040068550181,0.04899135446685879,0.42323651452282157,-0.14853858984332763,0.019338696547379186,0.007747909387474894,-0.3966637388992702,-0.05041725560284219,0.011553869845025828,0.011553869845025828,0.3463617733294532,0.01731808866647266,0.0005776934922512915,0.006880025175286075,-0.0033912311176583776,7.9808350444900755,False,AUD_JPY
n60_d1_k2_x0.5_tp0,28,0,28,0.2857142857142857,0.6330341729647619,1.5825854324119049,,8.257440476190476,0.2857142857142857,-730.7096077250317,-0.007307096077250317,-618.2037338209865,0.0,-618.2037338209865,65.25489825282162,0.0,65.25489825282162,33.80671838134435,8.910367617247708,22.537812254229557,-47.25097565112614,0.0,-47.25097565112614,0.0,-730.7096077249342,-5.494857400501416,-4.121353266937883e-06,0.0,-9.009849952336236e-05,-0.0010821608564609564,0.038526912181303115,0.4276729559748428,-0.2513988206833798,0.016833856930761337,0.00564385866200261,-0.43075196250581393,-0.06428478398693471,0.00672092533799218,0.00672092533799218,0.22768728666979388,0.011384364333489695,0.0003360462668996091,0.002720521864356451,-0.0019048892007298424,6.7734428473648185,False,XAU_USD
n60_d1_k2_x0.5_tp0,47,0,47,0.2765957446808511,0.5134101055599345,1.342764891464444,,6.555851063829786,0.2765957446808511,-1716.562688990627,-0.01716562688990627,-1165.5203731267525,0.0,-1165.5203731267525,412.4444391922466,0.0,412.4444391922466,224.96969410486165,0.0,187.47474508738492,-138.59787667162453,0.0,-138.59787667162453,0.0,-1716.5626889906237,-2.1151195463084567,-8.31693473459133e-06,0.0,-0.0001815205935575837,-0.0021671786731729537,0.04505813953488372,0.43457943925233644,-0.3480166642855225,0.025450703401280195,0.006973241167894495,-0.6693266179370357,-0.0851520148187316,0.007354582093032269,0.007354582093032269,0.20306826114070228,0.010153413057035115,0.00036772910465161345,0.004980771427061104,-0.004243331583282273,7.9808350444900755,False,NAS100_USD
n60_d1_k2_x0.5_tp0,44,0,44,0.1590909090909091,0.25619695180461816,1.3541838881101245,,5.399621212121212,0.1590909090909091,-2724.0854647168453,-0.027240854647168453,-2258.8193148227856,0.0,-2258.8193148227856,347.9511416229475,0.0,347.9511416229475,179.34148968512318,0.0,168.60965193782434,-117.31500827111549,0.0,-117.31500827111549,0.0,-2724.0854647168485,-4.854897170871121,-1.332791188668222e-05,0.0,-0.00029019614545319614,-0.0034546549695871898,0.03682170542635659,0.39378238341968913,-0.6485734134622098,0.027958917505334413,0.027958917505334413,-0.9735980023396774,-0.12356182849096571,0.007727730153172147,0.007727730153172147,0.2818536799134226,0.01409268399567113,0.0003863865076586074,0.004220805721605769,-0.004303366395795427,7.9808350444900755,False,SPX500_USD
n60_d1_k2_x0.5_tp0,29,0,29,0.06896551724137931,0.14441685327549936,1.9496275192192412,,5.849137931034484,0.06896551724137931,-2650.0551642078935,-0.026500551642078936,-2412.868613340515,0.0,-2412.868613340515,86.53414349200598,0.0,86.53414349200598,43.26707174600299,0.0,43.26707174600299,-150.6524073753637,0.0,-150.6524073753637,0.0,-2650.0551642078844,-10.172872806307412,-1.3248359567599605e-05,0.0,-0.00028220535824500647,-0.0033619610760162733,0.026719445818901535,0.3829787234042553,-0.7341281677424928,0.03556256809946867,0.012437899505583236,-0.7382443760881999,-0.09453651003529476,0.0051462615080488956,0.0051462615080488956,0.16747622350647667,0.008373811175323834,0.00025731307540244477,0.003409513320456359,-0.003943612151351972,7.975359342915811,False,UK100_GBP
n60_d1_k2_x0.5_tp0,35,0,35,0.22857142857142856,0.8116936676781182,2.739466128413649,,8.717857142857142,0.22857142857142856,-554.5399130666483,-0.005545399130666483,-193.37388121172404,0.0,-193.37388121172404,282.2167836784163,0.0,282.2167836784163,155.08877978077786,0.0,127.12800389763842,-78.94924817655621,0.0,-78.94924817655621,0.0,-554.5399130666965,-0.5354154714344066,-2.626858350518619e-06,0.0,-5.788021568589158e-05,-0.0006965305054530413,0.04611650485436893,0.4185022026431718,-0.10940938583355538,0.017831653294766436,0.006062644451963491,-0.3073554272674404,-0.0390614652460449,0.007506852796800624,0.007506852796800624,0.15808580981583314,0.007904290490791657,0.00037534263984003124,0.003428895705679613,-0.0027403031451803672,7.9808350444900755,False,JP225_USD
n60_d1_k2_x0.5_tp0,49,0,49,0.24489795918367346,0.6689797686623925,2.062687620042377,,6.910714285714286,0.24489795918367346,-1117.3044431257586,-0.011173044431257585,-878.4066237396084,0.0,-878.4066237396084,145.40580548375354,0.0,145.40580548375354,87.55813529361066,0.0,57.847670190142885,-96.53364993498334,0.0,-96.53364993498334,0.0,-1120.3460791583452,-3.630687777730613,-5.390548905652326e-06,0.0,-0.00011737849942881658,-0.0014068736008842064,0.049148418491484186,0.45495495495495497,-0.21793538342349983,0.01475216424569925,0.009628615627122361,-0.7573634134680782,-0.09536726797861929,0.005065557686975726,0.005065557686975726,0.12342185345256561,0.012342185345256561,0.0005065557686975726,0.004136291288251881,-0.004672026660935802,7.9808350444900755,False,WTICO_USD
n60_d1_k2_x0.5_tp2,71,0,71,0.5211267605633803,1.1352953960139465,1.0432444179587617,,7.193661971830985,0.5211267605633803,420.2500923061889,0.004202500923061889,607.0014869681597,0.0,607.0014869681597,83.89349746548302,0.0,83.89349746548302,11.070408035953125,52.18150628903121,20.641583140498682,-102.85789719650428,0.0,-102.85789719650428,0.0,420.2500923061724,3.2503183607640977,2.0534120972343315e-06,0.0,4.491008336627797e-05,0.0005256087965843648,0.06292026897214217,0.45964912280701753,0.1164423271545276,0.009178410892420552,0.00519824015541197,0.45489496291264797,0.05726577320899936,0.015148286797342581,0.015148286797342581,0.3260689465775662,0.010868964885918871,0.0005049428932447527,0.003955299161713555,-0.0019447772879495062,7.9808350444900755,False,EUR_USD
n60_d1_k2_x0.5_tp2,84,0,84,0.35714285714285715,0.6511194398646096,1.1720149917562974,,5.84375,0.35714285714285715,-1584.3454793016426,-0.015843454793016427,-1358.8019092014993,0.0,-1358.8019092014993,131.92431182949235,0.0,131.92431182949235,31.145529071648653,68.1439912291588,32.634791528684886,-93.6192582705488,0.0,-93.6192582705488,0.0,-1584.3454793015403,-6.024565047892054,-7.632395502054976e-06,0.0,-0.00016720834940903327,-0.00199908099185675,0.05475504322766571,0.4318181818181818,-0.4380483596482225,0.02910660301994894,0.007916025519770303,-0.5395103156325061,-0.06868135695830357,0.016821157671715402,0.016821157671715402,0.4500550837381059,0.015001836124603532,0.0005607052557238465,0.003292367866972068,-0.002588285349661934,7.9808350444900755,False,GBP_USD
n60_d1_k2_x0.5_tp2,70,0,70,0.4142857142857143,0.8177854062793336,1.1561793674983682,,5.878571428571429,0.4142857142857143,-694.2516690258344,-0.0069425166902583445,-470.80170662096174,0.0,-470.80170662096174,108.21433119393404,0.0,108.21433119393404,34.3123623858899,46.01701011961909,27.884958688425055,-195.1434961729619,0.0,-195.1434961729619,0.0,-774.1595339878577,-1.5519682175583058,-3.295381403206242e-06,0.0,-7.202378399131398e-05,-0.0008725513292842102,0.04755043227665706,0.4248927038626609,-0.16406114885825046,0.019706578786612083,0.0033331484589746133,-0.3503584379479596,-0.044277159355381825,0.01162756414441617,0.01162756414441617,0.4078115955679399,0.020390579778396995,0.0005813782072208085,0.005046239215089177,-0.002515583871136484,7.9808350444900755,False,AUD_USD
n60_d1_k2_x0.5_tp2,65,0,65,0.2923076923076923,0.5706287103713555,1.3815221408990712,,5.54423076923077,0.2923076923076923,-1586.259478779437,-0.01586259478779437,-1309.0825107101136,0.0,-1309.0825107101136,144.85579188606,0.0,144.85579188606,46.867620905726454,55.47316061090291,42.51501036943063,-132.32117618331736,0.0,-132.32117618331736,0.0,-1586.259478779491,-4.722912296170476,-7.646323806973352e-06,0.0,-0.0001674807540245492,-0.00200151299387219,0.053794428434197884,0.4392156862745098,-0.46785946230627123,0.019918977243067792,0.019918977243067792,-0.7963558868623575,-0.1004827190396413,0.014132724191583828,0.014132724191583828,0.4115826573567108,0.01371942191189036,0.0004710908063861275,0.0023425827039278424,-0.0031840429865540587,7.9808350444900755,False,USD_CAD
n60_d1_k2_x0.5_tp2,68,0,68,0.4411764705882353,0.774041870808203,0.980453036357057,,5.863970588235294,0.4411764705882353,-741.4161057180463,-0.007414161057180463,-513.5413527222788,0.0,-513.5413527222788,80.01554762339927,0.0,80.01554762339927,28.005762821062472,43.409708059472095,8.6000767428647,-147.8592053724576,0.0,-147.8592053724576,0.0,-741.4161057181357,-2.2536123285742664,-3.5396544548117726e-06,0.0,-7.792141516509187e-05,-0.0009320220287416525,0.05523535062439962,0.4791666666666667,-0.21328244490355827,0.010947941894539737,0.007031367623197615,-0.676875987336089,-0.08513216801109408,0.009899912207659768,0.009899912207659768,0.22852062789403438,0.007617354263134479,0.00032999707358865893,0.0023667620576588444,-0.002491847465172392,7.9808350444900755,False,EUR_JPY
n60_d1_k2_x0.5_tp2,72,0,72,0.4305555555555556,0.8097108801876909,1.0709079383127527,,5.857060185185185,0.4305555555555556,-784.8197943907144,-0.007848197943907145,-416.416056571272,0.0,-416.416056571272,100.78871379519539,0.0,100.78871379519539,48.67497505323929,37.9964236334766,14.1173151084795,-267.6150240242101,0.0,-267.6150240242101,0.0,-784.8197943906775,-1.1303252758401776,-3.7469601300528556e-06,0.0,-8.194424291636993e-05,-0.0009867725603619482,0.04899135446685879,0.42323651452282157,-0.21725295129598282,0.015254949115055538,0.006504512526754036,-0.5119661883904876,-0.0646854049082389,0.008566631116101436,0.008566631116101436,0.3463617733294532,0.01731808866647266,0.00042833155580507173,0.003439106989434615,-0.0028923712161922355,7.9808350444900755,False,AUD_JPY
n60_d1_k2_x0.5_tp2,35,0,35,0.4,0.6277484783196561,0.9416227174794841,,7.844047619047619,0.4,-754.2813760120043,-0.007542813760120043,-647.2219745112054,0.0,-647.2219745112054,64.7374654654829,0.0,64.7374654654829,34.04931187250387,8.965302668558355,21.72285092442067,-42.32193603534364,0.0,-42.32193603534364,0.0,-754.2813760120321,-6.045447344539925,-4.266035419954174e-06,0.0,-9.31332729851061e-05,-0.0011171829011799028,0.038526912181303115,0.4276729559748428,-0.31092363499928743,0.01656840668199422,0.0030008799801731767,-0.45190406338485056,-0.06742850550584359,0.0058351135780790354,0.0058351135780790354,0.22768728666979393,0.011384364333489695,0.00029175567890395176,0.0027865563445497177,-0.0016847004929193554,6.7734428473648185,False,XAU_USD
n60_d1_k2_x0.5_tp2,61,0,61,0.4426229508196721,0.6522806864981571,0.8213904941087904,,6.042349726775955,0.4426229508196721,-1206.0355326294812,-0.012060355326294812,-700.9186739735469,0.0,-700.9186739735469,406.9013205141507,0.0,406.9013205141507,232.98023297181157,0.0,173.92108754233917,-98.21553814181564,0.0,-98.21553814181564,0.0,-1206.0355326295132,-1.3876366665697464,-5.839728399338961e-06,0.0,-0.0001271684566569909,-0.0015191959703133584,0.045542635658914726,0.4392523364485981,-0.33192929216559935,0.020718808643150788,0.005602456477326073,-0.5792202336488982,-0.0733244848426926,0.005700063876514245,0.005700063876514245,0.20159411588516726,0.010079705794258364,0.00028500319382571224,0.003452942400763215,-0.002343527055503003,7.9808350444900755,False,NAS100_USD
n60_d1_k2_x0.5_tp2,53,0,53,0.3018867924528302,0.3693535141060539,0.8541300013702496,,5.386792452830188,0.3018867924528302,-2293.459417601087,-0.022934594176010868,-1848.7781630506113,0.0,-1848.7781630506113,341.6647474814695,0.0,341.6647474814695,181.79794556386346,0.0,159.866801917606,-103.01650706908462,0.0,-103.01650706908462,0.0,-2293.459417601165,-4.157535637339151,-1.1208756509391745e-05,0.0,-0.00024379913238236015,-0.0029029531948335796,0.03682170542635659,0.39378238341968913,-0.699844404161565,0.023734545470154522,0.012999144623297487,-0.9655047744199797,-0.12230919688282871,0.006382327279195015,0.006382327279195015,0.2580019830395459,0.012900099151977295,0.0003191163639597508,0.0032194616099279205,-0.0025670244900578565,7.9808350444900755,False,SPX500_USD
n60_d1_k2_x0.5_tp2,33,0,33,0.18181818181818182,0.2339488720286839,1.0527699241290776,,6.049242424242424,0.18181818181818182,-2304.639430937066,-0.023046394309370662,-2086.9440998207674,0.0,-2086.9440998207674,84.85737673662405,0.0,84.85737673662405,43.293916223212655,0.0,41.5634605134114,-132.83795437970733,0.0,-132.83795437970733,0.0,-2304.639430937099,-9.58653586697986,-1.1510927636648671e-05,0.0,-0.00024501423703407026,-0.002919249679180669,0.026719445818901535,0.3829787234042553,-0.8023411199918331,0.029722259143277974,0.010487405331799335,-0.7708657703373333,-0.09821762420912376,0.0044237621615929815,0.0044237621615929815,0.16747622350647667,0.008373811175323834,0.00022118810807964906,0.002387061010986624,-0.0022236357647136273,7.975359342915811,False,UK100_GBP
n60_d1_k2_x0.5_tp2,43,0,43,0.37209302325581395,0.728266492338371,1.228949705821001,,7.937984496124031,0.37209302325581395,-779.654860515293,-0.00779654860515293,-443.6835268478335,0.0,-443.6835268478335,273.56089614486416,0.0,273.56089614486416,154.65965616463998,0.0,118.90123998022415,-62.410437522615624,0.0,-62.410437522615624,0.0,-779.6548605153133,-1.320599355916953,-3.7648184871146597e-06,0.0,-8.188680359326271e-05,-0.0009802562815720561,0.04611650485436893,0.4185022026431718,-0.22663637976650686,0.015766513423440265,0.004774134042204077,-0.4915955672878849,-0.062173307138070066,0.005229795228218657,0.005229795228218657,0.15808580981583317,0.007904290490791659,0.0002614897614109329,0.002956037014151258,-0.001810627924424768,7.9808350444900755,False,JP225_USD
n60_d1_k2_x0.5_tp2,62,0,62,0.4032258064516129,0.781593445249904,1.156758298969858,,6.751344086021505,0.4032258064516129,-730.5625358229881,-0.007305625358229881,-519.5304787234775,0.0,-519.5304787234775,141.88387473197264,0.0,141.88387473197264,87.78998032631301,0.0,54.09389440565961,-72.20171459781264,0.0,-72.20171459781264,0.0,-733.6160680532627,-2.426741941622113,-3.518501325254656e-06,0.0,-7.636448441501581e-05,-0.0009183343290241064,0.049635036496350364,0.4594594594594595,-0.17729364739587733,0.011320239625676298,0.004062696710915177,-0.6438073584186662,-0.08112322348205088,0.004132065765815648,0.004132065765815648,0.1234218534525657,0.01234218534525657,0.0004132065765815649,0.0034004804302543157,-0.0030207898017161616,7.9808350444900755,False,WTICO_USD
n60_d1_k2_x1.0_tp0,53,0,53,0.2830188679245283,1.131603057717564,2.866727746217829,,11.741352201257861,0.2830188679245283,471.9242120178242,0.004719242120178242,769.6137939132702,0.0,769.6137939132702,84.55119618611455,0.0,84.55119618611455,10.962553006843175,51.663537165585026,21.92510601368635,-213.13838570947283,0.0,-213.13838570947283,0.0,471.92421201768286,2.585289646391479,2.3600919423306324e-06,0.0,5.1497620965094894e-05,0.000590104969467431,0.09269932756964457,0.4753694581280788,0.08426828850587137,0.019535937330416142,0.009285816755792342,0.23962656253551204,0.030206125228948045,0.027006251989649954,0.027006251989649954,0.3260689465775661,0.01086896488591887,0.0009002083996549987,0.005413007744376586,-0.0036878341263114622,7.9808350444900755,False,EUR_USD
n60_d1_k2_x1.0_tp0,66,0,66,0.16666666666666666,0.5040668874555798,2.520334437277899,,8.20770202020202,0.16666666666666666,-2682.608019260122,-0.026826080192601222,-2422.495607379103,0.0,-2422.495607379103,128.21544741575917,0.0,128.21544741575917,28.11177632938163,66.36953949111965,33.7341315952579,-131.89696446541168,0.0,-131.89696446541168,0.0,-2682.608019260274,-9.313264176281564,-1.2987376575359013e-05,0.0,-0.0002844351882245843,-0.003401422767175144,0.07684918347742556,0.4481792717086835,-0.5384141548134713,0.04249782607175767,0.012133796487013515,-0.6265232031707866,-0.08003757089672855,0.027494434382685114,0.027494434382685114,0.4500550837381058,0.015001836124603525,0.0009164811460895039,0.0036891918489838638,-0.0033307293828205298,7.9808350444900755,False,GBP_USD
n60_d1_k2_x1.0_tp0,56,0,56,0.23214285714285715,1.186730276964805,3.925338608422048,,10.099702380952381,0.23214285714285715,1014.4453336630686,0.010144453336630686,1267.000169879555,0.0,1267.000169879555,109.30893188923156,0.0,109.30893188923156,33.235142687436536,46.24008796356026,29.83370123823477,-251.65026827572245,0.0,-251.65026827572245,0.0,906.0409697146008,3.5100924683469796,5.002647122431611e-06,0.0,0.00010967883237224267,0.0012654977682684532,0.074447646493756,0.46130952380952384,0.14268000183659346,0.02213902544499291,0.0044092510540019725,0.45072376302941936,0.05716140357725934,0.024050010734296315,0.024050010734296315,0.40847561142032784,0.020423780571016393,0.0012025005367148158,0.00575938313367641,-0.0044136925912177105,7.9808350444900755,False,AUD_USD
n60_d1_k2_x1.0_tp0,55,0,55,0.12727272727272726,0.3904550690591846,2.6774061878344084,,8.1,0.12727272727272726,-2729.1213448273484,-0.027291213448273483,-2386.0454897657282,0.0,-2386.0454897657282,140.1609671394005,0.0,140.1609671394005,43.220684256398776,53.71959862660295,43.220684256398776,-202.91488792235822,0.0,-202.91488792235822,0.0,-2729.1213448274866,-6.954862764493306,-1.321413484036995e-05,0.0,-0.00028982379106898477,-0.0034611193755664793,0.069164265129683,0.4376899696048632,-0.5374547106304938,0.032404896486937895,0.032404896486937895,-0.8421941251771723,-0.10680853052444168,0.02315317093821068,0.02315317093821068,0.4137259134073847,0.013790863780246155,0.0007717723646070227,0.0036221689941171586,-0.0041955399410598115,7.9808350444900755,False,USD_CAD
n60_d1_k2_x1.0_tp0,50,0,50,0.26,0.78027377215204,2.2207791976634987,,10.186666666666666,0.26,-806.9262127240072,-0.008069262127240072,-390.6699300333843,0.0,-390.6699300333843,80.04944993347264,0.0,80.04944993347264,27.74887984384032,43.05094347501888,9.249626614613433,-336.2068327572292,0.0,-336.2068327572292,0.0,-806.9262127240861,-0.9385322126745425,-3.7923528453963066e-06,0.0,-8.450461981953709e-05,-0.001014666219359639,0.07973102785782901,0.4811594202898551,-0.1351960795911516,0.014378747267570602,0.007123271701419354,-0.5585894175160376,-0.07056708073923011,0.019352856819915498,0.019352856819915498,0.2404019188081859,0.008013397293606197,0.0006450952273305167,0.004190882626375014,-0.004292050022208449,7.9808350444900755,False,EUR_JPY
n60_d1_k2_x1.0_tp0,54,0,54,0.24074074074074073,0.9346362196377165,2.9476988465497214,,10.172067901234568,0.24074074074074073,-300.58599954690726,-0.0030058599954690727,248.44650090824587,0.0,248.44650090824587,102.63553800712982,0.0,102.63553800712982,49.15648439741745,38.1863466010518,15.29270700866057,-446.39696244786217,0.0,-446.39696244786217,0.0,-300.5859995467461,0.4525169287835497,-1.33427024022322e-06,0.0,-2.947969136371432e-05,-0.0003771308338844648,0.07060518731988473,0.4362017804154303,-0.04479737773034409,0.02364913314375905,0.004784473082247387,-0.12447061422200753,-0.01594691998188478,0.017237879578227353,0.017237879578227353,0.3473768690076786,0.01736884345038393,0.0008618939789113676,0.006880025175286297,-0.0033912311176579335,7.9808350444900755,False,AUD_JPY
n60_d1_k2_x1.0_tp0,28,0,28,0.21428571428571427,0.41901211662735477,1.5363777609669675,,11.77529761904762,0.21428571428571427,-1278.6754125254229,-0.012786754125254228,-1128.254499389826,0.0,-1128.254499389826,65.073345903728,0.0,65.073345903728,33.71416689884753,8.883067738982108,22.47611126589836,-85.34756723177485,0.0,-85.34756723177485,0.0,-1278.6754125253287,-7.5006491841561065,-7.2369570840274685e-06,0.0,-0.00015839998701224398,-0.001898147057253441,0.054390934844192634,0.42857142857142855,-0.348311148199176,0.018959956661251165,0.006816694828919501,-0.6707297271039991,-0.10011347025558984,0.009453174536417508,0.009453174536417508,0.22768728666979382,0.011384364333489692,0.00047265872682087544,0.0047830641406616525,-0.004029622399191024,6.7734428473648185,False,XAU_USD
n60_d1_k2_x1.0_tp0,47,0,47,0.2127659574468085,0.8376051995137246,3.099139238200781,,11.403368794326243,0.2127659574468085,-661.4513334922667,-0.0066145133349226675,22.422148051207955,0.0,22.422148051207955,413.9498873395431,0.0,413.9498873395431,225.7908476397509,0.0,188.15903969979226,-269.92359420392285,0.0,-269.92359420392285,0.0,-661.4513334922581,0.03278698276266301,-3.1048553788064967e-06,0.0,-6.831323789503288e-05,-0.0008312072117919733,0.0809108527131783,0.48265895953757226,-0.1048173953026778,0.019784416775592284,0.005556669511472517,-0.33178203137247275,-0.042013227947028504,0.012081740466061454,0.012081740466061454,0.20306826114070228,0.010153413057035115,0.0006040870233030727,0.004980771427061326,-0.004243331583282273,7.9808350444900755,False,NAS100_USD
n60_d1_k2_x1.0_tp0,44,0,44,0.1590909090909091,0.3881451053444535,2.051624128249254,,8.624999999999998,0.1590909090909091,-2413.475290797782,-0.024134752907977817,-1898.370212333011,0.0,-1898.370212333011,341.32618350055657,0.0,341.32618350055657,172.82312462255229,0.0,168.5030588780043,-173.7788949641345,0.0,-173.7788949641345,0.0,-2413.475290797702,-3.685403797592608,-1.1749936520853398e-05,0.0,-0.00025622110764958374,-0.0030564988641030855,0.06153100775193798,0.43197278911564624,-0.4480385813221943,0.02485510860122353,0.02485510860122353,-0.9703010239703932,-0.12297266180332138,0.011784509909583057,0.011784509909583057,0.2818536799134227,0.014092683995671134,0.0005892254954791528,0.004380121166747353,-0.004303366395795316,7.9808350444900755,False,SPX500_USD
n60_d1_k2_x1.0_tp0,29,0,29,0.034482758620689655,0.06519678968497107,1.8255101111791898,,6.932471264367818,0.034482758620689655,-3088.0062906394305,-0.030880062906394307,-2829.550615186831,0.0,-2829.550615186831,86.26745278575957,0.0,86.26745278575957,43.13372639287979,0.0,43.13372639287979,-172.1882226667727,0.0,-172.1882226667727,0.0,-3088.0062906393628,-10.947914416011745,-1.546389520995047e-05,0.0,-0.00032957939472404906,-0.003925252450599048,0.031172686788718457,0.38181818181818183,-0.7302826346974908,0.040350074151207616,0.012246536697187227,-0.757825378633773,-0.09727993152849192,0.006705128826230843,0.006705128826230843,0.16747622350647667,0.008373811175323834,0.0003352564413115421,0.0043575543562788255,-0.003943612151351972,7.975359342915811,False,UK100_GBP
n60_d1_k2_x1.0_tp0,35,0,35,0.17142857142857143,0.9918041798156184,4.793720202442155,,14.298809523809524,0.17142857142857143,-24.691580190570676,-0.00024691580190570677,382.64336963509925,0.0,382.64336963509925,282.0733333867821,0.0,282.0733333867821,155.0034472689103,0.0,127.06988611787183,-125.2616164389813,0.0,-125.2616164389813,0.0,-24.69158019066417,0.9393826132493027,-2.1748588269253125e-08,0.0,-1.5897806385159035e-06,-3.0941933862438376e-05,0.08300970873786408,0.4672131147540984,-0.0007790158784706438,0.02041321766642945,0.006465129901866,-0.011962439281356806,-0.0015157793527731751,0.012125128170465757,0.012125128170465757,0.15807488795025737,0.007903744397512869,0.0006062564085232878,0.003428895705679613,-0.002740303145180256,7.9808350444900755,False,JP225_USD
n60_d1_k2_x1.0_tp0,49,0,49,0.22448979591836735,0.8210419674536049,2.8363267966579078,,10.119897959183673,0.22448979591836735,-684.5910729246389,-0.006845910729246388,-409.0847053809431,0.0,-409.0847053809431,146.26339423598648,0.0,146.26339423598648,88.07406547069102,0.0,58.18932876529545,-132.29791962247677,0.0,-132.29791962247677,0.0,-687.6460192394064,-1.468562521171905,-3.224076480924076e-06,0.0,-7.073299252427296e-05,-0.0008603731148797422,0.07104622871046229,0.4786885245901639,-0.10500562762479757,0.017889980028345853,0.004710396064476299,-0.37843646118474883,-0.04809245809757867,0.007689480752174333,0.007689480752174333,0.12342185345256569,0.012342185345256568,0.0007689480752174332,0.004367315779026271,-0.004767668781143319,7.9808350444900755,False,WTICO_USD
n60_d1_k2_x1.0_tp2,73,0,73,0.4657534246575342,1.0788735346646083,1.2375314074094037,,10.0662100456621,0.4657534246575342,277.0272414228093,0.002770272414228093,502.15750461222217,0.0,502.15750461222217,83.47383351296276,0.0,83.47383351296276,11.04157865205397,52.02755394263834,20.404700918270443,-141.65642967659943,0.0,-141.65642967659943,0.0,277.02724142266,2.2305197777404095,1.3795290921893554e-06,0.0,3.017601212852614e-05,0.0003466957775026813,0.09317963496637849,0.47783251231527096,0.06868776935243806,0.01437753587428936,0.004015910614323147,0.19171517766519017,0.024113713263109314,0.01968835681640473,0.01968835681640473,0.3260689465775661,0.010868964885918868,0.0006562785605468244,0.003955299161713333,-0.002533042894766302,7.9808350444900755,False,EUR_USD
n60_d1_k2_x1.0_tp2,87,0,87,0.3448275862068966,0.5677537807932173,1.0787321835071126,,7.7796934865900385,0.3448275862068966,-2267.7406079376087,-0.022677406079376086,-2031.314474345573,0.0,-2031.314474345573,128.61514285955073,0.0,128.61514285955073,28.718504191738024,67.79520205061469,32.10143661719802,-107.81099073247705,0.0,-107.81099073247705,0.0,-2267.7406079376005,-8.591751019583853,-1.097083172777993e-05,0.0,-0.0002404366755725745,-0.002870070581036166,0.07684918347742556,0.4481792717086835,-0.5701361288182284,0.034461099313943255,0.009544609337303,-0.6529957526904625,-0.08328435941319234,0.02127196239707222,0.02127196239707222,0.45005508373810604,0.015001836124603535,0.0007090654132357407,0.003292367866972068,-0.003330729382820641,7.9808350444900755,False,GBP_USD
n60_d1_k2_x1.0_tp2,71,0,71,0.39436619718309857,0.9173344040716874,1.4087635491100912,,8.99237089201878,0.39436619718309857,-315.70888082626334,-0.003157088808262633,-103.01435937303094,0.0,-103.01435937303094,108.12253839257451,0.0,108.12253839257451,34.34534765960917,46.07864673648315,27.698543996482186,-184.78444817416988,0.0,-184.78444817416988,0.0,-395.92134593977534,-0.35169649102773165,-1.45251371380816e-06,0.0,-3.1577115807207275e-05,-0.00039613105252211955,0.074447646493756,0.46130952380952384,-0.06331342918176945,0.023931483074663862,0.0038082116581789746,-0.13073310504640998,-0.016552716406510612,0.016632392906875886,0.016632392906875886,0.4078115955679399,0.020390579778396995,0.0008316196453437944,0.0050462392150889546,-0.0025154958248649884,7.9808350444900755,False,AUD_USD
n60_d1_k2_x1.0_tp2,68,0,68,0.27941176470588236,0.47099134267788323,1.2146618837482253,,7.709558823529412,0.27941176470588236,-2311.3741633723694,-0.023113741633723695,-2008.8040905379794,0.0,-2008.8040905379794,139.68141021110824,0.0,139.68141021110824,43.8639726126675,54.58052590676751,41.236911691673235,-162.88866262322767,0.0,-162.88866262322767,0.0,-2311.3741633723157,-6.639136751762775,-1.1183137079005525e-05,0.0,-0.0002452029886774603,-0.0029258624482564333,0.069164265129683,0.4376899696048632,-0.568060878214991,0.026534233191379153,0.026534233191379153,-0.8710913734350251,-0.11026745816069153,0.018463413145150532,0.018463413145150532,0.41372591340738474,0.013790863780246158,0.0006154471048383511,0.0035312320362241856,-0.0031840429865541697,7.9808350444900755,False,USD_CAD
n60_d1_k2_x1.0_tp2,70,0,70,0.45714285714285713,0.9340976982537518,1.1092410166763302,,8.88809523809524,0.45714285714285713,-231.50004272047954,-0.0023150004272047956,65.19595624858769,0.0,65.19595624858769,80.04038757266886,0.0,80.04038757266886,28.04847271551642,43.45376995514122,8.53814490201122,-216.6556113964613,0.0,-216.6556113964613,0.0,-231.50004272054247,0.21973992394609615,-1.0682369176027336e-06,0.0,-2.393568095349659e-05,-0.00029036406192128883,0.08021133525456292,0.48405797101449277,-0.056530809967138,0.009766677167041715,0.00470942965582215,-0.2365734564615013,-0.02973007676563132,0.013564459530727468,0.013564459530727468,0.2285206278940345,0.007617354263134484,0.0004521486510242489,0.0023676843571767137,-0.002493169377276505,7.9808350444900755,False,EUR_JPY
n60_d1_k2_x1.0_tp2,72,0,72,0.4305555555555556,0.8626952000362103,1.1409839742414394,,8.624421296296298,0.4305555555555556,-598.0139954776241,-0.005980139954776241,-181.4136677090337,0.0,-181.4136677090337,102.02108165490831,0.0,102.02108165490831,49.81652449140808,38.06573473643808,14.138822427062152,-314.57924611358726,0.0,-314.57924611358726,0.0,-598.0139954775293,-0.43546213388925875,-2.8341746948934806e-06,0.0,-6.205958021319998e-05,-0.0007512796796564913,0.07060518731988473,0.4362017804154303,-0.1470796739739349,0.0176776774080194,0.005301840471340746,-0.3350729852196001,-0.04249877754391404,0.011633935434034298,0.011633935434034298,0.34636666466538446,0.01731833323326922,0.0005816967717017149,0.003439106989434837,-0.0028923712186577077,7.9808350444900755,False,AUD_JPY
n60_d1_k2_x1.0_tp2,38,0,38,0.39473684210526316,0.642748572814684,0.985547811649182,,11.546052631578947,0.39473684210526316,-779.1333763393341,-0.007791333763393341,-646.1654976623613,0.0,-646.1654976623613,64.12613242278596,0.0,64.12613242278596,34.011572640542674,8.948942568503439,21.165617213739846,-68.84174625418885,0.0,-68.84174625418885,0.0,-779.1333763393361,-4.8595608510241926,-4.3987149415251e-06,0.0,-9.62277440625278e-05,-0.001154114745325785,0.054390934844192634,0.42857142857142855,-0.27205437928155807,0.014457133270023848,0.0038746496438414138,-0.5363713534717325,-0.07983012425560086,0.00767215547433072,0.00767215547433072,0.22768728666979385,0.011384364333489692,0.000383607773716536,0.0030881461797960252,-0.0024529322832969047,6.7734428473648185,False,XAU_USD
n60_d1_k2_x1.0_tp2,62,0,62,0.4032258064516129,0.8203051742744487,1.214051657926184,,9.781586021505378,0.4032258064516129,-685.0174282674707,-0.006850174282674707,-112.95100023315817,0.0,-112.95100023315817,406.8306276005526,0.0,406.8306276005526,233.3166881032762,0.0,173.51393949727637,-165.23580043362483,0.0,-165.23580043362483,0.0,-685.0174282673356,-0.19744385389175476,-3.2806602038099494e-06,0.0,-7.155125141057142e-05,-0.0008609105595238642,0.08139534883720931,0.48554913294797686,-0.1652317937374825,0.01802696247773805,0.004929494935972889,-0.3781180997795,-0.04775682872735905,0.008144478816160367,0.008144478816160367,0.20159411588516726,0.010079705794258364,0.00040722394080801836,0.003452942400763437,-0.002343527055502892,7.9808350444900755,False,NAS100_USD
n60_d1_k2_x1.0_tp2,53,0,53,0.3018867924528302,0.4264211032993463,0.9860988013797383,,8.064465408805031,0.3018867924528302,-2205.8473697715963,-0.022058473697715963,-1734.4751257893327,0.0,-1734.4751257893327,338.22316126937994,0.0,338.22316126937994,178.46327786777826,0.0,159.75988340160166,-133.14908271295542,0.0,-133.14908271295542,0.0,-2205.847369771668,-3.6796293119336316,-1.0765487911580436e-05,0.0,-0.00023419196176498866,-0.002790968405595007,0.06153100775193798,0.43197278911564624,-0.5942393091278402,0.022780362040632607,0.022780362040632607,-0.967596157021372,-0.12251642009099088,0.00850467652309581,0.00850467652309581,0.2580019830395458,0.01290009915197729,0.0004252338261547904,0.0032194616099281426,-0.0025670244900580785,7.9808350444900755,False,SPX500_USD
n60_d1_k2_x1.0_tp2,33,0,33,0.15151515151515152,0.1838563099831231,1.0295953359054895,,7.001262626262627,0.15151515151515152,-2606.118557817783,-0.02606118557817783,-2377.6315182092094,0.0,-2377.6315182092094,84.67711935632371,0.0,84.67711935632371,43.202302569538986,0.0,41.47481678678473,-143.80992025230978,0.0,-143.80992025230978,0.0,-2606.118557817843,-10.405979797724026,-1.303610336843306e-05,0.0,-0.00027751397677965717,-0.0033055723479535892,0.031172686788718457,0.38181818181818183,-0.8444700623884696,0.032912295656899015,0.009526696775493643,-0.7870307377974596,-0.1004357879624444,0.005229982549487789,0.005229982549487789,0.1674762235064767,0.008373811175323835,0.0002614991274743895,0.002387061010986624,-0.0022236357647136273,7.975359342915811,False,UK100_GBP
n60_d1_k2_x1.0_tp2,45,0,45,0.35555555555555557,0.9052932758735283,1.6408440625207699,,12.676851851851852,0.35555555555555557,-272.4908470338414,-0.0027249084703384143,87.4573355305259,0.0,87.4573355305259,272.37047974796855,0.0,272.37047974796855,154.82455034086792,0.0,117.54592940710064,-87.57770281643262,0.0,-87.57770281643262,0.0,-272.4908470338753,0.24297201588141984,-1.2813849174521292e-06,0.0,-2.8125385312381898e-05,-0.0003418390900070678,0.08300970873786408,0.4672131147540984,-0.06918016510172544,0.014669799256936011,0.004387650895071331,-0.1847184299956279,-0.023302233658408326,0.007778989020083346,0.007778989020083346,0.1580803233233909,0.007904016166169543,0.0003889494510041673,0.0029560370141514802,-0.001810627924424657,7.9808350444900755,False,JP225_USD
n60_d1_k2_x1.0_tp2,63,0,63,0.3968253968253968,0.8447245175922892,1.2839812667402795,,9.394841269841272,0.3968253968253968,-572.7542854649655,-0.005727542854649655,-341.9681805184624,0.0,-341.9681805184624,141.9501406427786,0.0,141.9501406427786,88.04248246924965,0.0,53.90765817352894,-91.89435072276535,0.0,-91.89435072276535,0.0,-575.8126718840064,-1.4623743262949065,-2.7336030218511256e-06,0.0,-5.938710429813409e-05,-0.0007194662637174387,0.07153284671532846,0.4819672131147541,-0.12366259635005462,0.012735086326403189,0.003638788721914556,-0.446604236055394,-0.056494808537402345,0.0054980377919854094,0.0054980377919854094,0.12342185345256569,0.012342185345256568,0.0005498037791985407,0.0034004804302545377,-0.0030207898017161616,7.9808350444900755,False,WTICO_USD
n60_d1_k4_x0.5_tp0,43,0,43,0.4186046511627907,1.1495653939989512,1.596618602776321,,10.638565891472867,0.4186046511627907,467.08483618979517,0.004670848361897952,657.7834425333538,0.0,657.7834425333538,70.52097453163567,0.0,70.52097453163567,11.23475566847657,41.54831947492417,17.737899388234936,-120.17763181201127,0.0,-120.17763181201127,0.0,467.0848361897068,3.4493353420108392,2.3027230768062194e-06,0.0,5.011662525029369e-05,0.0005840660164728728,0.07348703170028818,0.45132743362831856,0.10172383553229683,0.012683338218901441,0.007248812825355971,0.3638769403374,0.046049865295121124,0.021442297790795012,0.021442297790795012,0.25107958950739945,0.00836931965024665,0.0007147432596931671,0.004678750337182569,-0.003692146621829928,7.9808350444900755,False,EUR_USD
n60_d1_k4_x0.5_tp0,48,0,48,0.3125,0.9507766129614365,2.09170854851516,,9.201388888888891,0.3125,-190.23401438626752,-0.0019023401438626752,36.73757530827197,0.0,36.73757530827197,98.1006351332371,0.0,98.1006351332371,23.364697712981524,49.95415159408858,24.781785826167,-137.2028304904867,0.0,-137.2028304904867,0.0,-198.56589031545184,0.15612849224677125,-8.517033367019595e-07,0.0,-1.75717636203142e-05,-0.00023856209808426065,0.0686839577329491,0.46885245901639344,-0.038110682256559,0.0279042342057787,0.010415695519126245,-0.06766370349829734,-0.008549315359274641,0.022805507759990733,0.022805507759990733,0.3768702452981107,0.012562341509937023,0.0007601835919996909,0.0035853770266049967,-0.0026708569924697168,7.9808350444900755,False,GBP_USD
n60_d1_k4_x0.5_tp0,40,0,40,0.3,0.8157963955180071,1.90352492287535,,9.134375,0.3,-671.5745164115942,-0.006715745164115943,-351.8826583623811,0.0,-351.8826583623811,91.97225987966596,0.0,91.97225987966596,36.53105399754701,33.50523214905536,21.93597373306358,-280.9996783483735,0.0,-280.9996783483735,0.0,-724.8545965904206,-0.9434561217504677,-3.168752008474356e-06,0.0,-6.949771594991012e-05,-0.0008439659920294051,0.060038424591738714,0.4166666666666667,-0.13658776047584,0.01834453104876599,0.0032526478930147273,-0.36446963058393766,-0.046006408655847195,0.01490632002604986,0.01490632002604986,0.20473457632646644,0.010236728816323322,0.0007453160013024932,0.005006980213097645,-0.0027435644515576563,7.9808350444900755,False,AUD_USD
n60_d1_k4_x0.5_tp0,43,0,43,0.23255813953488372,0.538766424346264,1.7779292003426712,,8.641472868217054,0.23255813953488372,-1602.0415501904208,-0.01602041550190421,-1326.8665369855519,0.0,-1326.8665369855519,113.55970809236322,0.0,113.55970809236322,36.61576146528319,42.650544249373255,34.29340237770676,-161.6153051127279,0.0,-161.6153051127279,0.0,-1602.041550190643,-4.821900511717693,-7.707137139636484e-06,0.0,-0.00016892329832583983,-0.002021567883450759,0.06724303554274735,0.45016077170418006,-0.3873543536939902,0.023735713293523752,0.005192246052891014,-0.6738230699804991,-0.08516988128611834,0.018857497439736852,0.018857497439736852,0.23472716061831703,0.007824238687277234,0.0006285832479912283,0.002748505617309549,-0.002486493550674984,7.9808350444900755,False,USD_CAD
n60_d1_k4_x0.5_tp0,42,0,42,0.30952380952380953,0.4130760167110867,0.9214772680478087,,8.392857142857142,0.30952380952380953,-2455.4556735439255,-0.024554556735439256,-2161.010754736715,0.0,-2161.010754736715,69.25559458525287,0.0,69.25559458525287,23.720885001267376,37.62774791689637,7.906961667089122,-225.18932422196968,0.0,-225.18932422196968,0.0,-2455.455673543938,-7.339269984657337,-1.1883350018121618e-05,0.0,-0.00026112180640440626,-0.0031102466374721693,0.06580211335254563,0.46757679180887374,-0.5560428220715466,0.026526348853596282,0.008802913114855898,-0.9237954917057338,-0.11725121518374743,0.01478948698090711,0.01478948698090711,0.21341757306669595,0.007113919102223198,0.0004929828993635704,0.0038310498781304325,-0.0030729927329798956,7.9808350444900755,False,EUR_JPY
n60_d1_k4_x0.5_tp0,43,0,43,0.3488372093023256,0.8888752019036702,1.6592337102201844,,10.627906976744185,0.3488372093023256,-470.64768929444836,-0.004706476892944483,84.77481424375014,0.0,84.77481424375014,77.73490722762139,0.0,77.73490722762139,35.27920936492511,30.359968937579104,12.095728925117191,-477.68759631066445,0.0,-477.68759631066445,0.0,-470.64768929453567,0.15263121984380768,-2.174044001920796e-06,0.0,-4.744657647523491e-05,-0.0005909398152830203,0.06772334293948126,0.4462025316455696,-0.08048393293195655,0.01740161740498447,0.009324708462628645,-0.2683626948465313,-0.033958901723339416,0.015301454804696763,0.015301454804696763,0.3454224528779935,0.017271122643899676,0.000765072740234838,0.005351114402264878,-0.003393524241385837,7.9808350444900755,False,AUD_JPY
n60_d1_k4_x0.5_tp0,21,0,21,0.42857142857142855,0.7142754200687,0.9523672267582667,,12.682539682539684,0.42857142857142855,-520.8552480031358,-0.0052085524800313575,-403.1586607585843,0.0,-403.1586607585843,49.764423430264806,0.0,49.764423430264806,27.934243342705784,6.521931974700942,15.30824811285808,-67.93216381426177,0.0,-67.93216381426177,0.0,-520.8552480031109,-3.4254065491379233,-2.9218191470884826e-06,0.0,-6.395690147594135e-05,-0.0007706792287954789,0.04815864022662889,0.4497354497354497,-0.17064487455829688,0.019105780181256082,0.00463927871963835,-0.26963952569281324,-0.040337490617188276,0.007909041980084571,0.007909041980084571,0.22478233048348822,0.01123911652417441,0.0003954520990042286,0.0027180898624274974,-0.0019048892007299534,6.7734428473648185,False,XAU_USD
n60_d1_k4_x0.5_tp0,37,0,37,0.3783783783783784,0.500219536685729,0.8217892388408405,,10.411036036036036,0.3783783783783784,-1784.5591192136926,-0.017845591192136925,-1283.9413477592088,0.0,-1283.9413477592088,354.2962747598872,0.0,354.2962747598872,206.06345666985058,0.0,148.23281809003657,-146.3214966945981,0.0,-146.3214966945981,0.0,-1784.5591192136942,-2.5647138814686308,-8.647839655817237e-06,0.0,-0.00018884750191244278,-0.00225370468185071,0.060077519379844964,0.4161073825503356,-0.35127098060897605,0.023851308539331373,0.006542017033845493,-0.7457887515501888,-0.09448977099660162,0.009234502060990668,0.009234502060990668,0.13706906835634977,0.006853453417817488,0.00046172510304953344,0.004980771427061326,-0.004243331583282384,7.9808350444900755,False,NAS100_USD
n60_d1_k4_x0.5_tp0,33,0,33,0.21212121212121213,0.30463758529672474,1.1315110311021204,,9.417929292929294,0.21212121212121213,-2392.6641643804614,-0.023926641643804616,-1971.0509177984206,0.0,-1971.0509177984206,253.9877433075757,0.0,253.9877433075757,130.20070507523337,0.0,123.78703823234233,-167.6255032742883,0.0,-167.6255032742883,0.0,-2392.6641643802845,-4.675021322926353,-1.1669838742486644e-05,0.0,-0.00025428200650447105,-0.003029861733196526,0.04748062015503876,0.39357429718875503,-0.5200889727361581,0.02510166405758829,0.008998585772380366,-0.952041987234869,-0.12070362053469487,0.009464347176335004,0.009464347176335004,0.14089028648752405,0.007044514324376203,0.00047321735881675024,0.004211322269181084,-0.004293745644088243,7.9808350444900755,False,SPX500_USD
n60_d1_k4_x0.5_tp0,22,0,22,0.09090909090909091,0.14600217903402427,1.4600217903402424,,11.75,0.09090909090909091,-2611.5211885829194,-0.026115211885829194,-2338.7271384578335,0.0,-2338.7271384578335,66.08604259839417,0.0,66.08604259839417,33.043021299197086,0.0,33.043021299197086,-206.70800752669123,0.0,-206.70800752669123,0.0,-2611.521188582919,-8.573233680813226,-1.3038710470122742e-05,0.0,-0.0002779277705854551,-0.0033125049443784027,0.03958436417615042,0.4020100502512563,-0.6247617075620655,0.03387820427292021,0.018476479433103488,-0.7647112320385174,-0.09777687499883753,0.0074374435457821575,0.0074374435457821575,0.15883955503450792,0.007941977751725397,0.0003718721772891078,0.0034095133204561368,-0.003943612151351972,7.975359342915811,False,UK100_GBP
n60_d1_k4_x0.5_tp0,29,0,29,0.27586206896551724,0.8083421408810639,2.121898119812793,,12.75574712643678,0.27586206896551724,-616.4835141849617,-0.006164835141849617,-301.3663598739538,0.0,-301.3663598739538,229.02890446707096,0.0,229.02890446707096,123.32325625149976,0.0,105.7056482155712,-86.08824984384783,0.0,-86.08824984384783,0.0,-616.4835141848727,-0.9563629137644553,-2.9254156909694647e-06,0.0,-6.439650357030641e-05,-0.0007745456450444221,0.062135922330097085,0.44755244755244755,-0.11869335510680576,0.01764784372550221,0.006655965026025982,-0.3452889350518605,-0.04388896780206391,0.009024485745896075,0.009024485745896075,0.12552701944112266,0.006276350972056133,0.0004512242872948038,0.0034288957056798353,-0.002740303145180256,7.9808350444900755,False,JP225_USD
n60_d1_k4_x0.5_tp0,38,0,38,0.2631578947368421,0.5256061964989476,1.471697350197053,,9.243421052631577,0.2631578947368421,-1878.5088836043287,-0.01878508883604329,-1688.4335590372484,0.0,-1688.4335590372484,113.7413982787811,0.0,113.7413982787811,68.55747007829719,0.0,45.18392820048391,-79.35602702831005,0.0,-79.35602702831005,0.0,-1881.5309843443397,-8.74394651483343,-9.168741358929886e-06,0.0,-0.00019866710268616868,-0.0023733427727180567,0.056447688564476885,0.44106463878326996,-0.42240728919046056,0.021626903680073917,0.01297607990457611,-0.8670779665899506,-0.1097402942107127,0.00539180004937693,0.00539180004937693,0.08452808520965352,0.008452808520965352,0.000539180004937693,0.004136291288251659,-0.0029140884812142165,7.9808350444900755,False,WTICO_USD
n60_d1_k4_x0.5_tp2,51,0,51,0.5098039215686274,1.1321781181453217,1.0886328059089632,,10.433823529411764,0.5098039215686274,412.8972351438715,0.004128972351438715,594.0832928362872,0.0,594.0832928362872,69.8224719501061,0.0,69.8224719501061,11.237456426497117,41.557604594970435,17.02741092863855,-111.36358574236358,0.0,-111.36358574236358,0.0,412.89723514381757,3.278857658267698,2.028430766274243e-06,0.0,4.431439180726935e-05,0.0005164290939456695,0.07396733909702209,0.45427728613569324,0.10246313559294858,0.010509243275380276,0.005435010706492482,0.3888355241847012,0.049140464295416415,0.019692332678898493,0.019692332678898493,0.25107958950739945,0.00836931965024665,0.0006564110892966163,0.003401302208440482,-0.0019456610691915843,7.9808350444900755,False,EUR_USD
n60_d1_k4_x0.5_tp2,55,0,55,0.4,0.8364060929115307,1.254609139367296,,9.428030303030303,0.4,-651.7049044027808,-0.006517049044027808,-442.04511913556485,0.0,-442.04511913556485,97.11199605507923,0.0,97.11199605507923,23.36112470186755,49.9710609081897,23.779810445021987,-120.84114267635469,0.0,-120.84114267635469,0.0,-659.9982578669988,-2.0281658787224965,-3.0893875252085696e-06,0.0,-6.724306565584086e-05,-0.0008189243487690678,0.0686839577329491,0.46885245901639344,-0.15344897889364784,0.02718889628269805,0.010330657655590677,-0.2378097375737074,-0.030119808478220548,0.020688153347131817,0.020688153347131817,0.3768702452981108,0.012562341509937028,0.0006896051115710606,0.003377648408733558,-0.002496599961026469,7.9808350444900755,False,GBP_USD
n60_d1_k4_x0.5_tp2,43,0,43,0.3488372093023256,0.6822716745432689,1.2735737924807686,,8.875,0.3488372093023256,-1194.7224961143656,-0.011947224961143657,-914.5133464999399,0.0,-914.5133464999399,91.49312252667033,0.0,91.49312252667033,36.48524902466321,33.46090753064506,21.546965971362056,-241.71548904309614,0.0,-241.71548904309614,0.0,-1247.7219580697063,-2.744566961194702,-5.7204067054490354e-06,0.0,-0.00012547295014566872,-0.0015048701858830782,0.06051873198847262,0.42,-0.2801980623877305,0.02132600064787371,0.0035839222929155857,-0.557739465288293,-0.07056504455433935,0.014040255942449207,0.014040255942449207,0.2047345763264664,0.01023672881632332,0.0007020127971224603,0.003529381873858428,-0.0021778392771307775,7.9808350444900755,False,AUD_USD
n60_d1_k4_x0.5_tp2,47,0,47,0.2978723404255319,0.5895616257279499,1.3896809749301677,,8.675531914893616,0.2978723404255319,-1422.7076435054187,-0.014227076435054187,-1159.8837516771482,0.0,-1159.8837516771482,112.85087941691484,0.0,112.85087941691484,36.65634528632022,42.70217119846403,33.49236293213059,-149.97301241135403,0.0,-149.97301241135403,0.0,-1422.7076435054169,-4.413159487171072,-6.838059906183218e-06,0.0,-0.00014978580333462215,-0.0017938468067592028,0.06724303554274735,0.45016077170418006,-0.36433790070213856,0.021009493179097505,0.004647002030005764,-0.6760432434924831,-0.08538267874752514,0.017852988226115574,0.017852988226115574,0.23472716061831697,0.007824238687277232,0.0005950996075371858,0.002868872048700233,-0.002486493550674984,7.9808350444900755,False,USD_CAD
n60_d1_k4_x0.5_tp2,47,0,47,0.3829787234042553,0.5477151896147292,0.8824300277126194,,8.506205673758865,0.3829787234042553,-1898.334122430475,-0.01898334122430475,-1618.4810522014398,0.0,-1618.4810522014398,69.20794799233926,0.0,69.20794799233926,23.797311846989793,37.74091407628715,7.669722069062318,-210.64512223666026,0.0,-210.64512223666026,0.0,-1898.3341224304393,-5.783324266827093,-9.154895147234925e-06,0.0,-0.00020109351668474074,-0.0023986015532247995,0.06580211335254563,0.46757679180887374,-0.4569188144658145,0.022429638624829273,0.006061728765644281,-0.8433775209783761,-0.10693892992861613,0.014261733744424451,0.014261733744424451,0.21341757306669595,0.0071139191022231985,0.00047539112481414836,0.0029973023251532727,-0.002258300105642097,7.9808350444900755,False,EUR_JPY
n60_d1_k4_x0.5_tp2,52,0,52,0.46153846153846156,0.9047033818462219,1.055487278820592,,10.078525641025642,0.46153846153846156,-402.28038042623666,-0.004022803804262367,90.28758418338342,0.0,90.28758418338342,79.16364220600074,0.0,79.16364220600074,37.20129751782139,30.379806383669514,11.582538304509841,-413.4043224035358,0.0,-413.4043224035358,0.0,-402.2803804261531,0.18329974880716263,-1.8749025052594052e-06,0.0,-4.0809908490318193e-05,-0.000504947068501127,0.06772334293948126,0.4462025316455696,-0.08505836310211402,0.015328113333462623,0.011101394365304107,-0.26135519115443034,-0.03294254534240578,0.013616266579064692,0.013616266579064692,0.3454224528779935,0.017271122643899676,0.0006808133289532345,0.0034890121332440405,-0.003393524241385837,7.9808350444900755,False,AUD_JPY
n60_d1_k4_x0.5_tp2,23,0,23,0.4782608695652174,0.7066648761599609,0.7709071376290483,,12.780797101449275,0.4782608695652174,-534.3455472199857,-0.005343455472199858,-420.039411482019,0.0,-420.039411482019,49.411522177815534,0.0,49.411522177815534,27.918813166520263,6.51843414374043,14.974274867554842,-64.89461356020365,0.0,-64.89461356020365,0.0,-534.3455472200382,-3.6746882288516587,-3.0016647979773745e-06,0.0,-6.565847295275034e-05,-0.0007906856929021933,0.04815864022662889,0.4497354497354497,-0.18292235355432115,0.01831436958164334,0.003569790238826709,-0.2890353236052331,-0.04317296805535172,0.007616449262427426,0.007616449262427426,0.22478233048348828,0.011239116524174414,0.0003808224631213713,0.0027180898624274974,-0.0019048892007299534,6.7734428473648185,False,XAU_USD
n60_d1_k4_x0.5_tp2,43,0,43,0.46511627906976744,0.6662474305307045,0.7661845451103101,,10.102713178294573,0.46511627906976744,-1193.5793946065824,-0.011935793946065823,-712.6717574373606,0.0,-712.6717574373606,348.9463258417113,0.0,348.9463258417113,206.37208981738598,0.0,142.5742360243253,-131.96131132746513,0.0,-131.96131132746513,0.0,-1193.579394606537,-1.481930629408268,-5.761305745396769e-06,0.0,-0.00012559433215054996,-0.0015034227475355655,0.060562015503875966,0.41946308724832215,-0.27242331779402607,0.02101963911803706,0.003995724058687773,-0.5661776436632578,-0.07152466981440565,0.008441617370207766,0.008441617370207766,0.1370690683563497,0.006853453417817484,0.00042208086851038847,0.003673306943745125,-0.002583916146373322,7.9808350444900755,False,NAS100_USD
n60_d1_k4_x0.5_tp2,38,0,38,0.3157894736842105,0.4591792901160313,0.9948884619180679,,9.105263157894735,0.3157894736842105,-1865.5226540041476,-0.018655226540041477,-1452.1563334550324,0.0,-1452.1563334550324,249.2384644208492,0.0,249.2384644208492,130.45294693556576,0.0,118.78551748528345,-164.12785612827318,0.0,-164.12785612827318,0.0,-1865.5226540041547,-3.5130010870889645,-9.07116160470112e-06,0.0,-0.00019752466892857491,-0.0023567998015939784,0.04748062015503876,0.39357429718875503,-0.4439727090940752,0.019836594819990117,0.0072435626931809756,-0.9393128741992178,-0.11881070430590933,0.008769290735908231,0.008769290735908231,0.14089028648752405,0.007044514324376203,0.0004384645367954116,0.003973127637655338,-0.00236229684200584,7.9808350444900755,False,SPX500_USD
n60_d1_k4_x0.5_tp2,23,0,23,0.13043478260869565,0.2123532319127462,1.4156882127516413,,11.494565217391305,0.13043478260869565,-2413.077860928199,-0.024130778609281988,-2145.518424279484,0.0,-2145.518424279484,65.55799707582938,0.0,65.55799707582938,33.09904174332526,0.0,32.45895533250411,-202.0014395730066,0.0,-202.0014395730066,0.0,-2413.07786092832,-8.01884789096568,-1.2042070812252567e-05,0.0,-0.0002564476137082801,-0.003058085090869578,0.03958436417615042,0.4020100502512563,-0.6420694525645279,0.030369398931945346,0.016722076762616056,-0.7894958130448056,-0.100696266584743,0.007079674950597388,0.007079674950597388,0.15883955503450792,0.007941977751725397,0.0003539837475298694,0.0034095133204561368,-0.0022714429079990772,7.975359342915811,False,UK100_GBP
n60_d1_k4_x0.5_tp2,33,0,33,0.36363636363636365,0.7608301337665621,1.3314527340914837,,12.585858585858585,0.36363636363636365,-768.3381691405084,-0.007683381691405084,-451.3757707380223,0.0,-451.3757707380223,225.5816380100398,0.0,225.5816380100398,123.1614404799983,0.0,102.42019753004148,-91.38076039235885,0.0,-91.38076039235885,0.0,-768.338169140421,-1.4240672490273738,-3.6915426268705703e-06,0.0,-8.050752738434772e-05,-0.0009659797466219366,0.062135922330097085,0.44755244755244755,-0.1805176834219123,0.014729022946387227,0.004168609198087291,-0.5179452983906864,-0.06558342329549256,0.007697515441558294,0.007697515441558294,0.12552701944112263,0.006276350972056132,0.0003848757720779147,0.003428895705679613,-0.0024516098211092574,7.9808350444900755,False,JP225_USD
n60_d1_k4_x0.5_tp2,44,0,44,0.36363636363636365,0.6233678352151503,1.090893711626513,,9.643939393939394,0.36363636363636365,-1494.3054679080233,-0.014943054679080232,-1313.7841750246778,0.0,-1313.7841750246778,112.26987794688634,0.0,112.26987794688634,68.70774671045149,0.0,43.56213123643486,-71.28534898038023,0.0,-71.28534898038023,0.0,-1497.3394019519442,-7.157432654016779,-7.2740304103959e-06,0.0,-0.00015747537140615485,-0.0018847193837888687,0.056447688564476885,0.44106463878326996,-0.35664248037663193,0.018126030171419116,0.01122564315024871,-0.8230038768453686,-0.10397860788959014,0.005025522729503633,0.005025522729503633,0.08452808520965353,0.008452808520965353,0.0005025522729503633,0.00439554205407644,-0.0029140884812141055,7.9808350444900755,False,WTICO_USD
n60_d1_k4_x1.0_tp0,40,0,40,0.325,1.0079254070969406,2.093383537816723,,17.3375,0.325,31.04295629094122,0.0003104295629094122,297.7281900553862,0.0,297.7281900553862,63.456851761067924,0.0,63.456851761067924,8.262169086500348,38.67034450156687,16.524338173000697,-203.2283820034604,0.0,-203.2283820034604,0.0,31.042956290857887,1.1164029813449194,2.493193810035889e-07,0.0,5.250864662026108e-06,3.8891597616830254e-05,0.11335254562920269,0.4787018255578093,0.008835897124716508,0.015914111680689236,0.014521069956541566,0.01933458496754069,0.002443843451470982,0.03211308910575216,0.03211308910575216,0.25129163316268865,0.00837638777208962,0.0010704363035250717,0.004668536591686534,-0.0038544024366024,7.9808350444900755,False,EUR_USD
n60_d1_k4_x1.0_tp0,46,0,46,0.34782608695652173,0.9137015700446156,1.7131904438336543,,17.63768115942029,0.34782608695652173,-393.08536672365153,-0.003930853667236515,-59.13375377516782,0.0,-59.13375377516782,90.35102411195287,0.0,90.35102411195287,19.854045682299002,47.201091951749845,23.295886477904023,-251.91553122950725,0.0,-251.91553122950725,0.0,-401.4003091166279,-0.17277105475927496,-1.7705717606412758e-06,0.0,-3.799020375738876e-05,-0.0004933854731454801,0.11623439000960614,0.4888888888888889,-0.057076850895489216,0.03776955030469098,0.013805040429302168,-0.1033628243962552,-0.013063048650706377,0.04123984819433963,0.04123984819433963,0.37687024529811075,0.012562341509937023,0.0013746616064779877,0.0035853770266049967,-0.003323940709626827,7.9808350444900755,False,GBP_USD
n60_d1_k4_x1.0_tp0,38,0,38,0.2894736842105263,0.8238337225466075,2.0221373189780363,,17.37828947368421,0.2894736842105263,-856.693490280988,-0.00856693490280988,-412.11146782465846,0.0,-412.11146782465846,74.07513647011879,0.0,74.07513647011879,21.236579781264656,31.99209449538126,20.846462193472874,-423.6876677647464,0.0,-423.6876677647464,0.0,-909.8742720595236,-0.8279274070269966,-4.011657813546933e-06,0.0,-8.829776979264458e-05,-0.001077481980886974,0.11143131604226705,0.45759368836291914,-0.1295062437710667,0.030160233697859362,0.003659105911256594,-0.2807873752923452,-0.03572525304946324,0.027188575818627186,0.027188575818627186,0.2313400803783765,0.011567004018918825,0.0013594287909313592,0.005007197572075572,-0.003793205090675378,7.9808350444900755,False,AUD_USD
n60_d1_k4_x1.0_tp0,42,0,42,0.21428571428571427,0.49037369878403203,1.798036895541451,,15.516865079365077,0.21428571428571427,-2368.9392124778096,-0.023689392124778098,-2012.2695526382697,0.0,-2012.2695526382697,110.91678224394997,0.0,110.91678224394997,36.06867269436322,41.50451486290209,33.34359468668466,-245.7528775956033,0.0,-245.7528775956033,0.0,-2368.9392124778233,-5.641829903736367,-1.142441037098693e-05,0.0,-0.000250956164485182,-0.002999501120296788,0.11191162343900096,0.4716599190283401,-0.42583340706437217,0.03340470254224559,0.011299514376520511,-0.7083746449370457,-0.0897927804177702,0.03267472303163791,0.03267472303163791,0.41255034352475445,0.013751678117491813,0.00108915743438793,0.0035601313463717865,-0.0029658123218054833,7.9808350444900755,False,USD_CAD
n60_d1_k4_x1.0_tp0,41,0,41,0.3170731707317073,0.7187802054867382,1.5481419810483592,,15.083333333333332,0.3170731707317073,-1454.6978872735199,-0.014546978872735199,-979.577228119918,0.0,-979.577228119918,67.68328717477559,0.0,67.68328717477559,23.089181988316778,36.89771119035322,7.696393996105582,-407.437371978904,0.0,-407.437371978904,0.0,-1454.6978872735976,-2.06174412593385,-6.9307232253529504e-06,0.0,-0.0001527624897263219,-0.0018344419632008169,0.10854947166186359,0.4767932489451477,-0.23710657893083542,0.026893919924527943,0.008805489263078586,-0.5388475619270925,-0.06821028575785112,0.026585200468251226,0.026585200468251226,0.213417573066696,0.0071139191022232,0.0008861733489417075,0.004201912404456776,-0.0036376868947798346,7.9808350444900755,False,EUR_JPY
n60_d1_k4_x1.0_tp0,39,0,39,0.358974358974359,1.0979945979339476,1.9607046391677638,,20.804487179487182,0.358974358974359,495.1935251922987,0.004951935251922987,1306.2147822979905,0.0,1306.2147822979905,70.73778132959951,0.0,70.73778132959951,32.11581572356123,27.61082878653157,11.011136819506717,-740.2834757760006,0.0,-740.2834757760006,0.0,495.1935251923903,1.6105802047157847,2.512020896381524e-06,0.0,5.503424158096401e-05,0.0006191386924241371,0.11191162343900096,0.4623015873015873,0.0754772846692123,0.025010841579998777,0.005505108916874379,0.19435905829905006,0.024754812445786055,0.026128826786385027,0.026128826786385027,0.3475051827265211,0.017375259136326055,0.0013064413393192513,0.0053415909374541215,-0.003393524241385948,7.9808350444900755,False,AUD_JPY
n60_d1_k4_x1.0_tp0,21,0,21,0.2857142857142857,0.3834329199223626,0.9585822998059066,,18.42063492063492,0.2857142857142857,-1493.4809508380858,-0.014934809508380859,-1323.3423974837144,0.0,-1323.3423974837144,52.49024140340212,0.0,52.49024140340212,30.75705214044935,6.489183922586124,15.244005340366648,-117.64831195103865,0.0,-117.64831195103865,0.0,-1493.4809508381552,-7.778027797890489,-8.463385373077996e-06,0.0,-0.0001851039944381682,-0.002219071633825842,0.06742209631728045,0.43911439114391143,-0.38124866395951895,0.02436179206388367,0.005664319940190866,-0.6078024155848633,-0.09108819367667181,0.011470957725199571,0.011470957725199571,0.22478233048348822,0.01123911652417441,0.0005735478862599786,0.004778795195053753,-0.0040260397234179734,6.7734428473648185,False,XAU_USD
n60_d1_k4_x1.0_tp0,36,0,36,0.3055555555555556,0.8734079364766671,1.9850180374469706,,19.935185185185187,0.3055555555555556,-540.2746249526099,-0.0054027462495260985,153.26608363650126,0.0,153.26608363650126,343.2880638681613,0.0,343.2880638681613,197.1546356880269,0.0,146.13342818013444,-350.2526447210132,0.0,-350.2526447210132,0.0,-540.2746249526733,0.22099075330167806,-2.488819927206121e-06,0.0,-5.553592949897148e-05,-0.0006785700476653611,0.1124031007751938,0.464,-0.0757643885383751,0.01687854948118339,0.004277485807452436,-0.31773404000442246,-0.040203102074727874,0.017119144862661327,0.017119144862661327,0.14524964539486834,0.0072624822697434175,0.0008559572431330665,0.004980771427061104,-0.004243331583282162,7.9808350444900755,False,NAS100_USD
n60_d1_k4_x1.0_tp0,33,0,33,0.21212121212121213,0.3567001767252342,1.324886370693727,,14.598484848484846,0.21212121212121213,-2948.7236013431684,-0.029487236013431683,-2464.373248852241,0.0,-2464.373248852241,246.61969961310524,0.0,246.61969961310524,123.30984980655262,0.0,123.30984980655262,-237.73065287786574,0.0,-237.73065287786574,0.0,-2948.723601343212,-5.087997223865302,-1.4400531808340535e-05,0.0,-0.0003137802291507011,-0.003743301227133733,0.07412790697674419,0.4146341463414634,-0.5092523859701366,0.030409234012301445,0.015414811944909068,-0.9687591208954254,-0.12309751786643017,0.014274615040629069,0.014274615040629069,0.1409516653676718,0.007047583268383591,0.0007137307520314535,0.00437032236567414,-0.004293745644088132,7.9808350444900755,False,SPX500_USD
n60_d1_k4_x1.0_tp0,22,0,22,0.18181818181818182,0.18364789777871848,0.8264155400042332,,21.41666666666666,0.18181818181818182,-3235.4188147130917,-0.03235418814713092,-2874.7741019910777,0.0,-2874.7741019910777,65.80940548924174,0.0,65.80940548924174,32.90470274462087,0.0,32.90470274462087,-294.83530723273765,0.0,-294.83530723273765,0.0,-3235.418814713057,-7.971208229544288,-1.618274938369897e-05,0.0,-0.00034510535852431897,-0.0041153548461776435,0.07619990103908957,0.44126074498567336,-0.6025963184655503,0.04049286223559201,0.016825579223871845,-0.7922893520954154,-0.10163161157228273,0.013034421974884112,0.013034421974884112,0.15883955503450792,0.007941977751725397,0.0006517210987442056,0.0043575543562788255,-0.003943612151351972,7.975359342915811,False,UK100_GBP
n60_d1_k4_x1.0_tp0,27,0,27,0.25925925925925924,0.8400087915771758,2.400025118791931,,23.81481481481482,0.25925925925925924,-582.262106528593,-0.00582262106528593,-217.7462647207089,0.0,-217.7462647207089,210.1837045894865,0.0,210.1837045894865,113.1758409328004,0.0,97.0078636566861,-154.33213721843526,0.0,-154.33213721843526,0.0,-582.2621065286306,-0.597357480104934,-2.7230001259223566e-06,0.0,-6.0287094225216904e-05,-0.0007314400870858107,0.10970873786407767,0.46887966804979253,-0.0913911637628192,0.02099703876315162,0.008085385440716464,-0.2756602718711396,-0.03483539252065574,0.015578668861482452,0.015578668861482452,0.12552701944112263,0.006276350972056133,0.0007789334430741225,0.003428895705679613,-0.002740303145180256,7.9808350444900755,False,JP225_USD
n60_d1_k4_x1.0_tp0,37,0,37,0.2972972972972973,0.6262442554358801,1.4802136946666256,,16.900900900900904,0.2972972972972973,-1812.9263280584419,-0.01812926328058442,-1575.3230201922709,0.0,-1575.3230201922709,115.24481802998947,0.0,115.24481802998947,70.96094462129778,0.0,44.28387340869169,-125.38261049136652,0.0,-125.38261049136652,0.0,-1815.9504487136269,-6.546730893782788,-8.803145907837714e-06,0.0,-0.00019099058579427007,-0.0022898176754316824,0.09975669099756691,0.4691075514874142,-0.3127382726983286,0.02530958750814305,0.007004565338597105,-0.7118792713172034,-0.09047234273158192,0.009937556397000056,0.009937556397000056,0.08554945550981825,0.008554945550981826,0.0009937556397000057,0.004136291288251659,-0.0034265376203791442,7.9808350444900755,False,WTICO_USD
n60_d1_k4_x1.0_tp2,52,0,52,0.4807692307692308,1.1299688129099055,1.220366317942698,,16.420673076923077,0.4807692307692308,502.19365676594316,0.005021936567659432,734.6490972218355,0.0,734.6490972218355,62.537835288707626,0.0,62.537835288707626,8.28200668091844,38.77832706995424,15.47750153783495,-169.91760516719347,0.0,-169.91760516719347,0.0,502.19365676593446,3.1603867639363985,2.478146236701705e-06,0.0,5.43000463898003e-05,0.000627871786789358,0.1138328530259366,0.48073022312373226,0.10355117358616307,0.01144065466724098,0.005724709481526321,0.43392937732360154,0.05488075683179196,0.027740131454371833,0.027740131454371833,0.2510795895073995,0.00836931965024665,0.0009246710484790611,0.003506103530291682,-0.0028921514016448935,7.9808350444900755,False,EUR_USD
n60_d1_k4_x1.0_tp2,58,0,58,0.4827586206896552,0.9348596435373112,1.0016353323614047,,17.448275862068964,0.4827586206896552,-295.9483884574438,-0.002959483884574438,3.5346165319917304,0.0,3.5346165319917304,89.0124653526629,0.0,89.0124653526629,19.922885876041935,47.384237505584686,21.70534197103628,-218.7935907879546,0.0,-218.7935907879546,0.0,-304.27143960862577,0.01148325856973062,-1.3315324811498199e-06,0.0,-2.8913106869779694e-05,-0.0003713046963315092,0.11623439000960614,0.4888888888888889,-0.049251216766889566,0.032596925219542494,0.012713439211804936,-0.09023344804378636,-0.011390788972602385,0.035900710460010934,0.035900710460010934,0.37687024529811064,0.01256234150993702,0.001196690348667031,0.003414096666593869,-0.003323940709626827,7.9808350444900755,False,GBP_USD
n60_d1_k4_x1.0_tp2,46,0,46,0.41304347826086957,0.794311942995602,1.128759076888487,,17.465579710144926,0.41304347826086957,-988.2449943524553,-0.009882449943524553,-614.4671903139687,0.0,-614.4671903139687,74.26806708430394,0.0,74.26806708430394,22.516082736577033,31.95119482810069,19.80078951962621,-352.6199540914892,0.0,-352.6199540914892,0.0,-1041.3552114897618,-1.439410711552691,-4.6830475051691226e-06,0.0,-0.0001028509131913675,-0.0012436578848586954,0.11191162343900096,0.45956607495069035,-0.17798782468135943,0.0296503926280407,0.003540628939504048,-0.33026712482263987,-0.041944061262870244,0.023943157636337795,0.023943157636337795,0.22944329723621845,0.011472164861810923,0.0011971578818168898,0.0036993102317821602,-0.0035887698384653444,7.9808350444900755,False,AUD_USD
n60_d1_k4_x1.0_tp2,49,0,49,0.32653061224489793,0.5851236286917689,1.2068174841767734,,15.528911564625849,0.32653061224489793,-1918.9574552401755,-0.019189574552401754,-1585.3304009158733,0.0,-1585.3304009158733,112.20010746242977,0.0,112.20010746242977,38.60743135400747,41.64804829799098,31.944627810431307,-221.42694686184498,0.0,-221.42694686184498,0.0,-1918.957455240148,-4.7518040889303395,-9.233204466243696e-06,0.0,-0.00020268099307166828,-0.0024248819014732748,0.11191162343900096,0.4716599190283401,-0.382909069475302,0.027676221428897363,0.0093900206720711,-0.6925884578496477,-0.08761607532672076,0.029555123582219726,0.029555123582219726,0.41255034352475445,0.013751678117491813,0.000985170786073991,0.002870050457662199,-0.0026203728992978403,7.9808350444900755,False,USD_CAD
n60_d1_k4_x1.0_tp2,49,0,49,0.42857142857142855,0.6965402806426668,0.9287203741902224,,15.272108843537415,0.42857142857142855,-1570.054655927277,-0.01570054655927277,-1165.1963026918343,0.0,-1165.1963026918343,67.32841606017018,0.0,67.32841606017018,23.09579798728265,36.93037376010933,7.302244312778207,-337.5299371753242,0.0,-337.5299371753242,0.0,-1570.0546559273287,-2.878034486333232,-7.531967110085627e-06,0.0,-0.00016548562292120322,-0.001980923824602243,0.10854947166186359,0.4767932489451477,-0.32196838539193334,0.02595009096461387,0.008114841296533837,-0.6033134545280823,-0.07633591062564966,0.022632901534857763,0.022632901534857763,0.21341757306669595,0.007113919102223198,0.0007544300511619256,0.0029973023251530506,-0.0027913189783046466,7.9808350444900755,False,EUR_JPY
n60_d1_k4_x1.0_tp2,52,0,52,0.5192307692307693,1.045344002195912,0.9679111131443628,,19.796474358974358,0.5192307692307693,223.58095151263115,0.0022358095151263115,929.3682387848651,0.0,929.3682387848651,71.86300922324585,0.0,71.86300922324585,33.99045793279508,27.607902229976588,10.264649060474177,-633.9242780489427,0.0,-633.9242780489427,0.0,223.5809515126765,1.3167823444040754,1.1579819671644314e-06,0.0,2.5622933473998098e-05,0.00027987376110716333,0.11191162343900096,0.4623015873015873,0.0444901259887296,0.019909512515538408,0.004745133646595223,0.11100356284453444,0.014057288489044393,0.02260051328120184,0.02260051328120184,0.3475051827265211,0.017375259136326055,0.001130025664060092,0.0034890121332440405,-0.003393524241385726,7.9808350444900755,False,AUD_JPY
n60_d1_k4_x1.0_tp2,23,0,23,0.34782608695652173,0.3977321739353366,0.7457478261287561,,18.019927536231883,0.34782608695652173,-1458.0764493017632,-0.014580764493017631,-1294.017039198325,0.0,-1294.017039198325,52.14363147571331,0.0,52.14363147571331,30.744012471665023,6.485790702430345,14.913828301617949,-111.9157786277174,0.0,-111.9157786277174,0.0,-1458.0764493017557,-7.887490503486001,-8.268567097452196e-06,0.0,-0.00018068286265295858,-0.0021661354382642717,0.06742209631728045,0.43911439114391143,-0.40200220953433,0.022788578513639024,0.004911335063294414,-0.635748664137195,-0.09505355663003877,0.010945592742828364,0.010945592742828364,0.22478233048348822,0.01123911652417441,0.0005472796371414182,0.003582217184116221,-0.0030641998739520115,6.7734428473648185,False,XAU_USD
n60_d1_k4_x1.0_tp2,47,0,47,0.46808510638297873,0.9788820673758875,1.1123659856544177,,18.865248226950357,0.46808510638297873,-90.26501701962843,-0.0009026501701962843,514.0579407298676,0.0,514.0579407298676,332.7597007775985,0.0,332.7597007775985,197.359014107132,0.0,135.40068667046646,-271.56325697187526,0.0,-271.56325697187526,0.0,-90.26501701960615,0.8506344730708938,-3.5054296632646e-07,0.0,-8.119461713033886e-06,-0.00011314689616925833,0.1124031007751938,0.464,-0.01333678541979642,0.01341408458593063,0.003236464331221609,-0.06686232968425344,-0.008434932361164065,0.01405081843511502,0.01405081843511502,0.1374002990544493,0.006870014952722466,0.0007025409217557511,0.003673306943745125,-0.0028538212058861756,7.9808350444900755,False,NAS100_USD
n60_d1_k4_x1.0_tp2,39,0,39,0.3333333333333333,0.434936898318412,0.8698737966368238,,13.880341880341884,0.3333333333333333,-2595.8280627509375,-0.025958280627509375,-2134.711733886434,0.0,-2134.711733886434,241.33741703869924,0.0,241.33741703869924,123.52650358186347,0.0,117.81091345683578,-219.7789118258336,0.0,-219.7789118258336,0.0,-2595.828062750967,-4.629442941530642,-1.2675529735486686e-05,0.0,-0.0002757257658287914,-0.00329011343328256,0.07412790697674419,0.4146341463414634,-0.548685746061354,0.026883631173532208,0.01365201052552445,-0.9646620950381007,-0.12238352073963064,0.012162459727602451,0.012162459727602451,0.1409516653676718,0.007047583268383591,0.0006081229863801225,0.003973127637655338,-0.002362296842006062,7.9808350444900755,False,SPX500_USD
n60_d1_k4_x1.0_tp2,25,0,25,0.28,0.30901752586373554,0.7946164950781771,,21.69833333333333,0.28,-2747.653943790472,-0.02747653943790472,-2406.6959137653976,0.0,-2406.6959137653976,64.75542964677166,0.0,64.75542964677166,33.007842469616676,0.0,31.747587177154976,-276.20260037837187,0.0,-276.20260037837187,0.0,-2747.653943790541,-7.0586280475280745,-1.3720698636521343e-05,0.0,-0.000292117777182132,-0.0034873001146553673,0.07669470559129143,0.44412607449856734,-0.6039644592497682,0.03389658359769876,0.013481154915802521,-0.8052479668554051,-0.10288057805601743,0.011540552408162572,0.011540552408162572,0.15883955503450792,0.007941977751725397,0.0005770276204081287,0.003409513320456359,-0.002271442907998966,7.975359342915811,False,UK100_GBP
n60_d1_k4_x1.0_tp2,32,0,32,0.375,0.7363684925045199,1.2272808208408663,,22.009114583333336,0.375,-955.727208356664,-0.00955727208356664,-589.5456048719121,0.0,-589.5456048719121,205.8566487443474,0.0,205.8566487443474,113.1248135852475,0.0,92.73183515909992,-160.32495474056637,0.0,-160.32495474056637,0.0,-955.7272083568258,-1.609981493502856,-4.583959216592799e-06,0.0,-0.00010009738281764792,-0.001202563446086491,0.10970873786407767,0.46887966804979253,-0.18441468611362327,0.017764924059638698,0.006825901968891583,-0.5363926303133144,-0.0676931374459784,0.01303381480118069,0.01303381480118069,0.12552701944112263,0.006276350972056132,0.0006516907400590344,0.003428895705679613,-0.0024516098211092574,7.9808350444900755,False,JP225_USD
n60_d1_k4_x1.0_tp2,47,0,47,0.44680851063829785,0.7546418824959059,0.9343185211854074,,17.0008865248227,0.44680851063829785,-1191.8581731127197,-0.011918581731127196,-969.6931399980659,0.0,-969.6931399980659,112.47230702515552,0.0,112.47230702515552,71.14937153997866,0.0,41.322935485176856,-112.73597538302653,0.0,-112.73597538302653,0.0,-1194.901422406248,-4.305761447265653,-5.753933287751881e-06,0.0,-0.0001247004510750578,-0.00150124329943635,0.09975669099756691,0.4691075514874142,-0.22731919601071346,0.019320114264772315,0.005269299503371849,-0.6129828230382368,-0.07770364496102747,0.008811803904600754,0.008811803904600754,0.08454922379960127,0.008454922379960128,0.0008811803904600755,0.00439554205407644,-0.0034265376203792552,7.9808350444900755,False,WTICO_USD
n120_none_k2_x0.5_tp0,24,0,24,0.375,2.6712069668943426,4.452011611490572,,14.736111111111112,0.375,2161.196993030404,0.02161196993030404,2293.731708531097,0.0,2293.731708531097,36.946581945065645,0.0,36.946581945065645,4.788081712239157,22.582336808348177,9.576163424478313,-95.58813355559181,0.0,-95.58813355559181,0.0,2161.1969930304394,17.306648298646845,1.032185303155043e-05,0.0,0.0002264627053590055,0.002682728096588205,0.0643611911623439,0.5193798449612403,0.5078557309899487,0.010201622223150353,0.0027566750224244465,2.066731233619924,0.2629707352327103,0.015069356987152713,0.015069356987152713,0.3260689465775661,0.01086896488591887,0.000502311899571757,0.004674943484030525,-0.0036891507599849938,7.9808350444900755,False,EUR_USD
n120_none_k2_x0.5_tp0,29,0,29,0.1724137931034483,1.0852647811436467,5.209270949489505,,9.919540229885056,0.1724137931034483,165.75409173878143,0.0016575409173878143,310.81750498333014,0.0,310.81750498333014,57.31992045957304,0.0,57.31992045957304,12.614693483050942,29.567594796860956,15.137632179661137,-87.74349278494206,0.0,-87.74349278494206,0.0,165.75409173881502,2.1426319568216985,8.280253778430666e-07,0.0,1.868556262437473e-05,0.00020753975715637196,0.04851104707012488,0.47641509433962265,0.051490712487817676,0.01608792178462315,0.005893928433695406,0.10236692476668005,0.01290034598221,0.014802235218787926,0.014802235218787926,0.313104580433803,0.010436819347793435,0.0004934078406262641,0.003586614224606377,-0.0023352675185867033,7.9808350444900755,False,GBP_USD
n120_none_k2_x0.5_tp0,17,0,17,0.17647058823529413,1.7568866600499131,8.198804413566263,,11.745098039215685,0.17647058823529413,1081.1647594894603,0.010811647594894603,1161.0943752404983,0.0,1161.0943752404983,31.4546790051402,0.0,31.4546790051402,8.990224641433228,13.872584046733806,8.591870316973164,-102.77854945788465,0.0,-102.77854945788465,0.0,1026.8611467774736,8.649828276761792,5.2053262115358104e-06,0.0,0.00011418908049346473,0.001348338573899488,0.037463976945244955,0.484472049689441,0.29104254694106746,0.009606218667215782,0.0035582602648148165,1.1091386456993446,0.1403610120287095,0.008369367792603707,0.008369367792603707,0.20448609406960988,0.010224304703480494,0.0004184683896301853,0.005001797254566398,-0.0037891286349290842,7.9808350444900755,False,AUD_USD
n120_none_k2_x0.5_tp0,22,0,22,0.09090909090909091,0.2951803789141927,2.951803789141927,,6.829545454545454,0.09090909090909091,-1415.6379964916414,-0.014156379964916414,-1256.7869160108482,0.0,-1256.7869160108482,63.59430553369616,0.0,63.59430553369616,21.74455214757146,23.31098347636992,18.538769909754773,-95.25677494708377,0.0,-95.25677494708377,0.0,-1415.6379964916282,-7.911730359069936,-6.825624273654579e-06,0.0,-0.00014975656757979108,-0.0017848770816895065,0.024975984630163303,0.41935483870967744,-0.5123719467944537,0.01767943375849601,0.009216486934118973,-0.799496205684941,-0.10095781946815846,0.008242297936766504,0.008242297936766504,0.4105621839385908,0.01368540613128636,0.0002747432645588834,0.002606422551113541,-0.0024243123154971125,7.9808350444900755,False,USD_CAD
n120_none_k2_x0.5_tp0,17,0,17,0.4117647058823529,1.825272617607079,2.607532310867256,,14.710784313725489,0.4117647058823529,845.1962224324379,0.008451962224324379,938.6738177776471,0.0,938.6738177776471,23.63609413315959,0.0,23.63609413315959,8.55231348586134,12.233009485344466,2.8507711619537823,-69.84150121204996,0.0,-69.84150121204996,0.0,845.1962224324375,10.041698380356886,4.072474487495368e-06,0.0,8.910303977935206e-05,0.0010551381917007774,0.0393852065321806,0.5578231292517006,0.2638935257197028,0.008831339554910556,0.0024382349788872465,0.9422665692449813,0.11947657375647855,0.0072679488364123124,0.0072679488364123124,0.1912366708900181,0.006374555696333937,0.00024226496121374376,0.004183743782927518,-0.0030424143464296005,7.9808350444900755,False,EUR_JPY
n120_none_k2_x0.5_tp0,16,0,16,0.25,1.1251869208049436,3.375560762414831,,11.794270833333332,0.25,133.49334647557407,0.0013349334647557408,259.6385482567652,0.0,259.6385482567652,36.25800543748879,0.0,36.25800543748879,20.223617528993703,11.365274441490914,4.66911346700417,-89.88719634361973,0.0,-89.88719634361973,0.0,133.49334647565667,2.058251479967497,6.588692979994208e-07,0.0,1.4441616890729267e-05,0.00016716981726783153,0.03506243996157541,0.503448275862069,0.054936761665547215,0.01086125298887708,0.002246977201709008,0.12141086059533249,0.015391393372295883,0.006119351828605756,0.006119351828605756,0.23239421250257625,0.011619710625128813,0.00030596759143028786,0.0022463051771113296,-0.003396472103411763,7.9808350444900755,False,AUD_JPY
n120_none_k2_x0.5_tp0,12,0,12,0.0,0.0,,,5.972222222222222,0.0,-1030.7454050135711,-0.010307454050135712,-1000.1505137614344,0.0,-1000.1505137614344,26.341098035201412,0.0,26.341098035201412,13.6159461806806,3.647854400733741,9.077297453787072,-4.2537932169433175,0.0,-4.2537932169433175,0.0,-1030.745405013579,-32.69011501033928,-5.8617708819846725e-06,0.0,-0.00012783655249680602,-0.00152847285165858,0.012464589235127478,0.3793103448275862,-0.7162793492750426,0.010832394146761626,0.010832394146761626,-0.9510350862658128,-0.1411020344118037,0.0023376061997122397,0.0023376061997122397,0.11387977043321218,0.0056939885216606085,0.00011688030998561199,0.002397177255540006,-0.0020234472720729313,6.7734428473648185,False,XAU_USD
n120_none_k2_x0.5_tp0,18,0,18,0.3333333333333333,1.392974844999818,2.785949689999636,,14.564814814814813,0.3333333333333333,492.7437988253805,0.004927437988253805,836.6291431112116,0.0,836.6291431112116,151.87453113450326,0.0,151.87453113450326,82.84065334609268,0.0,69.03387778841058,-192.01081315131367,0.0,-192.01081315131367,0.0,492.7437988253947,2.4328723425208127,2.4278508846424506e-06,0.0,5.2286937001206667e-05,0.0006160823825347439,0.04505813953488372,0.5138121546961326,0.12648850145378582,0.009391914161111403,0.0037263601511633437,0.5193449967427115,0.06559710533617559,0.0062093444838316235,0.0062093444838316235,0.1561077131977585,0.007805385659887926,0.0003104672241915812,0.004980771427061104,-0.004243331583282162,7.9808350444900755,False,NAS100_USD
n120_none_k2_x0.5_tp0,11,0,11,0.2727272727272727,0.7185276359330163,1.9160736958213769,,13.515151515151517,0.2727272727272727,-234.9590060661576,-0.002349590060661576,-12.814051201810997,0.0,-12.814051201810997,88.18327635832202,0.0,88.18327635832202,44.09163817916101,0.0,44.09163817916101,-133.96167850608413,0.0,-133.96167850608413,0.0,-234.95900606621714,-0.05768328706646746,-1.100089434084226e-06,0.0,-2.4385618098633546e-05,-0.00029470701008982303,0.027131782945736434,0.5,-0.0620254583378768,0.007762858912973236,0.0021581666569378357,-0.3010757188858127,-0.03796372102001116,0.005170503578407178,0.005170503578407178,0.2581894057043201,0.012909470285216005,0.00025852517892035884,0.004373933275428898,-0.0042972909450209595,7.9808350444900755,False,SPX500_USD
n120_none_k2_x0.5_tp0,6,0,6,0.0,0.0,,,5.958333333333335,0.0,-646.297096758135,-0.00646297096758135,-598.0367662237378,0.0,-598.0367662237378,16.73624700326738,0.0,16.73624700326738,8.36812350163369,0.0,8.36812350163369,-31.524083531124546,0.0,-31.524083531124546,0.0,-646.2970967581298,-12.391891220006395,-3.2041720514627317e-06,0.0,-6.821197368285938e-05,-0.0008126670045407458,0.0039584364176150424,0.27586206896551724,-0.5610238837435889,0.008060082238408706,0.002891841007125029,-0.8005602855727344,-0.10082614302223172,0.0008845813614944016,0.0008845813614944016,0.16159091410371826,0.008079545705185912,4.422906807472008e-05,0.0016849514325261161,-0.0016016031113808005,7.975359342915811,False,UK100_GBP
n120_none_k2_x0.5_tp0,10,0,10,0.3,3.75392112977321,8.759149302804156,,19.833333333333336,0.3,1682.7023079362698,0.016827023079362697,1754.7350792542584,0.0,1754.7350792542584,81.25177507803973,0.0,81.25177507803973,43.75095581125217,0.0,37.50081926678756,9.219003760027576,0.0,9.219003760027576,0.0,1682.7023079362461,21.596267620847563,8.149533147020289e-06,0.0,0.00017625364271255093,0.002093073535625267,0.037864077669902914,0.5234899328859061,0.41303785043208796,0.010372164678329687,0.003407337884046001,1.593668063728501,0.20179717547276077,0.005574213029223225,0.005574213029223225,0.11748597054433262,0.005874298527216631,0.0002787106514611613,0.003432400909320954,-0.0027430708657344427,7.9808350444900755,False,JP225_USD
n120_none_k2_x0.5_tp0,19,0,19,0.10526315789473684,0.378504337812444,3.2172868714057743,,7.690789473684211,0.10526315789473684,-994.1549180064467,-0.009941549180064466,-900.5770711398985,0.0,-900.5770711398985,54.58501936722415,0.0,54.58501936722415,32.751011620334495,0.0,21.834007746889654,-38.99282749933301,0.0,-38.99282749933301,0.0,-994.1549180064557,-9.623827661093008,-4.838531135018807e-06,0.0,-0.00010496026731242672,-0.0012511278343481091,0.024817518248175182,0.4396551724137931,-0.3550028882492596,0.012347802283834253,0.009472749957770865,-0.8031702208942573,-0.10132392838732818,0.002135374232955839,0.002135374232955839,0.06509831301796556,0.006509831301796556,0.00021353742329558386,0.0021883079588658205,-0.003017345618070544,7.9808350444900755,False,WTICO_USD
n120_none_k2_x0.5_tp2,34,0,34,0.5588235294117647,2.107494838579532,1.6638117146680518,,12.678921568627452,0.5588235294117647,1396.2821308712155,0.013962821308712155,1496.7073993326758,0.0,1496.7073993326758,36.0407249176025,0.0,36.0407249176025,4.773669893197813,22.52226865444698,8.744786369957708,-64.38454354383934,0.0,-64.38454354383934,0.0,1396.282130871234,14.903693286190563,6.685243812098623e-06,0.0,0.00014664625519671403,0.0017389523673747576,0.0643611911623439,0.5193798449612403,0.4728596211885055,0.010201622223150353,0.001694294359079078,1.3475739768545514,0.17045841625350378,0.011235770523865138,0.011235770523865138,0.3260689465775661,0.01086896488591887,0.0003745256841288379,0.0028912172757593613,-0.0019073112888132737,7.9808350444900755,False,EUR_USD
n120_none_k2_x0.5_tp2,38,0,38,0.3684210526315789,0.9829409164434116,1.6850415710458486,,9.07236842105263,0.3684210526315789,-31.617126863260637,-0.00031617126863260636,90.10835832872493,0.0,90.10835832872493,56.23284585285634,0.0,56.23284585285634,12.631996789030032,29.628283959274317,13.972565104551997,-65.49263933904457,0.0,-65.49263933904457,0.0,-31.617126863175983,0.740258773145727,-1.3334264320304595e-07,0.0,-2.7721233483823935e-06,-3.9621793317956566e-05,0.04851104707012488,0.47641509433962265,-0.010988695513598117,0.01360699873853688,0.005046232777663991,-0.023134438128535443,-0.002911868669888403,0.010781622112637975,0.010781622112637975,0.31310458043380296,0.010436819347793431,0.00035938740375459916,0.0027723289498857717,-0.0023352675185868144,7.9808350444900755,False,GBP_USD
n120_none_k2_x0.5_tp2,21,0,21,0.3333333333333333,1.1605512114039709,2.3211024228079418,,10.392857142857142,0.3333333333333333,268.8291694262298,0.002688291694262298,319.77800181145176,0.0,319.77800181145176,30.80812220547636,0.0,30.80812220547636,8.963722832861993,13.852064078255168,7.992335294359197,-74.00791362219013,0.0,-74.00791362219013,0.0,214.96196598378526,3.0508499895685373,1.3040032530558751e-06,0.0,2.867265190174112e-05,0.00033644803949650637,0.037463976945244955,0.484472049689441,0.12139960835650154,0.006617654797477224,0.002556265913662037,0.4039665701100714,0.05084097762620782,0.005628217427435139,0.005628217427435139,0.20448609406960996,0.0102243047034805,0.0002814108713717569,0.002508580506079383,-0.0019037605391653,7.9808350444900755,False,AUD_USD
n120_none_k2_x0.5_tp2,26,0,26,0.23076923076923078,0.3596105346830128,1.1987017822767094,,6.322115384615383,0.23076923076923078,-1235.7648558850342,-0.012357648558850342,-1100.2585769812952,0.0,-1100.2585769812952,62.651120701702006,0.0,62.651120701702006,21.754664945881103,23.32826775089426,17.568188004926647,-72.85515820198945,0.0,-72.85515820198945,0.0,-1235.7648558849867,-8.119613245104924,-5.957333760663811e-06,0.0,-0.00013063105429913865,-0.0015568492802403577,0.024975984630163303,0.41935483870967744,-0.5441683335692095,0.016052552934385567,0.00840304652206375,-0.7686422925881508,-0.09698452866680725,0.006674016888969422,0.006674016888969422,0.4105621839385908,0.01368540613128636,0.00022246722963231407,0.001961355014657551,-0.0022100223500278737,7.9808350444900755,False,USD_CAD
n120_none_k2_x0.5_tp2,25,0,25,0.6,1.6428470688588432,1.095231379239229,,13.223333333333333,0.6,630.7959436672245,0.0063079594366722445,699.7220749661835,0.0,699.7220749661835,23.313724248281353,0.0,23.313724248281353,8.530410801212643,12.227825108198587,2.555488338870123,-45.61240705071829,0.0,-45.61240705071829,0.0,630.7959436671839,10.151767722618995,3.0340411561944816e-06,0.0,6.643512918729222e-05,0.0007882164437889028,0.040345821325648415,0.5714285714285714,0.28990642504803316,0.00443599912763748,0.001667338751284121,1.4103863947964104,0.1776863387727243,0.005295303328162609,0.005295303328162609,0.1912366708900181,0.006374555696333937,0.00017651011093875363,0.002095868408948265,-0.0016214070921246604,7.9808350444900755,False,EUR_JPY
n120_none_k2_x0.5_tp2,23,0,23,0.4782608695652174,1.2386321790490222,1.3512351044171154,,10.105072463768114,0.4782608695652174,223.21787373788538,0.0022321787373788538,344.771728594167,0.0,344.771728594167,34.73229018893238,0.0,34.73229018893238,19.132970554238934,11.367326229148706,4.23199340554474,-86.82156466728115,0.0,-86.82156466728115,0.0,223.21787373795343,2.8363701751951726,1.0790800749372332e-06,0.0,2.3660772719470482e-05,0.0002794197111557484,0.03506243996157541,0.503448275862069,0.13419303365596486,0.0073098357773053735,0.0016886891873356957,0.30296959452966504,0.038225169438587704,0.004391514970766188,0.004391514970766188,0.23173541954305352,0.011586770977152674,0.00021957574853830936,0.001913180968033279,-0.0016986117705110049,7.9808350444900755,False,AUD_JPY
n120_none_k2_x0.5_tp2,13,0,13,0.07692307692307693,0.0826093609008202,0.9913123308098424,,6.570512820512821,0.07692307692307693,-920.852091335546,-0.00920852091335546,-892.1722689340371,0.0,-892.1722689340371,26.177666953661102,0.0,26.177666953661102,13.615946180680602,3.6456948358371926,8.916025937143308,-2.5021554478520596,0.0,-2.5021554478520596,0.0,-920.8520913355502,-31.108012331588412,-5.234648998381518e-06,0.0,-0.00011413474879176758,-0.0013648696652976966,0.012464589235127478,0.3793103448275862,-0.7124223689717398,0.010812851352437258,0.010812851352437258,-0.8511757303565801,-0.1262266187530683,0.002244086147463082,0.002244086147463082,0.11387977043321218,0.0056939885216606085,0.0001122043073731541,0.0018958119921732575,-0.0019659557630599123,6.7734428473648185,False,XAU_USD
n120_none_k2_x0.5_tp2,25,0,25,0.52,1.2589420449985043,1.1621003492293887,,11.783333333333333,0.52,311.39682871878904,0.00311396828718789,569.7062460955644,0.0,569.7062460955644,145.14847179449725,0.0,145.14847179449725,82.73778264311811,0.0,62.41068915137914,-113.16094558216439,0.0,-113.16094558216439,0.0,311.3968287189028,2.205518683296127,1.5261753701007877e-06,0.0,3.3059435395857575e-05,0.00038965040749161517,0.045542635658914726,0.5193370165745856,0.12166144699908885,0.0069071981269436256,0.0019297890509320237,0.44820968753103063,0.05641222393370553,0.004066545145329743,0.004066545145329743,0.11321172036792373,0.005660586018396188,0.00020332725726648717,0.0029456024955849536,-0.00212783241847303,7.9808350444900755,False,NAS100_USD
n120_none_k2_x0.5_tp2,15,0,15,0.4666666666666667,0.8985851458304257,1.0269544523776293,,12.155555555555557,0.4666666666666667,-79.8948285797378,-0.000798948285797378,101.72277032915082,0.0,101.72277032915082,89.16840290798554,0.0,89.16840290798554,49.480454643682314,0.0,39.68794826430322,-92.44919600089091,0.0,-92.44919600089091,0.0,-79.89482857972563,0.5600931349179905,-3.7155244062928955e-07,0.0,-8.212882286935163e-06,-0.0001001433545840813,0.027616279069767442,0.5089285714285714,-0.03328559156314863,0.006006397903451921,0.0015567541007161733,-0.13241373466817496,-0.01667278062389576,0.0037302060418298436,0.0037302060418298436,0.25777872867893864,0.012888936433946932,0.0001865103020914922,0.0032148936145637297,-0.00216821545965884,7.9808350444900755,False,SPX500_USD
n120_none_k2_x0.5_tp2,7,0,7,0.14285714285714285,0.14718748065439105,0.8831248839263462,,6.1190476190476195,0.14285714285714285,-503.0527245667181,-0.005030527245667181,-459.14014602113866,0.0,-459.14014602113866,16.369745340674186,0.0,16.369745340674186,8.368123501633688,0.0,8.001621839040496,-27.5428332048809,0.0,-27.5428332048809,0.0,-503.0527245666937,-10.455777392913168,-2.4916339471240895e-06,0.0,-5.3052751425533124e-05,-0.0006321506680724287,0.0039584364176150424,0.27586206896551724,-0.4552728643401172,0.00759299274036862,0.002736144507778334,-0.661457325502624,-0.08325448076771629,0.0008010303726118848,0.0008010303726118848,0.16159091410371826,0.008079545705185912,4.0051518630594234e-05,0.0016849514325261161,-0.0016016031113808005,7.975359342915811,False,UK100_GBP
n120_none_k2_x0.5_tp2,13,0,13,0.46153846153846156,2.3477273584222678,2.739015251492646,,15.50320512820513,0.46153846153846156,819.987365760011,0.00819987365760011,894.8759544846746,0.0,894.8759544846746,78.03660389660772,0.0,78.03660389660772,43.58575418515456,0.0,34.450849711453145,3.148015171861718,0.0,3.148015171861718,0.0,819.9873657599286,11.467387223440861,3.981586463830239e-06,0.0,8.621712738642025e-05,0.0010237797059471365,0.037864077669902914,0.5234899328859061,0.3397375361982484,0.007329242113983447,0.0024726137206604742,1.1071527218789567,0.13968425248142222,0.0031561985981950003,0.0031561985981950003,0.1174859705443326,0.005874298527216631,0.00015780992990975003,0.003543390476864916,-0.0013773007281900895,7.9808350444900755,False,JP225_USD
n120_none_k2_x0.5_tp2,22,0,22,0.22727272727272727,0.4357897152246138,1.481685031763687,,8.482954545454545,0.22727272727272727,-881.1608033261582,-0.008811608033261581,-796.8332747793457,0.0,-796.8332747793457,53.86456378263461,0.0,53.86456378263461,32.77711421243424,0.0,21.08744957020037,-30.46296476413574,0.0,-30.46296476413574,0.0,-881.1608033261161,-9.449266313282266,-4.289534920600523e-06,0.0,-9.294791599297966e-05,-0.0011083744931382755,0.024817518248175182,0.4396551724137931,-0.3655562697520983,0.010582242359366112,0.00488839484308401,-0.8311912444277335,-0.10473909550533753,0.0017840747695103065,0.0017840747695103065,0.06509831301796556,0.006509831301796557,0.00017840747695103065,0.001807846289615389,-0.003017345618070655,7.9808350444900755,False,WTICO_USD
n120_none_k2_x1.0_tp0,24,0,24,0.3333333333333333,1.9544810696044943,3.9089621392089886,,19.085069444444443,0.3333333333333333,1444.5640830233751,0.01444564083023375,1607.9459386410222,0.0,1607.9459386410222,36.76172535272563,0.0,36.76172535272563,4.770026541022012,22.45164572965959,9.540053082044023,-126.62013026489346,0.0,-126.62013026489346,0.0,1444.564083023403,9.841643263033312,6.954973911691332e-06,0.0,0.0001528921057545143,0.0017987079646244464,0.0792507204610951,0.5030487804878049,0.30321528765540523,0.012480641255341984,0.005601787492164445,1.1365785682122402,0.14411983549759996,0.019507843600171774,0.019507843600171774,0.32606894657756613,0.010868964885918871,0.0006502614533390593,0.004674943484030525,-0.0036891507599846607,7.9808350444900755,False,EUR_USD
n120_none_k2_x1.0_tp0,29,0,29,0.1724137931034483,0.8589341235199845,4.122883792895926,,14.061781609195403,0.1724137931034483,-296.1451349948911,-0.0029614513499489114,-118.59746901416963,0.0,-118.59746901416963,57.22118064713565,0.0,57.22118064713565,12.593262874424308,29.51600232340216,15.11191544930918,-120.32648533361206,0.0,-120.32648533361206,0.0,-296.1451349949173,-0.6679753764097901,-1.3750383756592105e-06,0.0,-2.9815992925813203e-05,-0.0003715518602352974,0.07108549471661864,0.4983164983164983,-0.06936575486399518,0.01913846524093521,0.00738648548448521,-0.1538371039808076,-0.01941387961666781,0.02135095973541327,0.02135095973541327,0.313104580433803,0.010436819347793435,0.000711698657847109,0.003586614224606377,-0.0023352675185867033,7.9808350444900755,False,GBP_USD
n120_none_k2_x1.0_tp0,17,0,17,0.17647058823529413,1.5248701512336102,7.116060705756847,,12.541666666666666,0.17647058823529413,794.4550806599873,0.007944550806599874,869.5491433067255,0.0,869.5491433067255,31.421508447794217,0.0,31.421508447794217,8.980339331958074,13.858054204060732,8.58311491177541,-97.8221384982347,0.0,-97.8221384982347,0.0,740.3054963606966,6.72798364835559,3.842079704383588e-06,0.0,8.433402665008559e-05,0.000992011900620815,0.03890489913544669,0.47928994082840237,0.21206568001320408,0.011386247737853905,0.003849623389804588,0.687979756798189,0.0871236884582129,0.0088676552967483,0.0088676552967483,0.20448609406960988,0.010224304703480494,0.0004433827648374149,0.005001797254566398,-0.0037891286349290842,7.9808350444900755,False,AUD_USD
n120_none_k2_x1.0_tp0,22,0,22,0.09090909090909091,0.2681075011528489,2.681075011528489,,8.274621212121213,0.09090909090909091,-1523.5609160223103,-0.015235609160223103,-1330.9291748877972,0.0,-1330.9291748877972,63.55012660368683,0.0,63.55012660368683,21.728973853870613,23.29620549821707,18.524947251599144,-129.08161453093288,0.0,-129.08161453093288,0.0,-1523.560916022417,-6.909189352951361,-7.3502510022608706e-06,0.0,-0.00016128791188349856,-0.0019218672783685165,0.03121998078770413,0.4452054794520548,-0.5345387393832549,0.018720986841679,0.009737263475710467,-0.8125753292401536,-0.10265843860804472,0.010540595558282585,0.010540595558282585,0.41056218393859073,0.013685406131286357,0.00035135318527608614,0.0026064225511133188,-0.0024243123154972235,7.9808350444900755,False,USD_CAD
n120_none_k2_x1.0_tp0,17,0,17,0.4117647058823529,1.8542786809302485,2.6489695441860697,,24.06127450980392,0.4117647058823529,875.5729627439869,0.00875572962743987,973.185341301916,0.0,973.185341301916,23.623749676833185,0.0,23.623749676833185,8.547087331192635,12.227633235243005,2.8490291103975443,-73.98862888108533,0.0,-73.98862888108533,0.0,875.5729627439974,9.969896806934935,4.2329410325137335e-06,0.0,9.267221562607614e-05,0.0010929161437576163,0.06388088376560999,0.5541666666666667,0.2219587084395217,0.011309966244894776,0.0029116701221642747,0.7610975314233053,0.09663301552742913,0.012222210896350675,0.012222210896350675,0.1912366708900181,0.006374555696333937,0.0004074070298783558,0.004183743782927518,-0.0030424143464296005,7.9808350444900755,False,EUR_JPY
n120_none_k2_x1.0_tp0,16,0,16,0.1875,1.2235243324296623,5.30193877386187,,13.86458333333333,0.1875,291.85925510952075,0.0029185925510952075,420.3211151168971,0.0,420.3211151168971,36.24576094190884,0.0,36.24576094190884,20.208041997540853,11.372537432078651,4.665181512289339,-92.2160990654868,0.0,-92.2160990654868,0.0,291.8592551095015,3.2719525864929784,1.4199215019144222e-06,0.0,3.111971644200856e-05,0.00036523420027956277,0.040826128722382324,0.5,0.11229218656625227,0.009911789094492973,0.0029549129807935524,0.29142862865505015,0.03684846366257816,0.007406763112407958,0.007406763112407958,0.23239009993212423,0.011619504996606212,0.0003703381556203979,0.0022463051771113296,-0.003396412201795651,7.9808350444900755,False,AUD_JPY
n120_none_k2_x1.0_tp0,12,0,12,0.0,0.0,,,6.107638888888889,0.0,-1125.551977444702,-0.01125551977444702,-1094.2588269472894,0.0,-1094.2588269472894,26.33617896711403,0.0,26.33617896711403,13.612553991324246,3.648588981573616,9.075035994216167,-4.956971530314991,0.0,-4.956971530314991,0.0,-1125.5519774447184,-34.96799809393405,-6.4043339611940016e-06,0.0,-0.00013965910392743094,-0.0016697401803770218,0.012464589235127478,0.3728813559322034,-0.7631304473575123,0.011779957010144115,0.011779957010144115,-0.9549737537688657,-0.14174416586912436,0.002400961498956335,0.002400961498956335,0.11387977043321215,0.005693988521660607,0.00012004807494781677,0.002397177255540228,-0.0020234472720729313,6.7734428473648185,False,XAU_USD
n120_none_k2_x1.0_tp0,18,0,18,0.2777777777777778,0.7975155991191436,2.0735405577097734,,18.11574074074074,0.2777777777777778,-260.21313741913764,-0.0026021313741913764,135.51860779727122,0.0,135.51860779727122,151.5557669927366,0.0,151.5557669927366,82.66678199603814,0.0,68.88898499669845,-244.17597822368506,0.0,-244.17597822368506,0.0,-260.2131374191505,0.34245068644456983,-1.209244126765231e-06,0.0,-2.6785264506085385e-05,-0.0003264191677505579,0.05184108527131783,0.49767441860465117,-0.0588737059197559,0.012892845798347596,0.0036138484251664604,-0.20011527299227444,-0.025317852462983247,0.007852070064662294,0.007852070064662294,0.1561077131977585,0.007805385659887926,0.0003926035032331145,0.004980771427061326,-0.004243331583282384,7.9808350444900755,False,NAS100_USD
n120_none_k2_x1.0_tp0,11,0,11,0.18181818181818182,0.48342889595257066,2.175430031786568,,15.056818181818185,0.18181818181818182,-461.4866050949204,-0.004614866050949204,-221.23498918218087,0.0,-221.23498918218087,88.11464045266503,0.0,88.11464045266503,44.057320226332514,0.0,44.057320226332514,-152.13697546010948,0.0,-152.13697546010948,0.0,-461.4866050949554,-0.9208470392245028,-2.195077357470291e-06,0.0,-4.826578469530519e-05,-0.0005794139599946124,0.029069767441860465,0.4878048780487805,-0.11488055403684193,0.009245868632592802,0.0025829845096198454,-0.4968051886973268,-0.06266733640927023,0.005656604006402673,0.005656604006402673,0.25818940570432014,0.012909470285216006,0.0002828302003201336,0.004373933275428676,-0.0042972909450209595,7.9808350444900755,False,SPX500_USD
n120_none_k2_x1.0_tp0,6,0,6,0.0,0.0,,,5.958333333333335,0.0,-646.297096758135,-0.00646297096758135,-598.0367662237378,0.0,-598.0367662237378,16.73624700326738,0.0,16.73624700326738,8.36812350163369,0.0,8.36812350163369,-31.524083531124546,0.0,-31.524083531124546,0.0,-646.2970967581298,-12.391891220006395,-3.2041720514627317e-06,0.0,-6.821197368285938e-05,-0.0008126670045407458,0.0039584364176150424,0.27586206896551724,-0.5610238837435889,0.008060082238408706,0.002891841007125029,-0.8005602855727344,-0.10082614302223172,0.0008845813614944016,0.0008845813614944016,0.16159091410371826,0.008079545705185912,4.422906807472008e-05,0.0016849514325261161,-0.0016016031113808005,7.975359342915811,False,UK100_GBP
n120_none_k2_x1.0_tp0,10,0,10,0.3,3.102939506556695,7.240192181965622,,24.57916666666667,0.3,1359.7596236858953,0.013597596236858954,1424.1432049332807,0.0,1424.1432049332807,81.02911070890282,0.0,81.02911070890282,43.63105961248614,0.0,37.39805109641668,16.645529461537464,0.0,16.645529461537464,0.0,1359.7596236859154,17.575698319700397,6.61483797840068e-06,0.0,0.0001428093061793122,0.001693734174266881,0.04611650485436893,0.521978021978022,0.3068258676141594,0.010872919640644407,0.00461605061760909,1.2323358879233783,0.15577547064134267,0.0068864217426736875,0.0068864217426736875,0.11748597054433262,0.0058742985272166315,0.00034432108713368435,0.003432400909320954,-0.0027430708657343317,7.9808350444900755,False,JP225_USD
n120_none_k2_x1.0_tp0,19,0,19,0.10526315789473684,1.2755275534334014,10.84198420418391,,11.186403508771932,0.10526315789473684,449.462110637789,0.00449462110637789,554.2108350170896,0.0,554.2108350170896,55.07535903875912,0.0,55.07535903875912,33.045215423255456,0.0,22.03014361550366,-49.673365340552195,0.0,-49.673365340552195,0.0,449.46211063777827,5.290859991862112,2.2334860844240613e-06,0.0,4.789156570216572e-05,0.000562072845818884,0.03795620437956204,0.48148148148148145,0.11072490488976611,0.011874882336697201,0.004089649868386183,0.37233005566972627,0.04733291917191451,0.0030513949619465556,0.0030513949619465556,0.06509831301796556,0.006509831301796556,0.0003051394961946555,0.005394937946238798,-0.0030297272297155065,7.9808350444900755,False,WTICO_USD
n120_none_k2_x1.0_tp2,34,0,34,0.5294117647058824,1.6589454025657546,1.474618135614004,,15.748774509803923,0.5294117647058824,956.8850063490245,0.009568850063490245,1073.1202519177914,0.0,1073.1202519177914,35.92456273289133,0.0,35.92456273289133,4.761221067676306,22.44033906274454,8.72300260247049,-80.3106828357555,0.0,-80.3106828357555,0.0,956.8850063491444,9.232313715756916,4.603178059442975e-06,0.0,0.00010110027087126126,0.0011939907046329967,0.0792507204610951,0.5030487804878049,0.30316484637512003,0.011831700448087679,0.0027317139180803485,0.7995376678575454,0.10091454815575371,0.013492404565374988,0.013492404565374988,0.32606894657756613,0.010868964885918871,0.000449746818845833,0.0028912172757593613,-0.0019073112888132737,7.9808350444900755,False,EUR_USD
n120_none_k2_x1.0_tp2,38,0,38,0.3684210526315789,0.8521010121354298,1.4607445922321651,,12.233552631578947,0.3684210526315789,-289.6264120054984,-0.002896264120054984,-150.2994119520664,0.0,-150.2994119520664,56.180502218894205,0.0,56.180502218894205,12.620599471709737,29.600039873347743,13.959862873836727,-83.14649783458427,0.0,-83.14649783458427,0.0,-289.6264120055449,-1.078752947342413,-1.3692546512682357e-06,0.0,-2.9916569135078254e-05,-0.00036336290624539025,0.07108549471661864,0.4983164983164983,-0.09947371385176455,0.013814602696365474,0.004586381808569573,-0.2088002809224527,-0.02630281262746619,0.014316749108549786,0.014316749108549786,0.31310458043380296,0.010436819347793433,0.00047722497028499286,0.0027723289498857717,-0.0023352675185868144,7.9808350444900755,False,GBP_USD
n120_none_k2_x1.0_tp2,21,0,21,0.3333333333333333,1.0531021988089695,2.106204397617939,,11.037698412698413,0.3333333333333333,126.31681342776574,0.0012631681342776574,174.84182870711507,0.0,174.84182870711507,30.791820770723916,0.0,30.791820770723916,8.958800486226899,13.844829130476496,7.98819115402052,-71.52383635020269,0.0,-71.52383635020269,0.0,72.52617158618847,1.7088472441756395,6.211184338652214e-07,0.0,1.3709495578455226e-05,0.00015818781428178497,0.03890489913544669,0.47928994082840237,0.05730728452932168,0.007512680858142939,0.002702573916825296,0.16724744220229765,0.021056107302937853,0.005877766888748235,0.005877766888748235,0.2044860940696099,0.010224304703480496,0.00029388834443741177,0.002508580506079383,-0.001903760539165189,7.9808350444900755,False,AUD_USD
n120_none_k2_x1.0_tp2,26,0,26,0.23076923076923078,0.33790540888113474,1.1263513629371158,,7.544871794871795,0.23076923076923078,-1325.0570290790492,-0.013250570290790492,-1171.7229662620182,0.0,-1171.7229662620182,62.611099503240155,0.0,62.611099503240155,21.74011308777487,23.314792159776477,17.556194255688805,-90.72296331385301,0.0,-90.72296331385301,0.0,-1325.0570290791113,-7.641635163999569,-6.391352181355088e-06,0.0,-0.00014014071888359214,-0.0016700008234163954,0.03121998078770413,0.4452054794520548,-0.5758837765053364,0.016925215262065696,0.008839377685903815,-0.7816870491127035,-0.09866939932866617,0.007859776603033343,0.007859776603033343,0.41056218393859073,0.013685406131286357,0.00026199255343444476,0.001961355014657773,-0.002177753454760567,7.9808350444900755,False,USD_CAD
n120_none_k2_x1.0_tp2,25,0,25,0.6,1.6580564903407728,1.1053709935605152,,19.581666666666667,0.6,645.9915231925115,0.0064599152319251155,716.985616938818,0.0,716.985616938818,23.30768307276043,0.0,23.30768307276043,8.527806841884159,12.225148886160035,2.554727344716239,-47.68641067360256,0.0,-47.68641067360256,0.0,645.9915231924549,10.099229092216548,3.1105260749112982e-06,0.0,6.81468331074426e-05,0.0008071508429823293,0.06484149855907781,0.5625,0.26196150578108074,0.005465785583068539,0.0018052050437115232,1.17138963816043,0.14767334552651587,0.007774687082789509,0.007774687082789509,0.1912366708900181,0.006374555696333937,0.0002591562360929836,0.002095868408948265,-0.0016214070921246604,7.9808350444900755,False,EUR_JPY
n120_none_k2_x1.0_tp2,23,0,23,0.43478260869565216,1.211466240847277,1.57490611310146,,11.545289855072465,0.43478260869565216,236.82476009851962,0.002368247600985196,368.80845884489327,0.0,368.80845884489327,34.71351580275965,0.0,34.71351580275965,19.11851102255573,11.367036400795902,4.22796837940802,-97.270182943628,0.0,-97.270182943628,0.0,236.82476009850558,2.794348562344616,1.1450029871786278e-06,0.0,2.5110457493832407e-05,0.0002964349334955152,0.040826128722382324,0.5,0.13650228241148607,0.0073098357773054845,0.002342717020567634,0.32195738906283633,0.04055288552662746,0.00520302979566753,0.00520302979566753,0.2317333677924099,0.011586668389620495,0.0002601514897833765,0.0019131640284699714,-0.001698596768469618,7.9808350444900755,False,AUD_JPY
n120_none_k2_x1.0_tp2,13,0,13,0.07692307692307693,0.07724059622357532,0.9268871546829037,,6.695512820512821,0.07692307692307693,-990.1833857938182,-0.009901833857938181,-961.1614906119376,0.0,-961.1614906119376,26.17231680926487,0.0,26.17231680926487,13.612553991324248,3.6459270348469093,8.913835783093713,-2.849578372626498,0.0,-2.849578372626498,0.0,-990.183385793829,-33.11849500482202,-5.630974439234087e-06,0.0,-0.00012277350588171294,-0.0014680683040146913,0.012464589235127478,0.3728813559322034,-0.7513880052985266,0.011250216280695446,0.011250216280695446,-0.8796792529672202,-0.130492451645911,0.0022757384736818782,0.0022757384736818782,0.11387977043321215,0.005693988521660607,0.0001137869236840939,0.0018958119921732575,-0.0019659557630596902,6.7734428473648185,False,XAU_USD
n120_none_k2_x1.0_tp2,25,0,25,0.48,0.9465980168657246,1.0254811849378684,,14.34,0.48,-65.05924704491918,-0.0006505924704491917,219.2587724666102,0.0,219.2587724666102,144.99527077439734,0.0,144.99527077439734,82.65092733434503,0.0,62.344343440052306,-139.3227487371944,0.0,-139.3227487371944,0.0,-65.05924704498153,0.7711743801650636,-2.9381374456472664e-07,0.0,-6.501666387257933e-06,-8.154255281067613e-05,0.05232558139534884,0.5023255813953489,-0.02248533271183738,0.008317193362744169,0.0022822878598821594,-0.0777680486194327,-0.009804094873630789,0.00488824483638084,0.00488824483638084,0.11321172036792373,0.005660586018396188,0.00024441224181904206,0.0029456024955849536,-0.00212783241847303,7.9808350444900755,False,NAS100_USD
n120_none_k2_x1.0_tp2,15,0,15,0.4,0.7633278172555559,1.1449917258833338,,13.286111111111113,0.4,-193.3999415798462,-0.001933999415798462,-2.6876817664340535,0.0,-2.6876817664340535,89.1345168771939,0.0,89.1345168771939,49.46288017024209,0.0,39.67163670695182,-101.577742936093,0.0,-101.577742936093,0.0,-193.39994157972097,-0.014092863086334229,-9.206337438571031e-07,0.0,-2.0165548564490966e-05,-0.00024253567805321286,0.029554263565891473,0.4959349593495935,-0.07856980771986864,0.006147896378295603,0.0016909667584193483,-0.3132508798174741,-0.039450189646893764,0.003973744947065562,0.003973744947065562,0.25777872867893875,0.012888936433946936,0.0001986872473532781,0.0032148936145637297,-0.002168215459658729,7.9808350444900755,False,SPX500_USD
n120_none_k2_x1.0_tp2,7,0,7,0.14285714285714285,0.14718748065439105,0.8831248839263462,,6.1190476190476195,0.14285714285714285,-503.0527245667181,-0.005030527245667181,-459.14014602113866,0.0,-459.14014602113866,16.369745340674186,0.0,16.369745340674186,8.368123501633688,0.0,8.001621839040496,-27.5428332048809,0.0,-27.5428332048809,0.0,-503.0527245666937,-10.455777392913168,-2.4916339471240895e-06,0.0,-5.3052751425533124e-05,-0.0006321506680724287,0.0039584364176150424,0.27586206896551724,-0.4552728643401172,0.00759299274036862,0.002736144507778334,-0.661457325502624,-0.08325448076771629,0.0008010303726118848,0.0008010303726118848,0.16159091410371826,0.008079545705185912,4.0051518630594234e-05,0.0016849514325261161,-0.0016016031113808005,7.975359342915811,False,UK100_GBP
n120_none_k2_x1.0_tp2,13,0,13,0.46153846153846156,1.9939648631383196,2.3262923403280396,,19.153846153846153,0.46153846153846156,640.8710557044978,0.0064087105570449785,711.9275324105297,0.0,711.9275324105297,77.92080421976219,0.0,77.92080421976219,43.5216163949668,0.0,34.39918782479539,6.864327513841816,0.0,6.864327513841816,0.0,640.8710557046093,9.136552677288352,3.1208817535124217e-06,0.0,6.75114442916493e-05,0.0008007707815709253,0.04611650485436893,0.521978021978022,0.24897959148016932,0.007764926370836256,0.00278693757290503,0.817851308215453,0.1031266419445372,0.003813651693611779,0.003813651693611779,0.11748597054433263,0.005874298527216631,0.00019068258468058895,0.003543390476864916,-0.0013773007281902006,7.9808350444900755,False,JP225_USD
n120_none_k2_x1.0_tp2,22,0,22,0.22727272727272727,0.8996101678123697,3.0586745705620566,,11.50189393939394,0.22727272727272727,-158.37501009316475,-0.0015837501009316475,-68.4789196902936,0.0,-68.4789196902936,54.10866698426132,0.0,54.10866698426132,32.924411371273735,0.0,21.18425561298758,-35.78742341857143,0.0,-35.78742341857143,0.0,-158.37501009312635,-0.7617563720895222,-7.469334901102132e-07,0.0,-1.6348239472381053e-05,-0.00019858174842868337,0.03795620437956204,0.48148148148148145,-0.05370958960946436,0.010620512388653691,0.0030274513926407814,-0.14777210060777357,-0.018697944238626002,0.002243455377880474,0.002243455377880474,0.06509831301796558,0.006509831301796558,0.00022434553778804745,0.002705891402905225,-0.003017345618070544,7.9808350444900755,False,WTICO_USD
n120_none_k4_x0.5_tp0,19,0,19,0.42105263157894735,2.2102505676169986,3.0390945304733727,,20.480263157894736,0.42105263157894735,1769.7545092350192,0.017697545092350192,1926.4211180565064,0.0,1926.4211180565064,30.433462768426967,0.0,30.433462768426967,3.9556299182576957,18.56657301365388,7.911259836515391,-126.23314605299493,0.0,-126.23314605299493,0.0,1769.7545092350845,12.2963095489758,8.471046639181279e-06,0.0,0.00018591343873664598,0.002200529332946344,0.07348703170028818,0.5083056478405316,0.44762769654816464,0.011945693369450172,0.002792090173375872,1.4508627520135,0.1842111014312456,0.017730574313816475,0.017730574313816475,0.22609129829247085,0.007536376609749028,0.0005910191437938825,0.0028490023052896163,-0.0020388242268531975,7.9808350444900755,False,EUR_USD
n120_none_k4_x0.5_tp0,20,0,20,0.25,0.8944507668759335,2.6833523006278,,16.15,0.25,-212.86812649659987,-0.0021286812649659987,-64.13785074420238,0.0,-64.13785074420238,40.06112329155862,0.0,40.06112329155862,8.809261277368842,20.680748481347173,10.57111353284261,-108.66915246085584,0.0,-108.66915246085584,0.0,-212.86812649661687,-0.4312360104204351,-9.945620248847637e-07,0.0,-2.1438743095630582e-05,-0.0002669727728894511,0.059558117195004805,0.4940239043824701,-0.06559801889904067,0.0160039736349048,0.007643815259910795,-0.13241851507931404,-0.016681655380085182,0.016395277584679884,0.016395277584679884,0.22683652180651273,0.0075612173935504234,0.0005465092528226627,0.0018476690757154302,-0.002364967904250781,7.9808350444900755,False,GBP_USD
n120_none_k4_x0.5_tp0,15,0,15,0.26666666666666666,1.2777064311305937,3.5136926856091324,,18.083333333333332,0.26666666666666666,589.3789899220719,0.0058937898992207196,765.0976679331725,0.0,765.0976679331725,28.58093601545802,0.0,28.58093601545802,8.196083473121137,12.585185297805214,7.799667244531666,-201.17715371590393,0.0,-201.17715371590393,0.0,535.3395782018105,3.3300140544680756,2.8700446367466928e-06,0.0,6.300131878451337e-05,0.000736596291591729,0.04755043227665706,0.4714285714285714,0.14773226081414506,0.010654184254475174,0.004376239519738784,0.5481627342209692,0.06913680803692969,0.011139803352241186,0.011139803352241186,0.20448609406960996,0.010224304703480498,0.0005569901676120593,0.005007197572075794,-0.0037932050906751558,7.9808350444900755,False,AUD_USD
n120_none_k4_x0.5_tp0,20,0,20,0.2,0.4792219448997745,1.916887779599098,,14.814583333333335,0.2,-1426.7266134423553,-0.014267266134423553,-1248.7249121890898,0.0,-1248.7249121890898,56.036716327355094,0.0,56.036716327355094,19.118418901771957,20.55011256771858,16.368184857864566,-121.9649849259107,0.0,-121.9649849259107,0.0,-1426.7266134423558,-7.015241446554318,-6.860318226341142e-06,0.0,-0.00015056891077023238,-0.0017989461884988511,0.053794428434197884,0.47058823529411764,-0.3770890461737043,0.023732236138266916,0.012242888124004425,-0.6002534278158796,-0.07580179878617296,0.015889806466150767,0.015889806466150767,0.2212982677663091,0.007376608925543635,0.0005296602155383588,0.0035457724872414165,-0.0026178455901132436,7.9808350444900755,False,USD_CAD
n120_none_k4_x0.5_tp0,13,0,13,0.46153846153846156,1.7392061855007674,2.0290738830842288,,21.53846153846154,0.46153846153846156,835.528131967556,0.00835528131967556,902.9731062950882,0.0,902.9731062950882,19.06914121063378,0.0,19.06914121063378,6.815302596772815,9.982071081603362,2.2717675322576056,-48.37583311702365,0.0,-48.37583311702365,0.0,835.5281319674308,13.388293424330097,4.029185688423772e-06,0.0,8.813790651351437e-05,0.0010431124086436316,0.056676272814601344,0.5592417061611374,0.24985812258999643,0.00794569834443759,0.0021827896958128788,1.0379837002066714,0.1312801422135369,0.010028167696370171,0.010028167696370171,0.1930908930724141,0.006436363102413804,0.0003342722565456723,0.004183743782927296,-0.0036298888828112386,7.9808350444900755,False,EUR_JPY
n120_none_k4_x0.5_tp0,13,0,13,0.38461538461538464,1.1743275007472862,1.8789240011956578,,18.76602564102564,0.38461538461538464,189.02977786572592,0.001890297778657259,331.56995465751896,0.0,331.56995465751896,22.633671870513165,0.0,22.633671870513165,10.375564575079975,8.700770869691482,3.5573364257417075,-119.9065049211876,0.0,-119.9065049211876,0.0,189.02977786581818,2.326150858800003,9.283771503718759e-07,0.0,2.037633299155102e-05,0.0002366590540547886,0.04418828049951969,0.4919786096256685,0.0713678512891334,0.012660154555083403,0.0025142047928525535,0.14728888271872131,0.018693219978089717,0.007687493160909693,0.007687493160909693,0.1751816497437346,0.00875908248718673,0.00038437465804548474,0.0022463051771111076,-0.001700316154968684,7.9808350444900755,False,AUD_JPY
n120_none_k4_x0.5_tp0,9,0,9,0.3333333333333333,0.7814561726424001,1.5629123452848002,,18.5,0.3333333333333333,-146.15302728254755,-0.0014615302728254755,-88.47612318861884,0.0,-88.47612318861884,19.57822889251662,0.0,19.57822889251662,10.111699843138272,2.725395820619502,6.741133228758848,-38.09867520139653,0.0,-38.09867520139653,0.0,-146.15302728253198,-1.5339957055350348,-8.080742162399384e-07,0.0,-1.7809686652150407e-05,-0.00021590814061633878,0.03229461756373938,0.43846153846153846,-0.06318182492891437,0.009955491198386124,0.002670220668820833,-0.14576506404705988,-0.02168734182109864,0.00533624160382529,0.00533624160382529,0.11401652333766314,0.005700826166883157,0.0002668120801912645,0.0023927409975019742,-0.00201970986039135,6.7734428473648185,False,XAU_USD
n120_none_k4_x0.5_tp0,14,0,14,0.42857142857142855,1.3837454433765555,1.844993924502074,,21.93154761904762,0.42857142857142855,503.78014576405985,0.005037801457640599,813.8465876503647,0.0,813.8465876503647,123.49316186387361,0.0,123.49316186387361,67.3599064712038,0.0,56.13325539266981,-186.57328002250728,0.0,-186.57328002250728,0.0,503.78014576398374,2.624749014111583,2.4841804995303764e-06,0.0,5.337575643750206e-05,0.0006298509553632758,0.05571705426356589,0.5021834061135371,0.12527023230787487,0.009509745712927953,0.00310843024729262,0.5242780655900942,0.06623215534638635,0.007150157214289165,0.007150157214289165,0.10222223173136552,0.005111111586568276,0.0003575078607144582,0.004980771427061326,-0.004243331583282273,7.9808350444900755,False,NAS100_USD
n120_none_k4_x0.5_tp0,10,0,10,0.3,0.49294243801365717,1.1501990220318667,,16.1625,0.3,-616.117139263748,-0.00616117139263748,-391.29250495332155,0.0,-391.29250495332155,77.4933077613301,0.0,77.4933077613301,38.74665388066505,0.0,38.74665388066505,-147.33132654906342,0.0,-147.33132654906342,0.0,-616.1171392637151,-1.740434299619952,-2.9562668392246146e-06,0.0,-6.461038288023574e-05,-0.000774084087522664,0.02810077519379845,0.464,-0.170124839686427,0.009982716344149267,0.002579796622323648,-0.614810640944864,-0.07754243042038794,0.0054871079258960375,0.0054871079258960375,0.13016566296094909,0.006508283148047454,0.0002743553962948019,0.004373933275428676,-0.0042972909450210706,7.9808350444900755,False,SPX500_USD
n120_none_k4_x0.5_tp0,5,0,5,0.0,0.0,,,10.591666666666665,0.0,-1080.3003406222415,-0.010803003406222415,-1011.356016889957,0.0,-1011.356016889957,13.896928101615126,0.0,13.896928101615126,6.948464050807563,0.0,6.948464050807563,-55.04739563068754,0.0,-55.04739563068754,0.0,-1080.3003406222597,-14.669170167175107,-5.369189485183409e-06,0.0,-0.00011422289753138204,-0.001360990270664053,0.0054428500742206825,0.2682926829268293,-0.8314272826829724,0.012393138072735121,0.004336192951900501,-0.870291084432844,-0.10981805114059279,0.00134012770689797,0.00134012770689797,0.09771136881615548,0.004885568440807774,6.700638534489852e-05,0.0016849514325261161,-0.0017320768623041438,7.975359342915811,False,UK100_GBP
n120_none_k4_x0.5_tp0,8,0,8,0.375,3.550257222707159,5.917095371178599,,31.479166666666664,0.375,1646.359082764553,0.01646359082764553,1724.0725675537997,0.0,1724.0725675537997,65.69129879034483,0.0,65.69129879034483,35.37223781018568,0.0,30.319060980159158,-12.022185998913763,0.0,-12.022185998913763,0.0,1646.3590827645412,22.184985942003436,7.981687733325682e-06,0.0,0.000172571023860636,0.0020481882484066904,0.0470873786407767,0.5159574468085106,0.3829121963419334,0.010516132331849337,0.0032255854615049055,1.5357421542761727,0.19476630606896347,0.00686593650146715,0.00686593650146715,0.11748597054433263,0.005874298527216631,0.0003432968250733575,0.003432400909320954,-0.0027430708657344427,7.9808350444900755,False,JP225_USD
n120_none_k4_x0.5_tp0,16,0,16,0.3125,1.1970810737867437,2.633578362330836,,20.791666666666668,0.3125,347.59916803389206,0.0034759916803389205,437.88983693122657,0.0,437.88983693122657,46.122286384382775,0.0,46.122286384382775,27.992817481840934,0.0,18.12946890254184,-47.25635714135837,0.0,-47.25635714135837,0.0,344.5111934054854,4.689400278239381,1.7368014066242528e-06,0.0,3.724134577162083e-05,0.00043488166618699253,0.054501216545012166,0.4890829694323144,0.08873496153210816,0.01528351301584241,0.00216227251729228,0.2231823057605871,0.028454300116485514,0.0050224224491499615,0.0050224224491499615,0.06771639839306211,0.006771639839306212,0.0005022422449149962,0.0032421352836053963,-0.0034190646899320276,7.9808350444900755,False,WTICO_USD
n120_none_k4_x0.5_tp2,26,0,26,0.5769230769230769,2.119615905838513,1.5543849976149098,,18.097756410256412,0.5769230769230769,1636.9091597799852,0.016369091597799854,1765.5068176831041,0.0,1765.5068176831041,29.83068998790944,0.0,29.83068998790944,3.9525556116431875,18.561350195948965,7.316784180317288,-98.76696791524701,0.0,-98.76696791524701,0.0,1636.9091597799477,13.728918912447545,7.829599899273892e-06,0.0,0.00017178758833263393,0.002036514928871247,0.07348703170028818,0.5083056478405316,0.49876001356071786,0.011945693369450172,0.0018949805064341467,1.3452055486391632,0.1704810985756101,0.014912190491796033,0.014912190491796033,0.22609129829247085,0.007536376609749028,0.0004970730163932011,0.0027093539063021144,-0.0020388242268531975,7.9808350444900755,False,EUR_USD
n120_none_k4_x0.5_tp2,23,0,23,0.34782608695652173,0.7344497526973982,1.3770932863076215,,16.115942028985508,0.34782608695652173,-535.1674157710222,-0.005351674157710222,-400.7479628453623,0.0,-400.7479628453623,39.617191533406015,0.0,39.617191533406015,8.799719417887193,20.665835805028422,10.151636310490396,-94.80226139220605,0.0,-94.80226139220605,0.0,-535.1674157709743,-2.981324161965879,-2.55359082042847e-06,0.0,-5.580784263028204e-05,-0.000672140454353598,0.059558117195004805,0.4940239043824701,-0.1859267903746552,0.0160039736349048,0.00818435095226916,-0.33335965500142645,-0.04199834801574867,0.014757524270480157,0.014757524270480157,0.22683652180651273,0.007561217393550424,0.0004919174756826719,0.0018476690757154302,-0.002364967904250781,7.9808350444900755,False,GBP_USD
n120_none_k4_x0.5_tp2,19,0,19,0.42105263157894735,0.9986515979443984,1.3731459471735479,,17.967105263157894,0.42105263157894735,51.15856686059851,0.0005115856686059851,170.31759393343634,0.0,170.31759393343634,28.043021355956814,0.0,28.043021355956814,8.174638396323731,12.565252617372046,7.303130342261038,-144.8662704584445,0.0,-144.8662704584445,0.0,-2.591697880964972,0.9850112284090153,2.7155378327025616e-07,0.0,6.0672793428403305e-06,6.408743435493136e-05,0.04755043227665706,0.4714285714285714,0.01893482759727989,0.009370839227911043,0.003575969454582939,0.05450706141320162,0.00683902826590461,0.008791890393756108,0.008791890393756108,0.2044860940696099,0.010224304703480494,0.00043959451968780534,0.0030558197408996346,-0.0024319036224912383,7.9808350444900755,False,AUD_USD
n120_none_k4_x0.5_tp2,24,0,24,0.3333333333333333,0.5055864133654119,1.0111728267308238,,14.748263888888891,0.3333333333333333,-1354.9030659395648,-0.013549030659395648,-1196.8317937311188,0.0,-1196.8317937311188,55.18937312446989,0.0,55.18937312446989,19.132901399336987,20.567531684316133,15.488940040816763,-102.88189908405768,0.0,-102.88189908405768,0.0,-1354.9030659396465,-7.571469356887687,-6.521880721861348e-06,0.0,-0.00014289521653129892,-0.0017078418606047974,0.053794428434197884,0.47058823529411764,-0.420592802142035,0.02253830248669564,0.011645921298218787,-0.600232586679691,-0.07577508827973786,0.01369563674933917,0.01369563674933917,0.2212834530215304,0.00737611510071768,0.00045652122497797233,0.0028584592531282205,-0.0026178455901132436,7.9808350444900755,False,USD_CAD
n120_none_k4_x0.5_tp2,17,0,17,0.5882352941176471,1.6054111688569643,1.123787818199875,,21.75,0.5882352941176471,683.5410085912299,0.006835410085912299,746.7248208993501,0.0,746.7248208993501,18.888314458039705,0.0,18.888314458039705,6.806786636652167,9.991004771363771,2.0905230500237666,-44.295497849963574,0.0,-44.295497849963574,0.0,683.5410085913468,11.818293224525247,3.2932451705988475e-06,0.0,7.209943610885987e-05,0.000853928527400516,0.056676272814601344,0.5592417061611374,0.25317032637825854,0.006244871654054962,0.0019022203132880906,1.08386249661014,0.13674076501572893,0.008680395087054147,0.008680395087054147,0.19309089307241412,0.0064363631024138045,0.00028934650290180484,0.0020939387549185895,-0.002149870335239723,7.9808350444900755,False,EUR_JPY
n120_none_k4_x0.5_tp2,17,0,17,0.5294117647058824,1.38503914677037,1.2311459082403289,,18.627450980392158,0.5294117647058824,380.5207520050317,0.0038052075200503167,505.0732802447204,0.0,505.0732802447204,22.461489033902975,0.0,22.461489033902975,10.37832902578179,8.729784311375669,3.3533756967455175,-102.09103920572501,0.0,-102.09103920572501,0.0,380.52075200509245,4.055102593124439,1.8422284256779398e-06,0.0,4.033373852145042e-05,0.0004760015540203888,0.04418828049951969,0.4919786096256685,0.15397327525601595,0.009855672720876951,0.0020767792741513136,0.3818165954070415,0.048297215979188325,0.0071282382174606964,0.0071282382174606964,0.1751816497437346,0.00875908248718673,0.0003564119108730348,0.0022463051771111076,-0.001700316154968684,7.9808350444900755,False,AUD_JPY
n120_none_k4_x0.5_tp2,11,0,11,0.45454545454545453,0.9109253819575385,1.0931104583490463,,17.602272727272723,0.45454545454545453,-59.54103034950094,-0.0005954103034950094,-4.732661993874721,0.0,-4.732661993874721,19.243764176606746,0.0,19.243764176606746,10.10868870205558,2.7226822450312222,6.412393229519943,-35.56460417908629,0.0,-35.56460417908629,0.0,-59.541030349567755,-0.08634925898835177,-3.2120797376887505e-07,0.0,-7.133782491962217e-06,-8.792595727635799e-05,0.03229461756373938,0.43846153846153846,-0.028284994539726747,0.008269347946171957,0.002307506081855907,-0.07165390394777373,-0.01063275579268141,0.005030598820123411,0.005030598820123411,0.11401652333766309,0.005700826166883154,0.00025152994100617056,0.0022214954546762034,-0.0015335341888844667,6.7734428473648185,False,XAU_USD
n120_none_k4_x0.5_tp2,20,0,20,0.6,1.5664902920398407,1.0443268613598937,,19.970833333333335,0.6,744.3193757801346,0.007443193757801346,1001.7917544367314,0.0,1001.7917544367314,117.94359676782219,0.0,117.94359676782219,67.39569239165577,0.0,50.54790437616641,-139.5287818887702,0.0,-139.5287818887702,0.0,744.3193757801389,3.8908707786977264,3.62097829692435e-06,0.0,7.852373449547081e-05,0.0009296115174015629,0.05571705426356589,0.5021834061135371,0.2422502254085858,0.0065946297484189564,0.0023408086232745984,1.1171580195459603,0.14096492947529535,0.005595035083965676,0.005595035083965676,0.10222223173136549,0.005111111586568275,0.0002797517541982838,0.0030947856977867616,-0.0021617624793610624,7.9808350444900755,False,NAS100_USD
n120_none_k4_x0.5_tp2,12,0,12,0.4166666666666667,0.6421085437849059,0.8989519612988681,,14.868055555555555,0.4166666666666667,-435.2202276985772,-0.004352202276985772,-234.59688815087617,0.0,-234.59688815087617,75.61277160374541,0.0,75.61277160374541,38.77216923229345,0.0,36.84060237145197,-125.01056794391488,0.0,-125.01056794391488,0.0,-435.2202276985365,-1.1693399615409408,-2.0920309598402e-06,0.0,-4.5547373924188274e-05,-0.0005463725273219255,0.02810077519379845,0.464,-0.16121178220653615,0.009181762331284538,0.002228399061857727,-0.47241003323108044,-0.059506280777961225,0.00483296389981672,0.00483296389981672,0.13016566296094909,0.006508283148047454,0.000241648194990836,0.0046353826819418575,-0.002148600904158471,7.9808350444900755,False,SPX500_USD
n120_none_k4_x0.5_tp2,5,0,5,0.0,0.0,,,10.591666666666665,0.0,-1080.3003406222415,-0.010803003406222415,-1011.356016889957,0.0,-1011.356016889957,13.896928101615126,0.0,13.896928101615126,6.948464050807563,0.0,6.948464050807563,-55.04739563068754,0.0,-55.04739563068754,0.0,-1080.3003406222597,-14.669170167175107,-5.369189485183409e-06,0.0,-0.00011422289753138204,-0.001360990270664053,0.0054428500742206825,0.2682926829268293,-0.8314272826829724,0.012393138072735121,0.004336192951900501,-0.870291084432844,-0.10981805114059279,0.00134012770689797,0.00134012770689797,0.09771136881615548,0.004885568440807774,6.700638534489852e-05,0.0016849514325261161,-0.0017320768623041438,7.975359342915811,False,UK100_GBP
n120_none_k4_x0.5_tp2,11,0,11,0.5454545454545454,2.6977409602121414,2.248117466843451,,25.469696969696972,0.5454545454545454,1094.4840474473167,0.010944840474473166,1175.216262076615,0.0,1175.216262076615,62.66308527305159,0.0,62.66308527305159,35.308523756054576,0.0,27.35456151699702,-18.06912935617404,0.0,-18.06912935617404,0.0,1094.4840474473895,14.556967964696195,5.31025677634642e-06,0.0,0.00011501786098251132,0.0013648704671076484,0.0470873786407767,0.5159574468085106,0.36894436693946436,0.007468960587741824,0.0023064800025185505,1.4453180250954891,0.182739010478606,0.004776658906019197,0.004776658906019197,0.11748597054433263,0.0058742985272166315,0.00023883294530095987,0.003432400909320954,-0.0018129796097147155,7.9808350444900755,False,JP225_USD
n120_none_k4_x0.5_tp2,20,0,20,0.45,1.140150206350902,1.3935169188733245,,21.61875,0.45,247.78869134887645,0.0024778869134887646,338.86205047293106,0.0,338.86205047293106,44.91825950815584,0.0,44.91825950815584,27.962545361319208,0.0,16.95571414683663,-49.24000279850837,0.0,-49.24000279850837,0.0,244.7037881662668,3.5988562466168994,1.245621552226802e-06,0.0,2.6679771183021162e-05,0.0003101437074259916,0.054501216545012166,0.4890829694323144,0.06876569210601835,0.012865147941700905,0.0018452788551577863,0.18965678369757807,0.024107278737207232,0.00462091210232864,0.00462091210232864,0.06771639839306212,0.0067716398393062125,0.000462091210232864,0.0032421352836053963,-0.0034190646899321386,7.9808350444900755,False,WTICO_USD
n120_none_k4_x1.0_tp0,19,0,19,0.42105263157894735,1.4320486794625733,1.9690669342610383,,27.982456140350877,0.42105263157894735,901.5528336452844,0.009015528336452845,1097.3788499774344,0.0,1097.3788499774344,30.22567775900135,0.0,30.22567775900135,3.932337790404852,18.428664387786792,7.864675580809704,-165.60033857322844,0.0,-165.60033857322844,0.0,901.5528336452045,5.6038460595331205,4.369972169038473e-06,0.0,9.616415084738521e-05,0.0011252180472711704,0.09606147934678194,0.49627791563275436,0.20164613684671698,0.018031951013551928,0.003712555313505194,0.49360239815105295,0.06240134783116435,0.023686492026526763,0.023686492026526763,0.2260912982924709,0.007536376609749031,0.0007895497342175588,0.0028490023052896163,-0.00317386950717391,7.9808350444900755,False,EUR_USD
n120_none_k4_x1.0_tp0,20,0,20,0.25,0.6194373813268012,1.8583121439804036,,23.325000000000003,0.25,-885.6290276225482,-0.008856290276225481,-693.2718006362809,0.0,-693.2718006362809,39.92560287597033,0.0,39.92560287597033,8.779543473687307,20.61060723385825,10.535452168424769,-152.43162411021117,0.0,-152.43162411021117,0.0,-885.6290276224623,-3.60408502190606,-4.225931637358656e-06,0.0,-9.247120802812027e-05,-0.0011140168085310709,0.08501440922190202,0.5014164305949008,-0.21934338045781512,0.021332929598667505,0.008117973603729308,-0.4127289601758138,-0.052220526176613574,0.024100063908498923,0.024100063908498923,0.22683652180651281,0.007561217393550428,0.0008033354636166307,0.002752988503917697,-0.002364967904250781,7.9808350444900755,False,GBP_USD
n120_none_k4_x1.0_tp0,15,0,15,0.26666666666666666,0.9833553741636477,2.704227278950031,,19.405555555555555,0.26666666666666666,16.890358336328063,0.00016890358336328062,189.75552932142963,0.0,189.75552932142963,28.500650458317445,0.0,28.500650458317445,8.173043319394017,12.548723907495264,7.778883231428164,-198.09637543369078,0.0,-198.09637543369078,0.0,-36.841496570578585,0.8374140330149941,1.3032031966639413e-07,0.0,3.0001921192466136e-06,2.1162084773873602e-05,0.04899135446685879,0.4594594594594595,0.006592503552565256,0.012434251435534893,0.006283769059057013,0.013499623655160293,0.001701918678706794,0.011853281007947511,0.011853281007947511,0.20448609406960996,0.010224304703480498,0.0005926640503973755,0.005007197572075794,-0.003793205090675267,7.9808350444900755,False,AUD_USD
n120_none_k4_x1.0_tp0,20,0,20,0.25,0.5254419813029132,1.5763259439087398,,19.918750000000003,0.25,-1411.6279618970584,-0.014116279618970584,-1163.0809429306726,0.0,-1163.0809429306726,53.402741424383386,0.0,53.402741424383386,16.41118238516669,20.580376654050006,16.41118238516669,-195.14427754200827,0.0,-195.14427754200827,0.0,-1411.627961897064,-4.679520791548675,-6.776069392094633e-06,0.0,-0.00014886672115452102,-0.001779789537741161,0.07348703170028818,0.49514563106796117,-0.3322922302675608,0.026794872927668134,0.008447099757544041,-0.5242700522531895,-0.06642276462910063,0.02157384139282497,0.02157384139282497,0.2218351316525049,0.0073945043884168305,0.000719128046427499,0.0035457724872414165,-0.0026178455901132436,7.9808350444900755,False,USD_CAD
n120_none_k4_x1.0_tp0,13,0,13,0.46153846153846156,1.380097697099122,1.6101139799489756,,32.34935897435897,0.46153846153846156,515.6929770740389,0.005156929770740389,583.3617447221399,0.0,583.3617447221399,19.000856552049555,0.0,19.000856552049555,6.794152092846398,9.941987094921027,2.2647173642821326,-48.66791109603225,0.0,-48.66791109603225,0.0,515.692977074058,8.620841859511481,2.5146621841458102e-06,0.0,5.502484933924164e-05,0.0006447115163015216,0.08165225744476465,0.5448717948717948,0.1343594452695236,0.009889356517414294,0.0026508188476857928,0.5162467877335736,0.06519246375294903,0.014945512440333117,0.014945512440333117,0.1930908930724141,0.006436363102413803,0.0004981837480111038,0.004183743782927296,-0.0036298888828112386,7.9808350444900755,False,EUR_JPY
n120_none_k4_x1.0_tp0,13,0,13,0.23076923076923078,0.8543223716291799,2.847741238763933,,22.51602564102564,0.23076923076923078,-271.5939618353732,-0.002715939618353732,-113.06545531259334,0.0,-113.06545531259334,22.559713993928586,0.0,22.559713993928586,10.331000058918296,8.68665677195259,3.542057163057702,-135.96879252894226,0.0,-135.96879252894226,0.0,-271.5939618354642,-0.7132184475369509,-1.280757863758218e-06,0.0,-2.7961764436984798e-05,-0.0003407126103378566,0.05091258405379443,0.47533632286995514,-0.09000588054613115,0.013497127097055195,0.004861059478805596,-0.19955874451698255,-0.02524334311204592,0.009505535067306047,0.009505535067306047,0.1751816497437346,0.00875908248718673,0.0004752767533653024,0.0022463051771113296,-0.002180029051509158,7.9808350444900755,False,AUD_JPY
n120_none_k4_x1.0_tp0,9,0,9,0.3333333333333333,2.008831679348102,4.017663358696204,,32.125,0.3333333333333333,867.2392066277389,0.008672392066277389,942.5001503859019,0.0,942.5001503859019,19.62188271676335,0.0,19.62188271676335,10.144065315737832,2.7151071905336273,6.762710210491888,-55.63906104134532,0.0,-55.63906104134532,0.0,867.2392066277931,12.523097682845044,4.92483110570429e-06,0.0,0.00010727956109321844,0.0012756451204976038,0.057790368271954676,0.4700460829493088,0.30667192438928187,0.008315691298941164,0.002666086225638198,1.02969528334098,0.15340217363047515,0.00950630776449739,0.00950630776449739,0.11401652333766311,0.005700826166883156,0.0004753153882248693,0.0023927409975019742,-0.002019709860391461,6.7734428473648185,False,XAU_USD
n120_none_k4_x1.0_tp0,14,0,14,0.42857142857142855,1.2913762336708767,1.7218349782278355,,31.529761904761905,0.42857142857142855,394.361428941309,0.00394361428941309,781.4360707009337,0.0,781.4360707009337,123.5800117223203,0.0,123.5800117223203,67.4072791212656,0.0,56.17273260105469,-263.4946300373331,0.0,-263.4946300373331,0.0,394.36142894128034,2.018825276562941,1.9664951614962095e-06,0.0,4.21066277268789e-05,0.0004932853861983055,0.07994186046511628,0.5108359133126935,0.09039590176017162,0.011979368372797894,0.002675485206710622,0.3245795432762963,0.04117791279533831,0.009766419618360184,0.009766419618360184,0.10222223173136549,0.005111111586568275,0.0004883209809180092,0.004980771427061326,-0.004243331583282384,7.9808350444900755,False,NAS100_USD
n120_none_k4_x1.0_tp0,10,0,10,0.2,0.320971284581631,1.283885138326524,,23.0875,0.2,-911.5395799596299,-0.009115395799596299,-626.0120195814384,0.0,-626.0120195814384,77.37589111181188,0.0,77.37589111181188,38.68794555590594,0.0,38.68794555590594,-208.15166926628999,0.0,-208.15166926628999,0.0,-911.5395799595402,-2.1924749357030877,-4.387746081970075e-06,0.0,-9.590467872083905e-05,-0.001146740122972556,0.03827519379844961,0.4540229885057471,-0.22273424173738568,0.011778377234348825,0.0020091110273968388,-0.7718294451885009,-0.09735977207695151,0.007531617000684415,0.007531617000684415,0.13153925004187944,0.006576962502093971,0.00037658085003422075,0.004373933275428898,-0.0042972909450209595,7.9808350444900755,False,SPX500_USD
n120_none_k4_x1.0_tp0,5,0,5,0.0,0.0,,,10.591666666666665,0.0,-1091.8804301166965,-0.010918804301166965,-1022.9361063844048,0.0,-1022.9361063844048,13.896928101615126,0.0,13.896928101615126,6.948464050807563,0.0,6.948464050807563,-55.04739563068754,0.0,-55.04739563068754,0.0,-1091.8804301167074,-14.83713308083586,-5.427099343936025e-06,0.0,-0.00011545264779437029,-0.001375649448979055,0.0054428500742206825,0.2682926829268293,-0.8389755529451932,0.012508752817683266,0.004374731200216549,-0.871489946014751,-0.10997494866429358,0.00134012770689797,0.00134012770689797,0.09771136881615548,0.004885568440807774,6.700638534489852e-05,0.0016849514325261161,-0.0017320768623041438,7.975359342915811,False,UK100_GBP
n120_none_k4_x1.0_tp0,8,0,8,0.375,2.287296057799409,3.8121600963323474,,41.776041666666664,0.375,1127.8956317422708,0.011278956317422708,1203.778269440889,0.0,1203.778269440889,65.50200265227372,0.0,65.50200265227372,35.27030912045508,0.0,30.23169353181864,-10.380635046264107,0.0,-10.380635046264107,0.0,1127.8956317423513,15.863685105717993,5.5111004879571746e-06,0.0,0.00011884532737779639,0.0014063325256243875,0.06165048543689321,0.5120967741935484,0.2397764230478057,0.011492940099353421,0.004305716075697556,0.9662248334998849,0.12236490519110127,0.008907346867685129,0.008907346867685129,0.11748597054433259,0.005874298527216629,0.0004453673433842564,0.003432400909320954,-0.0027430708657344427,7.9808350444900755,False,JP225_USD
n120_none_k4_x1.0_tp0,16,0,16,0.3125,1.8387332211858107,4.045213086608784,,26.609375,0.3125,1572.0186978006823,0.015720186978006822,1677.1080657495859,0.0,1677.1080657495859,46.414646436832655,0.0,46.414646436832655,28.17213131950936,0.0,18.242515117323293,-61.80037493363294,0.0,-61.80037493363294,0.0,1568.8930443791203,15.49792297326393,7.672442317823661e-06,0.0,0.00016542676650093123,0.001956331259148625,0.06861313868613139,0.5035714285714286,0.3002889334507547,0.01625527971211571,0.002244721023913393,0.9366376063455243,0.12035051342060221,0.006153547133153888,0.006153547133153888,0.06771639839306214,0.006771639839306214,0.0006153547133153889,0.005394937946238576,-0.0034190646899322497,7.9808350444900755,False,WTICO_USD
n120_none_k4_x1.0_tp2,26,0,26,0.5769230769230769,1.422257085244932,1.0429885291796168,,23.5801282051282,0.5769230769230769,881.1804343821277,0.008811804343821276,1033.9614938435452,0.0,1033.9614938435452,29.661544270935497,0.0,29.661544270935497,3.931543397181446,18.450835304969733,7.279165568784319,-123.11951519046656,0.0,-123.11951519046656,0.0,881.1804343821432,6.767602590848381,4.251573286620436e-06,0.0,9.345759662584435e-05,0.0010998887729023465,0.09606147934678194,0.49627791563275436,0.24562454803380612,0.018031951013551928,0.002623308373331912,0.4831162179740172,0.060996659322983086,0.018774312085587015,0.018774312085587015,0.2260912982924709,0.007536376609749031,0.0006258104028529004,0.0027093539063018923,-0.0020388242268533086,7.9808350444900755,False,EUR_USD
n120_none_k4_x1.0_tp2,24,0,24,0.375,0.6214596003848114,1.0357660006413525,,22.63888888888889,0.375,-882.3506428394758,-0.008823506428394757,-713.8692569025743,0.0,-713.8692569025743,39.440289149074275,0.0,39.440289149074275,8.79002113803199,20.64829940198883,10.001968609053458,-129.0410967877577,0.0,-129.0410967877577,0.0,-882.3506428394063,-4.237080867617164,-4.221698997770333e-06,0.0,-9.249967259950327e-05,-0.001109876958601208,0.08501440922190202,0.5014164305949008,-0.25289704851672845,0.018547616084117147,0.007189535765545855,-0.4733226302428389,-0.059839332104335896,0.020586108467309367,0.020586108467309367,0.22683652180651273,0.007561217393550425,0.000686203615576979,0.002453155790960393,-0.00236496790425067,7.9808350444900755,False,GBP_USD
n120_none_k4_x1.0_tp2,19,0,19,0.42105263157894735,0.8038703850576456,1.1053217794542627,,19.010964912280702,0.42105263157894735,-379.52145751837816,-0.0037952145751837816,-261.461626299503,0.0,-261.461626299503,27.97152968645719,0.0,27.97152968645719,8.154477959701952,12.530847202008818,7.2862045247464176,-143.6071929879205,0.0,-143.6071929879205,0.0,-433.04034897388067,-1.5238580997930913,-1.7996167605394824e-06,0.0,-3.930040559944117e-05,-0.00047633223484611076,0.04899135446685879,0.4594594594594595,-0.12354167698261957,0.012257534306863604,0.0062669744675655226,-0.30915234315479595,-0.038860363179190824,0.009292575542674788,0.009292575542674788,0.20448609406960994,0.010224304703480496,0.0004646287771337395,0.0030558197408994126,-0.0024319036224911272,7.9808350444900755,False,AUD_USD
n120_none_k4_x1.0_tp2,25,0,25,0.4,0.5774057645727949,0.8661086468591923,,19.325000000000003,0.4,-1257.3300506505184,-0.012573300506505184,-1042.419967714474,0.0,-1042.419967714474,52.37568437554289,0.0,52.37568437554289,16.423080992809464,20.60632772206909,15.346275660664329,-162.5343985605791,0.0,-162.5343985605791,0.0,-1257.3300506505961,-4.8504935341926885,-6.041076859763048e-06,0.0,-0.0001324526910315272,-0.001584168617806414,0.07348703170028818,0.49514563106796117,-0.3561428758433987,0.02375729375975999,0.007183962474998085,-0.5268705129388233,-0.06668135831572165,0.018263617963091408,0.018263617963091408,0.22182028779260382,0.007394009593086794,0.0006087872654363803,0.0028584592531282205,-0.0026178455901132436,7.9808350444900755,False,USD_CAD
n120_none_k4_x1.0_tp2,19,0,19,0.631578947368421,1.5725719739629014,0.9173336514783591,,30.370614035087723,0.631578947368421,753.6530418784241,0.007536530418784241,815.9435789830425,0.0,815.9435789830425,18.769397515598683,0.0,18.769397515598683,6.797271391486303,9.979828454532367,1.992297669580011,-43.5211395890165,0.0,-43.5211395890165,0.0,753.6530418784273,13.098997326234135,3.633302014488297e-06,0.0,7.959032500392158e-05,0.0009412305320652958,0.08165225744476465,0.5448717948717948,0.2480695612354791,0.007217638805458337,0.0018941368478887191,1.034465345539677,0.13040698730358888,0.011972444298953524,0.011972444298953524,0.19309089307241412,0.0064363631024138045,0.00039908147663178414,0.0020939387549185895,-0.002149870335239501,7.9808350444900755,False,EUR_JPY
n120_none_k4_x1.0_tp2,18,0,18,0.4444444444444444,0.9730312871228087,1.2162891089035108,,22.888888888888893,0.4444444444444444,-46.85210685484344,-0.0004685210685484344,100.57930927061054,0.0,100.57930927061054,22.324163997060495,0.0,22.324163997060495,10.33496980355601,8.717966841033721,3.2712273524707642,-125.1072521284368,0.0,-125.1072521284368,0.0,-46.852106854886756,0.6822108334426831,-2.035184734378266e-07,0.0,-4.4507372217307335e-06,-5.8717803037455774e-05,0.05091258405379443,0.47533632286995514,-0.015551394122595326,0.010515907610047837,0.006806893698066752,-0.04429536960381423,-0.005583712335143715,0.00865427129156125,0.00865427129156125,0.1751816497437346,0.00875908248718673,0.0004327135645780625,0.0022463051771111076,-0.002180029051509158,7.9808350444900755,False,AUD_JPY
n120_none_k4_x1.0_tp2,13,0,13,0.5384615384615384,1.9844328813852383,1.7009424697587758,,33.30448717948718,0.5384615384615384,821.4065614208084,0.008214065614208085,892.0826178188343,0.0,892.0826178188343,21.784943539901626,0.0,21.784943539901626,13.114363097859606,2.7128674506446906,5.957712991397331,-48.8911128582057,0.0,-48.8911128582057,0.0,821.4065614207269,12.622133481724989,4.659911057679687e-06,0.0,0.00010146510505554605,0.0012084630958482112,0.057790368271954676,0.4700460829493088,0.330356654956907,0.008315691298940386,0.0019405684080183122,0.9777255734933658,0.14532322718643942,0.008378199558694963,0.008378199558694963,0.11401652333766309,0.005700826166883155,0.0004189099779347482,0.0022214954546757593,-0.0015335341888845777,6.7734428473648185,False,XAU_USD
n120_none_k4_x1.0_tp2,21,0,21,0.6190476190476191,1.6654922322309296,1.024918296757495,,27.263888888888886,0.6190476190476191,894.104293831042,0.00894104293831042,1200.7355437598872,0.0,1200.7355437598872,117.41037638071265,0.0,117.41037638071265,67.47255081997953,0.0,49.93782556073311,-189.22087354823054,0.0,-189.22087354823054,0.0,894.1042938309439,3.9158942346487455,4.345514020186149e-06,0.0,9.427744756199265e-05,0.0011159576976833563,0.07994186046511628,0.5108359133126935,0.2690011328887314,0.008164789920460436,0.0016925065803035818,1.0793140992567192,0.13667929102337814,0.007293177557993075,0.007293177557993075,0.10222223173136553,0.005111111586568276,0.0003646588778996537,0.0030947856977867616,-0.0021617624793610624,7.9808350444900755,False,NAS100_USD
n120_none_k4_x1.0_tp2,13,0,13,0.38461538461538464,0.6706212518347562,1.07299400293561,,20.762820512820515,0.38461538461538464,-415.80473876476754,-0.004158047387647675,-177.7055830340768,0.0,-177.7055830340768,74.76594112333228,0.0,74.76594112333228,38.72440386103483,0.0,36.041537262297446,-163.33321460730056,0.0,-163.33321460730056,0.0,-415.80473876470967,-0.7463511682297576,-1.992255664365027e-06,0.0,-4.3492042100389204e-05,-0.0005219539772624016,0.03827519379844961,0.4540229885057471,-0.13730145695136106,0.010481367430270394,0.0018238239125284914,-0.39564233872610594,-0.0497982711449451,0.006244348007712863,0.006244348007712863,0.13153925004187944,0.006576962502093971,0.0003122174003856431,0.0046353826819418575,-0.0021486009041582488,7.9808350444900755,False,SPX500_USD
n120_none_k4_x1.0_tp2,5,0,5,0.0,0.0,,,10.591666666666665,0.0,-1091.8804301166965,-0.010918804301166965,-1022.9361063844048,0.0,-1022.9361063844048,13.896928101615126,0.0,13.896928101615126,6.948464050807563,0.0,6.948464050807563,-55.04739563068754,0.0,-55.04739563068754,0.0,-1091.8804301167074,-14.83713308083586,-5.427099343936025e-06,0.0,-0.00011545264779437029,-0.001375649448979055,0.0054428500742206825,0.2682926829268293,-0.8389755529451932,0.012508752817683266,0.004374731200216549,-0.871489946014751,-0.10997494866429358,0.00134012770689797,0.00134012770689797,0.09771136881615548,0.004885568440807774,6.700638534489852e-05,0.0016849514325261161,-0.0017320768623041438,7.975359342915811,False,UK100_GBP
n120_none_k4_x1.0_tp2,11,0,11,0.5454545454545454,1.8225051429093395,1.5187542857577832,,32.958333333333336,0.5454545454545454,720.1704779799038,0.0072017047797990385,802.8925334534013,0.0,802.8925334534013,62.55920103328832,0.0,62.55920103328832,35.25051264044391,0.0,27.308688392844406,-20.16285444015292,0.0,-20.16285444015292,0.0,720.17047797996,9.705906470266303,3.514318595934786e-06,0.0,7.604517785244391e-05,0.000899545390707468,0.06165048543689321,0.5120967741935484,0.22443739696263412,0.00838210515312321,0.002856709848485228,0.8493313433202766,0.10731735933571454,0.006162694220804384,0.006162694220804384,0.11748597054433262,0.005874298527216631,0.0003081347110402192,0.003432400909320732,-0.0018129796097148265,7.9808350444900755,False,JP225_USD
n120_none_k4_x1.0_tp2,21,0,21,0.47619047619047616,1.5490081365282546,1.7039089501810802,,27.20436507936509,0.47619047619047616,1026.3137081968307,0.010263137081968307,1126.0533282306708,0.0,1126.0533282306708,44.872233350546324,0.0,44.872233350546324,28.08050292944358,0.0,16.79173042110274,-57.97624724512302,0.0,-57.97624724512302,0.0,1023.2048476350014,10.948662748432335,5.022597658726643e-06,0.0,0.00010834549077143902,0.0012802373907769837,0.06861313868613139,0.5035714285714286,0.24297213512107035,0.013763046146005542,0.0018237119796569003,0.7279680660697353,0.09301991559103708,0.005299479353201422,0.005299479353201422,0.06771639839306215,0.006771639839306215,0.0005299479353201423,0.0032421352836056183,-0.0034190646899321386,7.9808350444900755,False,WTICO_USD
n120_ema_k2_x0.5_tp0,24,0,24,0.375,2.6712069668943426,4.452011611490572,,14.736111111111112,0.375,2161.196993030404,0.02161196993030404,2293.731708531097,0.0,2293.731708531097,36.946581945065645,0.0,36.946581945065645,4.788081712239157,22.582336808348177,9.576163424478313,-95.58813355559181,0.0,-95.58813355559181,0.0,2161.1969930304394,17.306648298646845,1.032185303155043e-05,0.0,0.0002264627053590055,0.002682728096588205,0.0643611911623439,0.5193798449612403,0.5078557309899487,0.010201622223150353,0.0027566750224244465,2.066731233619924,0.2629707352327103,0.015069356987152713,0.015069356987152713,0.3260689465775661,0.01086896488591887,0.000502311899571757,0.004674943484030525,-0.0036891507599849938,7.9808350444900755,False,EUR_USD
n120_ema_k2_x0.5_tp0,29,0,29,0.1724137931034483,1.0852647811436467,5.209270949489505,,9.919540229885056,0.1724137931034483,165.75409173878143,0.0016575409173878143,310.81750498333014,0.0,310.81750498333014,57.31992045957304,0.0,57.31992045957304,12.614693483050942,29.567594796860956,15.137632179661137,-87.74349278494206,0.0,-87.74349278494206,0.0,165.75409173881502,2.1426319568216985,8.280253778430666e-07,0.0,1.868556262437473e-05,0.00020753975715637196,0.04851104707012488,0.47641509433962265,0.051490712487817676,0.01608792178462315,0.005893928433695406,0.10236692476668005,0.01290034598221,0.014802235218787926,0.014802235218787926,0.313104580433803,0.010436819347793435,0.0004934078406262641,0.003586614224606377,-0.0023352675185867033,7.9808350444900755,False,GBP_USD
n120_ema_k2_x0.5_tp0,17,0,17,0.17647058823529413,1.7568866600499131,8.198804413566263,,11.745098039215685,0.17647058823529413,1081.1647594894603,0.010811647594894603,1161.0943752404983,0.0,1161.0943752404983,31.4546790051402,0.0,31.4546790051402,8.990224641433228,13.872584046733806,8.591870316973164,-102.77854945788465,0.0,-102.77854945788465,0.0,1026.8611467774736,8.649828276761792,5.2053262115358104e-06,0.0,0.00011418908049346473,0.001348338573899488,0.037463976945244955,0.484472049689441,0.29104254694106746,0.009606218667215782,0.0035582602648148165,1.1091386456993446,0.1403610120287095,0.008369367792603707,0.008369367792603707,0.20448609406960988,0.010224304703480494,0.0004184683896301853,0.005001797254566398,-0.0037891286349290842,7.9808350444900755,False,AUD_USD
n120_ema_k2_x0.5_tp0,22,0,22,0.09090909090909091,0.2951803789141927,2.951803789141927,,6.829545454545454,0.09090909090909091,-1415.6379964916414,-0.014156379964916414,-1256.7869160108482,0.0,-1256.7869160108482,63.59430553369616,0.0,63.59430553369616,21.74455214757146,23.31098347636992,18.538769909754773,-95.25677494708377,0.0,-95.25677494708377,0.0,-1415.6379964916282,-7.911730359069936,-6.825624273654579e-06,0.0,-0.00014975656757979108,-0.0017848770816895065,0.024975984630163303,0.41935483870967744,-0.5123719467944537,0.01767943375849601,0.009216486934118973,-0.799496205684941,-0.10095781946815846,0.008242297936766504,0.008242297936766504,0.4105621839385908,0.01368540613128636,0.0002747432645588834,0.002606422551113541,-0.0024243123154971125,7.9808350444900755,False,USD_CAD
n120_ema_k2_x0.5_tp0,17,0,17,0.4117647058823529,1.825272617607079,2.607532310867256,,14.710784313725489,0.4117647058823529,845.1962224324379,0.008451962224324379,938.6738177776471,0.0,938.6738177776471,23.63609413315959,0.0,23.63609413315959,8.55231348586134,12.233009485344466,2.8507711619537823,-69.84150121204996,0.0,-69.84150121204996,0.0,845.1962224324375,10.041698380356886,4.072474487495368e-06,0.0,8.910303977935206e-05,0.0010551381917007774,0.0393852065321806,0.5578231292517006,0.2638935257197028,0.008831339554910556,0.0024382349788872465,0.9422665692449813,0.11947657375647855,0.0072679488364123124,0.0072679488364123124,0.1912366708900181,0.006374555696333937,0.00024226496121374376,0.004183743782927518,-0.0030424143464296005,7.9808350444900755,False,EUR_JPY
n120_ema_k2_x0.5_tp0,16,0,16,0.25,1.1251869208049436,3.375560762414831,,11.794270833333332,0.25,133.49334647557407,0.0013349334647557408,259.6385482567652,0.0,259.6385482567652,36.25800543748879,0.0,36.25800543748879,20.223617528993703,11.365274441490914,4.66911346700417,-89.88719634361973,0.0,-89.88719634361973,0.0,133.49334647565667,2.058251479967497,6.588692979994208e-07,0.0,1.4441616890729267e-05,0.00016716981726783153,0.03506243996157541,0.503448275862069,0.054936761665547215,0.01086125298887708,0.002246977201709008,0.12141086059533249,0.015391393372295883,0.006119351828605756,0.006119351828605756,0.23239421250257625,0.011619710625128813,0.00030596759143028786,0.0022463051771113296,-0.003396472103411763,7.9808350444900755,False,AUD_JPY
n120_ema_k2_x0.5_tp0,11,0,11,0.0,0.0,,,6.496212121212122,0.0,-892.7283152725431,-0.00892728315272543,-863.6233475337054,0.0,-863.6233475337054,24.830368345560174,0.0,24.830368345560174,12.904167627504146,3.3234222997199274,8.602778418336099,-4.274599393270343,0.0,-4.274599393270343,0.0,-892.728315272536,-29.672712757605936,-5.07276065012081e-06,0.0,-0.00011064392213582323,-0.001323025375073117,0.012464589235127478,0.38596491228070173,-0.6409238323090423,0.009452955301994637,0.009452955301994637,-0.9438897965783207,-0.1399589157894304,0.0023376061997122397,0.0023376061997122397,0.11387977043321217,0.005693988521660609,0.00011688030998561199,0.002397177255540006,-0.0020234472720730423,6.7734428473648185,False,XAU_USD
n120_ema_k2_x0.5_tp0,18,0,18,0.3333333333333333,1.392974844999818,2.785949689999636,,14.564814814814813,0.3333333333333333,492.7437988253805,0.004927437988253805,836.6291431112116,0.0,836.6291431112116,151.87453113450326,0.0,151.87453113450326,82.84065334609268,0.0,69.03387778841058,-192.01081315131367,0.0,-192.01081315131367,0.0,492.7437988253947,2.4328723425208127,2.4278508846424506e-06,0.0,5.2286937001206667e-05,0.0006160823825347439,0.04505813953488372,0.5138121546961326,0.12648850145378582,0.009391914161111403,0.0037263601511633437,0.5193449967427115,0.06559710533617559,0.0062093444838316235,0.0062093444838316235,0.1561077131977585,0.007805385659887926,0.0003104672241915812,0.004980771427061104,-0.004243331583282162,7.9808350444900755,False,NAS100_USD
n120_ema_k2_x0.5_tp0,11,0,11,0.2727272727272727,0.7185276359330163,1.9160736958213769,,13.515151515151517,0.2727272727272727,-234.9590060661576,-0.002349590060661576,-12.814051201810997,0.0,-12.814051201810997,88.18327635832202,0.0,88.18327635832202,44.09163817916101,0.0,44.09163817916101,-133.96167850608413,0.0,-133.96167850608413,0.0,-234.95900606621714,-0.05768328706646746,-1.100089434084226e-06,0.0,-2.4385618098633546e-05,-0.00029470701008982303,0.027131782945736434,0.5,-0.0620254583378768,0.007762858912973236,0.0021581666569378357,-0.3010757188858127,-0.03796372102001116,0.005170503578407178,0.005170503578407178,0.2581894057043201,0.012909470285216005,0.00025852517892035884,0.004373933275428898,-0.0042972909450209595,7.9808350444900755,False,SPX500_USD
n120_ema_k2_x0.5_tp0,6,0,6,0.0,0.0,,,5.958333333333335,0.0,-646.297096758135,-0.00646297096758135,-598.0367662237378,0.0,-598.0367662237378,16.73624700326738,0.0,16.73624700326738,8.36812350163369,0.0,8.36812350163369,-31.524083531124546,0.0,-31.524083531124546,0.0,-646.2970967581298,-12.391891220006395,-3.2041720514627317e-06,0.0,-6.821197368285938e-05,-0.0008126670045407458,0.0039584364176150424,0.27586206896551724,-0.5610238837435889,0.008060082238408706,0.002891841007125029,-0.8005602855727344,-0.10082614302223172,0.0008845813614944016,0.0008845813614944016,0.16159091410371826,0.008079545705185912,4.422906807472008e-05,0.0016849514325261161,-0.0016016031113808005,7.975359342915811,False,UK100_GBP
n120_ema_k2_x0.5_tp0,10,0,10,0.3,3.75392112977321,8.759149302804156,,19.833333333333336,0.3,1682.7023079362698,0.016827023079362697,1754.7350792542584,0.0,1754.7350792542584,81.25177507803973,0.0,81.25177507803973,43.75095581125217,0.0,37.50081926678756,9.219003760027576,0.0,9.219003760027576,0.0,1682.7023079362461,21.596267620847563,8.149533147020289e-06,0.0,0.00017625364271255093,0.002093073535625267,0.037864077669902914,0.5234899328859061,0.41303785043208796,0.010372164678329687,0.003407337884046001,1.593668063728501,0.20179717547276077,0.005574213029223225,0.005574213029223225,0.11748597054433262,0.005874298527216631,0.0002787106514611613,0.003432400909320954,-0.0027430708657344427,7.9808350444900755,False,JP225_USD
n120_ema_k2_x0.5_tp0,19,0,19,0.10526315789473684,0.378504337812444,3.2172868714057743,,7.690789473684211,0.10526315789473684,-994.1549180064467,-0.009941549180064466,-900.5770711398985,0.0,-900.5770711398985,54.58501936722415,0.0,54.58501936722415,32.751011620334495,0.0,21.834007746889654,-38.99282749933301,0.0,-38.99282749933301,0.0,-994.1549180064557,-9.623827661093008,-4.838531135018807e-06,0.0,-0.00010496026731242672,-0.0012511278343481091,0.024817518248175182,0.4396551724137931,-0.3550028882492596,0.012347802283834253,0.009472749957770865,-0.8031702208942573,-0.10132392838732818,0.002135374232955839,0.002135374232955839,0.06509831301796556,0.006509831301796556,0.00021353742329558386,0.0021883079588658205,-0.003017345618070544,7.9808350444900755,False,WTICO_USD
n120_ema_k2_x0.5_tp2,34,0,34,0.5588235294117647,2.107494838579532,1.6638117146680518,,12.678921568627452,0.5588235294117647,1396.2821308712155,0.013962821308712155,1496.7073993326758,0.0,1496.7073993326758,36.0407249176025,0.0,36.0407249176025,4.773669893197813,22.52226865444698,8.744786369957708,-64.38454354383934,0.0,-64.38454354383934,0.0,1396.282130871234,14.903693286190563,6.685243812098623e-06,0.0,0.00014664625519671403,0.0017389523673747576,0.0643611911623439,0.5193798449612403,0.4728596211885055,0.010201622223150353,0.001694294359079078,1.3475739768545514,0.17045841625350378,0.011235770523865138,0.011235770523865138,0.3260689465775661,0.01086896488591887,0.0003745256841288379,0.0028912172757593613,-0.0019073112888132737,7.9808350444900755,False,EUR_USD
n120_ema_k2_x0.5_tp2,38,0,38,0.3684210526315789,0.9829409164434116,1.6850415710458486,,9.07236842105263,0.3684210526315789,-31.617126863260637,-0.00031617126863260636,90.10835832872493,0.0,90.10835832872493,56.23284585285634,0.0,56.23284585285634,12.631996789030032,29.628283959274317,13.972565104551997,-65.49263933904457,0.0,-65.49263933904457,0.0,-31.617126863175983,0.740258773145727,-1.3334264320304595e-07,0.0,-2.7721233483823935e-06,-3.9621793317956566e-05,0.04851104707012488,0.47641509433962265,-0.010988695513598117,0.01360699873853688,0.005046232777663991,-0.023134438128535443,-0.002911868669888403,0.010781622112637975,0.010781622112637975,0.31310458043380296,0.010436819347793431,0.00035938740375459916,0.0027723289498857717,-0.0023352675185868144,7.9808350444900755,False,GBP_USD
n120_ema_k2_x0.5_tp2,21,0,21,0.3333333333333333,1.1605512114039709,2.3211024228079418,,10.392857142857142,0.3333333333333333,268.8291694262298,0.002688291694262298,319.77800181145176,0.0,319.77800181145176,30.80812220547636,0.0,30.80812220547636,8.963722832861993,13.852064078255168,7.992335294359197,-74.00791362219013,0.0,-74.00791362219013,0.0,214.96196598378526,3.0508499895685373,1.3040032530558751e-06,0.0,2.867265190174112e-05,0.00033644803949650637,0.037463976945244955,0.484472049689441,0.12139960835650154,0.006617654797477224,0.002556265913662037,0.4039665701100714,0.05084097762620782,0.005628217427435139,0.005628217427435139,0.20448609406960996,0.0102243047034805,0.0002814108713717569,0.002508580506079383,-0.0019037605391653,7.9808350444900755,False,AUD_USD
n120_ema_k2_x0.5_tp2,26,0,26,0.23076923076923078,0.3596105346830128,1.1987017822767094,,6.322115384615383,0.23076923076923078,-1235.7648558850342,-0.012357648558850342,-1100.2585769812952,0.0,-1100.2585769812952,62.651120701702006,0.0,62.651120701702006,21.754664945881103,23.32826775089426,17.568188004926647,-72.85515820198945,0.0,-72.85515820198945,0.0,-1235.7648558849867,-8.119613245104924,-5.957333760663811e-06,0.0,-0.00013063105429913865,-0.0015568492802403577,0.024975984630163303,0.41935483870967744,-0.5441683335692095,0.016052552934385567,0.00840304652206375,-0.7686422925881508,-0.09698452866680725,0.006674016888969422,0.006674016888969422,0.4105621839385908,0.01368540613128636,0.00022246722963231407,0.001961355014657551,-0.0022100223500278737,7.9808350444900755,False,USD_CAD
n120_ema_k2_x0.5_tp2,25,0,25,0.6,1.6428470688588432,1.095231379239229,,13.223333333333333,0.6,630.7959436672245,0.0063079594366722445,699.7220749661835,0.0,699.7220749661835,23.313724248281353,0.0,23.313724248281353,8.530410801212643,12.227825108198587,2.555488338870123,-45.61240705071829,0.0,-45.61240705071829,0.0,630.7959436671839,10.151767722618995,3.0340411561944816e-06,0.0,6.643512918729222e-05,0.0007882164437889028,0.040345821325648415,0.5714285714285714,0.28990642504803316,0.00443599912763748,0.001667338751284121,1.4103863947964104,0.1776863387727243,0.005295303328162609,0.005295303328162609,0.1912366708900181,0.006374555696333937,0.00017651011093875363,0.002095868408948265,-0.0016214070921246604,7.9808350444900755,False,EUR_JPY
n120_ema_k2_x0.5_tp2,23,0,23,0.4782608695652174,1.2386321790490222,1.3512351044171154,,10.105072463768114,0.4782608695652174,223.21787373788538,0.0022321787373788538,344.771728594167,0.0,344.771728594167,34.73229018893238,0.0,34.73229018893238,19.132970554238934,11.367326229148706,4.23199340554474,-86.82156466728115,0.0,-86.82156466728115,0.0,223.21787373795343,2.8363701751951726,1.0790800749372332e-06,0.0,2.3660772719470482e-05,0.0002794197111557484,0.03506243996157541,0.503448275862069,0.13419303365596486,0.0073098357773053735,0.0016886891873356957,0.30296959452966504,0.038225169438587704,0.004391514970766188,0.004391514970766188,0.23173541954305352,0.011586770977152674,0.00021957574853830936,0.001913180968033279,-0.0016986117705110049,7.9808350444900755,False,AUD_JPY
n120_ema_k2_x0.5_tp2,12,0,12,0.08333333333333333,0.09591651411865845,1.055081655305243,,7.1006944444444455,0.08333333333333333,-782.6817504116189,-0.007826817504116188,-755.4945221733194,0.0,-755.4945221733194,24.666709352004762,0.0,24.666709352004762,12.904167627504144,3.3212597232127195,8.441282001287899,-2.520518886298924,0.0,-2.520518886298924,0.0,-782.681750411623,-27.788582033857878,-4.445638766517719e-06,0.0,-9.694211843078205e-05,-0.0011593885253969871,0.012464589235127478,0.38596491228070173,-0.6308824235677011,0.009433385254361881,0.009433385254361881,-0.8292533266135981,-0.12290270079459546,0.002244086147463082,0.002244086147463082,0.11387977043321217,0.005693988521660609,0.0001122043073731541,0.0018958119921732575,-0.0019659557630599123,6.7734428473648185,False,XAU_USD
n120_ema_k2_x0.5_tp2,25,0,25,0.52,1.2589420449985043,1.1621003492293887,,11.783333333333333,0.52,311.39682871878904,0.00311396828718789,569.7062460955644,0.0,569.7062460955644,145.14847179449725,0.0,145.14847179449725,82.73778264311811,0.0,62.41068915137914,-113.16094558216439,0.0,-113.16094558216439,0.0,311.3968287189028,2.205518683296127,1.5261753701007877e-06,0.0,3.3059435395857575e-05,0.00038965040749161517,0.045542635658914726,0.5193370165745856,0.12166144699908885,0.0069071981269436256,0.0019297890509320237,0.44820968753103063,0.05641222393370553,0.004066545145329743,0.004066545145329743,0.11321172036792373,0.005660586018396188,0.00020332725726648717,0.0029456024955849536,-0.00212783241847303,7.9808350444900755,False,NAS100_USD
n120_ema_k2_x0.5_tp2,15,0,15,0.4666666666666667,0.8985851458304257,1.0269544523776293,,12.155555555555557,0.4666666666666667,-79.8948285797378,-0.000798948285797378,101.72277032915082,0.0,101.72277032915082,89.16840290798554,0.0,89.16840290798554,49.480454643682314,0.0,39.68794826430322,-92.44919600089091,0.0,-92.44919600089091,0.0,-79.89482857972563,0.5600931349179905,-3.7155244062928955e-07,0.0,-8.212882286935163e-06,-0.0001001433545840813,0.027616279069767442,0.5089285714285714,-0.03328559156314863,0.006006397903451921,0.0015567541007161733,-0.13241373466817496,-0.01667278062389576,0.0037302060418298436,0.0037302060418298436,0.25777872867893864,0.012888936433946932,0.0001865103020914922,0.0032148936145637297,-0.00216821545965884,7.9808350444900755,False,SPX500_USD
n120_ema_k2_x0.5_tp2,7,0,7,0.14285714285714285,0.14718748065439105,0.8831248839263462,,6.1190476190476195,0.14285714285714285,-503.0527245667181,-0.005030527245667181,-459.14014602113866,0.0,-459.14014602113866,16.369745340674186,0.0,16.369745340674186,8.368123501633688,0.0,8.001621839040496,-27.5428332048809,0.0,-27.5428332048809,0.0,-503.0527245666937,-10.455777392913168,-2.4916339471240895e-06,0.0,-5.3052751425533124e-05,-0.0006321506680724287,0.0039584364176150424,0.27586206896551724,-0.4552728643401172,0.00759299274036862,0.002736144507778334,-0.661457325502624,-0.08325448076771629,0.0008010303726118848,0.0008010303726118848,0.16159091410371826,0.008079545705185912,4.0051518630594234e-05,0.0016849514325261161,-0.0016016031113808005,7.975359342915811,False,UK100_GBP
n120_ema_k2_x0.5_tp2,13,0,13,0.46153846153846156,2.3477273584222678,2.739015251492646,,15.50320512820513,0.46153846153846156,819.987365760011,0.00819987365760011,894.8759544846746,0.0,894.8759544846746,78.03660389660772,0.0,78.03660389660772,43.58575418515456,0.0,34.450849711453145,3.148015171861718,0.0,3.148015171861718,0.0,819.9873657599286,11.467387223440861,3.981586463830239e-06,0.0,8.621712738642025e-05,0.0010237797059471365,0.037864077669902914,0.5234899328859061,0.3397375361982484,0.007329242113983447,0.0024726137206604742,1.1071527218789567,0.13968425248142222,0.0031561985981950003,0.0031561985981950003,0.1174859705443326,0.005874298527216631,0.00015780992990975003,0.003543390476864916,-0.0013773007281900895,7.9808350444900755,False,JP225_USD
n120_ema_k2_x0.5_tp2,22,0,22,0.22727272727272727,0.4357897152246138,1.481685031763687,,8.482954545454545,0.22727272727272727,-881.1608033261582,-0.008811608033261581,-796.8332747793457,0.0,-796.8332747793457,53.86456378263461,0.0,53.86456378263461,32.77711421243424,0.0,21.08744957020037,-30.46296476413574,0.0,-30.46296476413574,0.0,-881.1608033261161,-9.449266313282266,-4.289534920600523e-06,0.0,-9.294791599297966e-05,-0.0011083744931382755,0.024817518248175182,0.4396551724137931,-0.3655562697520983,0.010582242359366112,0.00488839484308401,-0.8311912444277335,-0.10473909550533753,0.0017840747695103065,0.0017840747695103065,0.06509831301796556,0.006509831301796557,0.00017840747695103065,0.001807846289615389,-0.003017345618070655,7.9808350444900755,False,WTICO_USD
n120_ema_k2_x1.0_tp0,24,0,24,0.3333333333333333,1.9544810696044943,3.9089621392089886,,19.085069444444443,0.3333333333333333,1444.5640830233751,0.01444564083023375,1607.9459386410222,0.0,1607.9459386410222,36.76172535272563,0.0,36.76172535272563,4.770026541022012,22.45164572965959,9.540053082044023,-126.62013026489346,0.0,-126.62013026489346,0.0,1444.564083023403,9.841643263033312,6.954973911691332e-06,0.0,0.0001528921057545143,0.0017987079646244464,0.0792507204610951,0.5030487804878049,0.30321528765540523,0.012480641255341984,0.005601787492164445,1.1365785682122402,0.14411983549759996,0.019507843600171774,0.019507843600171774,0.32606894657756613,0.010868964885918871,0.0006502614533390593,0.004674943484030525,-0.0036891507599846607,7.9808350444900755,False,EUR_USD
n120_ema_k2_x1.0_tp0,29,0,29,0.1724137931034483,0.8589341235199845,4.122883792895926,,14.061781609195403,0.1724137931034483,-296.1451349948911,-0.0029614513499489114,-118.59746901416963,0.0,-118.59746901416963,57.22118064713565,0.0,57.22118064713565,12.593262874424308,29.51600232340216,15.11191544930918,-120.32648533361206,0.0,-120.32648533361206,0.0,-296.1451349949173,-0.6679753764097901,-1.3750383756592105e-06,0.0,-2.9815992925813203e-05,-0.0003715518602352974,0.07108549471661864,0.4983164983164983,-0.06936575486399518,0.01913846524093521,0.00738648548448521,-0.1538371039808076,-0.01941387961666781,0.02135095973541327,0.02135095973541327,0.313104580433803,0.010436819347793435,0.000711698657847109,0.003586614224606377,-0.0023352675185867033,7.9808350444900755,False,GBP_USD
n120_ema_k2_x1.0_tp0,17,0,17,0.17647058823529413,1.5248701512336102,7.116060705756847,,12.541666666666666,0.17647058823529413,794.4550806599873,0.007944550806599874,869.5491433067255,0.0,869.5491433067255,31.421508447794217,0.0,31.421508447794217,8.980339331958074,13.858054204060732,8.58311491177541,-97.8221384982347,0.0,-97.8221384982347,0.0,740.3054963606966,6.72798364835559,3.842079704383588e-06,0.0,8.433402665008559e-05,0.000992011900620815,0.03890489913544669,0.47928994082840237,0.21206568001320408,0.011386247737853905,0.003849623389804588,0.687979756798189,0.0871236884582129,0.0088676552967483,0.0088676552967483,0.20448609406960988,0.010224304703480494,0.0004433827648374149,0.005001797254566398,-0.0037891286349290842,7.9808350444900755,False,AUD_USD
n120_ema_k2_x1.0_tp0,22,0,22,0.09090909090909091,0.2681075011528489,2.681075011528489,,8.274621212121213,0.09090909090909091,-1523.5609160223103,-0.015235609160223103,-1330.9291748877972,0.0,-1330.9291748877972,63.55012660368683,0.0,63.55012660368683,21.728973853870613,23.29620549821707,18.524947251599144,-129.08161453093288,0.0,-129.08161453093288,0.0,-1523.560916022417,-6.909189352951361,-7.3502510022608706e-06,0.0,-0.00016128791188349856,-0.0019218672783685165,0.03121998078770413,0.4452054794520548,-0.5345387393832549,0.018720986841679,0.009737263475710467,-0.8125753292401536,-0.10265843860804472,0.010540595558282585,0.010540595558282585,0.41056218393859073,0.013685406131286357,0.00035135318527608614,0.0026064225511133188,-0.0024243123154972235,7.9808350444900755,False,USD_CAD
n120_ema_k2_x1.0_tp0,17,0,17,0.4117647058823529,1.8542786809302485,2.6489695441860697,,24.06127450980392,0.4117647058823529,875.5729627439869,0.00875572962743987,973.185341301916,0.0,973.185341301916,23.623749676833185,0.0,23.623749676833185,8.547087331192635,12.227633235243005,2.8490291103975443,-73.98862888108533,0.0,-73.98862888108533,0.0,875.5729627439974,9.969896806934935,4.2329410325137335e-06,0.0,9.267221562607614e-05,0.0010929161437576163,0.06388088376560999,0.5541666666666667,0.2219587084395217,0.011309966244894776,0.0029116701221642747,0.7610975314233053,0.09663301552742913,0.012222210896350675,0.012222210896350675,0.1912366708900181,0.006374555696333937,0.0004074070298783558,0.004183743782927518,-0.0030424143464296005,7.9808350444900755,False,EUR_JPY
n120_ema_k2_x1.0_tp0,16,0,16,0.1875,1.2235243324296623,5.30193877386187,,13.86458333333333,0.1875,291.85925510952075,0.0029185925510952075,420.3211151168971,0.0,420.3211151168971,36.24576094190884,0.0,36.24576094190884,20.208041997540853,11.372537432078651,4.665181512289339,-92.2160990654868,0.0,-92.2160990654868,0.0,291.8592551095015,3.2719525864929784,1.4199215019144222e-06,0.0,3.111971644200856e-05,0.00036523420027956277,0.040826128722382324,0.5,0.11229218656625227,0.009911789094492973,0.0029549129807935524,0.29142862865505015,0.03684846366257816,0.007406763112407958,0.007406763112407958,0.23239009993212423,0.011619504996606212,0.0003703381556203979,0.0022463051771113296,-0.003396412201795651,7.9808350444900755,False,AUD_JPY
n120_ema_k2_x1.0_tp0,11,0,11,0.0,0.0,,,6.643939393939394,0.0,-987.6670997453475,-0.009876670997453475,-957.8622182000399,0.0,-957.8622182000399,24.82611864408858,0.0,24.82611864408858,12.901090148034863,3.324301730697143,8.600726765356578,-4.978762901244303,0.0,-4.978762901244303,0.0,-987.6670997453729,-32.13776296151832,-5.61532372933014e-06,0.0,-0.00012246647356644816,-0.0014643217712365653,0.012464589235127478,0.3793103448275862,-0.6906558485984421,0.010401839584531558,0.010401839584531558,-0.949008322939368,-0.14077526954118186,0.002400961498956335,0.002400961498956335,0.11387977043321217,0.0056939885216606085,0.00012004807494781677,0.002397177255540006,-0.0020234472720729313,6.7734428473648185,False,XAU_USD
n120_ema_k2_x1.0_tp0,18,0,18,0.2777777777777778,0.7975155991191436,2.0735405577097734,,18.11574074074074,0.2777777777777778,-260.21313741913764,-0.0026021313741913764,135.51860779727122,0.0,135.51860779727122,151.5557669927366,0.0,151.5557669927366,82.66678199603814,0.0,68.88898499669845,-244.17597822368506,0.0,-244.17597822368506,0.0,-260.2131374191505,0.34245068644456983,-1.209244126765231e-06,0.0,-2.6785264506085385e-05,-0.0003264191677505579,0.05184108527131783,0.49767441860465117,-0.0588737059197559,0.012892845798347596,0.0036138484251664604,-0.20011527299227444,-0.025317852462983247,0.007852070064662294,0.007852070064662294,0.1561077131977585,0.007805385659887926,0.0003926035032331145,0.004980771427061326,-0.004243331583282384,7.9808350444900755,False,NAS100_USD
n120_ema_k2_x1.0_tp0,11,0,11,0.18181818181818182,0.48342889595257066,2.175430031786568,,15.056818181818185,0.18181818181818182,-461.4866050949204,-0.004614866050949204,-221.23498918218087,0.0,-221.23498918218087,88.11464045266503,0.0,88.11464045266503,44.057320226332514,0.0,44.057320226332514,-152.13697546010948,0.0,-152.13697546010948,0.0,-461.4866050949554,-0.9208470392245028,-2.195077357470291e-06,0.0,-4.826578469530519e-05,-0.0005794139599946124,0.029069767441860465,0.4878048780487805,-0.11488055403684193,0.009245868632592802,0.0025829845096198454,-0.4968051886973268,-0.06266733640927023,0.005656604006402673,0.005656604006402673,0.25818940570432014,0.012909470285216006,0.0002828302003201336,0.004373933275428676,-0.0042972909450209595,7.9808350444900755,False,SPX500_USD
n120_ema_k2_x1.0_tp0,6,0,6,0.0,0.0,,,5.958333333333335,0.0,-646.297096758135,-0.00646297096758135,-598.0367662237378,0.0,-598.0367662237378,16.73624700326738,0.0,16.73624700326738,8.36812350163369,0.0,8.36812350163369,-31.524083531124546,0.0,-31.524083531124546,0.0,-646.2970967581298,-12.391891220006395,-3.2041720514627317e-06,0.0,-6.821197368285938e-05,-0.0008126670045407458,0.0039584364176150424,0.27586206896551724,-0.5610238837435889,0.008060082238408706,0.002891841007125029,-0.8005602855727344,-0.10082614302223172,0.0008845813614944016,0.0008845813614944016,0.16159091410371826,0.008079545705185912,4.422906807472008e-05,0.0016849514325261161,-0.0016016031113808005,7.975359342915811,False,UK100_GBP
n120_ema_k2_x1.0_tp0,10,0,10,0.3,3.102939506556695,7.240192181965622,,24.57916666666667,0.3,1359.7596236858953,0.013597596236858954,1424.1432049332807,0.0,1424.1432049332807,81.02911070890282,0.0,81.02911070890282,43.63105961248614,0.0,37.39805109641668,16.645529461537464,0.0,16.645529461537464,0.0,1359.7596236859154,17.575698319700397,6.61483797840068e-06,0.0,0.0001428093061793122,0.001693734174266881,0.04611650485436893,0.521978021978022,0.3068258676141594,0.010872919640644407,0.00461605061760909,1.2323358879233783,0.15577547064134267,0.0068864217426736875,0.0068864217426736875,0.11748597054433262,0.0058742985272166315,0.00034432108713368435,0.003432400909320954,-0.0027430708657343317,7.9808350444900755,False,JP225_USD
n120_ema_k2_x1.0_tp0,19,0,19,0.10526315789473684,1.2755275534334014,10.84198420418391,,11.186403508771932,0.10526315789473684,449.462110637789,0.00449462110637789,554.2108350170896,0.0,554.2108350170896,55.07535903875912,0.0,55.07535903875912,33.045215423255456,0.0,22.03014361550366,-49.673365340552195,0.0,-49.673365340552195,0.0,449.46211063777827,5.290859991862112,2.2334860844240613e-06,0.0,4.789156570216572e-05,0.000562072845818884,0.03795620437956204,0.48148148148148145,0.11072490488976611,0.011874882336697201,0.004089649868386183,0.37233005566972627,0.04733291917191451,0.0030513949619465556,0.0030513949619465556,0.06509831301796556,0.006509831301796556,0.0003051394961946555,0.005394937946238798,-0.0030297272297155065,7.9808350444900755,False,WTICO_USD
n120_ema_k2_x1.0_tp2,34,0,34,0.5294117647058824,1.6589454025657546,1.474618135614004,,15.748774509803923,0.5294117647058824,956.8850063490245,0.009568850063490245,1073.1202519177914,0.0,1073.1202519177914,35.92456273289133,0.0,35.92456273289133,4.761221067676306,22.44033906274454,8.72300260247049,-80.3106828357555,0.0,-80.3106828357555,0.0,956.8850063491444,9.232313715756916,4.603178059442975e-06,0.0,0.00010110027087126126,0.0011939907046329967,0.0792507204610951,0.5030487804878049,0.30316484637512003,0.011831700448087679,0.0027317139180803485,0.7995376678575454,0.10091454815575371,0.013492404565374988,0.013492404565374988,0.32606894657756613,0.010868964885918871,0.000449746818845833,0.0028912172757593613,-0.0019073112888132737,7.9808350444900755,False,EUR_USD
n120_ema_k2_x1.0_tp2,38,0,38,0.3684210526315789,0.8521010121354298,1.4607445922321651,,12.233552631578947,0.3684210526315789,-289.6264120054984,-0.002896264120054984,-150.2994119520664,0.0,-150.2994119520664,56.180502218894205,0.0,56.180502218894205,12.620599471709737,29.600039873347743,13.959862873836727,-83.14649783458427,0.0,-83.14649783458427,0.0,-289.6264120055449,-1.078752947342413,-1.3692546512682357e-06,0.0,-2.9916569135078254e-05,-0.00036336290624539025,0.07108549471661864,0.4983164983164983,-0.09947371385176455,0.013814602696365474,0.004586381808569573,-0.2088002809224527,-0.02630281262746619,0.014316749108549786,0.014316749108549786,0.31310458043380296,0.010436819347793433,0.00047722497028499286,0.0027723289498857717,-0.0023352675185868144,7.9808350444900755,False,GBP_USD
n120_ema_k2_x1.0_tp2,21,0,21,0.3333333333333333,1.0531021988089695,2.106204397617939,,11.037698412698413,0.3333333333333333,126.31681342776574,0.0012631681342776574,174.84182870711507,0.0,174.84182870711507,30.791820770723916,0.0,30.791820770723916,8.958800486226899,13.844829130476496,7.98819115402052,-71.52383635020269,0.0,-71.52383635020269,0.0,72.52617158618847,1.7088472441756395,6.211184338652214e-07,0.0,1.3709495578455226e-05,0.00015818781428178497,0.03890489913544669,0.47928994082840237,0.05730728452932168,0.007512680858142939,0.002702573916825296,0.16724744220229765,0.021056107302937853,0.005877766888748235,0.005877766888748235,0.2044860940696099,0.010224304703480496,0.00029388834443741177,0.002508580506079383,-0.001903760539165189,7.9808350444900755,False,AUD_USD
n120_ema_k2_x1.0_tp2,26,0,26,0.23076923076923078,0.33790540888113474,1.1263513629371158,,7.544871794871795,0.23076923076923078,-1325.0570290790492,-0.013250570290790492,-1171.7229662620182,0.0,-1171.7229662620182,62.611099503240155,0.0,62.611099503240155,21.74011308777487,23.314792159776477,17.556194255688805,-90.72296331385301,0.0,-90.72296331385301,0.0,-1325.0570290791113,-7.641635163999569,-6.391352181355088e-06,0.0,-0.00014014071888359214,-0.0016700008234163954,0.03121998078770413,0.4452054794520548,-0.5758837765053364,0.016925215262065696,0.008839377685903815,-0.7816870491127035,-0.09866939932866617,0.007859776603033343,0.007859776603033343,0.41056218393859073,0.013685406131286357,0.00026199255343444476,0.001961355014657773,-0.002177753454760567,7.9808350444900755,False,USD_CAD
n120_ema_k2_x1.0_tp2,25,0,25,0.6,1.6580564903407728,1.1053709935605152,,19.581666666666667,0.6,645.9915231925115,0.0064599152319251155,716.985616938818,0.0,716.985616938818,23.30768307276043,0.0,23.30768307276043,8.527806841884159,12.225148886160035,2.554727344716239,-47.68641067360256,0.0,-47.68641067360256,0.0,645.9915231924549,10.099229092216548,3.1105260749112982e-06,0.0,6.81468331074426e-05,0.0008071508429823293,0.06484149855907781,0.5625,0.26196150578108074,0.005465785583068539,0.0018052050437115232,1.17138963816043,0.14767334552651587,0.007774687082789509,0.007774687082789509,0.1912366708900181,0.006374555696333937,0.0002591562360929836,0.002095868408948265,-0.0016214070921246604,7.9808350444900755,False,EUR_JPY
n120_ema_k2_x1.0_tp2,23,0,23,0.43478260869565216,1.211466240847277,1.57490611310146,,11.545289855072465,0.43478260869565216,236.82476009851962,0.002368247600985196,368.80845884489327,0.0,368.80845884489327,34.71351580275965,0.0,34.71351580275965,19.11851102255573,11.367036400795902,4.22796837940802,-97.270182943628,0.0,-97.270182943628,0.0,236.82476009850558,2.794348562344616,1.1450029871786278e-06,0.0,2.5110457493832407e-05,0.0002964349334955152,0.040826128722382324,0.5,0.13650228241148607,0.0073098357773054845,0.002342717020567634,0.32195738906283633,0.04055288552662746,0.00520302979566753,0.00520302979566753,0.2317333677924099,0.011586668389620495,0.0002601514897833765,0.0019131640284699714,-0.001698596768469618,7.9808350444900755,False,AUD_JPY
n120_ema_k2_x1.0_tp2,12,0,12,0.08333333333333333,0.0887596184493676,0.9763558029430436,,7.236111111111111,0.08333333333333333,-852.1097304873401,-0.008521097304873401,-824.5792716255437,0.0,-824.5792716255437,24.66202797306897,0.0,24.66202797306897,12.901090148034864,3.3216360717656532,8.439301753268452,-2.868430888739183,0.0,-2.868430888739183,0.0,-852.1097304873518,-29.951526626003602,-4.841964207370225e-06,0.0,-0.00010558087552073155,-0.0012626083984699221,0.012464589235127478,0.3793103448275862,-0.6725495601707037,0.009871360107740701,0.009871360107740701,-0.8627562524489201,-0.12790622413620978,0.0022757384736818782,0.0022757384736818782,0.11387977043321217,0.0056939885216606085,0.0001137869236840939,0.0018958119921730354,-0.0019659557630596902,6.7734428473648185,False,XAU_USD
n120_ema_k2_x1.0_tp2,25,0,25,0.48,0.9465980168657246,1.0254811849378684,,14.34,0.48,-65.05924704491918,-0.0006505924704491917,219.2587724666102,0.0,219.2587724666102,144.99527077439734,0.0,144.99527077439734,82.65092733434503,0.0,62.344343440052306,-139.3227487371944,0.0,-139.3227487371944,0.0,-65.05924704498153,0.7711743801650636,-2.9381374456472664e-07,0.0,-6.501666387257933e-06,-8.154255281067613e-05,0.05232558139534884,0.5023255813953489,-0.02248533271183738,0.008317193362744169,0.0022822878598821594,-0.0777680486194327,-0.009804094873630789,0.00488824483638084,0.00488824483638084,0.11321172036792373,0.005660586018396188,0.00024441224181904206,0.0029456024955849536,-0.00212783241847303,7.9808350444900755,False,NAS100_USD
n120_ema_k2_x1.0_tp2,15,0,15,0.4,0.7633278172555559,1.1449917258833338,,13.286111111111113,0.4,-193.3999415798462,-0.001933999415798462,-2.6876817664340535,0.0,-2.6876817664340535,89.1345168771939,0.0,89.1345168771939,49.46288017024209,0.0,39.67163670695182,-101.577742936093,0.0,-101.577742936093,0.0,-193.39994157972097,-0.014092863086334229,-9.206337438571031e-07,0.0,-2.0165548564490966e-05,-0.00024253567805321286,0.029554263565891473,0.4959349593495935,-0.07856980771986864,0.006147896378295603,0.0016909667584193483,-0.3132508798174741,-0.039450189646893764,0.003973744947065562,0.003973744947065562,0.25777872867893875,0.012888936433946936,0.0001986872473532781,0.0032148936145637297,-0.002168215459658729,7.9808350444900755,False,SPX500_USD
n120_ema_k2_x1.0_tp2,7,0,7,0.14285714285714285,0.14718748065439105,0.8831248839263462,,6.1190476190476195,0.14285714285714285,-503.0527245667181,-0.005030527245667181,-459.14014602113866,0.0,-459.14014602113866,16.369745340674186,0.0,16.369745340674186,8.368123501633688,0.0,8.001621839040496,-27.5428332048809,0.0,-27.5428332048809,0.0,-503.0527245666937,-10.455777392913168,-2.4916339471240895e-06,0.0,-5.3052751425533124e-05,-0.0006321506680724287,0.0039584364176150424,0.27586206896551724,-0.4552728643401172,0.00759299274036862,0.002736144507778334,-0.661457325502624,-0.08325448076771629,0.0008010303726118848,0.0008010303726118848,0.16159091410371826,0.008079545705185912,4.0051518630594234e-05,0.0016849514325261161,-0.0016016031113808005,7.975359342915811,False,UK100_GBP
n120_ema_k2_x1.0_tp2,13,0,13,0.46153846153846156,1.9939648631383196,2.3262923403280396,,19.153846153846153,0.46153846153846156,640.8710557044978,0.0064087105570449785,711.9275324105297,0.0,711.9275324105297,77.92080421976219,0.0,77.92080421976219,43.5216163949668,0.0,34.39918782479539,6.864327513841816,0.0,6.864327513841816,0.0,640.8710557046093,9.136552677288352,3.1208817535124217e-06,0.0,6.75114442916493e-05,0.0008007707815709253,0.04611650485436893,0.521978021978022,0.24897959148016932,0.007764926370836256,0.00278693757290503,0.817851308215453,0.1031266419445372,0.003813651693611779,0.003813651693611779,0.11748597054433263,0.005874298527216631,0.00019068258468058895,0.003543390476864916,-0.0013773007281902006,7.9808350444900755,False,JP225_USD
n120_ema_k2_x1.0_tp2,22,0,22,0.22727272727272727,0.8996101678123697,3.0586745705620566,,11.50189393939394,0.22727272727272727,-158.37501009316475,-0.0015837501009316475,-68.4789196902936,0.0,-68.4789196902936,54.10866698426132,0.0,54.10866698426132,32.924411371273735,0.0,21.18425561298758,-35.78742341857143,0.0,-35.78742341857143,0.0,-158.37501009312635,-0.7617563720895222,-7.469334901102132e-07,0.0,-1.6348239472381053e-05,-0.00019858174842868337,0.03795620437956204,0.48148148148148145,-0.05370958960946436,0.010620512388653691,0.0030274513926407814,-0.14777210060777357,-0.018697944238626002,0.002243455377880474,0.002243455377880474,0.06509831301796558,0.006509831301796558,0.00022434553778804745,0.002705891402905225,-0.003017345618070544,7.9808350444900755,False,WTICO_USD
n120_ema_k4_x0.5_tp0,19,0,19,0.42105263157894735,2.2102505676169986,3.0390945304733727,,20.480263157894736,0.42105263157894735,1769.7545092350192,0.017697545092350192,1926.4211180565064,0.0,1926.4211180565064,30.433462768426967,0.0,30.433462768426967,3.9556299182576957,18.56657301365388,7.911259836515391,-126.23314605299493,0.0,-126.23314605299493,0.0,1769.7545092350845,12.2963095489758,8.471046639181279e-06,0.0,0.00018591343873664598,0.002200529332946344,0.07348703170028818,0.5083056478405316,0.44762769654816464,0.011945693369450172,0.002792090173375872,1.4508627520135,0.1842111014312456,0.017730574313816475,0.017730574313816475,0.22609129829247085,0.007536376609749028,0.0005910191437938825,0.0028490023052896163,-0.0020388242268531975,7.9808350444900755,False,EUR_USD
n120_ema_k4_x0.5_tp0,20,0,20,0.25,0.8944507668759335,2.6833523006278,,16.15,0.25,-212.86812649659987,-0.0021286812649659987,-64.13785074420238,0.0,-64.13785074420238,40.06112329155862,0.0,40.06112329155862,8.809261277368842,20.680748481347173,10.57111353284261,-108.66915246085584,0.0,-108.66915246085584,0.0,-212.86812649661687,-0.4312360104204351,-9.945620248847637e-07,0.0,-2.1438743095630582e-05,-0.0002669727728894511,0.059558117195004805,0.4940239043824701,-0.06559801889904067,0.0160039736349048,0.007643815259910795,-0.13241851507931404,-0.016681655380085182,0.016395277584679884,0.016395277584679884,0.22683652180651273,0.0075612173935504234,0.0005465092528226627,0.0018476690757154302,-0.002364967904250781,7.9808350444900755,False,GBP_USD
n120_ema_k4_x0.5_tp0,15,0,15,0.26666666666666666,1.2777064311305937,3.5136926856091324,,18.083333333333332,0.26666666666666666,589.3789899220719,0.0058937898992207196,765.0976679331725,0.0,765.0976679331725,28.58093601545802,0.0,28.58093601545802,8.196083473121137,12.585185297805214,7.799667244531666,-201.17715371590393,0.0,-201.17715371590393,0.0,535.3395782018105,3.3300140544680756,2.8700446367466928e-06,0.0,6.300131878451337e-05,0.000736596291591729,0.04755043227665706,0.4714285714285714,0.14773226081414506,0.010654184254475174,0.004376239519738784,0.5481627342209692,0.06913680803692969,0.011139803352241186,0.011139803352241186,0.20448609406960996,0.010224304703480498,0.0005569901676120593,0.005007197572075794,-0.0037932050906751558,7.9808350444900755,False,AUD_USD
n120_ema_k4_x0.5_tp0,20,0,20,0.2,0.4792219448997745,1.916887779599098,,14.814583333333335,0.2,-1426.7266134423553,-0.014267266134423553,-1248.7249121890898,0.0,-1248.7249121890898,56.036716327355094,0.0,56.036716327355094,19.118418901771957,20.55011256771858,16.368184857864566,-121.9649849259107,0.0,-121.9649849259107,0.0,-1426.7266134423558,-7.015241446554318,-6.860318226341142e-06,0.0,-0.00015056891077023238,-0.0017989461884988511,0.053794428434197884,0.47058823529411764,-0.3770890461737043,0.023732236138266916,0.012242888124004425,-0.6002534278158796,-0.07580179878617296,0.015889806466150767,0.015889806466150767,0.2212982677663091,0.007376608925543635,0.0005296602155383588,0.0035457724872414165,-0.0026178455901132436,7.9808350444900755,False,USD_CAD
n120_ema_k4_x0.5_tp0,13,0,13,0.46153846153846156,1.7392061855007674,2.0290738830842288,,21.53846153846154,0.46153846153846156,835.528131967556,0.00835528131967556,902.9731062950882,0.0,902.9731062950882,19.06914121063378,0.0,19.06914121063378,6.815302596772815,9.982071081603362,2.2717675322576056,-48.37583311702365,0.0,-48.37583311702365,0.0,835.5281319674308,13.388293424330097,4.029185688423772e-06,0.0,8.813790651351437e-05,0.0010431124086436316,0.056676272814601344,0.5592417061611374,0.24985812258999643,0.00794569834443759,0.0021827896958128788,1.0379837002066714,0.1312801422135369,0.010028167696370171,0.010028167696370171,0.1930908930724141,0.006436363102413804,0.0003342722565456723,0.004183743782927296,-0.0036298888828112386,7.9808350444900755,False,EUR_JPY
n120_ema_k4_x0.5_tp0,13,0,13,0.38461538461538464,1.1743275007472862,1.8789240011956578,,18.76602564102564,0.38461538461538464,189.02977786572592,0.001890297778657259,331.56995465751896,0.0,331.56995465751896,22.633671870513165,0.0,22.633671870513165,10.375564575079975,8.700770869691482,3.5573364257417075,-119.9065049211876,0.0,-119.9065049211876,0.0,189.02977786581818,2.326150858800003,9.283771503718759e-07,0.0,2.037633299155102e-05,0.0002366590540547886,0.04418828049951969,0.4919786096256685,0.0713678512891334,0.012660154555083403,0.0025142047928525535,0.14728888271872131,0.018693219978089717,0.007687493160909693,0.007687493160909693,0.1751816497437346,0.00875908248718673,0.00038437465804548474,0.0022463051771111076,-0.001700316154968684,7.9808350444900755,False,AUD_JPY
n120_ema_k4_x0.5_tp0,8,0,8,0.375,0.7949299078835429,1.3248831798059049,,17.510416666666668,0.375,-134.8190559830109,-0.0013481905598301091,-92.14381010106896,0.0,-92.14381010106896,18.05604551243119,0.0,18.05604551243119,9.393202658468368,2.4007077483172408,6.262135105645579,-24.619200369522666,0.0,-24.619200369522666,0.0,-134.81905598302282,-2.159186390066799,-7.474148091274602e-07,0.0,-1.64085419260678e-05,-0.00019915512276602598,0.027195467422096317,0.43243243243243246,-0.06441876407383086,0.009767502021397312,0.0026388891393226976,-0.13704907138990377,-0.020389565554196364,0.0045158290503419275,0.0045158290503419275,0.11401652333766309,0.005700826166883155,0.00022579145251709637,0.0023927409975019742,-0.002019709860391683,6.7734428473648185,False,XAU_USD
n120_ema_k4_x0.5_tp0,14,0,14,0.42857142857142855,1.3837454433765555,1.844993924502074,,21.93154761904762,0.42857142857142855,503.78014576405985,0.005037801457640599,813.8465876503647,0.0,813.8465876503647,123.49316186387361,0.0,123.49316186387361,67.3599064712038,0.0,56.13325539266981,-186.57328002250728,0.0,-186.57328002250728,0.0,503.78014576398374,2.624749014111583,2.4841804995303764e-06,0.0,5.337575643750206e-05,0.0006298509553632758,0.05571705426356589,0.5021834061135371,0.12527023230787487,0.009509745712927953,0.00310843024729262,0.5242780655900942,0.06623215534638635,0.007150157214289165,0.007150157214289165,0.10222223173136552,0.005111111586568276,0.0003575078607144582,0.004980771427061326,-0.004243331583282273,7.9808350444900755,False,NAS100_USD
n120_ema_k4_x0.5_tp0,10,0,10,0.3,0.49294243801365717,1.1501990220318667,,16.1625,0.3,-616.117139263748,-0.00616117139263748,-391.29250495332155,0.0,-391.29250495332155,77.4933077613301,0.0,77.4933077613301,38.74665388066505,0.0,38.74665388066505,-147.33132654906342,0.0,-147.33132654906342,0.0,-616.1171392637151,-1.740434299619952,-2.9562668392246146e-06,0.0,-6.461038288023574e-05,-0.000774084087522664,0.02810077519379845,0.464,-0.170124839686427,0.009982716344149267,0.002579796622323648,-0.614810640944864,-0.07754243042038794,0.0054871079258960375,0.0054871079258960375,0.13016566296094909,0.006508283148047454,0.0002743553962948019,0.004373933275428676,-0.0042972909450210706,7.9808350444900755,False,SPX500_USD
n120_ema_k4_x0.5_tp0,5,0,5,0.0,0.0,,,10.591666666666665,0.0,-1080.3003406222415,-0.010803003406222415,-1011.356016889957,0.0,-1011.356016889957,13.896928101615126,0.0,13.896928101615126,6.948464050807563,0.0,6.948464050807563,-55.04739563068754,0.0,-55.04739563068754,0.0,-1080.3003406222597,-14.669170167175107,-5.369189485183409e-06,0.0,-0.00011422289753138204,-0.001360990270664053,0.0054428500742206825,0.2682926829268293,-0.8314272826829724,0.012393138072735121,0.004336192951900501,-0.870291084432844,-0.10981805114059279,0.00134012770689797,0.00134012770689797,0.09771136881615548,0.004885568440807774,6.700638534489852e-05,0.0016849514325261161,-0.0017320768623041438,7.975359342915811,False,UK100_GBP
n120_ema_k4_x0.5_tp0,8,0,8,0.375,3.550257222707159,5.917095371178599,,31.479166666666664,0.375,1646.359082764553,0.01646359082764553,1724.0725675537997,0.0,1724.0725675537997,65.69129879034483,0.0,65.69129879034483,35.37223781018568,0.0,30.319060980159158,-12.022185998913763,0.0,-12.022185998913763,0.0,1646.3590827645412,22.184985942003436,7.981687733325682e-06,0.0,0.000172571023860636,0.0020481882484066904,0.0470873786407767,0.5159574468085106,0.3829121963419334,0.010516132331849337,0.0032255854615049055,1.5357421542761727,0.19476630606896347,0.00686593650146715,0.00686593650146715,0.11748597054433263,0.005874298527216631,0.0003432968250733575,0.003432400909320954,-0.0027430708657344427,7.9808350444900755,False,JP225_USD
n120_ema_k4_x0.5_tp0,16,0,16,0.3125,1.1970810737867437,2.633578362330836,,20.791666666666668,0.3125,347.59916803389206,0.0034759916803389205,437.88983693122657,0.0,437.88983693122657,46.122286384382775,0.0,46.122286384382775,27.992817481840934,0.0,18.12946890254184,-47.25635714135837,0.0,-47.25635714135837,0.0,344.5111934054854,4.689400278239381,1.7368014066242528e-06,0.0,3.724134577162083e-05,0.00043488166618699253,0.054501216545012166,0.4890829694323144,0.08873496153210816,0.01528351301584241,0.00216227251729228,0.2231823057605871,0.028454300116485514,0.0050224224491499615,0.0050224224491499615,0.06771639839306211,0.006771639839306212,0.0005022422449149962,0.0032421352836053963,-0.0034190646899320276,7.9808350444900755,False,WTICO_USD
n120_ema_k4_x0.5_tp2,26,0,26,0.5769230769230769,2.119615905838513,1.5543849976149098,,18.097756410256412,0.5769230769230769,1636.9091597799852,0.016369091597799854,1765.5068176831041,0.0,1765.5068176831041,29.83068998790944,0.0,29.83068998790944,3.9525556116431875,18.561350195948965,7.316784180317288,-98.76696791524701,0.0,-98.76696791524701,0.0,1636.9091597799477,13.728918912447545,7.829599899273892e-06,0.0,0.00017178758833263393,0.002036514928871247,0.07348703170028818,0.5083056478405316,0.49876001356071786,0.011945693369450172,0.0018949805064341467,1.3452055486391632,0.1704810985756101,0.014912190491796033,0.014912190491796033,0.22609129829247085,0.007536376609749028,0.0004970730163932011,0.0027093539063021144,-0.0020388242268531975,7.9808350444900755,False,EUR_USD
n120_ema_k4_x0.5_tp2,23,0,23,0.34782608695652173,0.7344497526973982,1.3770932863076215,,16.115942028985508,0.34782608695652173,-535.1674157710222,-0.005351674157710222,-400.7479628453623,0.0,-400.7479628453623,39.617191533406015,0.0,39.617191533406015,8.799719417887193,20.665835805028422,10.151636310490396,-94.80226139220605,0.0,-94.80226139220605,0.0,-535.1674157709743,-2.981324161965879,-2.55359082042847e-06,0.0,-5.580784263028204e-05,-0.000672140454353598,0.059558117195004805,0.4940239043824701,-0.1859267903746552,0.0160039736349048,0.00818435095226916,-0.33335965500142645,-0.04199834801574867,0.014757524270480157,0.014757524270480157,0.22683652180651273,0.007561217393550424,0.0004919174756826719,0.0018476690757154302,-0.002364967904250781,7.9808350444900755,False,GBP_USD
n120_ema_k4_x0.5_tp2,19,0,19,0.42105263157894735,0.9986515979443984,1.3731459471735479,,17.967105263157894,0.42105263157894735,51.15856686059851,0.0005115856686059851,170.31759393343634,0.0,170.31759393343634,28.043021355956814,0.0,28.043021355956814,8.174638396323731,12.565252617372046,7.303130342261038,-144.8662704584445,0.0,-144.8662704584445,0.0,-2.591697880964972,0.9850112284090153,2.7155378327025616e-07,0.0,6.0672793428403305e-06,6.408743435493136e-05,0.04755043227665706,0.4714285714285714,0.01893482759727989,0.009370839227911043,0.003575969454582939,0.05450706141320162,0.00683902826590461,0.008791890393756108,0.008791890393756108,0.2044860940696099,0.010224304703480494,0.00043959451968780534,0.0030558197408996346,-0.0024319036224912383,7.9808350444900755,False,AUD_USD
n120_ema_k4_x0.5_tp2,24,0,24,0.3333333333333333,0.5055864133654119,1.0111728267308238,,14.748263888888891,0.3333333333333333,-1354.9030659395648,-0.013549030659395648,-1196.8317937311188,0.0,-1196.8317937311188,55.18937312446989,0.0,55.18937312446989,19.132901399336987,20.567531684316133,15.488940040816763,-102.88189908405768,0.0,-102.88189908405768,0.0,-1354.9030659396465,-7.571469356887687,-6.521880721861348e-06,0.0,-0.00014289521653129892,-0.0017078418606047974,0.053794428434197884,0.47058823529411764,-0.420592802142035,0.02253830248669564,0.011645921298218787,-0.600232586679691,-0.07577508827973786,0.01369563674933917,0.01369563674933917,0.2212834530215304,0.00737611510071768,0.00045652122497797233,0.0028584592531282205,-0.0026178455901132436,7.9808350444900755,False,USD_CAD
n120_ema_k4_x0.5_tp2,17,0,17,0.5882352941176471,1.6054111688569643,1.123787818199875,,21.75,0.5882352941176471,683.5410085912299,0.006835410085912299,746.7248208993501,0.0,746.7248208993501,18.888314458039705,0.0,18.888314458039705,6.806786636652167,9.991004771363771,2.0905230500237666,-44.295497849963574,0.0,-44.295497849963574,0.0,683.5410085913468,11.818293224525247,3.2932451705988475e-06,0.0,7.209943610885987e-05,0.000853928527400516,0.056676272814601344,0.5592417061611374,0.25317032637825854,0.006244871654054962,0.0019022203132880906,1.08386249661014,0.13674076501572893,0.008680395087054147,0.008680395087054147,0.19309089307241412,0.0064363631024138045,0.00028934650290180484,0.0020939387549185895,-0.002149870335239723,7.9808350444900755,False,EUR_JPY
n120_ema_k4_x0.5_tp2,17,0,17,0.5294117647058824,1.38503914677037,1.2311459082403289,,18.627450980392158,0.5294117647058824,380.5207520050317,0.0038052075200503167,505.0732802447204,0.0,505.0732802447204,22.461489033902975,0.0,22.461489033902975,10.37832902578179,8.729784311375669,3.3533756967455175,-102.09103920572501,0.0,-102.09103920572501,0.0,380.52075200509245,4.055102593124439,1.8422284256779398e-06,0.0,4.033373852145042e-05,0.0004760015540203888,0.04418828049951969,0.4919786096256685,0.15397327525601595,0.009855672720876951,0.0020767792741513136,0.3818165954070415,0.048297215979188325,0.0071282382174606964,0.0071282382174606964,0.1751816497437346,0.00875908248718673,0.0003564119108730348,0.0022463051771111076,-0.001700316154968684,7.9808350444900755,False,AUD_JPY
n120_ema_k4_x0.5_tp2,10,0,10,0.5,0.9266535156904786,0.9266535156904787,,16.72083333333333,0.5,-48.19722810293024,-0.00048197228102930237,-8.382192200367367,0.0,-8.382192200367367,17.722429053413975,0.0,17.722429053413975,9.39060075767333,2.3981787866027497,5.933649509137898,-22.092606849176107,0.0,-22.092606849176107,0.0,-48.19722810295745,-0.21052830947772877,-2.605485666572146e-07,0.0,-5.732637765887831e-06,-7.117079487539701e-05,0.027195467422096317,0.43243243243243246,-0.026054530050130042,0.008081038605110336,0.0022761211916789703,-0.05935395428923544,-0.008807134621333155,0.00421018626664005,0.00421018626664005,0.11401652333766309,0.005700826166883154,0.00021050931333200243,0.0022214954546759813,-0.0015335341888844667,6.7734428473648185,False,XAU_USD
n120_ema_k4_x0.5_tp2,20,0,20,0.6,1.5664902920398407,1.0443268613598937,,19.970833333333335,0.6,744.3193757801346,0.007443193757801346,1001.7917544367314,0.0,1001.7917544367314,117.94359676782219,0.0,117.94359676782219,67.39569239165577,0.0,50.54790437616641,-139.5287818887702,0.0,-139.5287818887702,0.0,744.3193757801389,3.8908707786977264,3.62097829692435e-06,0.0,7.852373449547081e-05,0.0009296115174015629,0.05571705426356589,0.5021834061135371,0.2422502254085858,0.0065946297484189564,0.0023408086232745984,1.1171580195459603,0.14096492947529535,0.005595035083965676,0.005595035083965676,0.10222223173136549,0.005111111586568275,0.0002797517541982838,0.0030947856977867616,-0.0021617624793610624,7.9808350444900755,False,NAS100_USD
n120_ema_k4_x0.5_tp2,12,0,12,0.4166666666666667,0.6421085437849059,0.8989519612988681,,14.868055555555555,0.4166666666666667,-435.2202276985772,-0.004352202276985772,-234.59688815087617,0.0,-234.59688815087617,75.61277160374541,0.0,75.61277160374541,38.77216923229345,0.0,36.84060237145197,-125.01056794391488,0.0,-125.01056794391488,0.0,-435.2202276985365,-1.1693399615409408,-2.0920309598402e-06,0.0,-4.5547373924188274e-05,-0.0005463725273219255,0.02810077519379845,0.464,-0.16121178220653615,0.009181762331284538,0.002228399061857727,-0.47241003323108044,-0.059506280777961225,0.00483296389981672,0.00483296389981672,0.13016566296094909,0.006508283148047454,0.000241648194990836,0.0046353826819418575,-0.002148600904158471,7.9808350444900755,False,SPX500_USD
n120_ema_k4_x0.5_tp2,5,0,5,0.0,0.0,,,10.591666666666665,0.0,-1080.3003406222415,-0.010803003406222415,-1011.356016889957,0.0,-1011.356016889957,13.896928101615126,0.0,13.896928101615126,6.948464050807563,0.0,6.948464050807563,-55.04739563068754,0.0,-55.04739563068754,0.0,-1080.3003406222597,-14.669170167175107,-5.369189485183409e-06,0.0,-0.00011422289753138204,-0.001360990270664053,0.0054428500742206825,0.2682926829268293,-0.8314272826829724,0.012393138072735121,0.004336192951900501,-0.870291084432844,-0.10981805114059279,0.00134012770689797,0.00134012770689797,0.09771136881615548,0.004885568440807774,6.700638534489852e-05,0.0016849514325261161,-0.0017320768623041438,7.975359342915811,False,UK100_GBP
n120_ema_k4_x0.5_tp2,11,0,11,0.5454545454545454,2.6977409602121414,2.248117466843451,,25.469696969696972,0.5454545454545454,1094.4840474473167,0.010944840474473166,1175.216262076615,0.0,1175.216262076615,62.66308527305159,0.0,62.66308527305159,35.308523756054576,0.0,27.35456151699702,-18.06912935617404,0.0,-18.06912935617404,0.0,1094.4840474473895,14.556967964696195,5.31025677634642e-06,0.0,0.00011501786098251132,0.0013648704671076484,0.0470873786407767,0.5159574468085106,0.36894436693946436,0.007468960587741824,0.0023064800025185505,1.4453180250954891,0.182739010478606,0.004776658906019197,0.004776658906019197,0.11748597054433263,0.0058742985272166315,0.00023883294530095987,0.003432400909320954,-0.0018129796097147155,7.9808350444900755,False,JP225_USD
n120_ema_k4_x0.5_tp2,20,0,20,0.45,1.140150206350902,1.3935169188733245,,21.61875,0.45,247.78869134887645,0.0024778869134887646,338.86205047293106,0.0,338.86205047293106,44.91825950815584,0.0,44.91825950815584,27.962545361319208,0.0,16.95571414683663,-49.24000279850837,0.0,-49.24000279850837,0.0,244.7037881662668,3.5988562466168994,1.245621552226802e-06,0.0,2.6679771183021162e-05,0.0003101437074259916,0.054501216545012166,0.4890829694323144,0.06876569210601835,0.012865147941700905,0.0018452788551577863,0.18965678369757807,0.024107278737207232,0.00462091210232864,0.00462091210232864,0.06771639839306212,0.0067716398393062125,0.000462091210232864,0.0032421352836053963,-0.0034190646899321386,7.9808350444900755,False,WTICO_USD
n120_ema_k4_x1.0_tp0,19,0,19,0.42105263157894735,1.4320486794625733,1.9690669342610383,,27.982456140350877,0.42105263157894735,901.5528336452844,0.009015528336452845,1097.3788499774344,0.0,1097.3788499774344,30.22567775900135,0.0,30.22567775900135,3.932337790404852,18.428664387786792,7.864675580809704,-165.60033857322844,0.0,-165.60033857322844,0.0,901.5528336452045,5.6038460595331205,4.369972169038473e-06,0.0,9.616415084738521e-05,0.0011252180472711704,0.09606147934678194,0.49627791563275436,0.20164613684671698,0.018031951013551928,0.003712555313505194,0.49360239815105295,0.06240134783116435,0.023686492026526763,0.023686492026526763,0.2260912982924709,0.007536376609749031,0.0007895497342175588,0.0028490023052896163,-0.00317386950717391,7.9808350444900755,False,EUR_USD
n120_ema_k4_x1.0_tp0,20,0,20,0.25,0.6194373813268012,1.8583121439804036,,23.325000000000003,0.25,-885.6290276225482,-0.008856290276225481,-693.2718006362809,0.0,-693.2718006362809,39.92560287597033,0.0,39.92560287597033,8.779543473687307,20.61060723385825,10.535452168424769,-152.43162411021117,0.0,-152.43162411021117,0.0,-885.6290276224623,-3.60408502190606,-4.225931637358656e-06,0.0,-9.247120802812027e-05,-0.0011140168085310709,0.08501440922190202,0.5014164305949008,-0.21934338045781512,0.021332929598667505,0.008117973603729308,-0.4127289601758138,-0.052220526176613574,0.024100063908498923,0.024100063908498923,0.22683652180651281,0.007561217393550428,0.0008033354636166307,0.002752988503917697,-0.002364967904250781,7.9808350444900755,False,GBP_USD
n120_ema_k4_x1.0_tp0,15,0,15,0.26666666666666666,0.9833553741636477,2.704227278950031,,19.405555555555555,0.26666666666666666,16.890358336328063,0.00016890358336328062,189.75552932142963,0.0,189.75552932142963,28.500650458317445,0.0,28.500650458317445,8.173043319394017,12.548723907495264,7.778883231428164,-198.09637543369078,0.0,-198.09637543369078,0.0,-36.841496570578585,0.8374140330149941,1.3032031966639413e-07,0.0,3.0001921192466136e-06,2.1162084773873602e-05,0.04899135446685879,0.4594594594594595,0.006592503552565256,0.012434251435534893,0.006283769059057013,0.013499623655160293,0.001701918678706794,0.011853281007947511,0.011853281007947511,0.20448609406960996,0.010224304703480498,0.0005926640503973755,0.005007197572075794,-0.003793205090675267,7.9808350444900755,False,AUD_USD
n120_ema_k4_x1.0_tp0,20,0,20,0.25,0.5254419813029132,1.5763259439087398,,19.918750000000003,0.25,-1411.6279618970584,-0.014116279618970584,-1163.0809429306726,0.0,-1163.0809429306726,53.402741424383386,0.0,53.402741424383386,16.41118238516669,20.580376654050006,16.41118238516669,-195.14427754200827,0.0,-195.14427754200827,0.0,-1411.627961897064,-4.679520791548675,-6.776069392094633e-06,0.0,-0.00014886672115452102,-0.001779789537741161,0.07348703170028818,0.49514563106796117,-0.3322922302675608,0.026794872927668134,0.008447099757544041,-0.5242700522531895,-0.06642276462910063,0.02157384139282497,0.02157384139282497,0.2218351316525049,0.0073945043884168305,0.000719128046427499,0.0035457724872414165,-0.0026178455901132436,7.9808350444900755,False,USD_CAD
n120_ema_k4_x1.0_tp0,13,0,13,0.46153846153846156,1.380097697099122,1.6101139799489756,,32.34935897435897,0.46153846153846156,515.6929770740389,0.005156929770740389,583.3617447221399,0.0,583.3617447221399,19.000856552049555,0.0,19.000856552049555,6.794152092846398,9.941987094921027,2.2647173642821326,-48.66791109603225,0.0,-48.66791109603225,0.0,515.692977074058,8.620841859511481,2.5146621841458102e-06,0.0,5.502484933924164e-05,0.0006447115163015216,0.08165225744476465,0.5448717948717948,0.1343594452695236,0.009889356517414294,0.0026508188476857928,0.5162467877335736,0.06519246375294903,0.014945512440333117,0.014945512440333117,0.1930908930724141,0.006436363102413803,0.0004981837480111038,0.004183743782927296,-0.0036298888828112386,7.9808350444900755,False,EUR_JPY
n120_ema_k4_x1.0_tp0,13,0,13,0.23076923076923078,0.8543223716291799,2.847741238763933,,22.51602564102564,0.23076923076923078,-271.5939618353732,-0.002715939618353732,-113.06545531259334,0.0,-113.06545531259334,22.559713993928586,0.0,22.559713993928586,10.331000058918296,8.68665677195259,3.542057163057702,-135.96879252894226,0.0,-135.96879252894226,0.0,-271.5939618354642,-0.7132184475369509,-1.280757863758218e-06,0.0,-2.7961764436984798e-05,-0.0003407126103378566,0.05091258405379443,0.47533632286995514,-0.09000588054613115,0.013497127097055195,0.004861059478805596,-0.19955874451698255,-0.02524334311204592,0.009505535067306047,0.009505535067306047,0.1751816497437346,0.00875908248718673,0.0004752767533653024,0.0022463051771113296,-0.002180029051509158,7.9808350444900755,False,AUD_JPY
n120_ema_k4_x1.0_tp0,8,0,8,0.25,1.2939701476587742,3.8819104429763227,,26.765625,0.25,252.62462130893255,0.0025262462130893255,287.69974817255024,0.0,287.69974817255024,18.092434682665402,0.0,18.092434682665402,9.416024398183657,2.39906068569264,6.2773495987891055,-16.982692180861235,0.0,-16.982692180861235,0.0,252.6246213090236,8.202386531400371,1.4543672409618863e-06,0.0,3.166295460609328e-05,0.0003725624683925677,0.041926345609065156,0.4539877300613497,0.10347554522853902,0.008127390757533437,0.002640263765885678,0.307668972356838,0.045840353873379626,0.007127407076270978,0.007127407076270978,0.11401652333766311,0.005700826166883156,0.00035637035381354894,0.002392740997501752,-0.002019709860391572,6.7734428473648185,False,XAU_USD
n120_ema_k4_x1.0_tp0,14,0,14,0.42857142857142855,1.2913762336708767,1.7218349782278355,,31.529761904761905,0.42857142857142855,394.361428941309,0.00394361428941309,781.4360707009337,0.0,781.4360707009337,123.5800117223203,0.0,123.5800117223203,67.4072791212656,0.0,56.17273260105469,-263.4946300373331,0.0,-263.4946300373331,0.0,394.36142894128034,2.018825276562941,1.9664951614962095e-06,0.0,4.21066277268789e-05,0.0004932853861983055,0.07994186046511628,0.5108359133126935,0.09039590176017162,0.011979368372797894,0.002675485206710622,0.3245795432762963,0.04117791279533831,0.009766419618360184,0.009766419618360184,0.10222223173136549,0.005111111586568275,0.0004883209809180092,0.004980771427061326,-0.004243331583282384,7.9808350444900755,False,NAS100_USD
n120_ema_k4_x1.0_tp0,10,0,10,0.2,0.320971284581631,1.283885138326524,,23.0875,0.2,-911.5395799596299,-0.009115395799596299,-626.0120195814384,0.0,-626.0120195814384,77.37589111181188,0.0,77.37589111181188,38.68794555590594,0.0,38.68794555590594,-208.15166926628999,0.0,-208.15166926628999,0.0,-911.5395799595402,-2.1924749357030877,-4.387746081970075e-06,0.0,-9.590467872083905e-05,-0.001146740122972556,0.03827519379844961,0.4540229885057471,-0.22273424173738568,0.011778377234348825,0.0020091110273968388,-0.7718294451885009,-0.09735977207695151,0.007531617000684415,0.007531617000684415,0.13153925004187944,0.006576962502093971,0.00037658085003422075,0.004373933275428898,-0.0042972909450209595,7.9808350444900755,False,SPX500_USD
n120_ema_k4_x1.0_tp0,5,0,5,0.0,0.0,,,10.591666666666665,0.0,-1091.8804301166965,-0.010918804301166965,-1022.9361063844048,0.0,-1022.9361063844048,13.896928101615126,0.0,13.896928101615126,6.948464050807563,0.0,6.948464050807563,-55.04739563068754,0.0,-55.04739563068754,0.0,-1091.8804301167074,-14.83713308083586,-5.427099343936025e-06,0.0,-0.00011545264779437029,-0.001375649448979055,0.0054428500742206825,0.2682926829268293,-0.8389755529451932,0.012508752817683266,0.004374731200216549,-0.871489946014751,-0.10997494866429358,0.00134012770689797,0.00134012770689797,0.09771136881615548,0.004885568440807774,6.700638534489852e-05,0.0016849514325261161,-0.0017320768623041438,7.975359342915811,False,UK100_GBP
n120_ema_k4_x1.0_tp0,8,0,8,0.375,2.287296057799409,3.8121600963323474,,41.776041666666664,0.375,1127.8956317422708,0.011278956317422708,1203.778269440889,0.0,1203.778269440889,65.50200265227372,0.0,65.50200265227372,35.27030912045508,0.0,30.23169353181864,-10.380635046264107,0.0,-10.380635046264107,0.0,1127.8956317423513,15.863685105717993,5.5111004879571746e-06,0.0,0.00011884532737779639,0.0014063325256243875,0.06165048543689321,0.5120967741935484,0.2397764230478057,0.011492940099353421,0.004305716075697556,0.9662248334998849,0.12236490519110127,0.008907346867685129,0.008907346867685129,0.11748597054433259,0.005874298527216629,0.0004453673433842564,0.003432400909320954,-0.0027430708657344427,7.9808350444900755,False,JP225_USD
n120_ema_k4_x1.0_tp0,16,0,16,0.3125,1.8387332211858107,4.045213086608784,,26.609375,0.3125,1572.0186978006823,0.015720186978006822,1677.1080657495859,0.0,1677.1080657495859,46.414646436832655,0.0,46.414646436832655,28.17213131950936,0.0,18.242515117323293,-61.80037493363294,0.0,-61.80037493363294,0.0,1568.8930443791203,15.49792297326393,7.672442317823661e-06,0.0,0.00016542676650093123,0.001956331259148625,0.06861313868613139,0.5035714285714286,0.3002889334507547,0.01625527971211571,0.002244721023913393,0.9366376063455243,0.12035051342060221,0.006153547133153888,0.006153547133153888,0.06771639839306214,0.006771639839306214,0.0006153547133153889,0.005394937946238576,-0.0034190646899322497,7.9808350444900755,False,WTICO_USD
n120_ema_k4_x1.0_tp2,26,0,26,0.5769230769230769,1.422257085244932,1.0429885291796168,,23.5801282051282,0.5769230769230769,881.1804343821277,0.008811804343821276,1033.9614938435452,0.0,1033.9614938435452,29.661544270935497,0.0,29.661544270935497,3.931543397181446,18.450835304969733,7.279165568784319,-123.11951519046656,0.0,-123.11951519046656,0.0,881.1804343821432,6.767602590848381,4.251573286620436e-06,0.0,9.345759662584435e-05,0.0010998887729023465,0.09606147934678194,0.49627791563275436,0.24562454803380612,0.018031951013551928,0.002623308373331912,0.4831162179740172,0.060996659322983086,0.018774312085587015,0.018774312085587015,0.2260912982924709,0.007536376609749031,0.0006258104028529004,0.0027093539063018923,-0.0020388242268533086,7.9808350444900755,False,EUR_USD
n120_ema_k4_x1.0_tp2,24,0,24,0.375,0.6214596003848114,1.0357660006413525,,22.63888888888889,0.375,-882.3506428394758,-0.008823506428394757,-713.8692569025743,0.0,-713.8692569025743,39.440289149074275,0.0,39.440289149074275,8.79002113803199,20.64829940198883,10.001968609053458,-129.0410967877577,0.0,-129.0410967877577,0.0,-882.3506428394063,-4.237080867617164,-4.221698997770333e-06,0.0,-9.249967259950327e-05,-0.001109876958601208,0.08501440922190202,0.5014164305949008,-0.25289704851672845,0.018547616084117147,0.007189535765545855,-0.4733226302428389,-0.059839332104335896,0.020586108467309367,0.020586108467309367,0.22683652180651273,0.007561217393550425,0.000686203615576979,0.002453155790960393,-0.00236496790425067,7.9808350444900755,False,GBP_USD
n120_ema_k4_x1.0_tp2,19,0,19,0.42105263157894735,0.8038703850576456,1.1053217794542627,,19.010964912280702,0.42105263157894735,-379.52145751837816,-0.0037952145751837816,-261.461626299503,0.0,-261.461626299503,27.97152968645719,0.0,27.97152968645719,8.154477959701952,12.530847202008818,7.2862045247464176,-143.6071929879205,0.0,-143.6071929879205,0.0,-433.04034897388067,-1.5238580997930913,-1.7996167605394824e-06,0.0,-3.930040559944117e-05,-0.00047633223484611076,0.04899135446685879,0.4594594594594595,-0.12354167698261957,0.012257534306863604,0.0062669744675655226,-0.30915234315479595,-0.038860363179190824,0.009292575542674788,0.009292575542674788,0.20448609406960994,0.010224304703480496,0.0004646287771337395,0.0030558197408994126,-0.0024319036224911272,7.9808350444900755,False,AUD_USD
n120_ema_k4_x1.0_tp2,25,0,25,0.4,0.5774057645727949,0.8661086468591923,,19.325000000000003,0.4,-1257.3300506505184,-0.012573300506505184,-1042.419967714474,0.0,-1042.419967714474,52.37568437554289,0.0,52.37568437554289,16.423080992809464,20.60632772206909,15.346275660664329,-162.5343985605791,0.0,-162.5343985605791,0.0,-1257.3300506505961,-4.8504935341926885,-6.041076859763048e-06,0.0,-0.0001324526910315272,-0.001584168617806414,0.07348703170028818,0.49514563106796117,-0.3561428758433987,0.02375729375975999,0.007183962474998085,-0.5268705129388233,-0.06668135831572165,0.018263617963091408,0.018263617963091408,0.22182028779260382,0.007394009593086794,0.0006087872654363803,0.0028584592531282205,-0.0026178455901132436,7.9808350444900755,False,USD_CAD
n120_ema_k4_x1.0_tp2,19,0,19,0.631578947368421,1.5725719739629014,0.9173336514783591,,30.370614035087723,0.631578947368421,753.6530418784241,0.007536530418784241,815.9435789830425,0.0,815.9435789830425,18.769397515598683,0.0,18.769397515598683,6.797271391486303,9.979828454532367,1.992297669580011,-43.5211395890165,0.0,-43.5211395890165,0.0,753.6530418784273,13.098997326234135,3.633302014488297e-06,0.0,7.959032500392158e-05,0.0009412305320652958,0.08165225744476465,0.5448717948717948,0.2480695612354791,0.007217638805458337,0.0018941368478887191,1.034465345539677,0.13040698730358888,0.011972444298953524,0.011972444298953524,0.19309089307241412,0.0064363631024138045,0.00039908147663178414,0.0020939387549185895,-0.002149870335239501,7.9808350444900755,False,EUR_JPY
n120_ema_k4_x1.0_tp2,18,0,18,0.4444444444444444,0.9730312871228087,1.2162891089035108,,22.888888888888893,0.4444444444444444,-46.85210685484344,-0.0004685210685484344,100.57930927061054,0.0,100.57930927061054,22.324163997060495,0.0,22.324163997060495,10.33496980355601,8.717966841033721,3.2712273524707642,-125.1072521284368,0.0,-125.1072521284368,0.0,-46.852106854886756,0.6822108334426831,-2.035184734378266e-07,0.0,-4.4507372217307335e-06,-5.8717803037455774e-05,0.05091258405379443,0.47533632286995514,-0.015551394122595326,0.010515907610047837,0.006806893698066752,-0.04429536960381423,-0.005583712335143715,0.00865427129156125,0.00865427129156125,0.1751816497437346,0.00875908248718673,0.0004327135645780625,0.0022463051771111076,-0.002180029051509158,7.9808350444900755,False,AUD_JPY
n120_ema_k4_x1.0_tp2,11,0,11,0.45454545454545453,1.3072430268453443,1.568691632214413,,26.219696969696965,0.45454545454545453,256.3210381439567,0.002563210381439567,288.5290812502739,0.0,288.5290812502739,20.37937913177507,0.0,20.37937913177507,12.38814747048275,2.3966264835834163,5.594605177708904,-11.828663974576246,0.0,-11.828663974576246,0.0,256.3210381439226,8.95829281827361,1.4680771368110083e-06,0.0,3.194341423942121e-05,0.0003780078794004549,0.041926345609065156,0.4539877300613497,0.12384534619253892,0.008127390757532549,0.0019837991020476256,0.3127473737605178,0.04651036115743707,0.006084737199765376,0.006084737199765376,0.11401652333766311,0.005700826166883156,0.0003042368599882688,0.0022214954546759813,-0.0015335341888845777,6.7734428473648185,False,XAU_USD
n120_ema_k4_x1.0_tp2,21,0,21,0.6190476190476191,1.6654922322309296,1.024918296757495,,27.263888888888886,0.6190476190476191,894.104293831042,0.00894104293831042,1200.7355437598872,0.0,1200.7355437598872,117.41037638071265,0.0,117.41037638071265,67.47255081997953,0.0,49.93782556073311,-189.22087354823054,0.0,-189.22087354823054,0.0,894.1042938309439,3.9158942346487455,4.345514020186149e-06,0.0,9.427744756199265e-05,0.0011159576976833563,0.07994186046511628,0.5108359133126935,0.2690011328887314,0.008164789920460436,0.0016925065803035818,1.0793140992567192,0.13667929102337814,0.007293177557993075,0.007293177557993075,0.10222223173136553,0.005111111586568276,0.0003646588778996537,0.0030947856977867616,-0.0021617624793610624,7.9808350444900755,False,NAS100_USD
n120_ema_k4_x1.0_tp2,13,0,13,0.38461538461538464,0.6706212518347562,1.07299400293561,,20.762820512820515,0.38461538461538464,-415.80473876476754,-0.004158047387647675,-177.7055830340768,0.0,-177.7055830340768,74.76594112333228,0.0,74.76594112333228,38.72440386103483,0.0,36.041537262297446,-163.33321460730056,0.0,-163.33321460730056,0.0,-415.80473876470967,-0.7463511682297576,-1.992255664365027e-06,0.0,-4.3492042100389204e-05,-0.0005219539772624016,0.03827519379844961,0.4540229885057471,-0.13730145695136106,0.010481367430270394,0.0018238239125284914,-0.39564233872610594,-0.0497982711449451,0.006244348007712863,0.006244348007712863,0.13153925004187944,0.006576962502093971,0.0003122174003856431,0.0046353826819418575,-0.0021486009041582488,7.9808350444900755,False,SPX500_USD
n120_ema_k4_x1.0_tp2,5,0,5,0.0,0.0,,,10.591666666666665,0.0,-1091.8804301166965,-0.010918804301166965,-1022.9361063844048,0.0,-1022.9361063844048,13.896928101615126,0.0,13.896928101615126,6.948464050807563,0.0,6.948464050807563,-55.04739563068754,0.0,-55.04739563068754,0.0,-1091.8804301167074,-14.83713308083586,-5.427099343936025e-06,0.0,-0.00011545264779437029,-0.001375649448979055,0.0054428500742206825,0.2682926829268293,-0.8389755529451932,0.012508752817683266,0.004374731200216549,-0.871489946014751,-0.10997494866429358,0.00134012770689797,0.00134012770689797,0.09771136881615548,0.004885568440807774,6.700638534489852e-05,0.0016849514325261161,-0.0017320768623041438,7.975359342915811,False,UK100_GBP
n120_ema_k4_x1.0_tp2,11,0,11,0.5454545454545454,1.8225051429093395,1.5187542857577832,,32.958333333333336,0.5454545454545454,720.1704779799038,0.0072017047797990385,802.8925334534013,0.0,802.8925334534013,62.55920103328832,0.0,62.55920103328832,35.25051264044391,0.0,27.308688392844406,-20.16285444015292,0.0,-20.16285444015292,0.0,720.17047797996,9.705906470266303,3.514318595934786e-06,0.0,7.604517785244391e-05,0.000899545390707468,0.06165048543689321,0.5120967741935484,0.22443739696263412,0.00838210515312321,0.002856709848485228,0.8493313433202766,0.10731735933571454,0.006162694220804384,0.006162694220804384,0.11748597054433262,0.005874298527216631,0.0003081347110402192,0.003432400909320732,-0.0018129796097148265,7.9808350444900755,False,JP225_USD
n120_ema_k4_x1.0_tp2,21,0,21,0.47619047619047616,1.5490081365282546,1.7039089501810802,,27.20436507936509,0.47619047619047616,1026.3137081968307,0.010263137081968307,1126.0533282306708,0.0,1126.0533282306708,44.872233350546324,0.0,44.872233350546324,28.08050292944358,0.0,16.79173042110274,-57.97624724512302,0.0,-57.97624724512302,0.0,1023.2048476350014,10.948662748432335,5.022597658726643e-06,0.0,0.00010834549077143902,0.0012802373907769837,0.06861313868613139,0.5035714285714286,0.24297213512107035,0.013763046146005542,0.0018237119796569003,0.7279680660697353,0.09301991559103708,0.005299479353201422,0.005299479353201422,0.06771639839306215,0.006771639839306215,0.0005299479353201423,0.0032421352836056183,-0.0034190646899321386,7.9808350444900755,False,WTICO_USD
n120_d1_k2_x0.5_tp0,24,0,24,0.375,2.6712069668943426,4.452011611490572,,14.736111111111112,0.375,2161.196993030404,0.02161196993030404,2293.731708531097,0.0,2293.731708531097,36.946581945065645,0.0,36.946581945065645,4.788081712239157,22.582336808348177,9.576163424478313,-95.58813355559181,0.0,-95.58813355559181,0.0,2161.1969930304394,17.306648298646845,1.032185303155043e-05,0.0,0.0002264627053590055,0.002682728096588205,0.0643611911623439,0.5193798449612403,0.5078557309899487,0.010201622223150353,0.0027566750224244465,2.066731233619924,0.2629707352327103,0.015069356987152713,0.015069356987152713,0.3260689465775661,0.01086896488591887,0.000502311899571757,0.004674943484030525,-0.0036891507599849938,7.9808350444900755,False,EUR_USD
n120_d1_k2_x0.5_tp0,29,0,29,0.1724137931034483,1.0852647811436467,5.209270949489505,,9.919540229885056,0.1724137931034483,165.75409173878143,0.0016575409173878143,310.81750498333014,0.0,310.81750498333014,57.31992045957304,0.0,57.31992045957304,12.614693483050942,29.567594796860956,15.137632179661137,-87.74349278494206,0.0,-87.74349278494206,0.0,165.75409173881502,2.1426319568216985,8.280253778430666e-07,0.0,1.868556262437473e-05,0.00020753975715637196,0.04851104707012488,0.47641509433962265,0.051490712487817676,0.01608792178462315,0.005893928433695406,0.10236692476668005,0.01290034598221,0.014802235218787926,0.014802235218787926,0.313104580433803,0.010436819347793435,0.0004934078406262641,0.003586614224606377,-0.0023352675185867033,7.9808350444900755,False,GBP_USD
n120_d1_k2_x0.5_tp0,17,0,17,0.17647058823529413,1.7568866600499131,8.198804413566263,,11.745098039215685,0.17647058823529413,1081.1647594894603,0.010811647594894603,1161.0943752404983,0.0,1161.0943752404983,31.4546790051402,0.0,31.4546790051402,8.990224641433228,13.872584046733806,8.591870316973164,-102.77854945788465,0.0,-102.77854945788465,0.0,1026.8611467774736,8.649828276761792,5.2053262115358104e-06,0.0,0.00011418908049346473,0.001348338573899488,0.037463976945244955,0.484472049689441,0.29104254694106746,0.009606218667215782,0.0035582602648148165,1.1091386456993446,0.1403610120287095,0.008369367792603707,0.008369367792603707,0.20448609406960988,0.010224304703480494,0.0004184683896301853,0.005001797254566398,-0.0037891286349290842,7.9808350444900755,False,AUD_USD
n120_d1_k2_x0.5_tp0,22,0,22,0.09090909090909091,0.2951803789141927,2.951803789141927,,6.829545454545454,0.09090909090909091,-1415.6379964916414,-0.014156379964916414,-1256.7869160108482,0.0,-1256.7869160108482,63.59430553369616,0.0,63.59430553369616,21.74455214757146,23.31098347636992,18.538769909754773,-95.25677494708377,0.0,-95.25677494708377,0.0,-1415.6379964916282,-7.911730359069936,-6.825624273654579e-06,0.0,-0.00014975656757979108,-0.0017848770816895065,0.024975984630163303,0.41935483870967744,-0.5123719467944537,0.01767943375849601,0.009216486934118973,-0.799496205684941,-0.10095781946815846,0.008242297936766504,0.008242297936766504,0.4105621839385908,0.01368540613128636,0.0002747432645588834,0.002606422551113541,-0.0024243123154971125,7.9808350444900755,False,USD_CAD
n120_d1_k2_x0.5_tp0,17,0,17,0.4117647058823529,1.825272617607079,2.607532310867256,,14.710784313725489,0.4117647058823529,845.1962224324379,0.008451962224324379,938.6738177776471,0.0,938.6738177776471,23.63609413315959,0.0,23.63609413315959,8.55231348586134,12.233009485344466,2.8507711619537823,-69.84150121204996,0.0,-69.84150121204996,0.0,845.1962224324375,10.041698380356886,4.072474487495368e-06,0.0,8.910303977935206e-05,0.0010551381917007774,0.0393852065321806,0.5578231292517006,0.2638935257197028,0.008831339554910556,0.0024382349788872465,0.9422665692449813,0.11947657375647855,0.0072679488364123124,0.0072679488364123124,0.1912366708900181,0.006374555696333937,0.00024226496121374376,0.004183743782927518,-0.0030424143464296005,7.9808350444900755,False,EUR_JPY
n120_d1_k2_x0.5_tp0,16,0,16,0.25,1.1251869208049436,3.375560762414831,,11.794270833333332,0.25,133.49334647557407,0.0013349334647557408,259.6385482567652,0.0,259.6385482567652,36.25800543748879,0.0,36.25800543748879,20.223617528993703,11.365274441490914,4.66911346700417,-89.88719634361973,0.0,-89.88719634361973,0.0,133.49334647565667,2.058251479967497,6.588692979994208e-07,0.0,1.4441616890729267e-05,0.00016716981726783153,0.03506243996157541,0.503448275862069,0.054936761665547215,0.01086125298887708,0.002246977201709008,0.12141086059533249,0.015391393372295883,0.006119351828605756,0.006119351828605756,0.23239421250257625,0.011619710625128813,0.00030596759143028786,0.0022463051771113296,-0.003396472103411763,7.9808350444900755,False,AUD_JPY
n120_d1_k2_x0.5_tp0,12,0,12,0.0,0.0,,,5.972222222222222,0.0,-1030.7454050135711,-0.010307454050135712,-1000.1505137614344,0.0,-1000.1505137614344,26.341098035201412,0.0,26.341098035201412,13.6159461806806,3.647854400733741,9.077297453787072,-4.2537932169433175,0.0,-4.2537932169433175,0.0,-1030.745405013579,-32.69011501033928,-5.8617708819846725e-06,0.0,-0.00012783655249680602,-0.00152847285165858,0.012464589235127478,0.3793103448275862,-0.7162793492750426,0.010832394146761626,0.010832394146761626,-0.9510350862658128,-0.1411020344118037,0.0023376061997122397,0.0023376061997122397,0.11387977043321218,0.0056939885216606085,0.00011688030998561199,0.002397177255540006,-0.0020234472720729313,6.7734428473648185,False,XAU_USD
n120_d1_k2_x0.5_tp0,18,0,18,0.3333333333333333,1.392974844999818,2.785949689999636,,14.564814814814813,0.3333333333333333,492.7437988253805,0.004927437988253805,836.6291431112116,0.0,836.6291431112116,151.87453113450326,0.0,151.87453113450326,82.84065334609268,0.0,69.03387778841058,-192.01081315131367,0.0,-192.01081315131367,0.0,492.7437988253947,2.4328723425208127,2.4278508846424506e-06,0.0,5.2286937001206667e-05,0.0006160823825347439,0.04505813953488372,0.5138121546961326,0.12648850145378582,0.009391914161111403,0.0037263601511633437,0.5193449967427115,0.06559710533617559,0.0062093444838316235,0.0062093444838316235,0.1561077131977585,0.007805385659887926,0.0003104672241915812,0.004980771427061104,-0.004243331583282162,7.9808350444900755,False,NAS100_USD
n120_d1_k2_x0.5_tp0,11,0,11,0.2727272727272727,0.7185276359330163,1.9160736958213769,,13.515151515151517,0.2727272727272727,-234.9590060661576,-0.002349590060661576,-12.814051201810997,0.0,-12.814051201810997,88.18327635832202,0.0,88.18327635832202,44.09163817916101,0.0,44.09163817916101,-133.96167850608413,0.0,-133.96167850608413,0.0,-234.95900606621714,-0.05768328706646746,-1.100089434084226e-06,0.0,-2.4385618098633546e-05,-0.00029470701008982303,0.027131782945736434,0.5,-0.0620254583378768,0.007762858912973236,0.0021581666569378357,-0.3010757188858127,-0.03796372102001116,0.005170503578407178,0.005170503578407178,0.2581894057043201,0.012909470285216005,0.00025852517892035884,0.004373933275428898,-0.0042972909450209595,7.9808350444900755,False,SPX500_USD
n120_d1_k2_x0.5_tp0,6,0,6,0.0,0.0,,,5.958333333333335,0.0,-646.297096758135,-0.00646297096758135,-598.0367662237378,0.0,-598.0367662237378,16.73624700326738,0.0,16.73624700326738,8.36812350163369,0.0,8.36812350163369,-31.524083531124546,0.0,-31.524083531124546,0.0,-646.2970967581298,-12.391891220006395,-3.2041720514627317e-06,0.0,-6.821197368285938e-05,-0.0008126670045407458,0.0039584364176150424,0.27586206896551724,-0.5610238837435889,0.008060082238408706,0.002891841007125029,-0.8005602855727344,-0.10082614302223172,0.0008845813614944016,0.0008845813614944016,0.16159091410371826,0.008079545705185912,4.422906807472008e-05,0.0016849514325261161,-0.0016016031113808005,7.975359342915811,False,UK100_GBP
n120_d1_k2_x0.5_tp0,10,0,10,0.3,3.75392112977321,8.759149302804156,,19.833333333333336,0.3,1682.7023079362698,0.016827023079362697,1754.7350792542584,0.0,1754.7350792542584,81.25177507803973,0.0,81.25177507803973,43.75095581125217,0.0,37.50081926678756,9.219003760027576,0.0,9.219003760027576,0.0,1682.7023079362461,21.596267620847563,8.149533147020289e-06,0.0,0.00017625364271255093,0.002093073535625267,0.037864077669902914,0.5234899328859061,0.41303785043208796,0.010372164678329687,0.003407337884046001,1.593668063728501,0.20179717547276077,0.005574213029223225,0.005574213029223225,0.11748597054433262,0.005874298527216631,0.0002787106514611613,0.003432400909320954,-0.0027430708657344427,7.9808350444900755,False,JP225_USD
n120_d1_k2_x0.5_tp0,19,0,19,0.10526315789473684,0.378504337812444,3.2172868714057743,,7.690789473684211,0.10526315789473684,-994.1549180064467,-0.009941549180064466,-900.5770711398985,0.0,-900.5770711398985,54.58501936722415,0.0,54.58501936722415,32.751011620334495,0.0,21.834007746889654,-38.99282749933301,0.0,-38.99282749933301,0.0,-994.1549180064557,-9.623827661093008,-4.838531135018807e-06,0.0,-0.00010496026731242672,-0.0012511278343481091,0.024817518248175182,0.4396551724137931,-0.3550028882492596,0.012347802283834253,0.009472749957770865,-0.8031702208942573,-0.10132392838732818,0.002135374232955839,0.002135374232955839,0.06509831301796556,0.006509831301796556,0.00021353742329558386,0.0021883079588658205,-0.003017345618070544,7.9808350444900755,False,WTICO_USD
n120_d1_k2_x0.5_tp2,34,0,34,0.5588235294117647,2.107494838579532,1.6638117146680518,,12.678921568627452,0.5588235294117647,1396.2821308712155,0.013962821308712155,1496.7073993326758,0.0,1496.7073993326758,36.0407249176025,0.0,36.0407249176025,4.773669893197813,22.52226865444698,8.744786369957708,-64.38454354383934,0.0,-64.38454354383934,0.0,1396.282130871234,14.903693286190563,6.685243812098623e-06,0.0,0.00014664625519671403,0.0017389523673747576,0.0643611911623439,0.5193798449612403,0.4728596211885055,0.010201622223150353,0.001694294359079078,1.3475739768545514,0.17045841625350378,0.011235770523865138,0.011235770523865138,0.3260689465775661,0.01086896488591887,0.0003745256841288379,0.0028912172757593613,-0.0019073112888132737,7.9808350444900755,False,EUR_USD
n120_d1_k2_x0.5_tp2,38,0,38,0.3684210526315789,0.9829409164434116,1.6850415710458486,,9.07236842105263,0.3684210526315789,-31.617126863260637,-0.00031617126863260636,90.10835832872493,0.0,90.10835832872493,56.23284585285634,0.0,56.23284585285634,12.631996789030032,29.628283959274317,13.972565104551997,-65.49263933904457,0.0,-65.49263933904457,0.0,-31.617126863175983,0.740258773145727,-1.3334264320304595e-07,0.0,-2.7721233483823935e-06,-3.9621793317956566e-05,0.04851104707012488,0.47641509433962265,-0.010988695513598117,0.01360699873853688,0.005046232777663991,-0.023134438128535443,-0.002911868669888403,0.010781622112637975,0.010781622112637975,0.31310458043380296,0.010436819347793431,0.00035938740375459916,0.0027723289498857717,-0.0023352675185868144,7.9808350444900755,False,GBP_USD
n120_d1_k2_x0.5_tp2,21,0,21,0.3333333333333333,1.1605512114039709,2.3211024228079418,,10.392857142857142,0.3333333333333333,268.8291694262298,0.002688291694262298,319.77800181145176,0.0,319.77800181145176,30.80812220547636,0.0,30.80812220547636,8.963722832861993,13.852064078255168,7.992335294359197,-74.00791362219013,0.0,-74.00791362219013,0.0,214.96196598378526,3.0508499895685373,1.3040032530558751e-06,0.0,2.867265190174112e-05,0.00033644803949650637,0.037463976945244955,0.484472049689441,0.12139960835650154,0.006617654797477224,0.002556265913662037,0.4039665701100714,0.05084097762620782,0.005628217427435139,0.005628217427435139,0.20448609406960996,0.0102243047034805,0.0002814108713717569,0.002508580506079383,-0.0019037605391653,7.9808350444900755,False,AUD_USD
n120_d1_k2_x0.5_tp2,26,0,26,0.23076923076923078,0.3596105346830128,1.1987017822767094,,6.322115384615383,0.23076923076923078,-1235.7648558850342,-0.012357648558850342,-1100.2585769812952,0.0,-1100.2585769812952,62.651120701702006,0.0,62.651120701702006,21.754664945881103,23.32826775089426,17.568188004926647,-72.85515820198945,0.0,-72.85515820198945,0.0,-1235.7648558849867,-8.119613245104924,-5.957333760663811e-06,0.0,-0.00013063105429913865,-0.0015568492802403577,0.024975984630163303,0.41935483870967744,-0.5441683335692095,0.016052552934385567,0.00840304652206375,-0.7686422925881508,-0.09698452866680725,0.006674016888969422,0.006674016888969422,0.4105621839385908,0.01368540613128636,0.00022246722963231407,0.001961355014657551,-0.0022100223500278737,7.9808350444900755,False,USD_CAD
n120_d1_k2_x0.5_tp2,25,0,25,0.6,1.6428470688588432,1.095231379239229,,13.223333333333333,0.6,630.7959436672245,0.0063079594366722445,699.7220749661835,0.0,699.7220749661835,23.313724248281353,0.0,23.313724248281353,8.530410801212643,12.227825108198587,2.555488338870123,-45.61240705071829,0.0,-45.61240705071829,0.0,630.7959436671839,10.151767722618995,3.0340411561944816e-06,0.0,6.643512918729222e-05,0.0007882164437889028,0.040345821325648415,0.5714285714285714,0.28990642504803316,0.00443599912763748,0.001667338751284121,1.4103863947964104,0.1776863387727243,0.005295303328162609,0.005295303328162609,0.1912366708900181,0.006374555696333937,0.00017651011093875363,0.002095868408948265,-0.0016214070921246604,7.9808350444900755,False,EUR_JPY
n120_d1_k2_x0.5_tp2,23,0,23,0.4782608695652174,1.2386321790490222,1.3512351044171154,,10.105072463768114,0.4782608695652174,223.21787373788538,0.0022321787373788538,344.771728594167,0.0,344.771728594167,34.73229018893238,0.0,34.73229018893238,19.132970554238934,11.367326229148706,4.23199340554474,-86.82156466728115,0.0,-86.82156466728115,0.0,223.21787373795343,2.8363701751951726,1.0790800749372332e-06,0.0,2.3660772719470482e-05,0.0002794197111557484,0.03506243996157541,0.503448275862069,0.13419303365596486,0.0073098357773053735,0.0016886891873356957,0.30296959452966504,0.038225169438587704,0.004391514970766188,0.004391514970766188,0.23173541954305352,0.011586770977152674,0.00021957574853830936,0.001913180968033279,-0.0016986117705110049,7.9808350444900755,False,AUD_JPY
n120_d1_k2_x0.5_tp2,13,0,13,0.07692307692307693,0.0826093609008202,0.9913123308098424,,6.570512820512821,0.07692307692307693,-920.852091335546,-0.00920852091335546,-892.1722689340371,0.0,-892.1722689340371,26.177666953661102,0.0,26.177666953661102,13.615946180680602,3.6456948358371926,8.916025937143308,-2.5021554478520596,0.0,-2.5021554478520596,0.0,-920.8520913355502,-31.108012331588412,-5.234648998381518e-06,0.0,-0.00011413474879176758,-0.0013648696652976966,0.012464589235127478,0.3793103448275862,-0.7124223689717398,0.010812851352437258,0.010812851352437258,-0.8511757303565801,-0.1262266187530683,0.002244086147463082,0.002244086147463082,0.11387977043321218,0.0056939885216606085,0.0001122043073731541,0.0018958119921732575,-0.0019659557630599123,6.7734428473648185,False,XAU_USD
n120_d1_k2_x0.5_tp2,25,0,25,0.52,1.2589420449985043,1.1621003492293887,,11.783333333333333,0.52,311.39682871878904,0.00311396828718789,569.7062460955644,0.0,569.7062460955644,145.14847179449725,0.0,145.14847179449725,82.73778264311811,0.0,62.41068915137914,-113.16094558216439,0.0,-113.16094558216439,0.0,311.3968287189028,2.205518683296127,1.5261753701007877e-06,0.0,3.3059435395857575e-05,0.00038965040749161517,0.045542635658914726,0.5193370165745856,0.12166144699908885,0.0069071981269436256,0.0019297890509320237,0.44820968753103063,0.05641222393370553,0.004066545145329743,0.004066545145329743,0.11321172036792373,0.005660586018396188,0.00020332725726648717,0.0029456024955849536,-0.00212783241847303,7.9808350444900755,False,NAS100_USD
n120_d1_k2_x0.5_tp2,15,0,15,0.4666666666666667,0.8985851458304257,1.0269544523776293,,12.155555555555557,0.4666666666666667,-79.8948285797378,-0.000798948285797378,101.72277032915082,0.0,101.72277032915082,89.16840290798554,0.0,89.16840290798554,49.480454643682314,0.0,39.68794826430322,-92.44919600089091,0.0,-92.44919600089091,0.0,-79.89482857972563,0.5600931349179905,-3.7155244062928955e-07,0.0,-8.212882286935163e-06,-0.0001001433545840813,0.027616279069767442,0.5089285714285714,-0.03328559156314863,0.006006397903451921,0.0015567541007161733,-0.13241373466817496,-0.01667278062389576,0.0037302060418298436,0.0037302060418298436,0.25777872867893864,0.012888936433946932,0.0001865103020914922,0.0032148936145637297,-0.00216821545965884,7.9808350444900755,False,SPX500_USD
n120_d1_k2_x0.5_tp2,7,0,7,0.14285714285714285,0.14718748065439105,0.8831248839263462,,6.1190476190476195,0.14285714285714285,-503.0527245667181,-0.005030527245667181,-459.14014602113866,0.0,-459.14014602113866,16.369745340674186,0.0,16.369745340674186,8.368123501633688,0.0,8.001621839040496,-27.5428332048809,0.0,-27.5428332048809,0.0,-503.0527245666937,-10.455777392913168,-2.4916339471240895e-06,0.0,-5.3052751425533124e-05,-0.0006321506680724287,0.0039584364176150424,0.27586206896551724,-0.4552728643401172,0.00759299274036862,0.002736144507778334,-0.661457325502624,-0.08325448076771629,0.0008010303726118848,0.0008010303726118848,0.16159091410371826,0.008079545705185912,4.0051518630594234e-05,0.0016849514325261161,-0.0016016031113808005,7.975359342915811,False,UK100_GBP
n120_d1_k2_x0.5_tp2,13,0,13,0.46153846153846156,2.3477273584222678,2.739015251492646,,15.50320512820513,0.46153846153846156,819.987365760011,0.00819987365760011,894.8759544846746,0.0,894.8759544846746,78.03660389660772,0.0,78.03660389660772,43.58575418515456,0.0,34.450849711453145,3.148015171861718,0.0,3.148015171861718,0.0,819.9873657599286,11.467387223440861,3.981586463830239e-06,0.0,8.621712738642025e-05,0.0010237797059471365,0.037864077669902914,0.5234899328859061,0.3397375361982484,0.007329242113983447,0.0024726137206604742,1.1071527218789567,0.13968425248142222,0.0031561985981950003,0.0031561985981950003,0.1174859705443326,0.005874298527216631,0.00015780992990975003,0.003543390476864916,-0.0013773007281900895,7.9808350444900755,False,JP225_USD
n120_d1_k2_x0.5_tp2,22,0,22,0.22727272727272727,0.4357897152246138,1.481685031763687,,8.482954545454545,0.22727272727272727,-881.1608033261582,-0.008811608033261581,-796.8332747793457,0.0,-796.8332747793457,53.86456378263461,0.0,53.86456378263461,32.77711421243424,0.0,21.08744957020037,-30.46296476413574,0.0,-30.46296476413574,0.0,-881.1608033261161,-9.449266313282266,-4.289534920600523e-06,0.0,-9.294791599297966e-05,-0.0011083744931382755,0.024817518248175182,0.4396551724137931,-0.3655562697520983,0.010582242359366112,0.00488839484308401,-0.8311912444277335,-0.10473909550533753,0.0017840747695103065,0.0017840747695103065,0.06509831301796556,0.006509831301796557,0.00017840747695103065,0.001807846289615389,-0.003017345618070655,7.9808350444900755,False,WTICO_USD
n120_d1_k2_x1.0_tp0,24,0,24,0.3333333333333333,1.9544810696044943,3.9089621392089886,,19.085069444444443,0.3333333333333333,1444.5640830233751,0.01444564083023375,1607.9459386410222,0.0,1607.9459386410222,36.76172535272563,0.0,36.76172535272563,4.770026541022012,22.45164572965959,9.540053082044023,-126.62013026489346,0.0,-126.62013026489346,0.0,1444.564083023403,9.841643263033312,6.954973911691332e-06,0.0,0.0001528921057545143,0.0017987079646244464,0.0792507204610951,0.5030487804878049,0.30321528765540523,0.012480641255341984,0.005601787492164445,1.1365785682122402,0.14411983549759996,0.019507843600171774,0.019507843600171774,0.32606894657756613,0.010868964885918871,0.0006502614533390593,0.004674943484030525,-0.0036891507599846607,7.9808350444900755,False,EUR_USD
n120_d1_k2_x1.0_tp0,29,0,29,0.1724137931034483,0.8589341235199845,4.122883792895926,,14.061781609195403,0.1724137931034483,-296.1451349948911,-0.0029614513499489114,-118.59746901416963,0.0,-118.59746901416963,57.22118064713565,0.0,57.22118064713565,12.593262874424308,29.51600232340216,15.11191544930918,-120.32648533361206,0.0,-120.32648533361206,0.0,-296.1451349949173,-0.6679753764097901,-1.3750383756592105e-06,0.0,-2.9815992925813203e-05,-0.0003715518602352974,0.07108549471661864,0.4983164983164983,-0.06936575486399518,0.01913846524093521,0.00738648548448521,-0.1538371039808076,-0.01941387961666781,0.02135095973541327,0.02135095973541327,0.313104580433803,0.010436819347793435,0.000711698657847109,0.003586614224606377,-0.0023352675185867033,7.9808350444900755,False,GBP_USD
n120_d1_k2_x1.0_tp0,17,0,17,0.17647058823529413,1.5248701512336102,7.116060705756847,,12.541666666666666,0.17647058823529413,794.4550806599873,0.007944550806599874,869.5491433067255,0.0,869.5491433067255,31.421508447794217,0.0,31.421508447794217,8.980339331958074,13.858054204060732,8.58311491177541,-97.8221384982347,0.0,-97.8221384982347,0.0,740.3054963606966,6.72798364835559,3.842079704383588e-06,0.0,8.433402665008559e-05,0.000992011900620815,0.03890489913544669,0.47928994082840237,0.21206568001320408,0.011386247737853905,0.003849623389804588,0.687979756798189,0.0871236884582129,0.0088676552967483,0.0088676552967483,0.20448609406960988,0.010224304703480494,0.0004433827648374149,0.005001797254566398,-0.0037891286349290842,7.9808350444900755,False,AUD_USD
n120_d1_k2_x1.0_tp0,22,0,22,0.09090909090909091,0.2681075011528489,2.681075011528489,,8.274621212121213,0.09090909090909091,-1523.5609160223103,-0.015235609160223103,-1330.9291748877972,0.0,-1330.9291748877972,63.55012660368683,0.0,63.55012660368683,21.728973853870613,23.29620549821707,18.524947251599144,-129.08161453093288,0.0,-129.08161453093288,0.0,-1523.560916022417,-6.909189352951361,-7.3502510022608706e-06,0.0,-0.00016128791188349856,-0.0019218672783685165,0.03121998078770413,0.4452054794520548,-0.5345387393832549,0.018720986841679,0.009737263475710467,-0.8125753292401536,-0.10265843860804472,0.010540595558282585,0.010540595558282585,0.41056218393859073,0.013685406131286357,0.00035135318527608614,0.0026064225511133188,-0.0024243123154972235,7.9808350444900755,False,USD_CAD
n120_d1_k2_x1.0_tp0,17,0,17,0.4117647058823529,1.8542786809302485,2.6489695441860697,,24.06127450980392,0.4117647058823529,875.5729627439869,0.00875572962743987,973.185341301916,0.0,973.185341301916,23.623749676833185,0.0,23.623749676833185,8.547087331192635,12.227633235243005,2.8490291103975443,-73.98862888108533,0.0,-73.98862888108533,0.0,875.5729627439974,9.969896806934935,4.2329410325137335e-06,0.0,9.267221562607614e-05,0.0010929161437576163,0.06388088376560999,0.5541666666666667,0.2219587084395217,0.011309966244894776,0.0029116701221642747,0.7610975314233053,0.09663301552742913,0.012222210896350675,0.012222210896350675,0.1912366708900181,0.006374555696333937,0.0004074070298783558,0.004183743782927518,-0.0030424143464296005,7.9808350444900755,False,EUR_JPY
n120_d1_k2_x1.0_tp0,16,0,16,0.1875,1.2235243324296623,5.30193877386187,,13.86458333333333,0.1875,291.85925510952075,0.0029185925510952075,420.3211151168971,0.0,420.3211151168971,36.24576094190884,0.0,36.24576094190884,20.208041997540853,11.372537432078651,4.665181512289339,-92.2160990654868,0.0,-92.2160990654868,0.0,291.8592551095015,3.2719525864929784,1.4199215019144222e-06,0.0,3.111971644200856e-05,0.00036523420027956277,0.040826128722382324,0.5,0.11229218656625227,0.009911789094492973,0.0029549129807935524,0.29142862865505015,0.03684846366257816,0.007406763112407958,0.007406763112407958,0.23239009993212423,0.011619504996606212,0.0003703381556203979,0.0022463051771113296,-0.003396412201795651,7.9808350444900755,False,AUD_JPY
n120_d1_k2_x1.0_tp0,12,0,12,0.0,0.0,,,6.107638888888889,0.0,-1125.551977444702,-0.01125551977444702,-1094.2588269472894,0.0,-1094.2588269472894,26.33617896711403,0.0,26.33617896711403,13.612553991324246,3.648588981573616,9.075035994216167,-4.956971530314991,0.0,-4.956971530314991,0.0,-1125.5519774447184,-34.96799809393405,-6.4043339611940016e-06,0.0,-0.00013965910392743094,-0.0016697401803770218,0.012464589235127478,0.3728813559322034,-0.7631304473575123,0.011779957010144115,0.011779957010144115,-0.9549737537688657,-0.14174416586912436,0.002400961498956335,0.002400961498956335,0.11387977043321215,0.005693988521660607,0.00012004807494781677,0.002397177255540228,-0.0020234472720729313,6.7734428473648185,False,XAU_USD
n120_d1_k2_x1.0_tp0,18,0,18,0.2777777777777778,0.7975155991191436,2.0735405577097734,,18.11574074074074,0.2777777777777778,-260.21313741913764,-0.0026021313741913764,135.51860779727122,0.0,135.51860779727122,151.5557669927366,0.0,151.5557669927366,82.66678199603814,0.0,68.88898499669845,-244.17597822368506,0.0,-244.17597822368506,0.0,-260.2131374191505,0.34245068644456983,-1.209244126765231e-06,0.0,-2.6785264506085385e-05,-0.0003264191677505579,0.05184108527131783,0.49767441860465117,-0.0588737059197559,0.012892845798347596,0.0036138484251664604,-0.20011527299227444,-0.025317852462983247,0.007852070064662294,0.007852070064662294,0.1561077131977585,0.007805385659887926,0.0003926035032331145,0.004980771427061326,-0.004243331583282384,7.9808350444900755,False,NAS100_USD
n120_d1_k2_x1.0_tp0,11,0,11,0.18181818181818182,0.48342889595257066,2.175430031786568,,15.056818181818185,0.18181818181818182,-461.4866050949204,-0.004614866050949204,-221.23498918218087,0.0,-221.23498918218087,88.11464045266503,0.0,88.11464045266503,44.057320226332514,0.0,44.057320226332514,-152.13697546010948,0.0,-152.13697546010948,0.0,-461.4866050949554,-0.9208470392245028,-2.195077357470291e-06,0.0,-4.826578469530519e-05,-0.0005794139599946124,0.029069767441860465,0.4878048780487805,-0.11488055403684193,0.009245868632592802,0.0025829845096198454,-0.4968051886973268,-0.06266733640927023,0.005656604006402673,0.005656604006402673,0.25818940570432014,0.012909470285216006,0.0002828302003201336,0.004373933275428676,-0.0042972909450209595,7.9808350444900755,False,SPX500_USD
n120_d1_k2_x1.0_tp0,6,0,6,0.0,0.0,,,5.958333333333335,0.0,-646.297096758135,-0.00646297096758135,-598.0367662237378,0.0,-598.0367662237378,16.73624700326738,0.0,16.73624700326738,8.36812350163369,0.0,8.36812350163369,-31.524083531124546,0.0,-31.524083531124546,0.0,-646.2970967581298,-12.391891220006395,-3.2041720514627317e-06,0.0,-6.821197368285938e-05,-0.0008126670045407458,0.0039584364176150424,0.27586206896551724,-0.5610238837435889,0.008060082238408706,0.002891841007125029,-0.8005602855727344,-0.10082614302223172,0.0008845813614944016,0.0008845813614944016,0.16159091410371826,0.008079545705185912,4.422906807472008e-05,0.0016849514325261161,-0.0016016031113808005,7.975359342915811,False,UK100_GBP
n120_d1_k2_x1.0_tp0,10,0,10,0.3,3.102939506556695,7.240192181965622,,24.57916666666667,0.3,1359.7596236858953,0.013597596236858954,1424.1432049332807,0.0,1424.1432049332807,81.02911070890282,0.0,81.02911070890282,43.63105961248614,0.0,37.39805109641668,16.645529461537464,0.0,16.645529461537464,0.0,1359.7596236859154,17.575698319700397,6.61483797840068e-06,0.0,0.0001428093061793122,0.001693734174266881,0.04611650485436893,0.521978021978022,0.3068258676141594,0.010872919640644407,0.00461605061760909,1.2323358879233783,0.15577547064134267,0.0068864217426736875,0.0068864217426736875,0.11748597054433262,0.0058742985272166315,0.00034432108713368435,0.003432400909320954,-0.0027430708657343317,7.9808350444900755,False,JP225_USD
n120_d1_k2_x1.0_tp0,19,0,19,0.10526315789473684,1.2755275534334014,10.84198420418391,,11.186403508771932,0.10526315789473684,449.462110637789,0.00449462110637789,554.2108350170896,0.0,554.2108350170896,55.07535903875912,0.0,55.07535903875912,33.045215423255456,0.0,22.03014361550366,-49.673365340552195,0.0,-49.673365340552195,0.0,449.46211063777827,5.290859991862112,2.2334860844240613e-06,0.0,4.789156570216572e-05,0.000562072845818884,0.03795620437956204,0.48148148148148145,0.11072490488976611,0.011874882336697201,0.004089649868386183,0.37233005566972627,0.04733291917191451,0.0030513949619465556,0.0030513949619465556,0.06509831301796556,0.006509831301796556,0.0003051394961946555,0.005394937946238798,-0.0030297272297155065,7.9808350444900755,False,WTICO_USD
n120_d1_k2_x1.0_tp2,34,0,34,0.5294117647058824,1.6589454025657546,1.474618135614004,,15.748774509803923,0.5294117647058824,956.8850063490245,0.009568850063490245,1073.1202519177914,0.0,1073.1202519177914,35.92456273289133,0.0,35.92456273289133,4.761221067676306,22.44033906274454,8.72300260247049,-80.3106828357555,0.0,-80.3106828357555,0.0,956.8850063491444,9.232313715756916,4.603178059442975e-06,0.0,0.00010110027087126126,0.0011939907046329967,0.0792507204610951,0.5030487804878049,0.30316484637512003,0.011831700448087679,0.0027317139180803485,0.7995376678575454,0.10091454815575371,0.013492404565374988,0.013492404565374988,0.32606894657756613,0.010868964885918871,0.000449746818845833,0.0028912172757593613,-0.0019073112888132737,7.9808350444900755,False,EUR_USD
n120_d1_k2_x1.0_tp2,38,0,38,0.3684210526315789,0.8521010121354298,1.4607445922321651,,12.233552631578947,0.3684210526315789,-289.6264120054984,-0.002896264120054984,-150.2994119520664,0.0,-150.2994119520664,56.180502218894205,0.0,56.180502218894205,12.620599471709737,29.600039873347743,13.959862873836727,-83.14649783458427,0.0,-83.14649783458427,0.0,-289.6264120055449,-1.078752947342413,-1.3692546512682357e-06,0.0,-2.9916569135078254e-05,-0.00036336290624539025,0.07108549471661864,0.4983164983164983,-0.09947371385176455,0.013814602696365474,0.004586381808569573,-0.2088002809224527,-0.02630281262746619,0.014316749108549786,0.014316749108549786,0.31310458043380296,0.010436819347793433,0.00047722497028499286,0.0027723289498857717,-0.0023352675185868144,7.9808350444900755,False,GBP_USD
n120_d1_k2_x1.0_tp2,21,0,21,0.3333333333333333,1.0531021988089695,2.106204397617939,,11.037698412698413,0.3333333333333333,126.31681342776574,0.0012631681342776574,174.84182870711507,0.0,174.84182870711507,30.791820770723916,0.0,30.791820770723916,8.958800486226899,13.844829130476496,7.98819115402052,-71.52383635020269,0.0,-71.52383635020269,0.0,72.52617158618847,1.7088472441756395,6.211184338652214e-07,0.0,1.3709495578455226e-05,0.00015818781428178497,0.03890489913544669,0.47928994082840237,0.05730728452932168,0.007512680858142939,0.002702573916825296,0.16724744220229765,0.021056107302937853,0.005877766888748235,0.005877766888748235,0.2044860940696099,0.010224304703480496,0.00029388834443741177,0.002508580506079383,-0.001903760539165189,7.9808350444900755,False,AUD_USD
n120_d1_k2_x1.0_tp2,26,0,26,0.23076923076923078,0.33790540888113474,1.1263513629371158,,7.544871794871795,0.23076923076923078,-1325.0570290790492,-0.013250570290790492,-1171.7229662620182,0.0,-1171.7229662620182,62.611099503240155,0.0,62.611099503240155,21.74011308777487,23.314792159776477,17.556194255688805,-90.72296331385301,0.0,-90.72296331385301,0.0,-1325.0570290791113,-7.641635163999569,-6.391352181355088e-06,0.0,-0.00014014071888359214,-0.0016700008234163954,0.03121998078770413,0.4452054794520548,-0.5758837765053364,0.016925215262065696,0.008839377685903815,-0.7816870491127035,-0.09866939932866617,0.007859776603033343,0.007859776603033343,0.41056218393859073,0.013685406131286357,0.00026199255343444476,0.001961355014657773,-0.002177753454760567,7.9808350444900755,False,USD_CAD
n120_d1_k2_x1.0_tp2,25,0,25,0.6,1.6580564903407728,1.1053709935605152,,19.581666666666667,0.6,645.9915231925115,0.0064599152319251155,716.985616938818,0.0,716.985616938818,23.30768307276043,0.0,23.30768307276043,8.527806841884159,12.225148886160035,2.554727344716239,-47.68641067360256,0.0,-47.68641067360256,0.0,645.9915231924549,10.099229092216548,3.1105260749112982e-06,0.0,6.81468331074426e-05,0.0008071508429823293,0.06484149855907781,0.5625,0.26196150578108074,0.005465785583068539,0.0018052050437115232,1.17138963816043,0.14767334552651587,0.007774687082789509,0.007774687082789509,0.1912366708900181,0.006374555696333937,0.0002591562360929836,0.002095868408948265,-0.0016214070921246604,7.9808350444900755,False,EUR_JPY
n120_d1_k2_x1.0_tp2,23,0,23,0.43478260869565216,1.211466240847277,1.57490611310146,,11.545289855072465,0.43478260869565216,236.82476009851962,0.002368247600985196,368.80845884489327,0.0,368.80845884489327,34.71351580275965,0.0,34.71351580275965,19.11851102255573,11.367036400795902,4.22796837940802,-97.270182943628,0.0,-97.270182943628,0.0,236.82476009850558,2.794348562344616,1.1450029871786278e-06,0.0,2.5110457493832407e-05,0.0002964349334955152,0.040826128722382324,0.5,0.13650228241148607,0.0073098357773054845,0.002342717020567634,0.32195738906283633,0.04055288552662746,0.00520302979566753,0.00520302979566753,0.2317333677924099,0.011586668389620495,0.0002601514897833765,0.0019131640284699714,-0.001698596768469618,7.9808350444900755,False,AUD_JPY
n120_d1_k2_x1.0_tp2,13,0,13,0.07692307692307693,0.07724059622357532,0.9268871546829037,,6.695512820512821,0.07692307692307693,-990.1833857938182,-0.009901833857938181,-961.1614906119376,0.0,-961.1614906119376,26.17231680926487,0.0,26.17231680926487,13.612553991324248,3.6459270348469093,8.913835783093713,-2.849578372626498,0.0,-2.849578372626498,0.0,-990.183385793829,-33.11849500482202,-5.630974439234087e-06,0.0,-0.00012277350588171294,-0.0014680683040146913,0.012464589235127478,0.3728813559322034,-0.7513880052985266,0.011250216280695446,0.011250216280695446,-0.8796792529672202,-0.130492451645911,0.0022757384736818782,0.0022757384736818782,0.11387977043321215,0.005693988521660607,0.0001137869236840939,0.0018958119921732575,-0.0019659557630596902,6.7734428473648185,False,XAU_USD
n120_d1_k2_x1.0_tp2,25,0,25,0.48,0.9465980168657246,1.0254811849378684,,14.34,0.48,-65.05924704491918,-0.0006505924704491917,219.2587724666102,0.0,219.2587724666102,144.99527077439734,0.0,144.99527077439734,82.65092733434503,0.0,62.344343440052306,-139.3227487371944,0.0,-139.3227487371944,0.0,-65.05924704498153,0.7711743801650636,-2.9381374456472664e-07,0.0,-6.501666387257933e-06,-8.154255281067613e-05,0.05232558139534884,0.5023255813953489,-0.02248533271183738,0.008317193362744169,0.0022822878598821594,-0.0777680486194327,-0.009804094873630789,0.00488824483638084,0.00488824483638084,0.11321172036792373,0.005660586018396188,0.00024441224181904206,0.0029456024955849536,-0.00212783241847303,7.9808350444900755,False,NAS100_USD
n120_d1_k2_x1.0_tp2,15,0,15,0.4,0.7633278172555559,1.1449917258833338,,13.286111111111113,0.4,-193.3999415798462,-0.001933999415798462,-2.6876817664340535,0.0,-2.6876817664340535,89.1345168771939,0.0,89.1345168771939,49.46288017024209,0.0,39.67163670695182,-101.577742936093,0.0,-101.577742936093,0.0,-193.39994157972097,-0.014092863086334229,-9.206337438571031e-07,0.0,-2.0165548564490966e-05,-0.00024253567805321286,0.029554263565891473,0.4959349593495935,-0.07856980771986864,0.006147896378295603,0.0016909667584193483,-0.3132508798174741,-0.039450189646893764,0.003973744947065562,0.003973744947065562,0.25777872867893875,0.012888936433946936,0.0001986872473532781,0.0032148936145637297,-0.002168215459658729,7.9808350444900755,False,SPX500_USD
n120_d1_k2_x1.0_tp2,7,0,7,0.14285714285714285,0.14718748065439105,0.8831248839263462,,6.1190476190476195,0.14285714285714285,-503.0527245667181,-0.005030527245667181,-459.14014602113866,0.0,-459.14014602113866,16.369745340674186,0.0,16.369745340674186,8.368123501633688,0.0,8.001621839040496,-27.5428332048809,0.0,-27.5428332048809,0.0,-503.0527245666937,-10.455777392913168,-2.4916339471240895e-06,0.0,-5.3052751425533124e-05,-0.0006321506680724287,0.0039584364176150424,0.27586206896551724,-0.4552728643401172,0.00759299274036862,0.002736144507778334,-0.661457325502624,-0.08325448076771629,0.0008010303726118848,0.0008010303726118848,0.16159091410371826,0.008079545705185912,4.0051518630594234e-05,0.0016849514325261161,-0.0016016031113808005,7.975359342915811,False,UK100_GBP
n120_d1_k2_x1.0_tp2,13,0,13,0.46153846153846156,1.9939648631383196,2.3262923403280396,,19.153846153846153,0.46153846153846156,640.8710557044978,0.0064087105570449785,711.9275324105297,0.0,711.9275324105297,77.92080421976219,0.0,77.92080421976219,43.5216163949668,0.0,34.39918782479539,6.864327513841816,0.0,6.864327513841816,0.0,640.8710557046093,9.136552677288352,3.1208817535124217e-06,0.0,6.75114442916493e-05,0.0008007707815709253,0.04611650485436893,0.521978021978022,0.24897959148016932,0.007764926370836256,0.00278693757290503,0.817851308215453,0.1031266419445372,0.003813651693611779,0.003813651693611779,0.11748597054433263,0.005874298527216631,0.00019068258468058895,0.003543390476864916,-0.0013773007281902006,7.9808350444900755,False,JP225_USD
n120_d1_k2_x1.0_tp2,22,0,22,0.22727272727272727,0.8996101678123697,3.0586745705620566,,11.50189393939394,0.22727272727272727,-158.37501009316475,-0.0015837501009316475,-68.4789196902936,0.0,-68.4789196902936,54.10866698426132,0.0,54.10866698426132,32.924411371273735,0.0,21.18425561298758,-35.78742341857143,0.0,-35.78742341857143,0.0,-158.37501009312635,-0.7617563720895222,-7.469334901102132e-07,0.0,-1.6348239472381053e-05,-0.00019858174842868337,0.03795620437956204,0.48148148148148145,-0.05370958960946436,0.010620512388653691,0.0030274513926407814,-0.14777210060777357,-0.018697944238626002,0.002243455377880474,0.002243455377880474,0.06509831301796558,0.006509831301796558,0.00022434553778804745,0.002705891402905225,-0.003017345618070544,7.9808350444900755,False,WTICO_USD
n120_d1_k4_x0.5_tp0,19,0,19,0.42105263157894735,2.2102505676169986,3.0390945304733727,,20.480263157894736,0.42105263157894735,1769.7545092350192,0.017697545092350192,1926.4211180565064,0.0,1926.4211180565064,30.433462768426967,0.0,30.433462768426967,3.9556299182576957,18.56657301365388,7.911259836515391,-126.23314605299493,0.0,-126.23314605299493,0.0,1769.7545092350845,12.2963095489758,8.471046639181279e-06,0.0,0.00018591343873664598,0.002200529332946344,0.07348703170028818,0.5083056478405316,0.44762769654816464,0.011945693369450172,0.002792090173375872,1.4508627520135,0.1842111014312456,0.017730574313816475,0.017730574313816475,0.22609129829247085,0.007536376609749028,0.0005910191437938825,0.0028490023052896163,-0.0020388242268531975,7.9808350444900755,False,EUR_USD
n120_d1_k4_x0.5_tp0,20,0,20,0.25,0.8944507668759335,2.6833523006278,,16.15,0.25,-212.86812649659987,-0.0021286812649659987,-64.13785074420238,0.0,-64.13785074420238,40.06112329155862,0.0,40.06112329155862,8.809261277368842,20.680748481347173,10.57111353284261,-108.66915246085584,0.0,-108.66915246085584,0.0,-212.86812649661687,-0.4312360104204351,-9.945620248847637e-07,0.0,-2.1438743095630582e-05,-0.0002669727728894511,0.059558117195004805,0.4940239043824701,-0.06559801889904067,0.0160039736349048,0.007643815259910795,-0.13241851507931404,-0.016681655380085182,0.016395277584679884,0.016395277584679884,0.22683652180651273,0.0075612173935504234,0.0005465092528226627,0.0018476690757154302,-0.002364967904250781,7.9808350444900755,False,GBP_USD
n120_d1_k4_x0.5_tp0,15,0,15,0.26666666666666666,1.2777064311305937,3.5136926856091324,,18.083333333333332,0.26666666666666666,589.3789899220719,0.0058937898992207196,765.0976679331725,0.0,765.0976679331725,28.58093601545802,0.0,28.58093601545802,8.196083473121137,12.585185297805214,7.799667244531666,-201.17715371590393,0.0,-201.17715371590393,0.0,535.3395782018105,3.3300140544680756,2.8700446367466928e-06,0.0,6.300131878451337e-05,0.000736596291591729,0.04755043227665706,0.4714285714285714,0.14773226081414506,0.010654184254475174,0.004376239519738784,0.5481627342209692,0.06913680803692969,0.011139803352241186,0.011139803352241186,0.20448609406960996,0.010224304703480498,0.0005569901676120593,0.005007197572075794,-0.0037932050906751558,7.9808350444900755,False,AUD_USD
n120_d1_k4_x0.5_tp0,20,0,20,0.2,0.4792219448997745,1.916887779599098,,14.814583333333335,0.2,-1426.7266134423553,-0.014267266134423553,-1248.7249121890898,0.0,-1248.7249121890898,56.036716327355094,0.0,56.036716327355094,19.118418901771957,20.55011256771858,16.368184857864566,-121.9649849259107,0.0,-121.9649849259107,0.0,-1426.7266134423558,-7.015241446554318,-6.860318226341142e-06,0.0,-0.00015056891077023238,-0.0017989461884988511,0.053794428434197884,0.47058823529411764,-0.3770890461737043,0.023732236138266916,0.012242888124004425,-0.6002534278158796,-0.07580179878617296,0.015889806466150767,0.015889806466150767,0.2212982677663091,0.007376608925543635,0.0005296602155383588,0.0035457724872414165,-0.0026178455901132436,7.9808350444900755,False,USD_CAD
n120_d1_k4_x0.5_tp0,13,0,13,0.46153846153846156,1.7392061855007674,2.0290738830842288,,21.53846153846154,0.46153846153846156,835.528131967556,0.00835528131967556,902.9731062950882,0.0,902.9731062950882,19.06914121063378,0.0,19.06914121063378,6.815302596772815,9.982071081603362,2.2717675322576056,-48.37583311702365,0.0,-48.37583311702365,0.0,835.5281319674308,13.388293424330097,4.029185688423772e-06,0.0,8.813790651351437e-05,0.0010431124086436316,0.056676272814601344,0.5592417061611374,0.24985812258999643,0.00794569834443759,0.0021827896958128788,1.0379837002066714,0.1312801422135369,0.010028167696370171,0.010028167696370171,0.1930908930724141,0.006436363102413804,0.0003342722565456723,0.004183743782927296,-0.0036298888828112386,7.9808350444900755,False,EUR_JPY
n120_d1_k4_x0.5_tp0,13,0,13,0.38461538461538464,1.1743275007472862,1.8789240011956578,,18.76602564102564,0.38461538461538464,189.02977786572592,0.001890297778657259,331.56995465751896,0.0,331.56995465751896,22.633671870513165,0.0,22.633671870513165,10.375564575079975,8.700770869691482,3.5573364257417075,-119.9065049211876,0.0,-119.9065049211876,0.0,189.02977786581818,2.326150858800003,9.283771503718759e-07,0.0,2.037633299155102e-05,0.0002366590540547886,0.04418828049951969,0.4919786096256685,0.0713678512891334,0.012660154555083403,0.0025142047928525535,0.14728888271872131,0.018693219978089717,0.007687493160909693,0.007687493160909693,0.1751816497437346,0.00875908248718673,0.00038437465804548474,0.0022463051771111076,-0.001700316154968684,7.9808350444900755,False,AUD_JPY
n120_d1_k4_x0.5_tp0,9,0,9,0.3333333333333333,0.7814561726424001,1.5629123452848002,,18.5,0.3333333333333333,-146.15302728254755,-0.0014615302728254755,-88.47612318861884,0.0,-88.47612318861884,19.57822889251662,0.0,19.57822889251662,10.111699843138272,2.725395820619502,6.741133228758848,-38.09867520139653,0.0,-38.09867520139653,0.0,-146.15302728253198,-1.5339957055350348,-8.080742162399384e-07,0.0,-1.7809686652150407e-05,-0.00021590814061633878,0.03229461756373938,0.43846153846153846,-0.06318182492891437,0.009955491198386124,0.002670220668820833,-0.14576506404705988,-0.02168734182109864,0.00533624160382529,0.00533624160382529,0.11401652333766314,0.005700826166883157,0.0002668120801912645,0.0023927409975019742,-0.00201970986039135,6.7734428473648185,False,XAU_USD
n120_d1_k4_x0.5_tp0,14,0,14,0.42857142857142855,1.3837454433765555,1.844993924502074,,21.93154761904762,0.42857142857142855,503.78014576405985,0.005037801457640599,813.8465876503647,0.0,813.8465876503647,123.49316186387361,0.0,123.49316186387361,67.3599064712038,0.0,56.13325539266981,-186.57328002250728,0.0,-186.57328002250728,0.0,503.78014576398374,2.624749014111583,2.4841804995303764e-06,0.0,5.337575643750206e-05,0.0006298509553632758,0.05571705426356589,0.5021834061135371,0.12527023230787487,0.009509745712927953,0.00310843024729262,0.5242780655900942,0.06623215534638635,0.007150157214289165,0.007150157214289165,0.10222223173136552,0.005111111586568276,0.0003575078607144582,0.004980771427061326,-0.004243331583282273,7.9808350444900755,False,NAS100_USD
n120_d1_k4_x0.5_tp0,10,0,10,0.3,0.49294243801365717,1.1501990220318667,,16.1625,0.3,-616.117139263748,-0.00616117139263748,-391.29250495332155,0.0,-391.29250495332155,77.4933077613301,0.0,77.4933077613301,38.74665388066505,0.0,38.74665388066505,-147.33132654906342,0.0,-147.33132654906342,0.0,-616.1171392637151,-1.740434299619952,-2.9562668392246146e-06,0.0,-6.461038288023574e-05,-0.000774084087522664,0.02810077519379845,0.464,-0.170124839686427,0.009982716344149267,0.002579796622323648,-0.614810640944864,-0.07754243042038794,0.0054871079258960375,0.0054871079258960375,0.13016566296094909,0.006508283148047454,0.0002743553962948019,0.004373933275428676,-0.0042972909450210706,7.9808350444900755,False,SPX500_USD
n120_d1_k4_x0.5_tp0,5,0,5,0.0,0.0,,,10.591666666666665,0.0,-1080.3003406222415,-0.010803003406222415,-1011.356016889957,0.0,-1011.356016889957,13.896928101615126,0.0,13.896928101615126,6.948464050807563,0.0,6.948464050807563,-55.04739563068754,0.0,-55.04739563068754,0.0,-1080.3003406222597,-14.669170167175107,-5.369189485183409e-06,0.0,-0.00011422289753138204,-0.001360990270664053,0.0054428500742206825,0.2682926829268293,-0.8314272826829724,0.012393138072735121,0.004336192951900501,-0.870291084432844,-0.10981805114059279,0.00134012770689797,0.00134012770689797,0.09771136881615548,0.004885568440807774,6.700638534489852e-05,0.0016849514325261161,-0.0017320768623041438,7.975359342915811,False,UK100_GBP
n120_d1_k4_x0.5_tp0,8,0,8,0.375,3.550257222707159,5.917095371178599,,31.479166666666664,0.375,1646.359082764553,0.01646359082764553,1724.0725675537997,0.0,1724.0725675537997,65.69129879034483,0.0,65.69129879034483,35.37223781018568,0.0,30.319060980159158,-12.022185998913763,0.0,-12.022185998913763,0.0,1646.3590827645412,22.184985942003436,7.981687733325682e-06,0.0,0.000172571023860636,0.0020481882484066904,0.0470873786407767,0.5159574468085106,0.3829121963419334,0.010516132331849337,0.0032255854615049055,1.5357421542761727,0.19476630606896347,0.00686593650146715,0.00686593650146715,0.11748597054433263,0.005874298527216631,0.0003432968250733575,0.003432400909320954,-0.0027430708657344427,7.9808350444900755,False,JP225_USD
n120_d1_k4_x0.5_tp0,16,0,16,0.3125,1.1970810737867437,2.633578362330836,,20.791666666666668,0.3125,347.59916803389206,0.0034759916803389205,437.88983693122657,0.0,437.88983693122657,46.122286384382775,0.0,46.122286384382775,27.992817481840934,0.0,18.12946890254184,-47.25635714135837,0.0,-47.25635714135837,0.0,344.5111934054854,4.689400278239381,1.7368014066242528e-06,0.0,3.724134577162083e-05,0.00043488166618699253,0.054501216545012166,0.4890829694323144,0.08873496153210816,0.01528351301584241,0.00216227251729228,0.2231823057605871,0.028454300116485514,0.0050224224491499615,0.0050224224491499615,0.06771639839306211,0.006771639839306212,0.0005022422449149962,0.0032421352836053963,-0.0034190646899320276,7.9808350444900755,False,WTICO_USD
n120_d1_k4_x0.5_tp2,26,0,26,0.5769230769230769,2.119615905838513,1.5543849976149098,,18.097756410256412,0.5769230769230769,1636.9091597799852,0.016369091597799854,1765.5068176831041,0.0,1765.5068176831041,29.83068998790944,0.0,29.83068998790944,3.9525556116431875,18.561350195948965,7.316784180317288,-98.76696791524701,0.0,-98.76696791524701,0.0,1636.9091597799477,13.728918912447545,7.829599899273892e-06,0.0,0.00017178758833263393,0.002036514928871247,0.07348703170028818,0.5083056478405316,0.49876001356071786,0.011945693369450172,0.0018949805064341467,1.3452055486391632,0.1704810985756101,0.014912190491796033,0.014912190491796033,0.22609129829247085,0.007536376609749028,0.0004970730163932011,0.0027093539063021144,-0.0020388242268531975,7.9808350444900755,False,EUR_USD
n120_d1_k4_x0.5_tp2,23,0,23,0.34782608695652173,0.7344497526973982,1.3770932863076215,,16.115942028985508,0.34782608695652173,-535.1674157710222,-0.005351674157710222,-400.7479628453623,0.0,-400.7479628453623,39.617191533406015,0.0,39.617191533406015,8.799719417887193,20.665835805028422,10.151636310490396,-94.80226139220605,0.0,-94.80226139220605,0.0,-535.1674157709743,-2.981324161965879,-2.55359082042847e-06,0.0,-5.580784263028204e-05,-0.000672140454353598,0.059558117195004805,0.4940239043824701,-0.1859267903746552,0.0160039736349048,0.00818435095226916,-0.33335965500142645,-0.04199834801574867,0.014757524270480157,0.014757524270480157,0.22683652180651273,0.007561217393550424,0.0004919174756826719,0.0018476690757154302,-0.002364967904250781,7.9808350444900755,False,GBP_USD
n120_d1_k4_x0.5_tp2,19,0,19,0.42105263157894735,0.9986515979443984,1.3731459471735479,,17.967105263157894,0.42105263157894735,51.15856686059851,0.0005115856686059851,170.31759393343634,0.0,170.31759393343634,28.043021355956814,0.0,28.043021355956814,8.174638396323731,12.565252617372046,7.303130342261038,-144.8662704584445,0.0,-144.8662704584445,0.0,-2.591697880964972,0.9850112284090153,2.7155378327025616e-07,0.0,6.0672793428403305e-06,6.408743435493136e-05,0.04755043227665706,0.4714285714285714,0.01893482759727989,0.009370839227911043,0.003575969454582939,0.05450706141320162,0.00683902826590461,0.008791890393756108,0.008791890393756108,0.2044860940696099,0.010224304703480494,0.00043959451968780534,0.0030558197408996346,-0.0024319036224912383,7.9808350444900755,False,AUD_USD
n120_d1_k4_x0.5_tp2,24,0,24,0.3333333333333333,0.5055864133654119,1.0111728267308238,,14.748263888888891,0.3333333333333333,-1354.9030659395648,-0.013549030659395648,-1196.8317937311188,0.0,-1196.8317937311188,55.18937312446989,0.0,55.18937312446989,19.132901399336987,20.567531684316133,15.488940040816763,-102.88189908405768,0.0,-102.88189908405768,0.0,-1354.9030659396465,-7.571469356887687,-6.521880721861348e-06,0.0,-0.00014289521653129892,-0.0017078418606047974,0.053794428434197884,0.47058823529411764,-0.420592802142035,0.02253830248669564,0.011645921298218787,-0.600232586679691,-0.07577508827973786,0.01369563674933917,0.01369563674933917,0.2212834530215304,0.00737611510071768,0.00045652122497797233,0.0028584592531282205,-0.0026178455901132436,7.9808350444900755,False,USD_CAD
n120_d1_k4_x0.5_tp2,17,0,17,0.5882352941176471,1.6054111688569643,1.123787818199875,,21.75,0.5882352941176471,683.5410085912299,0.006835410085912299,746.7248208993501,0.0,746.7248208993501,18.888314458039705,0.0,18.888314458039705,6.806786636652167,9.991004771363771,2.0905230500237666,-44.295497849963574,0.0,-44.295497849963574,0.0,683.5410085913468,11.818293224525247,3.2932451705988475e-06,0.0,7.209943610885987e-05,0.000853928527400516,0.056676272814601344,0.5592417061611374,0.25317032637825854,0.006244871654054962,0.0019022203132880906,1.08386249661014,0.13674076501572893,0.008680395087054147,0.008680395087054147,0.19309089307241412,0.0064363631024138045,0.00028934650290180484,0.0020939387549185895,-0.002149870335239723,7.9808350444900755,False,EUR_JPY
n120_d1_k4_x0.5_tp2,17,0,17,0.5294117647058824,1.38503914677037,1.2311459082403289,,18.627450980392158,0.5294117647058824,380.5207520050317,0.0038052075200503167,505.0732802447204,0.0,505.0732802447204,22.461489033902975,0.0,22.461489033902975,10.37832902578179,8.729784311375669,3.3533756967455175,-102.09103920572501,0.0,-102.09103920572501,0.0,380.52075200509245,4.055102593124439,1.8422284256779398e-06,0.0,4.033373852145042e-05,0.0004760015540203888,0.04418828049951969,0.4919786096256685,0.15397327525601595,0.009855672720876951,0.0020767792741513136,0.3818165954070415,0.048297215979188325,0.0071282382174606964,0.0071282382174606964,0.1751816497437346,0.00875908248718673,0.0003564119108730348,0.0022463051771111076,-0.001700316154968684,7.9808350444900755,False,AUD_JPY
n120_d1_k4_x0.5_tp2,11,0,11,0.45454545454545453,0.9109253819575385,1.0931104583490463,,17.602272727272723,0.45454545454545453,-59.54103034950094,-0.0005954103034950094,-4.732661993874721,0.0,-4.732661993874721,19.243764176606746,0.0,19.243764176606746,10.10868870205558,2.7226822450312222,6.412393229519943,-35.56460417908629,0.0,-35.56460417908629,0.0,-59.541030349567755,-0.08634925898835177,-3.2120797376887505e-07,0.0,-7.133782491962217e-06,-8.792595727635799e-05,0.03229461756373938,0.43846153846153846,-0.028284994539726747,0.008269347946171957,0.002307506081855907,-0.07165390394777373,-0.01063275579268141,0.005030598820123411,0.005030598820123411,0.11401652333766309,0.005700826166883154,0.00025152994100617056,0.0022214954546762034,-0.0015335341888844667,6.7734428473648185,False,XAU_USD
n120_d1_k4_x0.5_tp2,20,0,20,0.6,1.5664902920398407,1.0443268613598937,,19.970833333333335,0.6,744.3193757801346,0.007443193757801346,1001.7917544367314,0.0,1001.7917544367314,117.94359676782219,0.0,117.94359676782219,67.39569239165577,0.0,50.54790437616641,-139.5287818887702,0.0,-139.5287818887702,0.0,744.3193757801389,3.8908707786977264,3.62097829692435e-06,0.0,7.852373449547081e-05,0.0009296115174015629,0.05571705426356589,0.5021834061135371,0.2422502254085858,0.0065946297484189564,0.0023408086232745984,1.1171580195459603,0.14096492947529535,0.005595035083965676,0.005595035083965676,0.10222223173136549,0.005111111586568275,0.0002797517541982838,0.0030947856977867616,-0.0021617624793610624,7.9808350444900755,False,NAS100_USD
n120_d1_k4_x0.5_tp2,12,0,12,0.4166666666666667,0.6421085437849059,0.8989519612988681,,14.868055555555555,0.4166666666666667,-435.2202276985772,-0.004352202276985772,-234.59688815087617,0.0,-234.59688815087617,75.61277160374541,0.0,75.61277160374541,38.77216923229345,0.0,36.84060237145197,-125.01056794391488,0.0,-125.01056794391488,0.0,-435.2202276985365,-1.1693399615409408,-2.0920309598402e-06,0.0,-4.5547373924188274e-05,-0.0005463725273219255,0.02810077519379845,0.464,-0.16121178220653615,0.009181762331284538,0.002228399061857727,-0.47241003323108044,-0.059506280777961225,0.00483296389981672,0.00483296389981672,0.13016566296094909,0.006508283148047454,0.000241648194990836,0.0046353826819418575,-0.002148600904158471,7.9808350444900755,False,SPX500_USD
n120_d1_k4_x0.5_tp2,5,0,5,0.0,0.0,,,10.591666666666665,0.0,-1080.3003406222415,-0.010803003406222415,-1011.356016889957,0.0,-1011.356016889957,13.896928101615126,0.0,13.896928101615126,6.948464050807563,0.0,6.948464050807563,-55.04739563068754,0.0,-55.04739563068754,0.0,-1080.3003406222597,-14.669170167175107,-5.369189485183409e-06,0.0,-0.00011422289753138204,-0.001360990270664053,0.0054428500742206825,0.2682926829268293,-0.8314272826829724,0.012393138072735121,0.004336192951900501,-0.870291084432844,-0.10981805114059279,0.00134012770689797,0.00134012770689797,0.09771136881615548,0.004885568440807774,6.700638534489852e-05,0.0016849514325261161,-0.0017320768623041438,7.975359342915811,False,UK100_GBP
n120_d1_k4_x0.5_tp2,11,0,11,0.5454545454545454,2.6977409602121414,2.248117466843451,,25.469696969696972,0.5454545454545454,1094.4840474473167,0.010944840474473166,1175.216262076615,0.0,1175.216262076615,62.66308527305159,0.0,62.66308527305159,35.308523756054576,0.0,27.35456151699702,-18.06912935617404,0.0,-18.06912935617404,0.0,1094.4840474473895,14.556967964696195,5.31025677634642e-06,0.0,0.00011501786098251132,0.0013648704671076484,0.0470873786407767,0.5159574468085106,0.36894436693946436,0.007468960587741824,0.0023064800025185505,1.4453180250954891,0.182739010478606,0.004776658906019197,0.004776658906019197,0.11748597054433263,0.0058742985272166315,0.00023883294530095987,0.003432400909320954,-0.0018129796097147155,7.9808350444900755,False,JP225_USD
n120_d1_k4_x0.5_tp2,20,0,20,0.45,1.140150206350902,1.3935169188733245,,21.61875,0.45,247.78869134887645,0.0024778869134887646,338.86205047293106,0.0,338.86205047293106,44.91825950815584,0.0,44.91825950815584,27.962545361319208,0.0,16.95571414683663,-49.24000279850837,0.0,-49.24000279850837,0.0,244.7037881662668,3.5988562466168994,1.245621552226802e-06,0.0,2.6679771183021162e-05,0.0003101437074259916,0.054501216545012166,0.4890829694323144,0.06876569210601835,0.012865147941700905,0.0018452788551577863,0.18965678369757807,0.024107278737207232,0.00462091210232864,0.00462091210232864,0.06771639839306212,0.0067716398393062125,0.000462091210232864,0.0032421352836053963,-0.0034190646899321386,7.9808350444900755,False,WTICO_USD
n120_d1_k4_x1.0_tp0,19,0,19,0.42105263157894735,1.4320486794625733,1.9690669342610383,,27.982456140350877,0.42105263157894735,901.5528336452844,0.009015528336452845,1097.3788499774344,0.0,1097.3788499774344,30.22567775900135,0.0,30.22567775900135,3.932337790404852,18.428664387786792,7.864675580809704,-165.60033857322844,0.0,-165.60033857322844,0.0,901.5528336452045,5.6038460595331205,4.369972169038473e-06,0.0,9.616415084738521e-05,0.0011252180472711704,0.09606147934678194,0.49627791563275436,0.20164613684671698,0.018031951013551928,0.003712555313505194,0.49360239815105295,0.06240134783116435,0.023686492026526763,0.023686492026526763,0.2260912982924709,0.007536376609749031,0.0007895497342175588,0.0028490023052896163,-0.00317386950717391,7.9808350444900755,False,EUR_USD
n120_d1_k4_x1.0_tp0,20,0,20,0.25,0.6194373813268012,1.8583121439804036,,23.325000000000003,0.25,-885.6290276225482,-0.008856290276225481,-693.2718006362809,0.0,-693.2718006362809,39.92560287597033,0.0,39.92560287597033,8.779543473687307,20.61060723385825,10.535452168424769,-152.43162411021117,0.0,-152.43162411021117,0.0,-885.6290276224623,-3.60408502190606,-4.225931637358656e-06,0.0,-9.247120802812027e-05,-0.0011140168085310709,0.08501440922190202,0.5014164305949008,-0.21934338045781512,0.021332929598667505,0.008117973603729308,-0.4127289601758138,-0.052220526176613574,0.024100063908498923,0.024100063908498923,0.22683652180651281,0.007561217393550428,0.0008033354636166307,0.002752988503917697,-0.002364967904250781,7.9808350444900755,False,GBP_USD
n120_d1_k4_x1.0_tp0,15,0,15,0.26666666666666666,0.9833553741636477,2.704227278950031,,19.405555555555555,0.26666666666666666,16.890358336328063,0.00016890358336328062,189.75552932142963,0.0,189.75552932142963,28.500650458317445,0.0,28.500650458317445,8.173043319394017,12.548723907495264,7.778883231428164,-198.09637543369078,0.0,-198.09637543369078,0.0,-36.841496570578585,0.8374140330149941,1.3032031966639413e-07,0.0,3.0001921192466136e-06,2.1162084773873602e-05,0.04899135446685879,0.4594594594594595,0.006592503552565256,0.012434251435534893,0.006283769059057013,0.013499623655160293,0.001701918678706794,0.011853281007947511,0.011853281007947511,0.20448609406960996,0.010224304703480498,0.0005926640503973755,0.005007197572075794,-0.003793205090675267,7.9808350444900755,False,AUD_USD
n120_d1_k4_x1.0_tp0,20,0,20,0.25,0.5254419813029132,1.5763259439087398,,19.918750000000003,0.25,-1411.6279618970584,-0.014116279618970584,-1163.0809429306726,0.0,-1163.0809429306726,53.402741424383386,0.0,53.402741424383386,16.41118238516669,20.580376654050006,16.41118238516669,-195.14427754200827,0.0,-195.14427754200827,0.0,-1411.627961897064,-4.679520791548675,-6.776069392094633e-06,0.0,-0.00014886672115452102,-0.001779789537741161,0.07348703170028818,0.49514563106796117,-0.3322922302675608,0.026794872927668134,0.008447099757544041,-0.5242700522531895,-0.06642276462910063,0.02157384139282497,0.02157384139282497,0.2218351316525049,0.0073945043884168305,0.000719128046427499,0.0035457724872414165,-0.0026178455901132436,7.9808350444900755,False,USD_CAD
n120_d1_k4_x1.0_tp0,13,0,13,0.46153846153846156,1.380097697099122,1.6101139799489756,,32.34935897435897,0.46153846153846156,515.6929770740389,0.005156929770740389,583.3617447221399,0.0,583.3617447221399,19.000856552049555,0.0,19.000856552049555,6.794152092846398,9.941987094921027,2.2647173642821326,-48.66791109603225,0.0,-48.66791109603225,0.0,515.692977074058,8.620841859511481,2.5146621841458102e-06,0.0,5.502484933924164e-05,0.0006447115163015216,0.08165225744476465,0.5448717948717948,0.1343594452695236,0.009889356517414294,0.0026508188476857928,0.5162467877335736,0.06519246375294903,0.014945512440333117,0.014945512440333117,0.1930908930724141,0.006436363102413803,0.0004981837480111038,0.004183743782927296,-0.0036298888828112386,7.9808350444900755,False,EUR_JPY
n120_d1_k4_x1.0_tp0,13,0,13,0.23076923076923078,0.8543223716291799,2.847741238763933,,22.51602564102564,0.23076923076923078,-271.5939618353732,-0.002715939618353732,-113.06545531259334,0.0,-113.06545531259334,22.559713993928586,0.0,22.559713993928586,10.331000058918296,8.68665677195259,3.542057163057702,-135.96879252894226,0.0,-135.96879252894226,0.0,-271.5939618354642,-0.7132184475369509,-1.280757863758218e-06,0.0,-2.7961764436984798e-05,-0.0003407126103378566,0.05091258405379443,0.47533632286995514,-0.09000588054613115,0.013497127097055195,0.004861059478805596,-0.19955874451698255,-0.02524334311204592,0.009505535067306047,0.009505535067306047,0.1751816497437346,0.00875908248718673,0.0004752767533653024,0.0022463051771113296,-0.002180029051509158,7.9808350444900755,False,AUD_JPY
n120_d1_k4_x1.0_tp0,9,0,9,0.3333333333333333,2.008831679348102,4.017663358696204,,32.125,0.3333333333333333,867.2392066277389,0.008672392066277389,942.5001503859019,0.0,942.5001503859019,19.62188271676335,0.0,19.62188271676335,10.144065315737832,2.7151071905336273,6.762710210491888,-55.63906104134532,0.0,-55.63906104134532,0.0,867.2392066277931,12.523097682845044,4.92483110570429e-06,0.0,0.00010727956109321844,0.0012756451204976038,0.057790368271954676,0.4700460829493088,0.30667192438928187,0.008315691298941164,0.002666086225638198,1.02969528334098,0.15340217363047515,0.00950630776449739,0.00950630776449739,0.11401652333766311,0.005700826166883156,0.0004753153882248693,0.0023927409975019742,-0.002019709860391461,6.7734428473648185,False,XAU_USD
n120_d1_k4_x1.0_tp0,14,0,14,0.42857142857142855,1.2913762336708767,1.7218349782278355,,31.529761904761905,0.42857142857142855,394.361428941309,0.00394361428941309,781.4360707009337,0.0,781.4360707009337,123.5800117223203,0.0,123.5800117223203,67.4072791212656,0.0,56.17273260105469,-263.4946300373331,0.0,-263.4946300373331,0.0,394.36142894128034,2.018825276562941,1.9664951614962095e-06,0.0,4.21066277268789e-05,0.0004932853861983055,0.07994186046511628,0.5108359133126935,0.09039590176017162,0.011979368372797894,0.002675485206710622,0.3245795432762963,0.04117791279533831,0.009766419618360184,0.009766419618360184,0.10222223173136549,0.005111111586568275,0.0004883209809180092,0.004980771427061326,-0.004243331583282384,7.9808350444900755,False,NAS100_USD
n120_d1_k4_x1.0_tp0,10,0,10,0.2,0.320971284581631,1.283885138326524,,23.0875,0.2,-911.5395799596299,-0.009115395799596299,-626.0120195814384,0.0,-626.0120195814384,77.37589111181188,0.0,77.37589111181188,38.68794555590594,0.0,38.68794555590594,-208.15166926628999,0.0,-208.15166926628999,0.0,-911.5395799595402,-2.1924749357030877,-4.387746081970075e-06,0.0,-9.590467872083905e-05,-0.001146740122972556,0.03827519379844961,0.4540229885057471,-0.22273424173738568,0.011778377234348825,0.0020091110273968388,-0.7718294451885009,-0.09735977207695151,0.007531617000684415,0.007531617000684415,0.13153925004187944,0.006576962502093971,0.00037658085003422075,0.004373933275428898,-0.0042972909450209595,7.9808350444900755,False,SPX500_USD
n120_d1_k4_x1.0_tp0,5,0,5,0.0,0.0,,,10.591666666666665,0.0,-1091.8804301166965,-0.010918804301166965,-1022.9361063844048,0.0,-1022.9361063844048,13.896928101615126,0.0,13.896928101615126,6.948464050807563,0.0,6.948464050807563,-55.04739563068754,0.0,-55.04739563068754,0.0,-1091.8804301167074,-14.83713308083586,-5.427099343936025e-06,0.0,-0.00011545264779437029,-0.001375649448979055,0.0054428500742206825,0.2682926829268293,-0.8389755529451932,0.012508752817683266,0.004374731200216549,-0.871489946014751,-0.10997494866429358,0.00134012770689797,0.00134012770689797,0.09771136881615548,0.004885568440807774,6.700638534489852e-05,0.0016849514325261161,-0.0017320768623041438,7.975359342915811,False,UK100_GBP
n120_d1_k4_x1.0_tp0,8,0,8,0.375,2.287296057799409,3.8121600963323474,,41.776041666666664,0.375,1127.8956317422708,0.011278956317422708,1203.778269440889,0.0,1203.778269440889,65.50200265227372,0.0,65.50200265227372,35.27030912045508,0.0,30.23169353181864,-10.380635046264107,0.0,-10.380635046264107,0.0,1127.8956317423513,15.863685105717993,5.5111004879571746e-06,0.0,0.00011884532737779639,0.0014063325256243875,0.06165048543689321,0.5120967741935484,0.2397764230478057,0.011492940099353421,0.004305716075697556,0.9662248334998849,0.12236490519110127,0.008907346867685129,0.008907346867685129,0.11748597054433259,0.005874298527216629,0.0004453673433842564,0.003432400909320954,-0.0027430708657344427,7.9808350444900755,False,JP225_USD
n120_d1_k4_x1.0_tp0,16,0,16,0.3125,1.8387332211858107,4.045213086608784,,26.609375,0.3125,1572.0186978006823,0.015720186978006822,1677.1080657495859,0.0,1677.1080657495859,46.414646436832655,0.0,46.414646436832655,28.17213131950936,0.0,18.242515117323293,-61.80037493363294,0.0,-61.80037493363294,0.0,1568.8930443791203,15.49792297326393,7.672442317823661e-06,0.0,0.00016542676650093123,0.001956331259148625,0.06861313868613139,0.5035714285714286,0.3002889334507547,0.01625527971211571,0.002244721023913393,0.9366376063455243,0.12035051342060221,0.006153547133153888,0.006153547133153888,0.06771639839306214,0.006771639839306214,0.0006153547133153889,0.005394937946238576,-0.0034190646899322497,7.9808350444900755,False,WTICO_USD
n120_d1_k4_x1.0_tp2,26,0,26,0.5769230769230769,1.422257085244932,1.0429885291796168,,23.5801282051282,0.5769230769230769,881.1804343821277,0.008811804343821276,1033.9614938435452,0.0,1033.9614938435452,29.661544270935497,0.0,29.661544270935497,3.931543397181446,18.450835304969733,7.279165568784319,-123.11951519046656,0.0,-123.11951519046656,0.0,881.1804343821432,6.767602590848381,4.251573286620436e-06,0.0,9.345759662584435e-05,0.0010998887729023465,0.09606147934678194,0.49627791563275436,0.24562454803380612,0.018031951013551928,0.002623308373331912,0.4831162179740172,0.060996659322983086,0.018774312085587015,0.018774312085587015,0.2260912982924709,0.007536376609749031,0.0006258104028529004,0.0027093539063018923,-0.0020388242268533086,7.9808350444900755,False,EUR_USD
n120_d1_k4_x1.0_tp2,24,0,24,0.375,0.6214596003848114,1.0357660006413525,,22.63888888888889,0.375,-882.3506428394758,-0.008823506428394757,-713.8692569025743,0.0,-713.8692569025743,39.440289149074275,0.0,39.440289149074275,8.79002113803199,20.64829940198883,10.001968609053458,-129.0410967877577,0.0,-129.0410967877577,0.0,-882.3506428394063,-4.237080867617164,-4.221698997770333e-06,0.0,-9.249967259950327e-05,-0.001109876958601208,0.08501440922190202,0.5014164305949008,-0.25289704851672845,0.018547616084117147,0.007189535765545855,-0.4733226302428389,-0.059839332104335896,0.020586108467309367,0.020586108467309367,0.22683652180651273,0.007561217393550425,0.000686203615576979,0.002453155790960393,-0.00236496790425067,7.9808350444900755,False,GBP_USD
n120_d1_k4_x1.0_tp2,19,0,19,0.42105263157894735,0.8038703850576456,1.1053217794542627,,19.010964912280702,0.42105263157894735,-379.52145751837816,-0.0037952145751837816,-261.461626299503,0.0,-261.461626299503,27.97152968645719,0.0,27.97152968645719,8.154477959701952,12.530847202008818,7.2862045247464176,-143.6071929879205,0.0,-143.6071929879205,0.0,-433.04034897388067,-1.5238580997930913,-1.7996167605394824e-06,0.0,-3.930040559944117e-05,-0.00047633223484611076,0.04899135446685879,0.4594594594594595,-0.12354167698261957,0.012257534306863604,0.0062669744675655226,-0.30915234315479595,-0.038860363179190824,0.009292575542674788,0.009292575542674788,0.20448609406960994,0.010224304703480496,0.0004646287771337395,0.0030558197408994126,-0.0024319036224911272,7.9808350444900755,False,AUD_USD
n120_d1_k4_x1.0_tp2,25,0,25,0.4,0.5774057645727949,0.8661086468591923,,19.325000000000003,0.4,-1257.3300506505184,-0.012573300506505184,-1042.419967714474,0.0,-1042.419967714474,52.37568437554289,0.0,52.37568437554289,16.423080992809464,20.60632772206909,15.346275660664329,-162.5343985605791,0.0,-162.5343985605791,0.0,-1257.3300506505961,-4.8504935341926885,-6.041076859763048e-06,0.0,-0.0001324526910315272,-0.001584168617806414,0.07348703170028818,0.49514563106796117,-0.3561428758433987,0.02375729375975999,0.007183962474998085,-0.5268705129388233,-0.06668135831572165,0.018263617963091408,0.018263617963091408,0.22182028779260382,0.007394009593086794,0.0006087872654363803,0.0028584592531282205,-0.0026178455901132436,7.9808350444900755,False,USD_CAD
n120_d1_k4_x1.0_tp2,19,0,19,0.631578947368421,1.5725719739629014,0.9173336514783591,,30.370614035087723,0.631578947368421,753.6530418784241,0.007536530418784241,815.9435789830425,0.0,815.9435789830425,18.769397515598683,0.0,18.769397515598683,6.797271391486303,9.979828454532367,1.992297669580011,-43.5211395890165,0.0,-43.5211395890165,0.0,753.6530418784273,13.098997326234135,3.633302014488297e-06,0.0,7.959032500392158e-05,0.0009412305320652958,0.08165225744476465,0.5448717948717948,0.2480695612354791,0.007217638805458337,0.0018941368478887191,1.034465345539677,0.13040698730358888,0.011972444298953524,0.011972444298953524,0.19309089307241412,0.0064363631024138045,0.00039908147663178414,0.0020939387549185895,-0.002149870335239501,7.9808350444900755,False,EUR_JPY
n120_d1_k4_x1.0_tp2,18,0,18,0.4444444444444444,0.9730312871228087,1.2162891089035108,,22.888888888888893,0.4444444444444444,-46.85210685484344,-0.0004685210685484344,100.57930927061054,0.0,100.57930927061054,22.324163997060495,0.0,22.324163997060495,10.33496980355601,8.717966841033721,3.2712273524707642,-125.1072521284368,0.0,-125.1072521284368,0.0,-46.852106854886756,0.6822108334426831,-2.035184734378266e-07,0.0,-4.4507372217307335e-06,-5.8717803037455774e-05,0.05091258405379443,0.47533632286995514,-0.015551394122595326,0.010515907610047837,0.006806893698066752,-0.04429536960381423,-0.005583712335143715,0.00865427129156125,0.00865427129156125,0.1751816497437346,0.00875908248718673,0.0004327135645780625,0.0022463051771111076,-0.002180029051509158,7.9808350444900755,False,AUD_JPY
n120_d1_k4_x1.0_tp2,13,0,13,0.5384615384615384,1.9844328813852383,1.7009424697587758,,33.30448717948718,0.5384615384615384,821.4065614208084,0.008214065614208085,892.0826178188343,0.0,892.0826178188343,21.784943539901626,0.0,21.784943539901626,13.114363097859606,2.7128674506446906,5.957712991397331,-48.8911128582057,0.0,-48.8911128582057,0.0,821.4065614207269,12.622133481724989,4.659911057679687e-06,0.0,0.00010146510505554605,0.0012084630958482112,0.057790368271954676,0.4700460829493088,0.330356654956907,0.008315691298940386,0.0019405684080183122,0.9777255734933658,0.14532322718643942,0.008378199558694963,0.008378199558694963,0.11401652333766309,0.005700826166883155,0.0004189099779347482,0.0022214954546757593,-0.0015335341888845777,6.7734428473648185,False,XAU_USD
n120_d1_k4_x1.0_tp2,21,0,21,0.6190476190476191,1.6654922322309296,1.024918296757495,,27.263888888888886,0.6190476190476191,894.104293831042,0.00894104293831042,1200.7355437598872,0.0,1200.7355437598872,117.41037638071265,0.0,117.41037638071265,67.47255081997953,0.0,49.93782556073311,-189.22087354823054,0.0,-189.22087354823054,0.0,894.1042938309439,3.9158942346487455,4.345514020186149e-06,0.0,9.427744756199265e-05,0.0011159576976833563,0.07994186046511628,0.5108359133126935,0.2690011328887314,0.008164789920460436,0.0016925065803035818,1.0793140992567192,0.13667929102337814,0.007293177557993075,0.007293177557993075,0.10222223173136553,0.005111111586568276,0.0003646588778996537,0.0030947856977867616,-0.0021617624793610624,7.9808350444900755,False,NAS100_USD
n120_d1_k4_x1.0_tp2,13,0,13,0.38461538461538464,0.6706212518347562,1.07299400293561,,20.762820512820515,0.38461538461538464,-415.80473876476754,-0.004158047387647675,-177.7055830340768,0.0,-177.7055830340768,74.76594112333228,0.0,74.76594112333228,38.72440386103483,0.0,36.041537262297446,-163.33321460730056,0.0,-163.33321460730056,0.0,-415.80473876470967,-0.7463511682297576,-1.992255664365027e-06,0.0,-4.3492042100389204e-05,-0.0005219539772624016,0.03827519379844961,0.4540229885057471,-0.13730145695136106,0.010481367430270394,0.0018238239125284914,-0.39564233872610594,-0.0497982711449451,0.006244348007712863,0.006244348007712863,0.13153925004187944,0.006576962502093971,0.0003122174003856431,0.0046353826819418575,-0.0021486009041582488,7.9808350444900755,False,SPX500_USD
n120_d1_k4_x1.0_tp2,5,0,5,0.0,0.0,,,10.591666666666665,0.0,-1091.8804301166965,-0.010918804301166965,-1022.9361063844048,0.0,-1022.9361063844048,13.896928101615126,0.0,13.896928101615126,6.948464050807563,0.0,6.948464050807563,-55.04739563068754,0.0,-55.04739563068754,0.0,-1091.8804301167074,-14.83713308083586,-5.427099343936025e-06,0.0,-0.00011545264779437029,-0.001375649448979055,0.0054428500742206825,0.2682926829268293,-0.8389755529451932,0.012508752817683266,0.004374731200216549,-0.871489946014751,-0.10997494866429358,0.00134012770689797,0.00134012770689797,0.09771136881615548,0.004885568440807774,6.700638534489852e-05,0.0016849514325261161,-0.0017320768623041438,7.975359342915811,False,UK100_GBP
n120_d1_k4_x1.0_tp2,11,0,11,0.5454545454545454,1.8225051429093395,1.5187542857577832,,32.958333333333336,0.5454545454545454,720.1704779799038,0.0072017047797990385,802.8925334534013,0.0,802.8925334534013,62.55920103328832,0.0,62.55920103328832,35.25051264044391,0.0,27.308688392844406,-20.16285444015292,0.0,-20.16285444015292,0.0,720.17047797996,9.705906470266303,3.514318595934786e-06,0.0,7.604517785244391e-05,0.000899545390707468,0.06165048543689321,0.5120967741935484,0.22443739696263412,0.00838210515312321,0.002856709848485228,0.8493313433202766,0.10731735933571454,0.006162694220804384,0.006162694220804384,0.11748597054433262,0.005874298527216631,0.0003081347110402192,0.003432400909320732,-0.0018129796097148265,7.9808350444900755,False,JP225_USD
n120_d1_k4_x1.0_tp2,21,0,21,0.47619047619047616,1.5490081365282546,1.7039089501810802,,27.20436507936509,0.47619047619047616,1026.3137081968307,0.010263137081968307,1126.0533282306708,0.0,1126.0533282306708,44.872233350546324,0.0,44.872233350546324,28.08050292944358,0.0,16.79173042110274,-57.97624724512302,0.0,-57.97624724512302,0.0,1023.2048476350014,10.948662748432335,5.022597658726643e-06,0.0,0.00010834549077143902,0.0012802373907769837,0.06861313868613139,0.5035714285714286,0.24297213512107035,0.013763046146005542,0.0018237119796569003,0.7279680660697353,0.09301991559103708,0.005299479353201422,0.005299479353201422,0.06771639839306215,0.006771639839306215,0.0005299479353201423,0.0032421352836056183,-0.0034190646899321386,7.9808350444900755,False,WTICO_USD
