label,n_trades,n_core,n_ov,win_rate,pf,payoff,dur_core_d,dur_ov_d,wr_ov,net_profit,net_pct,gross_profit,gross_core,gross_ov,costs_exec,costs_core,costs_ov,spread,comm,slip,swap,swap_core,swap_ov,net_core,net_ov,gross_to_cost,daily_mean,daily_med,monthly_mean,cagr,pos_days,active_pos_days,sharpe,max_dd,avg_dd,recovery,mar,exp_net_avg,exp_gross_avg,exp_gross_max,margin_max,margin_avg,best_day,worst_day,years,halted,sym,variant,period
V0_core_only|IS,21,21,0,0.5238095238095238,1.2067239786977284,1.0970217988161166,61.43452380952381,,,176.14453384416993,0.0017614453384416993,1526.774551652586,1526.774551652586,0.0,69.0920241205809,69.0920241205809,0.0,9.029361556813159,42.5885968467047,17.474065717063056,-1245.1811787209688,-1245.1811787209688,0.0,212.50134881103645,0.0,1.1616873480731356,1.4926975796186743e-06,0.0,3.2494978458513496e-05,0.00022053956250434048,0.22670509125840538,0.5058949624866024,0.020821438893364973,0.040060636990745024,0.006931223870544928,0.04276751710895643,0.005505143678950748,0.12770805736402507,0.12770805736402507,0.5054316685943011,0.016847722286476702,0.004256935245467502,0.005129716005895402,-0.005466276446879581,7.9808350444900755,False,EUR_USD,V0_core_only,IS
V0_core_only|IS,23,23,0,0.2608695652173913,0.5559563147769667,1.5752095585347388,46.516304347826086,,,-5850.167026524388,-0.05850167026524388,-4542.093053081821,-4542.093053081821,0.0,101.53824825080389,101.53824825080389,0.0,25.967241741433917,51.33015598042225,24.240850528947732,-1196.2384856746776,-1196.2384856746776,0.0,-5839.869787007303,0.0,-3.499903284090335,-2.843516842621581e-05,0.0,-0.000624202041749207,-0.007524977781798836,0.17146974063400577,0.45710627400768244,-0.443112927364807,0.07830719301990441,0.014940160610104928,-0.732931632735075,-0.0960956138459223,0.10552241084778911,0.10552241084778911,0.5811979445314781,0.019373264817715934,0.0035174136949263045,0.00489993681877765,-0.006758347895963301,7.9808350444900755,False,GBP_USD,V0_core_only,IS
V0_core_only|IS,20,20,0,0.35,1.2674911736579335,2.353912179650448,58.42916666666666,,,2348.3530181774695,0.023483530181774695,1983.7093379981393,1983.7093379981393,0.0,82.07619283812717,82.07619283812717,0.0,23.54831808530529,35.79077492769022,22.73709982513166,552.7299746315323,552.7299746315323,0.0,2454.3631197915447,0.0,24.169119806890446,1.1959211914409611e-05,0.0,0.00025952582245790845,0.0029127055903714894,0.21565802113352545,0.5269953051643192,0.14907444775531511,0.040500294573547424,0.011338748575696722,0.5497549231895028,0.07191813346152572,0.09269382930533823,0.09269382930533823,0.41572834409065557,0.020786417204532778,0.004634691465266912,0.01399696447454768,-0.011558068273250122,7.9808350444900755,False,AUD_USD,V0_core_only,IS
V0_core_only|IS,20,20,0,0.3,0.7912484640381807,1.8462464160890881,58.208333333333336,,,-2806.602997450973,-0.02806602997450973,-1710.8271214034528,-1710.8271214034528,0.0,105.328133080388,105.328133080388,0.0,32.55638147506605,40.2153701302559,32.55638147506605,-990.4477429671654,-990.4477429671654,0.0,-2806.602997451006,0.0,-1.561292923854447,-1.307086709364037e-05,0.0,-0.00028840336101420996,-0.003560617133658517,0.20317002881844382,0.502375296912114,-0.1890445658883831,0.0789790132590601,0.00826958392808641,-0.3367456901720233,-0.045083079500870565,0.11377571789285765,0.11377571789285765,0.43824509361383646,0.014608169787127883,0.0037925239297619214,0.008096822369629608,-0.009420931546344824,7.9808350444900755,False,USD_CAD,V0_core_only,IS
V0_core_only|IS,20,20,0,0.35,1.21658505702638,2.2593722487632775,56.89375,,,1710.7877023089532,0.01710787702308953,1587.9200022804469,1587.9200022804469,0.0,68.51465262257983,68.51465262257983,0.0,24.07036335212791,36.6552807632279,7.7890085072240325,214.12900611468007,214.12900611468007,0.0,1733.534355772547,0.0,23.176356319394497,8.81030169050355e-06,0.0,0.00019366219432596614,0.002127750471598411,0.2026897214217099,0.51338199513382,0.1214757848917934,0.04440431848751081,0.009222476939279032,0.36943650515627346,0.047917647293626714,0.09951302568262171,0.09951302568262171,0.43138411149275424,0.014379470383091808,0.00331710085608739,0.009597040291822623,-0.012967890122768777,7.9808350444900755,False,EUR_JPY,V0_core_only,IS
V0_core_only|IS,23,23,0,0.21739130434782608,0.953161918064699,3.431382905032916,48.67753623188406,,,1252.9247211017355,0.012529247211017355,-412.07702969577326,-412.07702969577326,0.0,100.26067442108733,100.26067442108733,0.0,53.41569379198354,33.85366794552498,12.991312683578807,1837.8025572692632,1837.8025572692632,0.0,1325.4648531524026,0.0,-4.110056431149471,6.95108790846554e-06,0.0,0.0001483509592503032,0.0015613809598233885,0.1988472622478386,0.5104808877928483,0.07915164662555782,0.07842203632348821,0.00955493883166367,0.14860569481693386,0.019909977259232922,0.08275048489321823,0.08275048489321823,0.37216663948326983,0.01860833197416349,0.004137524244660912,0.018229433693173203,-0.016360463257116487,7.9808350444900755,False,AUD_JPY,V0_core_only,IS
V0_core_only|IS,19,19,0,0.42105263157894735,1.4453779764505437,1.9873947176194977,46.54385964912281,,,1745.1788644611952,0.017451788644611953,3398.445198115664,3398.445198115664,0.0,92.65824235949074,92.65824235949074,0.0,50.45140529786622,12.318871920304415,29.887965141320105,-1560.6080912949676,-1560.6080912949676,0.0,1745.1788644612054,0.0,2.055594509448202,1.0579711306774813e-05,0.0,0.00023178101115862564,0.002557542798611756,0.19263456090651557,0.5304212168486739,0.13472498903277647,0.04744506902770684,0.012593462009267819,0.35001822380350894,0.05390534466538997,0.06016302819089701,0.06016302819089701,0.2370882266859723,0.011854411334298614,0.003008151409544851,0.006742552834210436,-0.01069125077125399,6.7734428473648185,False,XAU_USD,V0_core_only,IS
V0_core_only|IS,20,20,0,0.55,1.5706572268243042,1.2850831855835216,64.70625000000001,,,2366.156435558907,0.02366156435558907,4390.407183146964,4390.407183146964,0.0,353.05629770385696,353.05629770385696,0.0,196.81473424856773,0.0,156.24156345528922,-1671.194449884128,-1671.194449884128,0.0,2366.1564355589785,0.0,2.1689048100283004,1.1998500554647349e-05,0.0,0.0002572074925424258,0.002934563281092206,0.24660852713178294,0.5508658008658008,0.1647826094183006,0.03480519749886868,0.007091533992631118,0.6519883427154914,0.0843139384911576,0.06653013411883825,0.06653013411883825,0.2280747062336182,0.01140373531168091,0.0033265067059419133,0.009131587066034674,-0.009549894992863406,7.9808350444900755,False,NAS100_USD,V0_core_only,IS
V0_core_only|IS,19,19,0,0.5263157894736842,1.8148188050317102,1.6333369245285392,65.79385964912281,,,1649.681603720339,0.01649681603720339,3838.953507931361,3838.953507931361,0.0,277.5276540137296,277.5276540137296,0.0,138.7638270068648,0.0,138.7638270068648,-1911.7442501973896,-1911.7442501973896,0.0,1649.6816037202416,0.0,1.753529792506375,8.57363420742886e-06,0.0,0.00018053293538078502,0.0020522922731069926,0.2320736434108527,0.535195530726257,0.11970578336542143,0.03432605790973642,0.006615674157428105,0.4695460811665155,0.059788172545291604,0.07922235600266626,0.07922235600266626,0.2876054639818695,0.014380273199093473,0.003961117800133313,0.009672938893400485,-0.010666867434148797,7.9808350444900755,False,SPX500_USD,V0_core_only,IS
V0_core_only|IS,21,21,0,0.3333333333333333,0.7172504760848742,1.4345009521697487,66.26190476190477,,,-3607.6983382596227,-0.036076983382596226,-2037.4809326707573,-2037.4809326707573,0.0,144.46378602974684,144.46378602974684,0.0,72.23189301487342,0.0,72.23189301487342,-1425.7536195591588,-1425.7536195591588,0.0,-3607.6983382596627,0.0,-1.2975788737398473,-1.7258498691344265e-05,0.0,-0.00037812000557873855,-0.004596574462524483,0.24740227610094012,0.5050505050505051,-0.2017075361880509,0.05375508322076061,0.013430232740767711,-0.6592729467498928,-0.08550957764584488,0.09236009232180313,0.09236009232180313,0.3653356296008057,0.01826678148004028,0.004618004616090156,0.009521243599527551,-0.010110386227936474,7.975359342915811,False,UK100_GBP,V0_core_only,IS
V0_core_only|IS,22,22,0,0.3181818181818182,1.498909467423452,3.21194885876454,51.490530303030305,,,1880.377510408929,0.01880377510408929,4079.188906488688,4079.188906488688,0.0,380.29096161595936,380.29096161595936,0.0,207.52655396980776,0.0,172.7644076461516,-1811.3587404043376,-1811.3587404043376,0.0,1887.539204468391,0.0,1.8612412844664128,9.960530068190055e-06,0.0,0.00021359515491930987,0.0023369645958608576,0.20679611650485438,0.5201465201465202,0.11672219763921013,0.06781783990965162,0.012926249546339407,0.2578185178817316,0.03445943720670272,0.06116219774146111,0.06116219774146111,0.3485563532231324,0.017427817661156617,0.003058109887073055,0.008450848856258242,-0.009683911080941576,7.9808350444900755,False,JP225_USD,V0_core_only,IS
V0_core_only|IS,20,20,0,0.35,1.0661591616039257,1.9800098715501477,59.73125000000001,,,-983.9228138727049,-0.00983922813872705,614.4569365020085,614.4569365020085,0.0,120.01824201509677,120.01824201509677,0.0,72.64240684189281,0.0,47.37583517320397,-1475.4146874064572,-1475.4146874064572,0.0,-980.9759929195455,0.0,0.3851349217950442,-4.042893850194853e-06,0.0,-9.029440299620904e-05,-0.0012381950375297546,0.20632603406326033,0.495906432748538,-0.0517447671368514,0.05521614176273282,0.008734181457181201,-0.17009717236653982,-0.022424512072037835,0.03916018491220903,0.03916018491220903,0.13843283332593412,0.013843283332593413,0.003916018491220903,0.008999685981311734,-0.007503353698331661,7.9808350444900755,False,WTICO_USD,V0_core_only,IS
V0_core_only|VAL,9,9,0,0.5555555555555556,2.9031334131487885,2.322506730519031,51.930555555555564,,,4693.637639874083,0.046936376398740834,5060.770644380525,5060.770644380525,0.0,42.31129445122795,42.31129445122795,0.0,9.339307268744411,22.79502799311627,10.176959189367265,-410.59829168727913,-410.59829168727913,0.0,4607.861058242018,0.0,11.17390931715201,4.5061547351317734e-05,0.0,0.0008771622947704833,0.01156488397981148,0.16827852998065765,0.5132743362831859,0.6039600509479031,0.028424669005600145,0.005466122284391294,1.5436976920810679,0.4068608143698349,0.1185601940604946,0.1185601940604946,0.6815080585343904,0.022716935284479683,0.003952006468683153,0.010612980410762862,-0.009965560527880113,3.9890485968514717,False,EUR_USD,V0_core_only,VAL
V0_core_only|VAL,11,11,0,0.5454545454545454,1.4983226507046992,1.2486022089205826,74.49621212121212,,,922.4158646788273,0.009224158646788274,1740.5296915150948,1740.5296915150948,0.0,51.50310301821604,51.50310301821604,0.0,11.870641189414364,25.387692401504445,14.244769427297232,-766.6107238179792,-766.6107238179792,0.0,922.4158646788995,0.0,2.127490863033156,9.583457695458995e-06,0.0,0.0002112547437552004,0.002304421991422334,0.28433268858800775,0.5,0.12818675069328642,0.031999783171907326,0.007154713575602873,0.2803663798326233,0.07201367518781786,0.19298421621085998,0.19298421621085998,0.590947475941694,0.019698249198056465,0.006432807207028667,0.005902798424512801,-0.004960643732268011,3.9890485968514717,False,GBP_USD,V0_core_only,VAL
V0_core_only|VAL,10,10,0,0.5,1.664038040075712,1.664038040075712,72.54166666666667,,,1471.1921432084928,0.014711921432084928,2751.960862215215,2751.960862215215,0.0,52.01853250568573,52.01853250568573,0.0,20.41546673730273,19.288261566335713,12.314804202047284,-1179.990814659921,-1179.990814659921,0.0,1519.9515150496081,0.0,2.2337175189023113,1.4866693450141506e-05,0.0,0.0004604782225154759,0.0036679220130437784,0.2601547388781431,0.5193050193050193,0.19362581500099715,0.030900267712996143,0.005610480783533665,0.45589643551124387,0.11870194935240354,0.128824383692544,0.128824383692544,0.41712710131367065,0.02085635506568353,0.0064412191846272,0.005895908812840078,-0.0057766906489298275,3.9890485968514717,False,AUD_USD,V0_core_only,VAL
V0_core_only|VAL,8,8,0,0.5,6.536661594269619,6.536661594269619,90.17187499999999,,,7856.050293922104,0.07856050293922104,9448.46421709106,9448.46421709106,0.0,55.7542011556999,55.7542011556999,0.0,16.617601143864,22.518998867971902,16.617601143864,-1536.6597220131985,-1536.6597220131985,0.0,7856.050293922161,0.0,5.933422258886463,7.456832703458754e-05,0.0,0.0016616245304874198,0.019139585080179655,0.26305609284332687,0.5281553398058253,0.7006753733742975,0.02446255654296714,0.00684205980017894,2.9162224830740797,0.7824033046816682,0.22167736656054074,0.22167736656054074,0.6009381754076143,0.020031272513587144,0.007389245552018025,0.010972881100028031,-0.009403173385578278,3.9890485968514717,False,USD_CAD,V0_core_only,VAL
V0_core_only|VAL,9,9,0,0.4444444444444444,1.403666089198966,1.7545826114987075,52.29629629629629,,,786.4898236232839,0.00786489823623284,1111.9257078687676,1111.9257078687676,0.0,32.93820425643973,32.93820425643973,0.0,11.516133482404301,17.583359613234002,3.838711160801433,-292.4976799890255,-292.4976799890255,0.0,786.4898236233023,0.0,3.4167274160524954,8.326065324346233e-06,0.0,-0.0002438347588991605,0.001965839410046799,0.15860735009671179,0.4837758112094395,0.10776878371697114,0.02802642730196858,0.010455071651207057,0.2728469368174227,0.07014234775149947,0.08144249354789627,0.08144249354789627,0.4766293358840599,0.015887644529468663,0.002714749784929876,0.017949154177842708,-0.006826820851477677,3.9890485968514717,False,EUR_JPY,V0_core_only,VAL
V0_core_only|VAL,13,13,0,0.23076923076923078,0.2509193748804195,0.836397916268065,42.080128205128204,,,-3616.955406773486,-0.03616955406773486,-3550.628721101698,-3550.628721101698,0.0,66.2549882451315,66.2549882451315,0.0,36.5175808807386,21.880440717882337,7.85696664651056,25.378674268036463,25.378674268036463,0.0,-3591.5050350787933,0.0,-53.59036074333019,-3.501437398632352e-05,0.0,-0.0010357396377839593,-0.009192742202379534,0.18665377176015474,0.4825,-0.5014287693696025,0.0558638097285451,0.009145681934039245,-0.6352543734420586,-0.16455630661512613,0.08918853196023006,0.08918853196023006,0.4631617886565886,0.02315808943282943,0.004459426598011503,0.010786383798681909,-0.007147231533377929,3.9890485968514717,False,AUD_JPY,V0_core_only,VAL
V0_core_only|VAL,12,12,0,0.3333333333333333,0.6637886450793161,1.3275772901586322,49.87152777777778,,,-1936.2569702480396,-0.019362569702480396,-1126.5284796845713,-1126.5284796845713,0.0,58.103116090297405,58.103116090297405,0.0,34.16622881442942,8.169296745073755,15.767590530794234,-655.73490642308,-655.73490642308,0.0,-1840.3665021979486,0.0,-1.5781289930706375,-1.8306628147857196e-05,0.0,-0.00040369656965407754,-0.0048895466620039185,0.19107662463627545,0.4602803738317757,-0.2528242099525403,0.05206052208975487,0.01590793289290618,-0.3595229506177562,-0.09392043079349267,0.06505407932596716,0.06505407932596716,0.2235541087000411,0.011177705435002057,0.0032527039662983586,0.01776380652575127,-0.005718978679643327,3.9890485968514717,False,XAU_USD,V0_core_only,VAL
V0_core_only|VAL,17,17,0,0.35294117647058826,0.5066889486463674,0.928929739185007,53.10049019607843,,,-3510.750515036998,-0.03510750515036998,-2758.5482508344376,-2758.5482508344376,0.0,188.8674093027657,188.8674093027657,0.0,110.51514655750682,0.0,78.35226274525888,-782.8892149079775,-782.8892149079775,0.0,-3730.304875045181,0.0,-2.838723382076165,-3.39885227595956e-05,0.0,-0.0007056451519917236,-0.008919162093873112,0.32655038759689925,0.5200617283950617,-0.47631619211794984,0.05718706369803883,0.007059570717299353,-0.5999040173659533,-0.15596468007115016,0.11697007177572476,0.11697007177572476,0.24370533966370148,0.012185266983185075,0.005848503588786237,0.0038345095602587698,-0.004868322596862651,3.9890485968514717,False,NAS100_USD,V0_core_only,VAL
V0_core_only|VAL,14,14,0,0.2857142857142857,0.6245057049598456,1.5612642623996142,60.5595238095238,,,-2210.2602171977196,-0.022102602171977195,-1757.4596473638135,-1757.4596473638135,0.0,184.9878252901823,184.9878252901823,0.0,106.71522854341086,0.0,78.27259674677144,-395.7726715537451,-395.7726715537451,0.0,-2338.2201442077408,0.0,-3.026134967709607,-2.1068899879913426e-05,0.0,-0.0005396614663449163,-0.005587303892499285,0.3071705426356589,0.5205254515599343,-0.30828927160072894,0.05295604532633502,0.0042840224916402825,-0.40658471456894046,-0.10550832974910082,0.12400183784989599,0.12400183784989599,0.2922010136731856,0.014610050683659278,0.0062000918924948025,0.0041743691775382175,-0.007534168773319916,3.9890485968514717,False,SPX500_USD,V0_core_only,VAL
V0_core_only|VAL,13,13,0,0.15384615384615385,0.18580099584135135,1.0219054771274323,42.13141025641025,,,-5276.108126537816,-0.05276108126537816,-5141.928377118443,-5141.928377118443,0.0,86.50517444381019,86.50517444381019,0.0,43.252587221905095,0.0,43.252587221905095,-47.674574975581734,-47.674574975581734,0.0,-5276.108126537835,0.0,-38.321195257615535,-5.305710435763851e-05,0.0,-0.0013728708177568635,-0.013496281655442366,0.18811881188118812,0.4846938775510204,-0.7630703386799079,0.07421419462212842,0.008606102294941359,-0.6948286103369539,-0.1818557989365849,0.08161077210690934,0.08161077210690934,0.32666837830158757,0.01633341891507938,0.004080538605345466,0.00731852033690239,-0.006538432412267814,3.9890485968514717,False,UK100_GBP,V0_core_only,VAL
V0_core_only|VAL,11,11,0,0.45454545454545453,2.4553689761564366,2.946442771387724,54.93939393939393,,,4382.328391544084,0.043823283915440846,4818.838405011203,4818.838405011203,0.0,140.9286548452935,140.9286548452935,0.0,81.75265557317135,0.0,59.17599927212215,-292.1909613536737,-292.1909613536737,0.0,4385.718788812235,0.0,11.125883531438847,4.2532267485674214e-05,0.0,0.0008289241509879354,0.010809999411684146,0.22017458777885549,0.5218390804597701,0.49463180415085595,0.039096729635506255,0.006063869335631453,1.0428918103005063,0.2764936994082208,0.06307204711602067,0.06307204711602067,0.22813939044113282,0.01140696952205664,0.003153602355801034,0.01238200087970398,-0.013011477241844038,3.9890485968514717,False,JP225_USD,V0_core_only,VAL
V0_core_only|VAL,12,12,0,0.4166666666666667,1.8119339430961792,2.5367075203346507,52.072916666666664,,,3816.5629346996284,0.038165629346996285,4482.9231886142115,4482.9231886142115,0.0,109.42260397543103,109.42260397543103,0.0,73.27066412467232,0.0,36.15193985075871,-554.6820801142267,-554.6820801142267,0.0,3818.8185045245536,0.0,6.75032610974476,3.711560947986285e-05,0.0,0.0008203215664988688,0.009433761668371954,0.2289039767216295,0.5244444444444445,0.4697090583647118,0.038030384129868255,0.008283517575409578,0.9472596644786178,0.24805854277351036,0.04622052371164049,0.04622052371164049,0.22038438853631717,0.022038438853631714,0.004622052371164048,0.007405013453103626,-0.006710204258181585,3.9890485968514717,False,WTICO_USD,V0_core_only,VAL
V0_core_only|OOS,9,9,0,0.2222222222222222,0.532635319967959,1.8642236198878563,58.65277777777778,,,-2303.5608240682923,-0.023035608240682924,-1873.7619608991463,-1873.7619608991463,0.0,46.53717599158151,46.53717599158151,0.0,6.745360461550361,26.691451063741287,13.100364466289866,-384.5864711135022,-384.5864711135022,0.0,-2304.88560800423,0.0,-4.346228682841023,-2.6183532256266195e-05,0.0,-0.0005706458965557465,-0.006919001920655643,0.2206896551724138,0.5026178010471204,-0.37810511703775435,0.05634726469121465,0.007148597440186715,-0.3974010108608853,-0.12279215253077609,0.17622614129419872,0.17622614129419872,0.5989351416281876,0.01996450472093959,0.005874204709806625,0.005727513902374914,-0.004984951404948035,3.356605065023956,False,EUR_USD,V0_core_only,OOS
V0_core_only|OOS,9,9,0,0.3333333333333333,0.5322939796254278,1.0645879592508556,40.0462962962963,,,-2045.48425113775,-0.0204548425113775,-1845.529285990083,-1845.529285990083,0.0,44.2141575108603,44.2141575108603,0.0,10.957427809570937,20.10781632980424,13.14891337148513,-155.74080763667436,-155.74080763667436,0.0,-2045.4842511376178,0.0,-9.229724726407163,-2.328197686127338e-05,0.0,-0.0005037950442657091,-0.006138180059984455,0.14482758620689656,0.4827586206896552,-0.3798142712536851,0.026440746828887085,0.010353869396423621,-0.768999295319354,-0.23214851303966805,0.09671929616210298,0.09671929616210298,0.38727513736104274,0.012909171245368093,0.0032239765387367656,0.006334402083927992,-0.005876838442715582,3.356605065023956,False,GBP_USD,V0_core_only,OOS
V0_core_only|OOS,9,9,0,0.3333333333333333,1.3112192717991928,2.6224385435983857,64.95833333333333,,,881.5871933159506,0.008815871933159506,1227.9931384009399,1227.9931384009399,0.0,67.76414738051913,67.76414738051913,0.0,28.82264828287665,21.77630452756795,17.165194570074537,-278.6417977042217,-278.6417977042217,0.0,881.5871933161991,0.0,3.5449539935018652,1.1145007972075124e-05,0.0,0.00023856699905275004,0.0026183374964203754,0.23103448275862068,0.47743467933491684,0.12158801221395982,0.031311692315066475,0.011706814323354936,0.27094445601479444,0.08362171773004076,0.16136545189494078,0.16136545189494078,0.40858062056192196,0.0204290310280961,0.00806827259474704,0.013178758143460367,-0.008373001822938875,3.356605065023956,False,AUD_USD,V0_core_only,OOS
V0_core_only|OOS,10,10,0,0.3,0.894094865843015,2.086221353633702,38.079166666666666,,,-908.8445031178271,-0.00908844503117827,-401.23594658324146,-401.23594658324146,0.0,74.30875510250591,74.30875510250591,0.0,21.00143503880579,32.30588502489433,21.00143503880579,-433.29980143207536,-433.29980143207536,0.0,-908.8445031178228,0.0,-0.7904436231777879,-9.572795518224312e-06,0.0,-0.00020953281681497792,-0.0027163133988546972,0.15402298850574714,0.48028673835125446,-0.11178074005591447,0.05409772005344293,0.013036591051333313,-0.16530731432863974,-0.05021123618835067,0.13455960405897804,0.13455960405897804,0.6690152235321054,0.02230050745107018,0.0044853201352992676,0.014022907113368843,-0.012729064206396301,3.356605065023956,False,USD_CAD,V0_core_only,OOS
V0_core_only|OOS,7,7,0,0.5714285714285714,1.5792886824235102,1.1844665118176325,78.5297619047619,,,842.0890707079961,0.008420890707079961,1400.0659018048052,1400.0659018048052,0.0,37.77490926281526,37.77490926281526,0.0,16.55415061705479,17.402640984779318,3.8181176609811467,-474.5291655815297,-474.5291655815297,0.0,887.7618269604602,0.0,2.732880667072952,1.0305124243473982e-05,0.0,0.0002199369216435626,0.0025013714946739984,0.23103448275862068,0.5114503816793893,0.14164722409007888,0.02829961779763701,0.006329452476732951,0.29022690593900513,0.0883888790499093,0.15011364424448082,0.15011364424448082,0.4785967842365084,0.015953226141216945,0.005003788141482695,0.00593196338466595,-0.00756052751110059,3.356605065023956,False,EUR_JPY,V0_core_only,OOS
V0_core_only|OOS,8,8,0,0.375,1.3961970739753278,2.326995123292213,54.29166666666667,,,592.2883853865496,0.005922883853865496,1072.697373056289,1072.697373056289,0.0,39.91969317451322,39.91969317451322,0.0,18.56628569435336,14.987823813524425,6.365583666635438,-440.4892944952668,-440.4892944952668,0.0,592.288385386509,0.0,2.232883648283516,7.5776349554557655e-06,0.0,0.0001610931257102488,0.001760889434595958,0.1793103448275862,0.4968152866242038,0.0956004713544788,0.02987807945461285,0.009270585406341278,0.19228950772303377,0.05893583077422655,0.09694532756073504,0.09694532756073504,0.3125362643474618,0.01562681321737309,0.0048472663780367515,0.010458909949619954,-0.006657543746012018,3.356605065023956,False,AUD_JPY,V0_core_only,OOS
V0_core_only|OOS,8,8,0,0.375,3.6540715954401093,6.090119325733516,53.94270833333333,,,2825.1531025442673,0.028251531025442672,3946.2633248045277,3946.2633248045277,0.0,46.60901252177017,46.60901252177017,0.0,23.135773923097265,8.355049604293558,15.118188994379345,-1074.4115999232515,-1074.4115999232515,0.0,2825.242712359506,0.0,3.5202415379298517,3.309236708691249e-05,0.0,0.0007146197260488624,0.00833453900886405,0.19377162629757785,0.536741214057508,0.3793168218791704,0.020069790294659495,0.008325298309770357,1.3495370081910676,0.4152778323290126,0.09849406407538688,0.09849406407538688,0.33629413046617196,0.016814706523308597,0.004924703203769344,0.007578394398073396,-0.011134669980407463,3.356605065023956,False,XAU_USD,V0_core_only,OOS
V0_core_only|OOS,9,9,0,0.5555555555555556,4.56751278050962,3.654010224407696,79.46296296296296,,,6268.2259927307605,0.06268225992730761,7482.389636832495,7482.389636832495,0.0,63.47714489333942,63.47714489333942,0.0,36.79788124834505,0.0,26.67926364499437,-1150.6864992083604,-1150.6864992083604,0.0,6268.225992730795,0.0,6.162587451190196,7.091926658267477e-05,0.0,0.001399451256543624,0.01827741593112675,0.3394919168591224,0.5753424657534246,0.9423963630221291,0.021751142112363064,0.002762494748652083,2.685946661326607,0.8402968375963167,0.11593053636401868,0.11593053636401868,0.3153699877380767,0.01576849938690383,0.005796526818200934,0.004983921627413901,-0.009347882835690324,3.356605065023956,False,NAS100_USD,V0_core_only,OOS
V0_core_only|OOS,10,10,0,0.6,3.042921523478947,2.0286143489859643,65.11666666666667,,,4214.561655526006,0.04214561655526006,5308.845852602248,5308.845852602248,0.0,108.2781034878071,108.2781034878071,0.0,61.8535129329769,0.0,46.424590554830196,-986.0060935883553,-986.0060935883553,0.0,4214.561655526086,0.0,4.851432440299374,4.828049195566941e-05,0.0,0.0011189341808902574,0.012374580303032179,0.30484988452655887,0.5689655172413793,0.6936879692955652,0.023321591733524105,0.00473361304750386,1.693625577347504,0.5306061629251524,0.14910375232576092,0.14910375232576092,0.41336440961948384,0.020668220480974192,0.007455187616288046,0.004604642771165679,-0.006080253527332213,3.356605065023956,False,SPX500_USD,V0_core_only,OOS
V0_core_only|OOS,10,10,0,0.3,0.13522665180922858,0.3155288542215334,50.329166666666666,,,-3605.0737949827017,-0.036050737949827015,-3267.653522748519,-3267.653522748519,0.0,62.2740973649494,62.2740973649494,0.0,31.1370486824747,0.0,31.1370486824747,-275.146174869345,-275.146174869345,0.0,-3605.0737949828135,0.0,-9.684224071989249,-4.2616539417672584e-05,0.0,-0.0008671743301711,-0.01087900824494592,0.20023557126030625,0.4899135446685879,-0.6025298743221609,0.04741183475119548,0.014218181605483188,-0.7540494562793468,-0.22945765128128917,0.08990606092732348,0.08990606092732348,0.3219919709314576,0.01609959854657288,0.004495303046366174,0.00841992255751256,-0.006340338258403855,3.356605065023956,False,UK100_GBP,V0_core_only,OOS
V0_core_only|OOS,11,11,0,0.2727272727272727,0.5693732892631966,1.5183287713685243,42.63257575757575,,,-2728.9595305179682,-0.027289595305179683,-2093.444703569662,-2093.444703569662,0.0,118.77737811440969,118.77737811440969,0.0,63.957049753912926,0.0,54.82032836049675,-516.7374488338904,-516.7374488338904,0.0,-2728.9595305179623,0.0,-3.294092623491169,-3.140898679730158e-05,0.0,-0.0006771362968564093,-0.00820923099502191,0.1928406466512702,0.4940828402366864,-0.47925509621028406,0.056207114158405624,0.007353269896030013,-0.4710846414860232,-0.146053237529439,0.06937884071130213,0.06937884071130213,0.27693323148338367,0.013846661574169184,0.0034689420355651064,0.005792928783679541,-0.005745783165885476,3.356605065023956,False,JP225_USD,V0_core_only,OOS
V0_core_only|OOS,10,10,0,0.4,1.5965309671783463,2.3947964507675192,45.233333333333334,,,2285.303480926741,0.02285303480926741,2796.2731983813824,2796.2731983813824,0.0,90.08345172830441,90.08345172830441,0.0,58.698386922933224,0.0,31.385064805371186,-418.69299146359765,-418.69299146359765,0.0,2287.4967551894806,0.0,5.496074426792347,2.7038227949613908e-05,0.0,0.0005953484411931331,0.006754456013032817,0.1928406466512702,0.5202492211838006,0.31155184429386873,0.05088001830740152,0.009950830179170523,0.4342097925305301,0.13275262544569968,0.03290021157602102,0.03290021157602102,0.1399360448638135,0.01399360448638135,0.0032900211576021017,0.018110952288049376,-0.007255204011419325,3.356605065023956,False,WTICO_USD,V0_core_only,OOS
V1_H4_hedge|IS,109,21,88,0.47706422018348627,1.1208976258329808,1.2286762437015366,61.43452380952381,3.7769886363636362,0.4659090909090909,1273.7369639614626,0.012737369639614625,2837.738247325511,1544.6311209687678,1293.107126356743,189.0579348809013,69.58358580532436,119.47434907557695,26.972070076411704,115.13358080327181,46.952284001217805,-1338.1881855356364,-1252.6704830033918,-85.51770253224453,222.37705216005156,1088.1150747489214,1.8580752698533964,6.6797583027305555e-06,0.0,0.00014582299447099222,0.0015871739389103912,0.2372718539865514,0.4994944388270981,0.09673979822414651,0.03883715570283708,0.006975820366706108,0.31342073895420897,0.04086740931943291,0.12306130470748264,0.1395079159503933,0.7551662219620049,0.0251722073987335,0.00465026386501311,0.005135756860005891,-0.005488732066616708,7.9808350444900755,False,EUR_USD,V1_H4_hedge,IS
V1_H4_hedge|IS,110,23,87,0.41818181818181815,0.5547455866538665,0.7718199466488578,46.516304347826086,3.4913793103448274,0.45977011494252873,-6411.070105767736,-0.06411070105767736,-4899.281396525457,-4510.082816195219,-389.1985803302382,252.15109333349915,101.4745294623232,150.67656387117594,63.84421340144593,126.61547005469636,61.69140987735685,-1249.3835738520636,-1197.4551624023795,-51.928411449684134,-5809.012508059922,-591.8035556510983,-3.2628493391421602,-3.1344928619760145e-05,0.0,-0.0006867688784678233,-0.008267781108591055,0.1724303554274736,0.43833943833943834,-0.5083739657999442,0.08673230375700414,0.018028991783487464,-0.7219284022364465,-0.09532527963000617,0.09794448721447917,0.11797699696686219,0.8585933772981571,0.028619779243271904,0.003932566565562073,0.004607106968661734,-0.006758347895963079,7.9808350444900755,False,GBP_USD,V1_H4_hedge,IS
V1_H4_hedge|IS,101,20,81,0.36633663366336633,1.1544784005194457,1.9969356117093116,58.42916666666666,3.464506172839507,0.37037037037037035,1593.1704642515542,0.015931704642515542,1602.9092780229935,2016.4424290994805,-413.5331510764869,225.54300338765557,81.89971840547975,143.64328498217583,68.13515546227029,96.18556324217604,61.222284683209224,320.9941589561146,545.9057447839863,-224.9115858278717,2480.448455477987,-782.0880218865344,7.1068898345206835,8.34958776631948e-06,0.0,0.00018088764553000523,0.001982472937558155,0.21950048030739674,0.5106145251396648,0.10761589974273911,0.03449315198805414,0.011491172570487547,0.4405769668736025,0.057474391967563196,0.08878850306538547,0.10285733156430495,0.821730407926298,0.041086520396314906,0.005142866578215248,0.014005734956371585,-0.011565109085557301,7.9808350444900755,False,AUD_USD,V1_H4_hedge,IS
V1_H4_hedge|IS,102,20,82,0.3235294117647059,0.6615173272324761,1.3831725933042682,58.208333333333336,2.7042682926829267,0.32926829268292684,-4341.952408106532,-0.04341952408106532,-2965.0265450587326,-1671.8430775157835,-1293.183467542949,303.8486064173853,104.16856602869497,199.68004038869034,99.69036846684664,113.86566076559717,90.29257718494149,-1073.0772566304106,-982.6972653178024,-90.37999131260824,-2758.708908862281,-1583.2434992442477,-2.1533668766274094,-2.0765771348085226e-05,0.0,-0.0004563703120969928,-0.005546679501335361,0.20557156580211336,0.4863636363636364,-0.3128205985683394,0.08549546089738835,0.010558572129627151,-0.48551913846390227,-0.06487688870398027,0.10939065473619777,0.12375609365394377,0.8185750903840828,0.027285836346136096,0.0041252031217981254,0.00809682236962983,-0.009420931546344713,7.9808350444900755,False,USD_CAD,V1_H4_hedge,IS
V1_H4_hedge|IS,101,20,81,0.43564356435643564,1.1177097778131118,1.4479422121669858,56.89375,3.1440329218106995,0.4567901234567901,1234.210373251015,0.01234210373251015,1342.0210520635292,1587.9190464685473,-245.89799440501824,185.44685502434248,68.20708705141082,117.23976797293165,70.36848331245899,94.98660234944904,20.091769362434437,100.27624767379012,211.99553387959904,-111.71928620580891,1731.7074932967355,-474.8570485837588,7.236688116858979,6.5067552367657465e-06,0.0,0.00014368524234971265,0.0015381839789074814,0.2026897214217099,0.4929906542056075,0.09312421716441127,0.04232271814819122,0.009641608029119817,0.2815589008723338,0.036344168007394866,0.09559617924169998,0.10795149551196602,0.8518981948206725,0.028396606494022415,0.003598383183732201,0.009600531853998895,-0.012972451903406568,7.9808350444900755,False,EUR_JPY,V1_H4_hedge,IS
V1_H4_hedge|IS,99,23,76,0.42424242424242425,1.072050346338351,1.4549254700306193,48.67753623188406,3.3843201754385963,0.4473684210526316,936.8116177048505,0.009368116177048505,-392.2487996281078,-371.25879128925385,-20.990008338853947,221.40092716746767,100.06904157674096,121.33188559072673,113.52058075312074,77.89943731703326,29.98090909731369,1622.7750052040194,1833.916956377368,-211.14195117334864,1362.5891235113731,-353.4638451029293,-1.7716673757712442,5.407537657035628e-06,0.0,0.00011443809413060189,0.001169045192778606,0.20413064361191163,0.49533799533799533,0.06293851856989491,0.08463473081183326,0.011615734597553926,0.10258233577262249,0.013812830519632908,0.08036770209638619,0.08952846117692163,0.6974253825557926,0.03487126912778963,0.004476423058846082,0.018266671583499816,-0.016392314542980624,7.9808350444900755,False,AUD_JPY,V1_H4_hedge,IS
V1_H4_hedge|IS,61,19,42,0.3770491803278688,1.0556107953679037,1.744052618433928,46.54385964912281,3.5198412698412693,0.35714285714285715,550.2063706411427,0.005502063706411427,2319.201438576649,3367.3479844596422,-1048.1465458829937,183.718559436033,92.06548606205817,91.65307337397482,99.9396980221318,24.272032899231604,59.50682851466959,-1585.2765084994187,-1552.126255539648,-33.15025295977084,1723.1562428579364,-1172.9498722167393,1.311027645364398,3.854996123728344e-06,0.0,8.578158278486304e-05,0.0008104011207501483,0.19263456090651557,0.5120481927710844,0.0501014726073167,0.046343014409024996,0.01860357680669005,0.11434428410097641,0.01748701786201305,0.05797852094537453,0.0640995543265602,0.4525867863580261,0.022629339317901308,0.0032049777163280103,0.006742552834210658,-0.010708290520760388,6.7734428473648185,False,XAU_USD,V1_H4_hedge,IS
V1_H4_hedge|IS,79,20,59,0.4177215189873418,1.2345929143490415,1.720947698789573,64.70625000000001,3.728813559322034,0.3898305084745763,2239.4775207279163,0.02239477520727916,4771.479813247753,4369.711933956292,401.76787929145996,795.3824956735778,351.73644236468556,443.6460533088922,441.9329295427649,0.0,353.44956613081285,-1736.6197968462495,-1665.6478488015018,-70.97194804474778,2352.327642790105,-112.85012206218,1.8844689941015875,1.1369504962984954e-05,0.0,0.00024325687383097822,0.0027789640774309454,0.25339147286821706,0.5375128468653648,0.15965270636897652,0.03690371530516534,0.005984907403454703,0.585264602512462,0.07530309765428901,0.06579768321942493,0.07055661777181196,0.3525708581538608,0.017628542907693043,0.0035278308885905974,0.009131587066034674,-0.009549894992863406,7.9808350444900755,False,NAS100_USD,V1_H4_hedge,IS
V1_H4_hedge|IS,80,19,61,0.3875,1.1187065982972262,1.768278171502067,65.79385964912281,3.212431693989071,0.36065573770491804,915.4151811272168,0.009154151811272168,3542.400978632166,3833.8737304605907,-291.47275182842475,649.4962546414915,277.489904514734,372.0063501267575,328.48087584269615,0.0,321.01537879879544,-1977.4895428633893,-1912.321478699996,-65.16806416339313,1644.0623472458606,-728.6471661185753,1.3484659802868935,5.008515669570173e-06,0.0,0.00010405969486778925,0.0011424507304871323,0.2364341085271318,0.5213675213675214,0.07296007174594549,0.03401889379934642,0.009369999221226798,0.2639737094334755,0.03358283009511266,0.07815068089716481,0.08382355431574634,0.4245608077499578,0.02122804038749789,0.004191177715787317,0.009672938893400485,-0.010666867434148908,7.9808350444900755,False,SPX500_USD,V1_H4_hedge,IS
V1_H4_hedge|IS,72,21,51,0.2222222222222222,0.47788357301677475,1.6725925055587114,66.26190476190477,4.545751633986928,0.19607843137254902,-6340.118475100127,-0.06340118475100127,-4446.0322053038335,-1965.2994410499489,-2480.732764253885,279.390958591567,143.52346567002567,135.86749292154133,140.3083051926768,0.0,139.08265339889016,-1614.6953112050883,-1424.232663563304,-190.46264764178426,-3533.0555702832785,-2807.0629048172104,-2.347322968441743,-3.152825631935329e-05,0.0,-0.0006804644218347471,-0.008179193952763897,0.2533399307273627,0.491362763915547,-0.3770304156041374,0.0792461297958742,0.017200137119441,-0.7866407079845973,-0.10321253509581148,0.09039721996123166,0.09842552919347791,0.4750322890865855,0.023751614454329276,0.004921276459673895,0.009521243599527551,-0.010110386227936474,7.975359342915811,False,UK100_GBP,V1_H4_hedge,IS
V1_H4_hedge|IS,75,22,53,0.38666666666666666,1.1006236743781077,1.7458168628066535,51.490530303030305,4.135220125786164,0.4339622641509434,1127.8868813263834,0.011278868813263834,3748.4365761166637,4088.61492337007,-340.1783472534061,743.3674022137438,378.29808085110307,365.06932136264084,410.2716481876291,0.0,333.09575402611483,-1870.073494941614,-1805.0489422495054,-65.02455269210856,1905.2679002694615,-770.2722213081554,1.434291695747438,6.339684489150824e-06,0.0,0.00013526014341471015,0.001406321668376842,0.2145631067961165,0.5086306098964327,0.07519975570793982,0.06636593946851843,0.013293621916021922,0.15945157872514384,0.021190413028718585,0.060192381416925705,0.06529340653432539,0.37285758102662864,0.01864287905133143,0.0032646703267162694,0.008477803092334923,-0.009700664161754857,7.9808350444900755,False,JP225_USD,V1_H4_hedge,IS
V1_H4_hedge|IS,97,20,77,0.3917525773195876,0.7880242712819578,1.2235113685693555,59.73125000000001,3.114718614718614,0.4155844155844156,-2526.2696165753005,-0.025262696165753006,-659.8458649795449,632.4116071115162,-1292.2574720910611,337.1002266018086,119.07041108805005,218.0298155137585,211.15965536834938,0.0,125.94057123345917,-1529.4274050987428,-1468.1332186820287,-61.29418641671407,-954.7920226585625,-1571.5814740215337,-0.3535151871169323,-1.1740825555593406e-05,0.0,-0.00025667984781062406,-0.003200956084632667,0.20875912408759123,0.48419864559819414,-0.15632596743879226,0.05838069685145364,0.011196652560697271,-0.4180957848970103,-0.054829014678898357,0.03741236287690566,0.04254447966508015,0.2305706093315169,0.023057060933151692,0.004254447966508015,0.009036656264746368,-0.00750335369833155,7.9808350444900755,False,WTICO_USD,V1_H4_hedge,IS
V1_H4_hedge|VAL,27,9,18,0.37037037037037035,2.163306032940662,3.6776202559991256,51.930555555555564,3.5740740740740744,0.3333333333333333,4246.915117065873,0.042469151170658734,4680.429374372151,5049.998318633887,-369.5689442617355,77.27474252808577,42.19948707105269,35.07525545703309,14.14762312421853,43.48374064732151,19.643378756545737,-441.7262833160197,-409.7293608900419,-31.99692242597778,4598.069470672793,-436.6411221447464,9.01815052631135,4.0900096420935775e-05,0.0,0.0007867071945317393,0.010481113209986903,0.17117988394584138,0.5115606936416185,0.5585751061662504,0.02731450207430597,0.006198954030594138,1.4602281572178597,0.38371972446996244,0.11487466203194008,0.1252079825424606,0.9326377617634001,0.031087925392113337,0.0041735994180820205,0.010612980410762862,-0.00997512229776576,3.9890485968514717,False,EUR_USD,V1_H4_hedge,VAL
V1_H4_hedge|VAL,57,11,46,0.40350877192982454,1.0518849343419499,1.5549603377228824,74.49621212121212,3.3414855072463765,0.391304347826087,269.26754518457165,0.0026926754518457165,1257.057786775755,1742.9283676223592,-485.87058084660435,154.22738589002853,51.374391002123104,102.85299488790542,35.538123088562585,76.62113345424413,42.068129347221834,-833.5628557009798,-765.236066106095,-68.32678959488473,926.3179105141412,-657.0503653293945,1.272595874961312,3.2555464176811307e-06,0.0,7.24130131417683e-05,0.0006743370490578382,0.281431334622824,0.48258706467661694,0.04512921001883016,0.03189564411060608,0.00851571174531629,0.08240969566719437,0.02114197934738069,0.18276301438732467,0.2095616815102469,0.8855011929062456,0.02951670643020819,0.006985389383674897,0.005918945484379545,-0.00464263277720367,3.9890485968514717,False,GBP_USD,V1_H4_hedge,VAL
V1_H4_hedge|VAL,59,10,49,0.423728813559322,1.2091461292024306,1.6444387357153054,72.54166666666667,3.4183673469387763,0.42857142857142855,1266.6614077400736,0.012666614077400737,2660.251052125317,2740.5993189861256,-80.34826686080848,148.1184014651136,51.879151798484976,96.23924966662864,50.724286198077046,59.1947975444988,38.19931772253777,-1196.810153064059,-1176.0315724247005,-20.77858063935845,1512.68859476294,-197.36609716679556,1.977986892438764,1.2858948841056841e-05,0.0,0.00042733718135283864,0.00316038845176414,0.26305609284332687,0.508411214953271,0.17421874989660566,0.02555364678014893,0.005897296594660275,0.47868143413339703,0.12367661175544044,0.12154718053496334,0.1407471847986301,0.8264210469713641,0.04132105234856821,0.007037359239931506,0.005895908812839856,-0.0057766906489299386,3.9890485968514717,False,AUD_USD,V1_H4_hedge,VAL
V1_H4_hedge|VAL,45,8,37,0.3111111111111111,2.026565467520081,4.487394963794466,90.17187499999999,3.3299549549549545,0.2702702702702703,5428.060051717519,0.05428060051717519,7170.686163046581,9376.563185473888,-2205.877022427307,190.97879408137396,55.211623474505714,135.76717060686826,56.941609524180805,77.4165559774558,56.62062857973738,-1551.6473172477322,-1526.9135807270563,-24.733736520675773,7794.4379812723255,-2366.377929554851,4.114873590168735,5.2521749632848574e-05,0.0,0.0011793524282836566,0.0133391216266181,0.2640232108317215,0.5150943396226415,0.4979765064722889,0.0344891168537943,0.007578407024036956,1.4628719144727158,0.3867632123827666,0.21269645154552339,0.23806889786511784,0.9075131612704985,0.030250438709016617,0.007935629928837262,0.011049230304184254,-0.009528257507354643,3.9890485968514717,False,USD_CAD,V1_H4_hedge,VAL
V1_H4_hedge|VAL,40,9,31,0.45,1.2501714946921567,1.5279873824015247,52.29629629629629,4.271505376344087,0.45161290322580644,1087.55105415039,0.0108755105415039,1493.9734696441349,1111.1849731667166,382.7884964774183,75.71261580539172,32.820999099948395,42.89161670544333,27.734594554908448,39.621079466145474,8.356941784337812,-330.7097996883103,-291.2706096840759,-39.439190004234376,787.0933643826922,300.4576897677406,3.6759130714513595,1.1167345115584058e-05,0.0,-0.00018073967771706047,0.0027153031669504557,0.1702127659574468,0.47956403269754766,0.14897579191138025,0.03130669884153303,0.00904943339535913,0.3383670041689184,0.08673233740467708,0.0797472413125575,0.09002575160171733,0.7099378155931512,0.023664593853105043,0.003000858386723911,0.015628962319743422,-0.00872012642276454,3.9890485968514717,False,EUR_JPY,V1_H4_hedge,VAL
V1_H4_hedge|VAL,48,13,35,0.375,0.4253241957343357,0.7088736595572261,42.080128205128204,3.536904761904762,0.42857142857142855,-3536.830276489258,-0.03536830276489258,-3345.1197655390934,-3538.8644427081763,193.74467716908288,127.9874258879689,66.10187478269826,61.88555110527064,63.89650202551128,47.135172269852156,16.955751592605466,-38.24483463666415,24.549804645406425,-62.79463928207058,-3580.4165128454683,69.06448678174165,-20.123168360833297,-3.42396418329769e-05,0.0,-0.0010183346657542214,-0.008986321743519654,0.19245647969052224,0.47268408551068886,-0.5022723974751412,0.05646842441902877,0.009233093509935595,-0.6148864121301962,-0.15913887869149465,0.08654769137574576,0.0979303900821616,0.6884211007123917,0.03442105503561959,0.00489651950410808,0.010788198318422149,-0.007148937368909758,3.9890485968514717,False,AUD_JPY,V1_H4_hedge,VAL
V1_H4_hedge|VAL,51,12,39,0.45098039215686275,0.6803173345197615,0.8282124072414487,49.87152777777778,4.0256410256410255,0.48717948717948717,-1655.9009329632827,-0.016559009329632828,-770.8354533107319,-1126.3015007134038,355.46604740267196,123.72795795824825,58.086699346491656,65.6412586117566,69.18828615822488,18.813167797446937,35.726504002576426,-720.4631690787251,-655.640307756635,-64.82286132208998,-1840.0285078165307,225.0019274688254,-0.9131053722588716,-1.5562648603185064e-05,0.0,-0.00034368289170175973,-0.004177122311282755,0.19495635305528614,0.4446902654867257,-0.21910754265857083,0.048897210824322856,0.015044110163393964,-0.3275136559998426,-0.08542659674986894,0.06162573612789967,0.0718022130988562,0.3308081597791776,0.01654040798895888,0.0035901106549428093,0.017772426112590223,-0.005718978679643549,3.9890485968514717,False,XAU_USD,V1_H4_hedge,VAL
V1_H4_hedge|VAL,75,17,58,0.30666666666666664,0.3828175421680109,0.8655005301189812,53.10049019607843,3.2535919540229887,0.29310344827586204,-5871.29604716778,-0.058712960471677796,-4736.817620368636,-2670.1876261840034,-2066.629994184633,467.9894963549526,186.01624948311724,281.9732468718354,272.1173296997173,0.0,195.8721666552354,-888.4770162318973,-771.9215485589265,-116.5554676729709,-3628.1254242260475,-2465.158708729439,-3.4920269512111184,-5.802832782253432e-05,0.0,-0.0012305594385464249,-0.01505385643639634,0.32848837209302323,0.5014792899408284,-0.8401134441904292,0.07042436023334575,0.01219752476313977,-0.8233921452709948,-0.21375922175958054,0.11313739666266956,0.1258721973607099,0.46083570281983366,0.023041785140991682,0.006293609868035494,0.00384742520811332,-0.00499801833097524,3.9890485968514717,False,NAS100_USD,V1_H4_hedge,VAL
V1_H4_hedge|VAL,68,14,54,0.3235294117647059,0.47327994676740737,0.9895853432409427,60.5595238095238,2.5254629629629624,0.3333333333333333,-4242.7371294710465,-0.04242737129471046,-3381.77362787105,-1732.8101695431856,-1648.9634583278644,459.01197240061697,183.3593034925166,275.65266890810034,254.9915216778657,0.0,204.02045072275126,-526.0330421373926,-392.0710864715888,-133.9619556658038,-2308.240559507291,-2058.5780829017685,-3.4331158251251255,-4.147051632554117e-05,0.0,-0.0009857452598438273,-0.01080933723220956,0.311046511627907,0.508716323296355,-0.634533312575609,0.07002818704886316,0.005270397703415291,-0.5918581652806945,-0.15435694807673933,0.12119590513053538,0.1318545962285003,0.43496220965812893,0.021748110482906445,0.006592729811425015,0.004175928551754193,-0.007577750589548904,3.9890485968514717,False,SPX500_USD,V1_H4_hedge,VAL
V1_H4_hedge|VAL,39,13,26,0.3076923076923077,0.301176077468947,0.6776461743051306,42.13141025641025,4.1730769230769225,0.38461538461538464,-5298.218115067488,-0.05298218115067488,-4993.044337841298,-5142.378338681018,149.33400083971986,150.13316308800876,86.50651921028121,63.62664387772755,75.75228498276715,0.0,74.3808781052416,-155.04061413808867,-47.88073669100573,-107.15987744708295,-5276.765594582305,-21.452520485090645,-16.3613151274857,-5.33165087437473e-05,0.0,-0.0013789673551691452,-0.013554010965359242,0.19900990099009902,0.47743467933491684,-0.7852474352441342,0.07443028702640986,0.008625747058966944,-0.6957146101354883,-0.1821034354005637,0.08045665058593694,0.08873842005200108,0.42930611366835814,0.02146530568341791,0.004436921002600053,0.007318520336902612,-0.006538432412267925,3.9890485968514717,False,UK100_GBP,V1_H4_hedge,VAL
V1_H4_hedge|VAL,44,11,33,0.4090909090909091,1.777810825875114,2.567948970708498,54.93939393939393,3.6300505050505047,0.42424242424242425,3919.7836681392655,0.03919783668139266,4557.744434541695,4825.7482779155525,-268.00384337385776,298.28144555043934,140.60023419270678,157.6812113577326,171.60940838722982,0.0,126.67203716320958,-350.6530023266579,-291.513123081234,-59.13987924542384,4393.634920641612,-484.8249339770142,7.023428097324391,3.8173560860902075e-05,0.0,0.0007655433625735419,0.009685266932289549,0.22017458777885549,0.5044444444444445,0.4566189828084889,0.0411846821159072,0.0063525817787327835,0.8872337276965251,0.23516672788761686,0.061297531293397635,0.06734847386700513,0.3584499835601388,0.01792249917800694,0.0033674236933502566,0.012407134608326542,-0.01303657474297093,3.9890485968514717,False,JP225_USD,V1_H4_hedge,VAL
V1_H4_hedge|VAL,51,12,39,0.4117647058823529,1.4600707462376254,2.0858153517680367,52.072916666666664,3.586538461538462,0.41025641025641024,3380.4738296928117,0.033804738296928115,4229.395381989702,4457.907576350641,-228.51219436093828,247.09724963611106,108.86233103718152,138.23491859892954,160.67568594543036,0.0,86.42156369068073,-599.5782075227314,-552.0650937306722,-47.51311379205929,3796.980151582787,-414.2602267519271,4.99529701283905,3.298719855756478e-05,0.0,0.0007306780640464064,0.008369124291181862,0.2318137730358875,0.5085106382978724,0.43007416603008425,0.038864488721565116,0.009740598887237243,0.828136727178743,0.2153411653280802,0.04423301651714753,0.050342210683084115,0.32462414291904534,0.03246241429190454,0.005034221068308412,0.007414678598814062,-0.00610473624137664,3.9890485968514717,False,WTICO_USD,V1_H4_hedge,VAL
V1_H4_hedge|OOS,43,9,34,0.2558139534883721,0.4646809248810255,1.351799054199347,58.65277777777778,3.1715686274509807,0.2647058823529412,-3044.878094134343,-0.03044878094134343,-2448.3466266501237,-1844.1699707259081,-604.1766559242153,123.1217494616426,46.18069477661361,76.94105468502899,17.73012272077587,70.95736068774792,34.43426605311882,-474.7269671783813,-386.9735619802535,-87.75340519812775,-2277.3242274827753,-768.8711158073721,-4.09526115638435,-3.4979097093840365e-05,0.0,-0.0007616058074164184,-0.009169973881136606,0.2206896551724138,0.47880299251870323,-0.5230907561900472,0.061032707430728195,0.007637588231761551,-0.4862358066860641,-0.15024688019197704,0.1692307594090788,0.192093389016971,0.8011948357094675,0.026706494523648917,0.006403112967232366,0.005727513902374914,-0.004984951404948035,3.356605065023956,False,EUR_USD,V1_H4_hedge,OOS
V1_H4_hedge|OOS,30,9,21,0.26666666666666666,0.4606299809373837,1.2667324475778052,40.0462962962963,2.882936507936508,0.23809523809523808,-2840.482379220455,-0.02840482379220455,-2557.053525579061,-1838.9373158671733,-718.1162097118878,96.81390850741155,44.07864772299287,52.735260784418685,24.02377819769313,43.961596472486676,28.828533837231742,-186.61494513397312,-155.73652660034875,-30.87841853362437,-2038.752490190515,-801.7298890299307,-9.021853254271832,-3.267225026236549e-05,0.0,-0.0007070295700202344,-0.008548133656656298,0.14022988505747128,0.45353159851301117,-0.5469062430017376,0.03503667522941967,0.011901640001275115,-0.805183134547428,-0.24397673582562376,0.09288817339303068,0.10476295467531678,0.6749557504815881,0.02249852501605293,0.0034920984891772264,0.0063344020839282145,-0.005876838442715693,3.356605065023956,False,GBP_USD,V1_H4_hedge,OOS
V1_H4_hedge|OOS,50,9,41,0.5,1.3133946321982886,1.3133946321982886,64.95833333333333,4.804878048780488,0.5365853658536586,1726.0343065096386,0.017260343065096384,2295.425634603738,1246.9562215225542,1048.4694130811843,176.59818588044251,67.97900079992831,108.6191850805142,65.80188681983518,62.85233307572824,47.943965984879114,-392.7931422137175,-279.8968046737506,-112.89633753996691,899.0804160488752,826.9538904607032,4.031367394173142,2.0656741292591418e-05,0.0,0.00044351121459965115,0.005111347167891855,0.2367816091954023,0.46292134831460674,0.23318698150843867,0.029760635656972956,0.011117773951095129,0.5552597665514502,0.1717485885317191,0.14872446236449174,0.1827770712454636,0.7722264021196786,0.038611320105983934,0.00913885356227318,0.01317875814346059,-0.008373001822938986,3.356605065023956,False,AUD_USD,V1_H4_hedge,OOS
V1_H4_hedge|OOS,37,10,27,0.3783783783783784,0.7896056549038166,1.2972092901991275,38.079166666666666,4.064814814814815,0.4074074074074074,-1273.9213866439677,-0.012739213866439678,-623.5047101394305,-409.8406537877013,-213.66405635172913,164.26256231054475,74.3980461595612,89.86451615098353,49.55068063478522,69.95952244803917,44.75235922772035,-486.15411419390875,-433.6004050770553,-52.55370911685343,-917.8391050243179,-356.0822816195661,-0.9586234988474518,-1.3825863279781763e-05,0.0,-0.0003049368896416077,-0.003812363497652127,0.15517241379310345,0.451505016722408,-0.1623712635371598,0.0532169934600375,0.015411523049981788,-0.23547511302393023,-0.07163808493831889,0.12974547986905735,0.15072579458611826,1.0920977480894183,0.03640325826964728,0.005024193152870609,0.014022907113369065,-0.012729064206396301,3.356605065023956,False,USD_CAD,V1_H4_hedge,OOS
V1_H4_hedge|OOS,29,7,22,0.27586206896551724,0.9725904745438052,2.5530499956774886,78.5297619047619,3.0037878787878785,0.18181818181818182,-140.0332792235713,-0.001400332792235713,499.3484481171024,1396.8426971703677,-897.4942490532653,87.30232739771802,37.57251305632262,49.72981434139539,35.453255993533375,42.38635922470672,9.462712179477915,-506.8256741985341,-473.1382407506372,-33.68743344789694,886.131943363408,-980.9114968425577,0.8404728388082969,-9.630748332304743e-07,0.0,-2.4949263520829267e-05,-0.0004173924778145821,0.22413793103448276,0.491183879093199,-0.013428542855726061,0.027323690207148976,0.007789897129905854,-0.0504162229801254,-0.015275845782550099,0.14246591052392726,0.15980463261615163,0.669812057899722,0.022327068596657396,0.0053268210872050555,0.00593196338466595,-0.00756052751110059,3.356605065023956,False,EUR_JPY,V1_H4_hedge,OOS
V1_H4_hedge|OOS,41,8,33,0.36585365853658536,0.9315302854175396,1.6146524947237355,54.29166666666667,4.007575757575758,0.36363636363636365,-341.9119139971299,-0.003419119139971299,244.87481624762074,1058.2841880080352,-813.4093717604145,117.72533541521295,39.75680077329973,77.96853464191322,57.61197332334244,42.24834059563464,17.86502149623587,-469.0613948294072,-437.45275455578667,-31.608640273620544,581.0746326789489,-922.9865466759483,0.41731484988683554,-3.162905901293165e-06,0.0,-7.543407385184053e-05,-0.0010198491755851746,0.18275862068965518,0.4818181818181818,-0.040311215387101584,0.03748952430150854,0.011603700900430947,-0.08912286711889812,-0.027203577388260885,0.09269636201936916,0.10783354789533181,0.5832220646848856,0.029161103234244277,0.005391677394766592,0.010480213342332512,-0.006670825524556223,3.356605065023956,False,AUD_JPY,V1_H4_hedge,OOS
V1_H4_hedge|OOS,22,8,14,0.45454545454545453,2.0330445816767484,2.439653498012098,53.94270833333333,2.8809523809523805,0.5,2672.5977787791053,0.026725977787791053,3842.5507859917357,3952.189037098993,-109.63825110725769,82.19270553695023,46.63786476853334,35.554840768416895,40.95949818603057,14.759360372337575,26.473846978582092,-1087.6707380083355,-1075.360437238855,-12.310300769480508,2830.190735091605,-157.5033926451551,3.2846148045679913,3.13434288781984e-05,0.0,0.0006767849137021831,0.007888617192533198,0.19377162629757785,0.5169230769230769,0.36626909330183893,0.020632603536577476,0.008379514616447445,1.2424543201804097,0.3823374582150168,0.09782691032645699,0.10230336820949892,0.4937655604038813,0.024688278020194063,0.0051151684104749455,0.007578394398073396,-0.011150120417364406,3.356605065023956,False,XAU_USD,V1_H4_hedge,OOS
V1_H4_hedge|OOS,34,9,25,0.5294117647058824,3.022282070319941,2.6864729513955035,79.46296296296296,3.0500000000000007,0.52,6692.074629636001,0.06692074629636001,7994.601931254565,7484.328175225035,510.2737560295295,124.05768619988598,63.396811043064844,60.66087515682113,70.7018258161084,0.0,53.35586038377758,-1178.4696154186415,-1149.7211348736034,-28.748480545038053,6271.210229308366,420.86440032767035,6.137761505129627,7.550702682409985e-05,0.0,0.001497128520301913,0.019485691827600293,0.34526558891454967,0.5695238095238095,1.0097431998900206,0.01903797753287939,0.002610733595044967,3.2779040292882033,1.0235169042482417,0.11415312973539068,0.11975531165269843,0.34423021563266987,0.01721151078163349,0.005987765582634922,0.004988656708949213,-0.009347882835690324,3.356605065023956,False,NAS100_USD,V1_H4_hedge,OOS
V1_H4_hedge|OOS,37,10,27,0.4864864864864865,2.06686070149593,2.1816862960234817,65.11666666666667,3.5586419753086425,0.4444444444444444,4510.214510353777,0.04510214510353777,5786.2018908235395,5286.604990838053,499.59689998548697,218.62854365264099,108.03691623090731,110.59162742173366,118.0644332666478,0.0,100.56411038599316,-1057.3588368171042,-983.5113131302639,-73.84752368684032,4195.056761476882,315.157748876913,4.534685827922054,5.1536157232543726e-05,0.0,0.0011887737780439417,0.013229376593340447,0.3083140877598152,0.5505154639175258,0.7500982679732644,0.017968296188521915,0.005017619843393797,2.3586150727590263,0.7362621616729207,0.1478607808784486,0.15521974711027745,0.7220818673649972,0.03610409336824986,0.0077609873555138705,0.005974359813219143,-0.005865686779937707,3.356605065023956,False,SPX500_USD,V1_H4_hedge,OOS
V1_H4_hedge|OOS,46,10,36,0.34782608695652173,0.34855907027672306,0.6535482567688558,50.329166666666666,3.1805555555555554,0.3888888888888889,-3721.2529206138715,-0.03721252920613872,-3213.4510684637667,-3263.5177096570715,50.06664119330495,158.80666201189894,62.169283028312776,96.63737898358617,80.13764699997157,0.0,78.66901501192739,-348.9951901383133,-274.13423842902154,-74.86095170929178,-3599.8212311144057,-121.431689499573,-6.328159408747489,-4.408630920742551e-05,0.0,-0.0008892825206573834,-0.011234317837998442,0.20965842167255594,0.4734042553191489,-0.6492659049772872,0.04875680560907225,0.014631018804556917,-0.7579143241048741,-0.2304153788924198,0.08818308430421085,0.09846098816043541,0.47894411111601676,0.023947205555800835,0.0049230494080217705,0.00841992255751256,-0.006340338258403744,3.356605065023956,False,UK100_GBP,V1_H4_hedge,OOS
V1_H4_hedge|OOS,45,11,34,0.3333333333333333,0.603900989452483,1.207801978904966,42.63257575757575,3.5551470588235294,0.35294117647058826,-2895.2183208443894,-0.028952183208443893,-2054.456866908674,-2107.267569757055,52.81070284838091,267.28414662420334,118.9408111203116,148.34333550389175,148.17649812485212,0.0,119.10764849935123,-573.477307311324,-517.53342488721,-55.94388242411397,-2743.7418057645764,-151.47651507962482,-2.443566908653994,-3.338654525744173e-05,0.0,-0.0007202671672297157,-0.008714568610107665,0.20785219399538107,0.4864864864864865,-0.5104534130742296,0.05551389720769351,0.009459897878984463,-0.5072646019157799,-0.15697994643582577,0.06789793524277588,0.07563241688960208,0.3931875970171336,0.019659379850856678,0.0037816208444801046,0.005792928783679763,-0.005745783165885587,3.356605065023956,False,JP225_USD,V1_H4_hedge,OOS
V1_H4_hedge|OOS,37,10,27,0.5135135135135135,1.6392755036071371,1.5529978455225508,45.233333333333334,4.47067901234568,0.5925925925925926,3359.8331372462853,0.033598331372462854,3992.9330553853533,2823.07701183878,1169.8560435465733,188.72285971196771,90.45310359014445,98.26975612182326,122.99963168341641,0.0,65.72322802855132,-449.1193399891708,-420.0804659557334,-29.038874033437377,2312.543442292902,1042.5474133913126,6.260064099327773,3.904174794011552e-05,0.0,0.0008543885531033801,0.009893760681042307,0.197459584295612,0.5059171597633136,0.465919782023215,0.042799379803822646,0.007444857450668007,0.7524874967487993,0.2311659824603029,0.03199219965171974,0.035975123305716825,0.20560328649078385,0.020560328649078384,0.003597512330571682,0.01810935873772812,-0.007254576993871553,3.356605065023956,False,WTICO_USD,V1_H4_hedge,OOS
V2_D1ov_both|IS,47,21,26,0.5531914893617021,1.2088632689714782,0.97638956340004,61.43452380952381,18.097756410256412,0.5769230769230769,1820.9296584578842,0.018209296584578843,3302.6288773015076,1525.5768906408316,1777.0519866606758,99.09850310394496,69.2521100386368,29.846393065308167,13.006754363328927,61.26133488809863,24.83041385251741,-1345.6469607656131,-1246.265089054467,-99.3818717111462,210.05969154772788,1647.8237218842214,2.2859589871670933,9.307833214126869e-06,0.0,0.0002033611795266212,0.002263661572028841,0.2780979827089337,0.5087873462214412,0.13053890280500735,0.03213265996427117,0.008490357600962364,0.5478542578291881,0.07044737580224741,0.13182510990766508,0.1426159566369711,0.6742545860371382,0.022475152867904604,0.00475386522123237,0.005129716005895624,-0.005477278167420718,7.9808350444900755,False,EUR_USD,V2_D1ov_both,IS
V2_D1ov_both|IS,46,23,23,0.30434782608695654,0.5114670112542811,1.1690674542954997,46.516304347826086,16.115942028985508,0.34782608695652173,-6343.787297662508,-0.06343787297662508,-4910.002422180053,-4511.6403372983095,-398.3620848817437,139.85760124168007,100.99303837193142,38.86456286974864,34.45316040732561,71.33737532053837,34.06706551381609,-1283.6840223517793,-1190.9238436192836,-92.76017873249559,-5803.557219289524,-529.9868264839879,-3.4491456665564075,-3.097399291584992e-05,0.0,-0.0006794226763984832,-0.008178473346896475,0.20653218059558118,0.46236559139784944,-0.4893574940712196,0.08313955691178443,0.01574555459208493,-0.7485792147583182,-0.09837042258445373,0.10837238641282372,0.12036586753263734,0.680478796646323,0.022682626554877433,0.004012195584421244,0.004725270573435081,-0.006758347895963301,7.9808350444900755,False,GBP_USD,V2_D1ov_both,IS
V2_D1ov_both|IS,39,20,19,0.38461538461538464,1.2806163851209338,2.048986216193494,58.42916666666666,17.967105263157894,0.42105263157894735,2421.2890020335326,0.024212890020335325,2181.489299186588,1986.5865826878774,194.90271649871102,110.24955399380917,81.85559556861489,28.393958425194285,31.75967773393078,48.438499333053386,30.051376926825,400.8196265448235,548.9988493087305,-148.17922276390703,2453.729836427993,18.329535309609696,19.78683105882755,1.2307600936590128e-05,0.0,0.00026755926692762237,0.0030022297947842613,0.2507204610951009,0.5209580838323353,0.1528315688537668,0.04209947269570613,0.012543037807742585,0.5473777941230812,0.07131276480549527,0.09617716046154724,0.10154413023628985,0.6170514168326101,0.030852570841630508,0.005077206511814493,0.013996721140414836,-0.011557872924731538,7.9808350444900755,False,AUD_USD,V2_D1ov_both,IS
V2_D1ov_both|IS,44,20,24,0.3181818181818182,0.6490974138433954,1.3909230296644186,58.208333333333336,14.748263888888891,0.3333333333333333,-4111.9035106021765,-0.041119035106021766,-2869.263157354244,-1658.3116236583437,-1210.9515336959003,159.0091576727783,103.8522457304395,55.15691194233877,51.22237768394048,60.21273581226896,47.57404417656883,-1083.6311955753395,-980.9999273452977,-102.63126823004171,-2743.163796734081,-1368.739713868281,-2.3090052965480505,-1.9564582263961016e-05,0.0,-0.0004306408598609897,-0.005247330115198956,0.2420749279538905,0.5024925224327019,-0.28287247828499157,0.07646327984254297,0.011790848035819868,-0.5186378035394038,-0.06862549090235891,0.12013796074842027,0.1276293684102143,0.6172102830698915,0.020573676102329713,0.004254312280340476,0.00809682236962983,-0.009420931546344602,7.9808350444900755,False,USD_CAD,V2_D1ov_both,IS
V2_D1ov_both|IS,37,20,17,0.4594594594594595,1.2998736039182563,1.529263063433243,56.89375,21.75,0.5882352941176471,2423.9923216966854,0.024239923216966854,2366.7184182474557,1606.3158518322089,760.402566415247,87.7203518514979,68.7787707248919,18.941581126605993,30.996941200372326,46.806445933983156,9.916964717142395,167.90041021641184,212.2035481584056,-44.303137941993754,1749.7406292657224,697.1578473466471,26.98026590515827,1.2161317035912858e-05,0.0,0.0002671395177048718,0.0030055468730361135,0.2420749279538905,0.5195876288659794,0.16834292414707203,0.04573185080059461,0.00813554968286482,0.5051479369259128,0.06572108542340113,0.10346262587014673,0.10824693641379157,0.573601079493336,0.0191200359831112,0.003608231213793052,0.009597632582133642,-0.012968663967065863,7.9808350444900755,False,EUR_JPY,V2_D1ov_both,IS
V2_D1ov_both|IS,40,23,17,0.425,1.1532352014427616,1.5602593901872657,48.67753623188406,18.627450980392158,0.5294117647058824,1636.7935621230863,0.016367935621230862,96.47540825151214,-408.38260487381876,504.8580131253309,123.27860958567723,100.5745739641065,22.704035621570725,64.1055668875651,42.75900068858423,16.41404200952789,1736.411908763062,1838.4725959413358,-102.06068717827395,1329.5154171034105,380.09329032548624,0.7825802754894216,8.773764495998925e-06,0.0,0.00018799985426683983,0.0020363721272915747,0.23246878001921228,0.508937960042061,0.09964131566050942,0.08152162776451899,0.010061138786180025,0.1854227974411323,0.024979532219030025,0.08685274963479915,0.08991911550038034,0.5233532450616195,0.026167662253080974,0.004495955775019018,0.018228317419544338,-0.01635950836265676,7.9808350444900755,False,AUD_JPY,V2_D1ov_both,IS
V2_D1ov_both|IS,29,19,10,0.4482758620689655,1.1965350723693373,1.4726585506084153,46.54385964912281,16.72083333333333,0.5,1694.8674642230617,0.016948674642230616,3387.0579150111776,3387.223471927331,-0.16555691615360857,110.29392344565284,92.59952662633077,17.694396819322073,59.79143644348582,14.709736890791987,35.79275011137503,-1581.8965273424903,-1559.4787449700657,-22.417782372424554,1735.1452003309346,-40.27773610790024,2.001581981173363,1.0292628235263879e-05,0.0,0.00022608805353016605,0.0024843372592511237,0.20679886685552407,0.51994301994302,0.13165030462694371,0.04632912981900572,0.012558735645658913,0.34893174394768384,0.05362365468457315,0.06093823844319627,0.06438355970944089,0.33987778084362,0.016993889042181,0.0032191779854720444,0.006742552834210658,-0.01069125077125399,6.7734428473648185,False,XAU_USD,V2_D1ov_both,IS
V2_D1ov_both|IS,40,20,20,0.55,1.3656893036139748,1.1173821575023428,64.70625000000001,19.970833333333335,0.6,3135.72481031435,0.031357248103143505,5422.57726821402,4413.301502084275,1009.2757661297446,471.87477695467555,353.9419572885067,117.93281966616883,264.7280624587217,0.0,207.14671449595386,-1814.9776809452114,-1674.9911057508236,-139.9865751943877,2384.3684390449444,751.3563712691881,2.3711968166034643,1.563021427313552e-05,0.0,0.00033577525309555576,0.0038762175931212894,0.2882751937984496,0.5409090909090909,0.21418427109275842,0.03375222659108501,0.006510802607293024,0.8862884936516772,0.1148433150820668,0.06961125661919366,0.07215605473703533,0.30518646183056475,0.015259323091528236,0.003607802736851767,0.009131587066034674,-0.009549894992863295,7.9808350444900755,False,NAS100_USD,V2_D1ov_both,IS
V2_D1ov_both|IS,31,19,12,0.45161290322580644,1.1907721435100491,1.4459376028336313,65.79385964912281,14.868055555555555,0.4166666666666667,1204.0635082451336,0.012040635082451335,3588.952491748711,3823.8379068284253,-234.88541507971402,352.2191856641976,276.8734381266346,75.345747537563,177.07032697503283,0.0,175.14885868916477,-2032.6697978395462,-1907.6543649078187,-125.01543293172752,1639.310103793972,-435.24659554900455,1.504871931806245,6.45635430275603e-06,0.0,0.00013478926543036198,0.0015008081698091313,0.25290697674418605,0.525679758308157,0.08936073972014012,0.04064137005725332,0.005247253322040364,0.289759441331293,0.036928089965837164,0.08224690343954487,0.08407743623336102,0.3906389525086297,0.019531947625431485,0.004203871811668051,0.009672938893400707,-0.01066686743414913,7.9808350444900755,False,SPX500_USD,V2_D1ov_both,IS
V2_D1ov_both|IS,26,21,5,0.23076923076923078,0.5094214494354832,1.6980714981182774,66.26190476190477,10.591666666666665,0.0,-4652.045314049887,-0.046520453140498866,-3014.1291836759965,-2013.4061571989719,-1000.7230264770245,157.96194811468737,144.20940153549216,13.75254657919521,78.98097405734369,0.0,78.98097405734369,-1479.9541822592225,-1425.8217821299122,-54.132400129310426,-3583.4373408643764,-1068.60797318553,-1.8402219306478893,-2.2653595264194966e-05,0.0,-0.0004925584732496164,-0.005955257350638066,0.2503711034141514,0.5014866204162537,-0.26549402305509984,0.06337454100580842,0.01480444099577454,-0.7210803925298834,-0.09396923837432217,0.0922652395310075,0.09371356834413708,0.3653356296008057,0.01826678148004028,0.004685678417206853,0.009521243599527551,-0.010110386227936474,7.975359342915811,False,UK100_GBP,V2_D1ov_both,IS
V2_D1ov_both|IS,33,22,11,0.36363636363636365,1.3297406342592217,2.327046109953638,51.490530303030305,25.469696969696972,0.5454545454545454,3004.095263310999,0.03004095263310999,5294.860204322937,4088.2724172629996,1206.587787059937,446.9389140674615,382.3957191927671,64.54319487469442,245.0578280740579,0.0,201.88108599340362,-1836.585341003331,-1817.8108918097962,-18.7744491935349,1888.0658062604364,1123.2701429917079,2.3187229969487615,1.529335826596338e-05,0.0,0.00032892722654105953,0.0037155905619168372,0.24514563106796117,0.5200823892893924,0.17845531693789052,0.06592916467992926,0.012119338478708112,0.41991773561724993,0.0563573128820176,0.06429801019645767,0.06597003189278913,0.35405116223921423,0.01770255811196071,0.0032985015946394563,0.008450848856258242,-0.009683911080941576,7.9808350444900755,False,JP225_USD,V2_D1ov_both,IS
V2_D1ov_both|IS,40,20,20,0.375,0.9240531671274553,1.5400886118790924,59.73125000000001,21.61875,0.45,-746.8824502861535,-0.007468824502861534,951.7385554232206,600.5815533094853,351.1570021137353,165.96604027618412,120.85479363759012,45.11124663859401,101.23303450687592,0.0,64.73300576930819,-1532.7608034640712,-1483.109088430656,-49.65171503341535,-1003.3823287587607,256.3940404417259,0.5602658007850653,-2.869535188953783e-06,0.0,-6.521622257198667e-05,-0.0009389162639192872,0.24963503649635035,0.5,-0.03649514111503944,0.060613447854036884,0.008146460863538615,-0.11664364765683242,-0.015490230256828311,0.041965083526875294,0.04378327862367661,0.18941128724892015,0.018941128724892016,0.00437832786236766,0.008999685981311956,-0.00750335369833155,7.9808350444900755,False,WTICO_USD,V2_D1ov_both,IS
V2_D1ov_both|VAL,13,9,4,0.46153846153846156,2.6230705920359982,3.0602490240419984,51.930555555555564,18.770833333333332,0.5,4848.76207633836,0.0484876207633836,5240.677208351272,5069.339988825449,171.33721952582354,48.27373480698837,42.389319905301505,5.884414901686867,10.171505033622141,26.403620978477576,11.698608794888647,-429.5450738955192,-411.4053945293137,-18.13967936620548,4615.545274390834,147.31312525793118,10.967917363031527,4.6499280005912584e-05,0.0,0.0009078326765899185,0.011940412906816578,0.18762088974854932,0.5065274151436031,0.6206892080818677,0.02872826582403709,0.005295005655776817,1.5750372529676973,0.41563291637415756,0.12305980662961988,0.12374837812418375,0.6815080585343904,0.022716935284479683,0.004124945937472792,0.010612980410763084,-0.009965560527880113,3.9890485968514717,False,EUR_USD,V2_D1ov_both,VAL
V2_D1ov_both|VAL,23,11,12,0.43478260869565216,1.198975843452567,1.5586685964883369,74.49621212121212,17.92013888888889,0.4166666666666667,931.1507939183066,0.009311507939183067,1861.889717523071,1741.432706222501,120.45701130057006,76.53653123930883,51.4384023487643,25.098128890544523,17.672311875371893,38.082086412558354,20.782132951378575,-854.2023923655065,-765.9353945821797,-88.26699778332684,924.058909291557,7.091884626698686,2.0004425197045004,9.649134347201568e-06,0.0,0.0002122156808913022,0.002326168422362551,0.32108317214700194,0.49404761904761907,0.13075017198250705,0.027294525255125324,0.007216185477341694,0.33257065505238714,0.0852247254941995,0.19651110271157166,0.2134397601427006,0.8830971759835137,0.02943657253278379,0.007114658671423355,0.005902798424513023,-0.004960643732268011,3.9890485968514717,False,GBP_USD,V2_D1ov_both,VAL
V2_D1ov_both|VAL,25,10,15,0.52,1.2843179360505717,1.185524248662066,72.54166666666667,17.108333333333334,0.6,1430.4725342934107,0.014304725342934107,2884.795646790356,2759.6163090632567,125.17933772709934,76.42840121622433,52.08703492483533,24.341366291389008,27.660794360177533,29.85816150913375,18.909445346913053,-1329.1549062005581,-1182.6602360432105,-146.49467015734763,1524.869038095211,-45.6566987216373,2.0523832572343994,1.4488166306384968e-05,0.0,0.000450822441300106,0.003566939341141495,0.30174081237911027,0.4992,0.18747817530554844,0.032077752916295554,0.005724145914352778,0.426303539518837,0.11119667111499833,0.13974460511887032,0.1460702572629791,0.6217154091319095,0.03108577045659548,0.007303512863148956,0.005895908812839856,-0.0057766906489297165,3.9890485968514717,False,AUD_USD,V2_D1ov_both,VAL
V2_D1ov_both|VAL,18,8,10,0.2222222222222222,2.659763052957523,9.309170685351331,90.17187499999999,9.15,0.0,6101.7673348307,0.061017673348306996,7740.680487904173,9383.21864208616,-1642.5381541819872,92.38665684476925,55.41400331399913,36.972653530770124,29.85764695079552,35.905869668732706,26.623140225241038,-1546.5264962286635,-1528.0271059029692,-18.499390325694396,7799.777532869191,-1698.0101980384518,4.723057151251837,5.871550204479148e-05,0.0,0.001313573900346885,0.014958556061779982,0.28336557059961315,0.5232142857142857,0.5502322591794666,0.025126513098280623,0.007775048787684745,2.2312542508185254,0.5953295629708197,0.22519963886843777,0.23366744555025612,0.8384687433160676,0.027948958110535587,0.007788914851675203,0.010997614836690595,-0.009423723554870422,3.9890485968514717,False,USD_CAD,V2_D1ov_both,VAL
V2_D1ov_both|VAL,14,9,5,0.42857142857142855,1.1751587528614367,1.5668783371485822,52.29629629629629,11.958333333333334,0.4,563.623691150482,0.005636236911504821,909.0325253579318,1114.3626210189263,-205.33009566099454,39.39721624797399,32.85318580937682,6.544030438597169,14.227300016048568,20.697242918093337,4.472673313832081,-306.01161795946217,-291.8861052771684,-14.125512682293795,789.6233299323812,-225.9996387818855,2.6317581814135362,6.173406427618221e-06,0.0,-0.0002915231249081492,0.0014099537655607453,0.172147001934236,0.4823848238482385,0.08053535513933148,0.027590274840751272,0.007376692195588157,0.19915131084722099,0.051103288158558725,0.08229518318843371,0.08458271771972427,0.47662933588406,0.015887644529468666,0.0028194239239908085,0.017949154177842708,-0.006826820851477677,3.9890485968514717,False,EUR_JPY,V2_D1ov_both,VAL
V2_D1ov_both|VAL,22,13,9,0.2727272727272727,0.24773229798584973,0.6606194612955992,42.080128205128204,11.361111111111112,0.3333333333333333,-4562.2794922986795,-0.04562279492298679,-4398.070522825958,-3522.9076921346214,-875.1628306913366,87.85506684714842,65.72793293624777,22.127133910900653,48.82110737049654,28.754444333858128,10.279515142793755,-51.153147960921025,25.97528932350655,-77.12843728442758,-3562.6603357473628,-974.4184018866648,-31.6389252886848,-4.455408420870395e-05,0.0,-0.0012447259276813488,-0.01163787266635008,0.19825918762088976,0.4575892857142857,-0.6421320990668166,0.06337785470019652,0.00946963644652249,-0.707603173025493,-0.18362680026646583,0.0910201427315327,0.09699524337623312,0.630782238479097,0.031539111923954845,0.004849762168811656,0.010786383798681909,-0.007147231533377818,3.9890485968514717,False,AUD_JPY,V2_D1ov_both,VAL
V2_D1ov_both|VAL,22,12,10,0.3181818181818182,0.6357660353805339,1.362355790101144,49.87152777777778,15.6625,0.3,-1838.608997907766,-0.01838608997907766,-948.9710036553122,-1125.0601099410073,176.0891062856951,73.15909641942694,58.04136945016767,15.117726969259268,41.938134623528,10.702642384523195,20.518319411375742,-720.49294587131,-655.6450789654875,-64.84786690582246,-1838.7465583566625,96.12351241061336,-1.195701583424739,-1.7342398318578944e-05,0.0,-0.0003823327192073373,-0.004641236343405519,0.22502424830261883,0.4686868686868687,-0.2397058505852713,0.051116601685950225,0.01567195279195502,-0.34769588592369205,-0.09079704421511255,0.0679274098957221,0.07138249328758325,0.33268472683025724,0.016634236341512863,0.0035691246643791623,0.01776380652575127,-0.005718978679643327,3.9890485968514717,False,XAU_USD,V2_D1ov_both,VAL
V2_D1ov_both|VAL,36,17,19,0.25,0.37034313652625683,1.1110294095787705,53.10049019607843,13.070175438596491,0.15789473684210525,-5446.9144022102555,-0.05446914402210255,-4451.577860748432,-2700.5243701386416,-1751.0534906097905,287.5826238326995,186.53636558127297,101.04625825142654,168.08706256180386,0.0,119.49556127089566,-922.9026757137747,-773.770268431606,-149.1324072821686,-3660.8310041515206,-2001.2321561433855,-3.677515011885134,-5.360861665529035e-05,0.0,-0.0011348811603505001,-0.013942520425917149,0.36724806201550386,0.5026525198938993,-0.7394511094614026,0.06628868680104272,0.011608446890039217,-0.8114860256945741,-0.21033031575604894,0.12094434475083418,0.12883883285266476,0.36252508503484865,0.018126254251742434,0.006441941642633239,0.003857756476444374,-0.004988617191506672,3.9890485968514717,False,NAS100_USD,V2_D1ov_both,VAL
V2_D1ov_both|VAL,32,14,18,0.28125,0.5264930868330413,1.345482333017772,60.5595238095238,14.307870370370372,0.2777777777777778,-3397.374603726683,-0.03397374603726683,-2661.6549452398212,-1729.4407054310932,-932.2142398087278,265.77551088553196,183.52358830666452,82.25192257886746,148.03609598853927,0.0,117.73941489699271,-596.350710520398,-392.5017647382378,-203.84894578216029,-2305.4660584759954,-1218.3151081697556,-3.0873146868207684,-3.289780865216813e-05,0.0,-0.0007984780134492142,-0.008627358580945543,0.35755813953488375,0.5110803324099723,-0.4790057838839935,0.06243059855807731,0.00478462471097596,-0.53125957816361,-0.1381911879784361,0.1314814309075465,0.13709560514115168,0.4340852516338977,0.021704262581694885,0.006854780257057585,0.003768702089535614,-0.007548919228007267,3.9890485968514717,False,SPX500_USD,V2_D1ov_both,VAL
V2_D1ov_both|VAL,19,13,6,0.15789473684210525,0.20026607487219825,1.068085732651724,42.13141025641025,14.305555555555555,0.16666666666666666,-5756.857482905107,-0.05756857482905107,-5501.973761660819,-5121.099068674007,-380.8746929868119,101.10181692087679,86.28171809981154,14.820098821065237,50.71831635150103,0.0,50.38350056937575,-153.78190432331684,-46.73284230123567,-107.04906202208117,-5254.113629075055,-502.7438538299583,-21.58621089963452,-5.8091450405938996e-05,0.0,-0.0014807181775558947,-0.01475380496935852,0.2079207920792079,0.4827586206896552,-0.8332990391675069,0.08010853926419936,0.0091419518078569,-0.7023565708187144,-0.1841726875171224,0.08323421665807412,0.08654944525040864,0.43173922458793185,0.021586961229396594,0.004327472262520431,0.007318520336902612,-0.006538432412267925,3.9890485968514717,False,UK100_GBP,V2_D1ov_both,VAL
V2_D1ov_both|VAL,15,11,4,0.26666666666666666,1.8753485445170301,5.157208497421832,54.93939393939393,7.1875,0.0,3612.629769340914,0.036126297693409144,4086.1439959205973,4819.641066360222,-733.4970704396246,160.08736656642887,140.64001287194614,19.447353694482732,92.02561530131854,0.0,68.06175126511033,-310.0614629930852,-291.41118249548146,-18.650280497603706,4387.589870992794,-771.5947046317111,8.691171261127963,3.5352429031452004e-05,0.0,0.0006721658178644239,0.008936311496516858,0.22405431619786614,0.5110619469026548,0.4113424596351017,0.04618227691795174,0.006506716040784295,0.7278181554061364,0.19350088590030476,0.06370784937341484,0.06439503554875818,0.26945429111395935,0.013472714555697969,0.003219751777437909,0.01238200087970398,-0.013011477241844038,3.9890485968514717,False,JP225_USD,V2_D1ov_both,VAL
V2_D1ov_both|VAL,26,12,14,0.6153846153846154,1.8394448913128485,1.1496530570705303,52.072916666666664,23.220238095238095,0.7857142857142857,5289.4649154194485,0.052894649154194485,6095.387369548307,4567.044367917424,1528.3430016308835,144.69520533070727,110.49119825077935,34.20400707992793,95.68750397899002,0.0,49.00770135171727,-658.939677978991,-559.8979900630966,-99.04168791589437,3896.6551796035483,1395.0973066350612,7.584772010449572,5.0791339936034835e-05,0.0,0.0011198248908489252,0.013005010246793569,0.3064985451018429,0.5275459098497496,0.6383746158041621,0.02982143310134111,0.006750205788858644,1.6510335662810764,0.43609608574474296,0.052383963773530245,0.05462770430567459,0.32204800654803833,0.032204800654803835,0.00546277043056746,0.007405181316181952,-0.0070043646422347505,3.9890485968514717,False,WTICO_USD,V2_D1ov_both,VAL
V2_D1ov_both|OOS,15,9,6,0.26666666666666666,0.4647073402610385,1.2779451857178559,58.65277777777778,14.583333333333334,0.3333333333333333,-2377.8846905381215,-0.023778846905381214,-1913.8757132634216,-1882.8553347528416,-31.020378510580088,59.343230417458855,46.57559044182345,12.767639975635404,8.573179514533217,34.19307160589093,16.576979297034708,-405.98952294616515,-384.08379866111716,-21.905724285047977,-2313.514723855782,-65.69374277126347,-4.112918550067903,-2.7065833364099502e-05,0.0,-0.0005889929039399888,-0.007144140542096222,0.24482758620689654,0.5035460992907801,-0.3933156578051573,0.056792702183973476,0.007200749868227282,-0.4071231989554894,-0.1257932844778823,0.18009512286620563,0.18696659265797105,0.8030106645468236,0.026767022151560783,0.006232219755265701,0.005727513902374914,-0.004984951404948035,3.356605065023956,False,EUR_USD,V2_D1ov_both,OOS
V2_D1ov_both|OOS,15,9,6,0.4666666666666667,0.6609563414373604,0.7553786759284119,40.0462962962963,21.15972222222222,0.6666666666666666,-1461.0993639349617,-0.014610993639349618,-1210.3425632178437,-1846.0728361667316,635.7302729488878,53.7371576647818,44.33177474302093,9.405382921760868,13.41219009518543,24.559136431057993,15.76583113853837,-197.01964305234043,-155.52458277688922,-41.495060275451216,-2045.9291936866418,584.8298297516757,-4.826758675164413,-1.6431660577196668e-05,0.0,-0.00035527291807201653,-0.004375421354981035,0.18045977011494252,0.47575757575757577,-0.2643134020010218,0.02308733787187478,0.010433489171930179,-0.6274135864983792,-0.18951606197573848,0.10497359613833425,0.10733666334610087,0.5085306637239579,0.016951022124131934,0.0035778887782033624,0.006334402083927992,-0.005876838442715693,3.356605065023956,False,GBP_USD,V2_D1ov_both,OOS
V2_D1ov_both|OOS,21,9,12,0.38095238095238093,1.0970884689419769,1.7827687620307122,64.95833333333333,17.694444444444446,0.4166666666666667,472.920377578208,0.00472920377578208,958.9363412391656,1221.6794328100343,-262.74309157086867,99.53810412397249,67.58996389074245,31.948140233230042,40.231472331465866,33.49732860668512,25.809303185821513,-386.4778595370584,-277.8797519990689,-108.59810753798953,876.209716920223,-403.2893393420883,1.973055234679432,6.438817592217225e-06,0.0,0.0001366469354377148,0.0014065919418420059,0.2632183908045977,0.4731404958677686,0.0716304038538859,0.030355908314228186,0.015443369376083926,0.15053213214894023,0.046336677765715845,0.16398326210536174,0.18225248236980116,0.5813870162601441,0.029069350813007204,0.009112624118490058,0.01317875814346059,-0.008373001822938986,3.356605065023956,False,AUD_USD,V2_D1ov_both,OOS
V2_D1ov_both|OOS,21,10,11,0.5714285714285714,1.0919802198915836,0.8189851649186877,38.079166666666666,25.833333333333336,0.8181818181818182,460.6957102023298,0.004606957102023298,1084.8749339715641,-395.4846261719731,1480.3595601435372,98.09569534041076,75.01756942639393,23.078125914016827,28.028532769173733,43.041495856025556,27.02566671521147,-526.0835284288848,-437.2279510777313,-88.8555773511536,-907.7301466760983,1368.4258568783666,1.73808241713048,6.215724836170615e-06,0.0,0.00013274397710553721,0.001370291093383491,0.23448275862068965,0.49635036496350365,0.07214726743164135,0.04556200487983608,0.011998771805523112,0.0981367114813755,0.030075302809818343,0.1548130111974553,0.1631619110192136,0.8200218383646856,0.027334061278822853,0.005438730367307119,0.014022907113368843,-0.012729064206396301,3.356605065023956,False,USD_CAD,V2_D1ov_both,OOS
V2_D1ov_both|OOS,13,7,6,0.3076923076923077,0.9301792735143806,2.092903365407356,78.5297619047619,3.861111111111111,0.0,-288.3887274258159,-0.002883887274258159,290.2916044550759,1396.0483204098398,-1105.7567159547639,50.69446502588799,37.539017966039395,13.155447059848598,21.170460074513077,24.164407743368194,5.359597208006716,-482.82511940167734,-472.90803625214323,-9.917083149534104,885.6012661916571,-1128.8292461641465,0.5441067449595903,-2.6519292601463565e-06,0.0,-6.139622736832106e-05,-0.0008600390977921979,0.22873563218390805,0.5063613231552163,-0.03641800464117128,0.03024414740104886,0.008310610463981072,-0.09386923564007223,-0.02843654629729691,0.14710785114253064,0.1537641878958164,0.6378747224259108,0.02126249074753036,0.005125472929860545,0.005931963384666172,-0.00756052751110059,3.356605065023956,False,EUR_JPY,V2_D1ov_both,OOS
V2_D1ov_both|OOS,15,8,7,0.4,1.1060791765923568,1.659118764888535,54.29166666666667,16.369047619047617,0.42857142857142855,350.6585951950401,0.003506585951950401,885.3547701907382,1067.9028544673095,-182.54808427657125,61.62796840568905,39.913958879837665,21.714009525851388,32.00265949820192,20.790682099761966,8.834626807725165,-473.0682065899188,-440.04647368918796,-33.02173290073087,587.9424218982838,-237.28382670315352,1.6558090586640362,4.828675857061903e-06,0.0,0.00010095092447140186,0.0010433989143796563,0.21379310344827587,0.4946808510638298,0.06033522486853568,0.03327955776422353,0.00870841747080421,0.10244276485454137,0.03135254746387705,0.10450181484171556,0.10701528932100805,0.4408373419220908,0.022041867096104537,0.005350764466050404,0.010458909949619954,-0.006657543746012018,3.356605065023956,False,AUD_JPY,V2_D1ov_both,OOS
V2_D1ov_both|OOS,9,8,1,0.3333333333333333,2.0608919656373583,4.121783931274717,53.94270833333333,12.625,0.0,2403.3145659800357,0.024033145659800356,3528.8565407780543,3941.325764994403,-412.46922421634866,50.06690965208979,46.57608326251639,3.4908263895733995,24.80725331658366,9.02589377905578,16.233762556450344,-1075.3858229535974,-1073.7205648921888,-1.6652580614086239,2821.029116839698,-417.62530866733067,3.1354995536844297,2.8335639859761156e-05,0.0,0.0006134224258021931,0.00710036119334001,0.19377162629757785,0.536741214057508,0.32737690932290664,0.024089938216880546,0.007993082165420879,0.9603513609422122,0.29474385236756534,0.09698888065193274,0.10002272883198443,0.49874007667153475,0.024937003833576738,0.005001136441599222,0.007578394398073396,-0.011134669980407463,3.356605065023956,False,XAU_USD,V2_D1ov_both,OOS
V2_D1ov_both|OOS,14,9,5,0.5714285714285714,3.6841058720959654,2.7630794040719744,79.46296296296296,18.81666666666667,0.6,6655.1958876063,0.066551958876063,7898.375109985929,7490.305805166862,408.0693048190671,75.26656558911293,63.449154771061224,11.817410818051707,44.89461660645313,0.0,30.371948982659802,-1167.9126567903327,-1150.6416685101167,-17.2709882802161,6276.214981885684,378.9809057207993,6.353368016293287,7.513268845951747e-05,0.0,0.001489240131929795,0.019380694672565646,0.3625866050808314,0.5657657657657658,0.9874585795588647,0.021773218212816414,0.0027478816443373658,2.8385361837259646,0.890116219069423,0.11891303251182521,0.11936408167453048,0.32034462953508425,0.016017231476754216,0.005968204083726523,0.004983921627413901,-0.009347882835690324,3.356605065023956,False,NAS100_USD,V2_D1ov_both,OOS
V2_D1ov_both|OOS,16,10,6,0.5,2.0987340972891206,2.0987340972891206,65.11666666666667,16.520833333333332,0.3333333333333333,3718.29332242893,0.0371829332242893,4903.228421390761,5274.029794309833,-370.8013729190722,137.03728792611219,107.82182195691249,29.21546596919971,77.71110636680942,0.0,59.326181559302775,-1052.5123296946851,-980.3652157360075,-72.1471139586777,4185.842756616913,-472.16395284694966,4.121920051723142,4.2779728689333894e-05,0.0,0.0009997738611508878,0.010935925865535712,0.32678983833718245,0.552734375,0.608953892179158,0.023939305729519078,0.00553821057542361,1.4627880155293462,0.4568188396562746,0.1493951239152762,0.1561374007150429,0.5460433158268703,0.02730216579134351,0.007806870035752146,0.004604642771165679,-0.006111697066669808,3.356605065023956,False,SPX500_USD,V2_D1ov_both,OOS
V2_D1ov_both|OOS,21,10,11,0.38095238095238093,0.30292235682067853,0.49224882983360263,50.329166666666666,18.700757575757574,0.5454545454545454,-3282.0337301915133,-0.03282033730191513,-2750.538938785434,-3269.525653353572,518.9867145681385,88.30679092779258,62.3012293891976,26.005561538594982,44.79222102493645,0.0,43.51456990285613,-452.97804291197633,-276.07758448143517,-176.9004584305412,-3607.904467224205,316.0806945990023,-5.081500102771488,-3.8665049038989615e-05,0.0,-0.0007839182045841608,-0.009892635308284214,0.2591283863368669,0.4824561403508772,-0.5419122207917261,0.04282521923381688,0.01307253266904626,-0.7612998935304051,-0.2310002256911392,0.09983885799713656,0.1046547066450837,0.47468862106050996,0.023734431053025494,0.005232735332254185,0.00841992255751256,-0.006340338258403633,3.356605065023956,False,UK100_GBP,V2_D1ov_both,OOS
V2_D1ov_both|OOS,21,11,10,0.47619047619047616,0.7254236338535233,0.7979659972388755,42.63257575757575,14.916666666666666,0.7,-1600.7118978265353,-0.01600711897826535,-871.6655568634162,-2116.5445816944757,1244.8790248310595,151.68851656735518,119.3023024324374,32.38621413491777,83.22710520886056,0.0,68.46141135849462,-577.3578243955416,-519.2856819576932,-58.07214243784835,-2755.1325660846064,1154.4206682582935,-1.195624349080682,-1.8048566687072214e-05,0.0,-0.00038980356511942595,-0.004795884740013356,0.23441108545034642,0.4951219512195122,-0.2647987462556538,0.04627507556239596,0.005515320457781589,-0.3352719439384486,-0.10363861499365301,0.07539276831184136,0.07589208072138943,0.32627437316696667,0.016313718658348332,0.0037946040360694725,0.005792928783679541,-0.005855616071646974,3.356605065023956,False,JP225_USD,V2_D1ov_both,OOS
V2_D1ov_both|OOS,12,10,2,0.4166666666666667,1.6088522369277625,2.2523931316988675,45.233333333333334,16.708333333333332,1.0,2861.3352952358255,0.028613352952358256,3382.4362145203095,2822.3985032811247,560.0377112391845,93.98623783277544,90.11675888992957,3.8694789428458685,61.30301992271601,0.0,32.68321791005943,-424.9097496824009,-418.880094129206,-6.029655553194935,2313.401650261989,550.1385767431437,6.518524513395629,3.352736111141505e-05,0.0,0.0007353461705648018,0.008440232021448946,0.20438799076212472,0.5299401197604791,0.38547905335435595,0.0470586773353876,0.009164833425664551,0.5845136205829046,0.1793554876456756,0.033499265420880525,0.03361745860821913,0.15371024013385437,0.015371024013385437,0.0033617458608219126,0.018105053836138696,-0.0072528831255074255,3.356605065023956,False,WTICO_USD,V2_D1ov_both,OOS
V3_D1ov_rebound_net|IS,35,21,14,0.5714285714285714,1.3386858831513466,1.00401441236351,61.43452380952381,18.241071428571427,0.6428571428571429,1299.3879506211233,0.012993879506211232,2674.986740053996,1524.6928636542223,1150.2938763997736,82.65669202005071,69.22934658548505,13.427345434565659,10.887935925832526,50.914824182469616,20.853931911748568,-1256.177624981514,-1256.177624981514,0.0,199.28589208722315,1136.8665309652079,1.9979968440343387,6.84439393778679e-06,0.0,0.00014929051243493794,0.0016189572805209718,0.2574447646493756,0.5070955534531694,0.09575925016906903,0.03460840647270613,0.007975760955075606,0.364039501375996,0.04677930727026568,0.13118332143532224,0.13480394142335503,0.505431668594301,0.016847722286476702,0.004493464714111835,0.005129716005895402,-0.005477139241777507,7.9808350444900755,False,EUR_USD,V3_D1ov_rebound_net,IS
V3_D1ov_rebound_net|IS,31,23,8,0.3548387096774194,0.587575477560574,1.0683190501101345,46.516304347826086,22.296875000000004,0.625,-5726.421581407718,-0.05726421581407718,-4425.584334812471,-4539.3561088125925,113.7717740001219,113.06918305678485,101.51515297727009,11.554030079514765,28.57571951561953,57.2361845963873,27.257278944778033,-1177.4572898870977,-1177.4572898870977,0.0,-5818.32855167696,102.21774392060713,-3.4292859756042477,-2.7809784294501418e-05,0.0,-0.0006106301882308031,-0.007361623167143727,0.18972142170989434,0.46091015169194866,-0.4356761436285558,0.07709576987598121,0.014738256752784396,-0.7287014353867213,-0.0954867326571338,0.10806748631694224,0.11166762642448443,0.5811979445314779,0.019373264817715927,0.0037222542141494806,0.004725270573435081,-0.00675834789596319,7.9808350444900755,False,GBP_USD,V3_D1ov_rebound_net,IS
V3_D1ov_rebound_net|IS,25,20,5,0.36,1.248489695495134,2.219537236435794,58.42916666666666,24.59166666666667,0.4,2396.150998189609,0.023961509981896088,1976.2676052334612,1978.3862076389614,-2.118602405500212,90.25798067617484,81.8793756455325,8.378605030642333,26.003256374431263,39.19264578310893,25.06207851863465,616.2009833090729,616.2009833090729,0.0,2512.707815302502,-10.497207436142546,21.895765786339282,1.2189327911584426e-05,0.0,0.00026467738291008173,0.002971380819842828,0.22958693563880883,0.5241228070175439,0.15139720671770424,0.04206779855578269,0.013761590427255636,0.5426269865204302,0.07063314273274181,0.09565963236947654,0.0961373937505468,0.4563559627877714,0.02281779813938857,0.004806869687527341,0.01399696447454768,-0.011558068273250122,7.9808350444900755,False,AUD_USD,V3_D1ov_rebound_net,IS
V3_D1ov_rebound_net|IS,36,20,16,0.3333333333333333,0.7638484213777044,1.5276968427554087,58.208333333333336,11.104166666666668,0.375,-3446.080065201444,-0.03446080065201444,-2282.6220506523887,-1689.8656324509682,-592.7564182014204,139.01317819953476,104.38463845051828,34.62853974901647,43.13895293603693,53.39257991109993,42.481645352397884,-1024.4448363495544,-1024.4448363495544,0.0,-2818.695107251041,-627.3849579504368,-1.9619290271828536,-1.6242924466107698e-05,0.0,-0.0003581727191895984,-0.004384458897090049,0.2228626320845341,0.5016216216216216,-0.23521614697154053,0.07442583097973932,0.010527117415963927,-0.44385691145739514,-0.05891044600205559,0.11660108637388075,0.12105164940470241,0.5443216896564764,0.01814405632188255,0.004035054980156746,0.00809682236962983,-0.009420931546344824,7.9808350444900755,False,USD_CAD,V3_D1ov_rebound_net,IS
V3_D1ov_rebound_net|IS,33,20,13,0.45454545454545453,1.249379220670506,1.4992550648046075,56.89375,23.80128205128205,0.6153846153846154,2162.1431346265745,0.021621431346265745,2006.8426687838999,1595.9826647567538,410.8600040271461,81.8730232041252,68.75112588281864,13.12189732130656,29.124133322519715,43.4151024688545,9.33378741275099,260.02108387439563,260.02108387439563,0.0,1787.2526227483309,397.7381067058395,24.511647307568634,1.0933007124513202e-05,0.0,0.00024032768180013897,0.0026838916427123216,0.23535062439961577,0.5168776371308017,0.1512022398573354,0.04554665092901833,0.008628094699744356,0.4536595613201956,0.058926212750417206,0.10284363041638188,0.10648439710905164,0.5071627301048219,0.016905424336827398,0.0035494799036350556,0.009597040291822845,-0.012967890122768666,7.9808350444900755,False,EUR_JPY,V3_D1ov_rebound_net,IS
V3_D1ov_rebound_net|IS,31,23,8,0.3548387096774194,1.0096181001579367,1.8356692730144304,48.67753623188406,24.770833333333336,0.75,1971.6762846208003,0.019716762846208002,213.54226683700313,-415.24298882695257,628.7852556639557,106.947659406937,100.57106341296979,6.376595993967209,56.62183486355883,36.413585834410455,13.91223870896773,1938.1367408691754,1938.1367408691754,0.0,1422.322688629253,622.4086596699885,1.9966988340013359,1.0358423786815801e-05,0.0,0.00022233956673859822,0.0024494690363816574,0.22142170989433238,0.5122222222222222,0.11735715536428232,0.07491485485639504,0.009280341277158488,0.2440022907404182,0.03269670669558216,0.08552677861546246,0.08582933767379763,0.37216663948326983,0.01860833197416349,0.0042914668836898815,0.018229433693173203,-0.016360463257116598,7.9808350444900755,False,AUD_JPY,V3_D1ov_rebound_net,IS
V3_D1ov_rebound_net|IS,20,19,1,0.4,1.4242752024675935,2.1364128037013903,46.54385964912281,13.791666666666666,0.0,1634.08242562355,0.016340824256235502,3286.8940875459016,3394.1373661622138,-107.24327861631197,93.47761551817676,92.60361326076195,0.8740022574148139,50.88758939461729,12.40718096158363,30.182845161975848,-1559.3340464041808,-1559.3340464041808,0.0,1742.199706497271,-108.11728087372678,1.988668257412324,9.957773682569069e-06,0.0,0.00021828737911751462,0.0023958508757961905,0.19263456090651557,0.5304212168486739,0.12704675637528995,0.04848517197714708,0.012688016822853275,0.32105636371352125,0.04941409462104098,0.06002094207106697,0.060305314829331075,0.2370882266859723,0.011854411334298615,0.0030152657414665544,0.006742552834210436,-0.01069125077125399,6.7734428473648185,False,XAU_USD,V3_D1ov_rebound_net,IS
V3_D1ov_rebound_net|IS,25,20,5,0.6,1.6621612882130565,1.108107525475371,64.70625000000001,27.291666666666668,0.8,3025.7406613369385,0.030257406613369384,5151.557450965606,4424.154575976973,727.4028749886331,379.04998361013907,355.0113000108166,24.038683599322425,212.293117597569,0.0,166.75686601257004,-1746.7668060186686,-1746.7668060186686,0.0,2322.3764699474877,703.3641913893107,2.4233308703263785,1.5108337007538158e-05,0.0,0.00032464492448796244,0.0037420166884063466,0.26356589147286824,0.5528455284552846,0.20779937885631794,0.034805197498868234,0.006995994015552233,0.8283974052567208,0.10751315772674544,0.06775158311795099,0.06829346361793966,0.22807470623361825,0.011403735311680914,0.0034146731808969827,0.009131587066034674,-0.009549894992863517,7.9808350444900755,False,NAS100_USD,V3_D1ov_rebound_net,IS
V3_D1ov_rebound_net|IS,21,19,2,0.5238095238095238,1.759880688129546,1.5998915346632234,65.79385964912281,24.416666666666664,0.5,1500.210183945761,0.01500210183945761,3743.0309579081095,3832.0694196944783,-89.03846178636863,292.5227808994797,277.40491438108324,15.117866518396461,146.26139044973985,0.0,146.26139044973985,-1950.29799306309,-1950.29799306309,0.0,1604.3665122503053,-104.15632830476508,1.6688943679146504,7.862018999727884e-06,0.0,0.00016511737121181625,0.00186754686531998,0.23982558139534885,0.5345572354211663,0.10965598072393401,0.03574603928977094,0.006183177228979446,0.4106438108774054,0.05224486131682835,0.08061904539080511,0.08102361580646229,0.3456187290187499,0.017280936450937496,0.004051180790323115,0.009672938893400485,-0.010666867434148908,7.9808350444900755,False,SPX500_USD,V3_D1ov_rebound_net,IS
V3_D1ov_rebound_net|IS,22,21,1,0.3181818181818182,0.6972023575374001,1.4940050518658572,66.26190476190477,14.25,0.0,-3826.7095770260203,-0.038267095770260204,-2255.9184670299155,-2031.5450240434768,-224.37344298643885,146.06755755131988,144.3414841142473,1.7260734370725885,73.03377877565994,0.0,73.03377877565994,-1424.7235524446949,-1424.7235524446949,0.0,-3600.6100606024193,-226.09951642351143,-1.4361670706397358,-1.8382079494132127e-05,0.0,-0.0004020307357110365,-0.004880434878390849,0.24938149430974765,0.5050100200400801,-0.21461666243162444,0.05590502951136134,0.013737367925139243,-0.6724023138302888,-0.08729867278576464,0.0924962090902537,0.09253424858612104,0.3653356296008057,0.01826678148004028,0.0046267124293060515,0.009521243599527551,-0.010110386227936474,7.975359342915811,False,UK100_GBP,V3_D1ov_rebound_net,IS
V3_D1ov_rebound_net|IS,27,22,5,0.3333333333333333,1.5419160505146283,3.083832101029257,51.490530303030305,26.041666666666664,0.4,2333.0879148129898,0.023330879148129896,4556.782854786077,4081.282811994629,475.50004279144855,414.6585166300257,380.5004614095519,34.15805522047378,226.6571561991331,0.0,188.0013604308926,-1801.8429059484404,-1801.8429059484404,0.0,1898.9394446366366,441.34198757097477,2.055844768863334,1.210976757436842e-05,0.0,0.0002603283169537004,0.0028939616013792246,0.2237864077669903,0.5244596131968146,0.14214592065543383,0.06367564321795227,0.012607619031593301,0.34069893447172866,0.045448486346241115,0.06203675895410398,0.06323668251125678,0.3485563532231324,0.017427817661156617,0.003161834125562839,0.008450848856258242,-0.009683911080941576,7.9808350444900755,False,JP225_USD,V3_D1ov_rebound_net,IS
V3_D1ov_rebound_net|IS,28,20,8,0.39285714285714285,1.0743077447192293,1.6602937872933543,59.73125000000001,16.130208333333332,0.5,-912.856500497699,-0.009128565004976991,718.9781109502703,596.6268191398822,122.3512918103882,134.58192945378693,120.21406087691398,14.36786857687295,81.94044862925988,0.0,52.641480824527044,-1497.3583364149017,-1497.3583364149017,0.0,-1020.9455781519335,107.98342323351525,0.4405664386052484,-3.692208475196706e-06,0.0,-8.267212677410117e-05,-0.0011484035064042164,0.21313868613138687,0.49547511312217196,-0.04720855762059615,0.05365843078359156,0.009191792971587532,-0.16251112994592104,-0.021402107546450867,0.03931377005694565,0.039985254157739895,0.14515886664225008,0.014515886664225009,0.00399852541577399,0.008999685981311956,-0.007503353698331661,7.9808350444900755,False,WTICO_USD,V3_D1ov_rebound_net,IS
V3_D1ov_rebound_net|VAL,9,9,0,0.5555555555555556,2.9031334131487885,2.322506730519031,51.930555555555564,,,4693.637639874083,0.046936376398740834,5060.770644380525,5060.770644380525,0.0,42.31129445122795,42.31129445122795,0.0,9.339307268744411,22.79502799311627,10.176959189367265,-410.59829168727913,-410.59829168727913,0.0,4607.861058242018,0.0,11.17390931715201,4.5061547351317734e-05,0.0,0.0008771622947704833,0.01156488397981148,0.16827852998065765,0.5132743362831859,0.6039600509479031,0.028424669005600145,0.005466122284391294,1.5436976920810679,0.4068608143698349,0.1185601940604946,0.1185601940604946,0.6815080585343904,0.022716935284479683,0.003952006468683153,0.010612980410762862,-0.009965560527880113,3.9890485968514717,False,EUR_USD,V3_D1ov_rebound_net,VAL
V3_D1ov_rebound_net|VAL,17,11,6,0.5294117647058824,1.4673116892663192,1.304277057125617,74.49621212121212,19.180555555555554,0.5,1025.140461385774,0.01025140461385774,1840.6617841992063,1738.7468048830506,101.91497931615578,61.884268185565745,51.52060789305334,10.363660292512407,14.367478029692426,30.440652947582745,17.076137208290575,-753.6370546280253,-753.6370546280253,0.0,933.589142361972,91.55131902364337,2.257036980773019,1.0549127335419915e-05,0.0,0.00023244609285724043,0.0025600753931522835,0.29980657640232106,0.49206349206349204,0.14296490552050123,0.027081603452981606,0.00742804599788961,0.36877937547300865,0.09453189865943579,0.19301901681398032,0.20220719046887672,0.5909474759416937,0.019698249198056458,0.006740239682295891,0.005902798424512801,-0.004960643732268011,3.9890485968514717,False,GBP_USD,V3_D1ov_rebound_net,VAL
V3_D1ov_rebound_net|VAL,17,10,7,0.5294117647058824,1.5215046944195425,1.3524486172618155,72.54166666666667,10.970238095238093,0.5714285714285714,1272.2924132306362,0.012722924132306362,2538.7423878679974,2755.68826514177,-216.9458772737725,62.68746246611975,51.999708336827496,10.68775412929225,23.60790892086575,23.88048461278284,15.19906893247116,-1155.098716480252,-1155.098716480252,0.0,1548.5898403246904,-227.63363140306475,2.084719330666502,1.296777295110693e-05,0.0,0.0004182127942526831,0.003174371809194332,0.27176015473887816,0.5109090909090909,0.16904392748965943,0.03328546069876992,0.005498852417823437,0.3658249362716984,0.09536811997052042,0.1313359222733083,0.13307521395281197,0.41712710131367065,0.02085635506568353,0.006653760697640598,0.005895908812840078,-0.0057766906489298275,3.9890485968514717,False,AUD_USD,V3_D1ov_rebound_net,VAL
V3_D1ov_rebound_net|VAL,10,8,2,0.4,5.59583222421202,8.393748336318032,90.17187499999999,10.645833333333334,0.0,7565.297729498678,0.07565297729498678,9167.135894256722,9448.954186871251,-281.8182926145287,59.65188138489976,55.73973272853587,3.912148656363887,17.72851724393124,24.194846897037277,17.72851724393124,-1542.1862833731195,-1542.1862833731195,0.0,7851.028170769596,-285.7304412708926,5.72288518025262,7.19593116929371e-05,0.0,0.0016044276886518227,0.018450167295746223,0.2688588007736944,0.5275142314990512,0.6757337301397878,0.02446255654296714,0.006961943268709192,2.808293035876036,0.7542207317268542,0.22266221793658658,0.2233044246219272,0.6009381754076143,0.020031272513587144,0.007443480820730908,0.010972881100028031,-0.009403173385578278,3.9890485968514717,False,USD_CAD,V3_D1ov_rebound_net,VAL
V3_D1ov_rebound_net|VAL,11,9,2,0.5454545454545454,1.4904655271046094,1.2420546059205078,52.29629629629629,13.666666666666666,1.0,1014.4863389908714,0.010144863389908715,1347.1627509797945,1111.1427021268737,236.0200488529207,35.01894069071405,32.962757335787344,2.0561833549267026,12.70362297880651,18.35174617437654,3.9635715375310006,-297.65747129818345,-297.65747129818345,0.0,780.5224734929029,233.963865497994,4.049468800405223,1.0510517656822204e-05,0.0,-0.00019597385632839413,0.0025335692549706135,0.16731141199226304,0.484593837535014,0.13612288855963614,0.0258276545498628,0.010180225057193834,0.3819046516265684,0.09809521224930864,0.08248336159621328,0.08248336159621328,0.4766293358840599,0.015887644529468663,0.002749445386540443,0.017949154177842708,-0.006826820851477677,3.9890485968514717,False,EUR_JPY,V3_D1ov_rebound_net,VAL
V3_D1ov_rebound_net|VAL,14,13,1,0.2857142857142857,0.2700878282201453,0.6752195705503634,42.080128205128204,23.166666666666668,1.0,-3514.9901509460615,-0.03514990150946062,-3459.496189161092,-3554.155542010374,94.65935284928223,67.82448712198885,66.30898800276984,1.5154991192190157,37.21872089702463,22.51184481131535,8.09392141364887,37.80782141112837,37.80782141112837,0.0,-3582.6567086020154,93.14385373006321,-51.006595640581196,-3.399115395050379e-05,0.0,-0.0010134239068531933,-0.008930078923566231,0.19245647969052224,0.4806763285024155,-0.4865102389263742,0.054864992057000794,0.009034702192756545,-0.6285847650902199,-0.16276460797239375,0.09013845966754515,0.0906467227734446,0.4631617886565886,0.02315808943282943,0.00453233613867223,0.010786383798681909,-0.007147231533377929,3.9890485968514717,False,AUD_JPY,V3_D1ov_rebound_net,VAL
V3_D1ov_rebound_net|VAL,19,12,7,0.3684210526315789,0.8451860537375642,1.4488903778358242,49.87152777777778,18.357142857142858,0.42857142857142855,-1402.1629638995655,-0.014021629638995656,-547.269840413659,-1128.0181122553693,580.7482718417102,68.12888659674405,58.09784421584298,10.031042380901074,39.44307932321197,9.851299609918769,18.834507663613316,-690.3515113494088,-690.3515113494088,0.0,-1876.467467820621,570.7172294608091,-0.7215345866492804,-1.303584723455745e-05,0.0,-0.0002879805496475246,-0.003533648996256189,0.22017458777885549,0.46804123711340206,-0.17968193041936847,0.04689766803288531,0.01461721937868879,-0.28901433747272276,-0.07534807474389439,0.0679600186447801,0.06997686369222202,0.33265457533143056,0.016632728766571528,0.0034988431846111013,0.01776380652575127,-0.005718978679643438,3.9890485968514717,False,XAU_USD,V3_D1ov_rebound_net,VAL
V3_D1ov_rebound_net|VAL,18,17,1,0.3888888888888889,0.5517921772059473,0.867101992752203,53.10049019607843,43.208333333333336,1.0,-3254.481968222346,-0.03254481968222346,-2488.729643327193,-2762.267022613354,273.5373792861612,191.42006206893072,188.97776403959,2.4422980293407286,111.92097997726732,0.0,79.4990820916634,-794.4697435147049,-794.4697435147049,0.0,-3745.714530167649,271.09508125682044,-2.524348694176722,-3.141726392067708e-05,0.0,-0.0006494226082967958,-0.008259951111959873,0.34108527131782945,0.5191740412979351,-0.4398765138636588,0.0546830199585151,0.006912274026739133,-0.5815793510661335,-0.15105148029911714,0.11847124053511168,0.11847124053511168,0.24370533966370148,0.012185266983185075,0.005923562026755584,0.0038345095602587698,-0.004868322596862651,3.9890485968514717,False,NAS100_USD,V3_D1ov_rebound_net,VAL
V3_D1ov_rebound_net|VAL,16,14,2,0.375,0.7100716331009892,1.1834527218349817,60.5595238095238,36.854166666666664,1.0,-1770.9255852055503,-0.017709255852055503,-1312.0322084741324,-1757.722204851916,445.6899963777838,188.44463352075866,185.1481997286001,3.296433792158563,108.7070532360569,0.0,79.73758028470176,-398.98354880780767,-398.98354880780767,0.0,-2341.853953388324,442.39356258562526,-2.233519344055361,-1.6729057935397645e-05,0.0,-0.0004444290734761581,-0.004469231886210623,0.32655038759689925,0.5273865414710485,-0.24555020772671152,0.048701312588206314,0.004060089189633509,-0.35422795494205617,-0.09176820189632647,0.12558965895651036,0.1258776633552358,0.2922010136731856,0.014610050683659278,0.006293883167761792,0.0041743691775382175,-0.0075342769378461405,3.9890485968514717,False,SPX500_USD,V3_D1ov_rebound_net,VAL
V3_D1ov_rebound_net|VAL,13,13,0,0.15384615384615385,0.18580099584135135,1.0219054771274323,42.13141025641025,,,-5276.108126537816,-0.05276108126537816,-5141.928377118443,-5141.928377118443,0.0,86.50517444381019,86.50517444381019,0.0,43.252587221905095,0.0,43.252587221905095,-47.674574975581734,-47.674574975581734,0.0,-5276.108126537835,0.0,-38.321195257615535,-5.305710435763851e-05,0.0,-0.0013728708177568635,-0.013496281655442366,0.18811881188118812,0.4846938775510204,-0.7630703386799079,0.07421419462212842,0.008606102294941359,-0.6948286103369539,-0.1818557989365849,0.08161077210690934,0.08161077210690934,0.32666837830158757,0.01633341891507938,0.004080538605345466,0.00731852033690239,-0.006538432412267814,3.9890485968514717,False,UK100_GBP,V3_D1ov_rebound_net,VAL
V3_D1ov_rebound_net|VAL,12,11,1,0.4166666666666667,2.351783902442632,3.292497463419684,54.93939393939393,9.875,0.0,4239.122953125407,0.042391229531254064,4680.038016926696,4817.263094176748,-137.22507725005215,144.59173713462835,140.90365360299575,3.6880835316325866,83.71703400872805,0.0,60.8747031259003,-292.93758079238523,-292.93758079238523,0.0,4383.421859781368,-140.91316078168475,10.6965129539214,4.1201417169505565e-05,0.0,0.0007999072072578048,0.010462178184022175,0.22114451988360814,0.5158371040723982,0.4789489245317539,0.040415023414068996,0.006146262696791624,0.9759059099231564,0.2588685419486892,0.06333805293789892,0.06342673250799852,0.22813939044113282,0.01140696952205664,0.003171336625399926,0.01238200087970398,-0.013011477241844038,3.9890485968514717,False,JP225_USD,V3_D1ov_rebound_net,VAL
V3_D1ov_rebound_net|VAL,16,12,4,0.5,1.7849731778791722,1.7849731778791722,52.072916666666664,25.739583333333336,0.75,3935.4970743614394,0.039354970743614395,4633.445607007306,4492.031908625535,141.41369838177067,120.02015049084659,109.48577015013211,10.534380340714481,79.80432640037645,0.0,40.215824090470136,-575.6702283083816,-575.6702283083816,0.0,3806.875910167021,130.8793180410562,6.660212284385333,3.8232025042173036e-05,0.0,0.0008449084110836046,0.009723537437412721,0.2521823472356935,0.5231388329979879,0.4820522596024909,0.037147074923196244,0.008418472222378282,0.9988609846456449,0.26175782231889605,0.0477585373001404,0.048545922625729744,0.22809530972197156,0.022809530972197158,0.004854592262572975,0.007405013453103404,-0.007004211837538521,3.9890485968514717,False,WTICO_USD,V3_D1ov_rebound_net,VAL
V3_D1ov_rebound_net|OOS,11,9,2,0.18181818181818182,0.4859516475660861,2.1867824140473875,58.65277777777778,9.666666666666666,0.0,-2733.4570904220745,-0.027334570904220746,-2263.135031512909,-1867.5962493817829,-395.53878213112597,51.880306226074445,46.441578477612914,5.438727748461532,7.512716077672945,29.730796753860908,14.636793394540595,-419.7607071367123,-419.7607071367123,0.0,-2333.798534996108,-400.9775098795875,-4.798427124428433,-3.125781136835831e-05,0.0,-0.0006801519403372896,-0.008222893183130187,0.2218390804597701,0.4961439588688946,-0.4534221546396405,0.06049964517780748,0.007445196046371917,-0.4391992150436685,-0.1359163869302578,0.17715898247026418,0.17962611188861824,0.8029871625789503,0.026766238752631677,0.005987537062953942,0.005727513902374914,-0.004984951404948146,3.356605065023956,False,EUR_USD,V3_D1ov_rebound_net,OOS
V3_D1ov_rebound_net|OOS,12,9,3,0.4166666666666667,0.580755220130246,0.8130573081823445,40.0462962962963,20.51388888888889,0.6666666666666666,-1899.0754109632398,-0.0189907541096324,-1660.773025327068,-1844.7469991125693,183.97397378550136,48.772255296885646,44.23797573634616,4.534279560539487,12.145555504383532,22.20127319339867,14.42542659910345,-189.53013033929773,-189.53013033929773,0.0,-2078.515105188213,179.43969422496187,-6.969183379735748,-2.155757164890486e-05,0.0,-0.0004665158445856271,-0.005695855692690155,0.15747126436781608,0.4740484429065744,-0.34884373507254546,0.026031430652592835,0.010272006161164771,-0.725183131090109,-0.21880686346844425,0.09987220349535138,0.10184714901696401,0.5085259404174011,0.016950864680580036,0.003394904967232133,0.006334402083927992,-0.005876838442715582,3.356605065023956,False,GBP_USD,V3_D1ov_rebound_net,OOS
V3_D1ov_rebound_net|OOS,17,9,8,0.47058823529411764,1.3565933709884577,1.526167542362015,64.95833333333333,21.416666666666664,0.625,1171.199721048426,0.01171199721048426,1577.7757765972342,1233.1786545894506,344.59712200778364,88.8005753383747,67.98830597037133,20.81226936800337,37.102756119511405,29.113586165005305,22.584233053857986,-317.7754802104018,-317.7754802104018,0.0,847.4148684086774,323.7848526397803,3.8806411618796135,1.442308792622409e-05,0.0,0.0003092036482002791,0.0034749879664695005,0.2597701149425287,0.4808510638297872,0.15863254974464258,0.029191782915305997,0.012480754747508808,0.38498772544272475,0.11903993588029443,0.16377842296898845,0.17702628856566463,0.5813193183224331,0.02906596591612166,0.008851314428283233,0.013178758143460145,-0.008373001822938986,3.356605065023956,False,AUD_USD,V3_D1ov_rebound_net,OOS
V3_D1ov_rebound_net|OOS,16,10,6,0.5,0.9859870953819494,0.9859870953819494,38.079166666666666,24.805555555555554,0.8333333333333334,-511.5845837992674,-0.005115845837992674,22.94141864389428,-397.9999025188863,420.9413211627806,88.34621727716701,74.46622602388345,13.879991253283563,25.13464000006119,38.585299136227704,24.626278140878114,-446.1797851658638,-446.1797851658638,0.0,-918.6459137086335,407.06132990949703,0.04291918174053534,-4.968841484309267e-06,0.0,-0.0001102515087272854,-0.0015268582014379417,0.19540229885057472,0.4885057471264368,-0.05786119168149575,0.04875512045720398,0.014042744477012354,-0.10283502110578316,-0.031316878865639955,0.14477921707538224,0.15070957678977928,0.8199972915459964,0.027333243051533215,0.005023652559659308,0.014022907113368843,-0.012729064206396301,3.356605065023956,False,USD_CAD,V3_D1ov_rebound_net,OOS
V3_D1ov_rebound_net|OOS,9,7,2,0.4444444444444444,1.3532256664969,1.691532083121125,78.5297619047619,4.0625,0.0,451.28719079664734,0.004512871907966474,1011.4502968170493,1399.1562114427832,-387.70591462573384,43.038858971783256,37.723897404351355,5.314961567431899,18.46829876840844,20.11345641597827,4.457103787396546,-471.6284902926464,-471.6284902926464,0.0,889.8038237457854,-393.02087619316575,1.9652505608965274,5.84579204854627e-06,0.0,0.00012359183987009913,0.0013423506149117248,0.22988505747126436,0.5089058524173028,0.08012387292076241,0.03023280445635268,0.006729820143726917,0.1458667230296097,0.04440046628322841,0.14887110335874887,0.15137619854475232,0.6378672908383115,0.021262243027943717,0.005045873284825077,0.00593196338466595,-0.00756052751110059,3.356605065023956,False,EUR_JPY,V3_D1ov_rebound_net,OOS
V3_D1ov_rebound_net|OOS,12,8,4,0.3333333333333333,1.2495083187209877,2.4990166374419753,54.29166666666667,14.40625,0.25,293.2831599118799,0.002932831599118799,783.6889408676348,1066.2430956051871,-282.55415473755244,55.17920204531545,39.88133430410043,15.297867741215018,28.158187618524494,18.86665346914906,8.15436095764189,-435.22657891037534,-435.22657891037534,0.0,591.1351823907114,-297.8520224787675,1.5980418080317098,4.164929365705453e-06,0.0,8.621554313646695e-05,0.0008728513143625438,0.19655172413793104,0.49137931034482757,0.05224849421182159,0.03125991807553874,0.009474420762406788,0.09126873247356106,0.02792238009880008,0.1013089070040402,0.10348505843011835,0.44081969036179103,0.022040984518089553,0.005174252921505917,0.010458909949619732,-0.006657543746012129,3.356605065023956,False,AUD_JPY,V3_D1ov_rebound_net,OOS
V3_D1ov_rebound_net|OOS,8,8,0,0.375,3.6540715954401093,6.090119325733516,53.94270833333333,,,2825.1531025442673,0.028251531025442672,3946.2633248045277,3946.2633248045277,0.0,46.60901252177017,46.60901252177017,0.0,23.135773923097265,8.355049604293558,15.118188994379345,-1074.4115999232515,-1074.4115999232515,0.0,2825.242712359506,0.0,3.5202415379298517,3.309236708691249e-05,0.0,0.0007146197260488624,0.00833453900886405,0.19377162629757785,0.536741214057508,0.3793168218791704,0.020069790294659495,0.008325298309770357,1.3495370081910676,0.4152778323290126,0.09849406407538688,0.09849406407538688,0.33629413046617196,0.016814706523308597,0.004924703203769344,0.007578394398073396,-0.011134669980407463,3.356605065023956,False,XAU_USD,V3_D1ov_rebound_net,OOS
V3_D1ov_rebound_net|OOS,9,9,0,0.5555555555555556,4.56751278050962,3.654010224407696,79.46296296296296,,,6268.2259927307605,0.06268225992730761,7482.389636832495,7482.389636832495,0.0,63.47714489333942,63.47714489333942,0.0,36.79788124834505,0.0,26.67926364499437,-1150.6864992083604,-1150.6864992083604,0.0,6268.225992730795,0.0,6.162587451190196,7.091926658267477e-05,0.0,0.001399451256543624,0.01827741593112675,0.3394919168591224,0.5753424657534246,0.9423963630221291,0.021751142112363064,0.002762494748652083,2.685946661326607,0.8402968375963167,0.11593053636401868,0.11593053636401868,0.3153699877380767,0.01576849938690383,0.005796526818200934,0.004983921627413901,-0.009347882835690324,3.356605065023956,False,NAS100_USD,V3_D1ov_rebound_net,OOS
V3_D1ov_rebound_net|OOS,11,10,1,0.6363636363636364,3.046971492554739,1.7411265671741365,65.11666666666667,34.416666666666664,1.0,4229.015260479486,0.04229015260479486,5319.830980697218,5308.845852602248,10.985128094970339,108.95341873954706,108.2781034878071,0.6753152517399648,62.30372310080354,0.0,46.649695638743516,-986.4994662067156,-986.4994662067156,0.0,4214.068282907725,10.309812843230374,4.856284605027246,4.844277225138495e-05,0.0,0.0011223317000565946,0.012416408352953212,0.3163972286374134,0.5649484536082474,0.6948054435884464,0.023923212119116966,0.004762261637293996,1.6566964508999185,0.5190109209051947,0.14967306260628951,0.14978369260332092,0.41336440961948384,0.020668220480974192,0.007489184630166046,0.004604642771165679,-0.006080253527332213,3.356605065023956,False,SPX500_USD,V3_D1ov_rebound_net,OOS
V3_D1ov_rebound_net|OOS,13,10,3,0.38461538461538464,0.16481837269706234,0.26370939631529977,50.329166666666666,25.361111111111114,0.6666666666666666,-3590.6492959753086,-0.03590649295975309,-3302.951863594952,-3267.3897270850853,-35.56213650986674,69.09697871847612,62.269792936732415,6.82718578174371,34.71672695477961,0.0,34.38025176369651,-228.3582342034276,-228.3582342034276,0.0,-3558.017754225245,-42.38932229161045,-11.104030859469711,-4.246212357150646e-05,0.0,-0.0008631398156259851,-0.010834914912347893,0.21908127208480566,0.49865951742627346,-0.6110216831444126,0.047603414199072436,0.014266076467452427,-0.7480098571286307,-0.22760793725923578,0.09036193170931524,0.09452727632498642,0.3219919709314576,0.01609959854657288,0.0047263638162493215,0.00841992255751256,-0.006340338258403744,3.356605065023956,False,UK100_GBP,V3_D1ov_rebound_net,OOS
V3_D1ov_rebound_net|OOS,14,11,3,0.35714285714285715,0.6266742825374895,1.128013708567481,42.63257575757575,12.152777777777777,0.6666666666666666,-2499.3344599765405,-0.024993344599765405,-1838.5885742981397,-2092.840582632106,254.25200833396622,128.78017671221696,118.79432968558433,9.985847026632635,69.6981388568881,0.0,59.08203785532888,-531.9657089661421,-531.9657089661421,0.0,-2743.600621283832,244.2661613073336,-2.782595569869559,-2.8687696167924606e-05,0.0,-0.0006180811392683366,-0.007512290026765567,0.2066974595842956,0.5,-0.43828301929075736,0.05397912824459339,0.007150725722047083,-0.4492536855834295,-0.13917027323459982,0.07084143177254182,0.07084143177254182,0.27693323148338367,0.013846661574169184,0.003542071588627091,0.005792928783679763,-0.005745783165885476,3.356605065023956,False,JP225_USD,V3_D1ov_rebound_net,OOS
V3_D1ov_rebound_net|OOS,10,10,0,0.4,1.5965309671783463,2.3947964507675192,45.233333333333334,,,2285.303480926741,0.02285303480926741,2796.2731983813824,2796.2731983813824,0.0,90.08345172830441,90.08345172830441,0.0,58.698386922933224,0.0,31.385064805371186,-418.69299146359765,-418.69299146359765,0.0,2287.4967551894806,0.0,5.496074426792347,2.7038227949613908e-05,0.0,0.0005953484411931331,0.006754456013032817,0.1928406466512702,0.5202492211838006,0.31155184429386873,0.05088001830740152,0.009950830179170523,0.4342097925305301,0.13275262544569968,0.03290021157602102,0.03290021157602102,0.1399360448638135,0.01399360448638135,0.0032900211576021017,0.018110952288049376,-0.007255204011419325,3.356605065023956,False,WTICO_USD,V3_D1ov_rebound_net,OOS
V4_D1ov_edge_net|IS,47,21,26,0.5531914893617021,1.3766634659437849,1.1119204917238263,61.43452380952381,18.097756410256412,0.5769230769230769,1907.1549039354868,0.019071549039354867,3304.7991611309444,1526.2522682294598,1778.5468929014846,99.14889042814829,69.28761291623252,29.86127751191578,13.013355358559823,61.29283063058773,24.84270443900074,-1261.5103181623779,-1261.5103181623779,0.0,195.45433715084937,1748.6856153895687,2.428822103481963,9.714258016859164e-06,0.0,0.00021221620241738945,0.0023699706229114437,0.27905859750240153,0.5105448154657294,0.13625442683549777,0.03162380786524799,0.008043726317424367,0.5826166548291224,0.07494260757623215,0.1318239562396414,0.1426140171766815,0.674088884846806,0.02246962949489353,0.00475380057255605,0.005129716005895402,-0.005477139241777618,7.9808350444900755,False,EUR_USD,V4_D1ov_edge_net,IS
V4_D1ov_edge_net|IS,46,23,23,0.34782608695652173,0.5902160086713764,1.1066550162588307,46.516304347826086,16.115942028985508,0.43478260869565216,-6254.232872929875,-0.06254232872929875,-4913.16032168898,-4514.813578186683,-398.34674350229636,139.93154574442246,101.04658506245138,38.88496068197107,34.4716651406388,71.37486823062217,34.0850123731615,-1190.887958971222,-1190.887958971222,0.0,-5806.748122220357,-437.2317041842674,-3.691830713541257,-3.0515074300796156e-05,0.0,-0.0006694284439677473,-0.008059690398006691,0.20653218059558118,0.46236559139784944,-0.48216403269364444,0.08226285148913604,0.015599437021643533,-0.7458768796958849,-0.09797484833200909,0.108370804562845,0.1203636510663238,0.680402994991804,0.02268009983306013,0.004012121702210793,0.004725270573435081,-0.006758347895963301,7.9808350444900755,False,GBP_USD,V4_D1ov_edge_net,IS
V4_D1ov_edge_net|IS,39,20,19,0.38461538461538464,1.2310593479640173,1.9696949567424278,58.42916666666666,17.967105263157894,0.42105263157894735,2466.7170271867217,0.02466717027186722,2182.0133022094997,1986.9664727660165,195.0468294434833,110.26549037346985,81.86692783526884,28.398562538201,31.764163333940832,48.446019851551945,30.05530718797706,445.7580987261795,445.7580987261795,0.0,2350.8576436569274,166.6482669052823,19.788723514664543,1.2520518272478635e-05,0.0,0.00027220216980746435,0.0030579615799037896,0.25120076849183476,0.5219560878243513,0.1554825211121251,0.04206779855578269,0.012525657493222623,0.5579303318200517,0.07269126707091353,0.09617628231198931,0.10154305138255094,0.6170305699360481,0.030851528496802408,0.005077152569127547,0.01399672115165429,-0.011557872933754876,7.9808350444900755,False,AUD_USD,V4_D1ov_edge_net,IS
V4_D1ov_edge_net|IS,44,20,24,0.3181818181818182,0.7307503531924597,1.5658936139838422,58.208333333333336,14.748263888888891,0.3333333333333333,-4058.2312853699696,-0.0405823128536997,-2870.4357368674127,-1659.4367844764952,-1210.9989523909178,159.06500602637902,103.89035951533586,55.17464651104318,51.24075708072408,60.23344025183361,47.59080869382135,-1028.7305424762249,-1028.7305424762249,0.0,-2792.057686468056,-1266.173598901961,-2.416607589147839,-1.929590188158129e-05,0.0,-0.0004247706002686471,-0.005177579925802367,0.2420749279538905,0.5024925224327019,-0.2790075409992598,0.07628338285688907,0.011752393181240852,-0.5128879591093916,-0.06787297222405214,0.12013525364421088,0.12762607038397836,0.6171618100284305,0.020572060334281016,0.004254202346132612,0.008096822369629608,-0.009420931546344713,7.9808350444900755,False,USD_CAD,V4_D1ov_edge_net,IS
V4_D1ov_edge_net|IS,37,20,17,0.4594594594594595,1.2795486229144462,1.5053513210758187,56.89375,21.75,0.5882352941176471,2464.6811619619257,0.024646811619619256,2367.3063919769124,1606.7782602816312,760.5281316952813,87.73875356062534,68.79307251560606,18.945681045019285,31.003711316962185,46.81594726700708,9.919094976656073,208.02877813496178,208.02877813496178,0.0,1746.013965900987,741.582450650262,26.981308668137864,1.2352029015841472e-05,0.0,0.00027131511757030673,0.003055464412421438,0.2425552353506244,0.520618556701031,0.1709904873932013,0.045547739022567924,0.008116606684146295,0.5155980960139157,0.06708268023814577,0.10346132592462272,0.108245466533178,0.573577187675067,0.0191192395891689,0.0036081822177726,0.009597632582133642,-0.012968663967065974,7.9808350444900755,False,EUR_JPY,V4_D1ov_edge_net,IS
V4_D1ov_edge_net|IS,40,23,17,0.35,0.9977425269066356,1.8529504071123233,48.67753623188406,18.627450980392158,0.5294117647058824,1660.295904711369,0.016602959047113692,96.4880205357498,-408.3814101916489,504.8694307273987,123.28707902218275,100.58152537582708,22.70555364635567,64.11013951675415,42.76184221185331,16.415097293575286,1759.9269461707258,1759.9269461707258,0.0,1250.9640106032498,482.16387708104304,0.7826288148037714,8.88475930675523e-06,0.0,0.00019042242797877467,0.0020654024211206323,0.23246878001921228,0.508937960042061,0.100904891385577,0.08133850286980615,0.010050413768152622,0.18850268998177558,0.02539267810752065,0.0868522904255689,0.08991852533895456,0.5233432599905722,0.02616716299952861,0.004495926266947729,0.018228317419544338,-0.01635950836265676,7.9808350444900755,False,AUD_JPY,V4_D1ov_edge_net,IS
V4_D1ov_edge_net|IS,29,19,10,0.4482758620689655,1.4066847859634715,1.7313043519550417,46.54385964912281,16.72083333333333,0.5,1755.7697171660257,0.017557697171660256,3388.713273702215,3388.850708526978,-0.13743482476326818,110.32503115445527,92.62664736615038,17.698383788304902,59.80848543622393,14.714381876649512,35.80216384158184,-1522.618525381653,-1522.618525381653,0.0,1773.6055357791747,-17.83581861306817,2.0752176400331583,1.0631666300259513e-05,0.0,0.00023342899391494198,0.0025729490741577266,0.20679886685552407,0.51994301994302,0.1360016858526059,0.04627369684675542,0.01253419438918431,0.36172546170041364,0.05560284242425153,0.060937808839482834,0.06438291537295249,0.3398620017435333,0.016993100087176666,0.0032191457686476244,0.006742552834210658,-0.01069125077125399,6.7734428473648185,False,XAU_USD,V4_D1ov_edge_net,IS
V4_D1ov_edge_net|IS,40,20,20,0.575,1.5904273447518826,1.1755332548166089,64.70625000000001,19.970833333333335,0.6,3196.191851375872,0.03196191851375872,5425.670011723685,4415.929921548146,1009.7400901755389,472.03373464574275,354.0687817382202,117.96495290752256,264.81815294429504,0.0,207.2155817014477,-1757.444425701919,-1757.444425701919,0.0,2304.4167141080065,891.7751372680164,2.4336053647987357,1.591400698348313e-05,0.0,0.0003419083179230243,0.003949945192177173,0.2882751937984496,0.5409090909090909,0.2181026443280744,0.033684954166429804,0.006495554318000133,0.9047157800162543,0.11726140913421998,0.06961040754577369,0.07215507168372981,0.3051822089776618,0.01525911044888309,0.003607753584186491,0.009131587066034674,-0.009549894992863295,7.9808350444900755,False,NAS100_USD,V4_D1ov_edge_net,IS
V4_D1ov_edge_net|IS,31,19,12,0.4838709677419355,1.5852421839241366,1.6909249961857455,65.79385964912281,14.868055555555555,0.4166666666666667,1241.6051960022742,0.012416051960022741,3590.232658778291,3825.1861727391342,-234.95351396084325,352.2980652106677,276.93663474780215,75.36143046286557,177.1100258812588,0.0,175.18803932940892,-1996.3293975652502,-1996.3293975652502,0.0,1551.9201404260818,-310.3149444237088,1.5286513998839475,6.635926581638872e-06,0.0,0.00013866595415652495,0.001547350525961555,0.25290697674418605,0.525679758308157,0.09185448263531139,0.040382608075109405,0.005231366077118654,0.30062314653208244,0.03831725090869736,0.08224659548991263,0.08407701183081012,0.3905971895411583,0.019529859477057914,0.004203850591540506,0.009672938893400485,-0.010666867434149019,7.9808350444900755,False,SPX500_USD,V4_D1ov_edge_net,IS
V4_D1ov_edge_net|IS,26,21,5,0.2692307692307692,0.6354502151210524,1.7247934410428563,66.26190476190477,10.591666666666665,0.0,-4621.686436426011,-0.04621686436426011,-3014.9002769472427,-2014.0845300459657,-1000.8157469012771,157.96877738338583,144.21472239564912,13.754054987736708,78.98438869169291,0.0,78.98438869169291,-1448.8173820953996,-1448.8173820953996,0.0,-3607.1166345370148,-1014.5698018890138,-1.8763543979774047,-2.24961569430117e-05,0.0,-0.0004892213296136871,-0.005915577544656325,0.2503711034141514,0.5014866204162537,-0.2636602181804125,0.06307631858685181,0.014761837793066454,-0.71976167130617,-0.09378444521157298,0.09226486954471139,0.09371313207488578,0.3653356296008057,0.01826678148004028,0.004685656603744288,0.009521243599527551,-0.010110386227936474,7.975359342915811,False,UK100_GBP,V4_D1ov_edge_net,IS
V4_D1ov_edge_net|IS,33,22,11,0.3939393939393939,1.598441375729372,2.4591405780451883,51.490530303030305,25.469696969696972,0.5454545454545454,3037.0669081850356,0.030370669081850356,5295.08496655952,4088.3436861550417,1206.7412804044775,446.9801145215714,382.43011529433875,64.54999922723263,245.08107140774035,0.0,201.89904311383103,-1803.7949401658045,-1803.7949401658045,0.0,1902.1186306948982,1142.191281177245,2.3525607126008365,1.5448644455852814e-05,0.0,0.0003322794638913805,0.0037558425806138995,0.24514563106796117,0.5200823892893924,0.18027509030237865,0.06569353318309101,0.012096174302063377,0.42602038188946006,0.05717218116654172,0.06429777871122601,0.06596971551284705,0.3540454384858362,0.017702271924291812,0.0032984857756423523,0.008450848856258464,-0.009683911080941576,7.9808350444900755,False,JP225_USD,V4_D1ov_edge_net,IS
V4_D1ov_edge_net|IS,40,20,20,0.4,1.0849837250705092,1.6274755876057638,59.73125000000001,21.61875,0.45,-699.2959715588368,-0.006992959715588367,951.131842151379,600.170067412485,350.96177473889406,165.99270138102048,120.87403668939493,45.11866469162555,101.24946483351867,0.0,64.74323654750181,-1484.5409944649023,-1484.5409944649023,0.0,-1005.2449637418122,305.8431100472685,0.5762571491543589,-2.6363768054380083e-06,0.0,-6.019146508864838e-05,-0.000878910623836382,0.24963503649635035,0.5,-0.033531770691013214,0.06032761799750186,0.008128381501246252,-0.10971270937079812,-0.014568959508276578,0.041964823026074696,0.04378295615338509,0.1894053899033782,0.018940538990337822,0.004378295615338509,0.008999685981311734,-0.00750335369833155,7.9808350444900755,False,WTICO_USD,V4_D1ov_edge_net,IS
V4_D1ov_edge_net|VAL,13,9,4,0.5384615384615384,2.8279481506316047,2.4239555576842324,51.930555555555564,18.770833333333332,0.5,4852.830223744604,0.048528302237446044,5240.904293320197,5069.568189927828,171.336103392369,48.27500590374472,42.39051324617205,5.884492657572673,10.171820302667273,26.404276622339093,11.698908978738356,-425.70607343665813,-425.70607343665813,0.0,4601.471603244998,165.45161073479633,11.057201482838716,4.6536801342755623e-05,0.0,0.0009086632987790616,0.01195025557112972,0.18762088974854932,0.5065274151436031,0.6211917847362934,0.028728265824037647,0.005294476536005597,1.5762975603473166,0.4159755289207414,0.12305926728191792,0.12374782194757404,0.6815080585343904,0.02271693528447968,0.004124927398252468,0.010612980410762862,-0.009965560527880113,3.9890485968514717,False,EUR_USD,V4_D1ov_edge_net,VAL
V4_D1ov_edge_net|VAL,23,11,12,0.4782608695652174,1.397128991250931,1.5241407177282884,74.49621212121212,17.92013888888889,0.4166666666666667,1003.2498065240216,0.010032498065240215,1862.4274729500435,1741.6888994301084,120.7385735199351,76.56447426671366,51.459456165852146,25.105018100861514,17.6788696384519,38.0957822424638,20.789822385797965,-782.6131921594551,-782.6131921594551,0.0,907.6162511048012,95.63355541907359,2.167686086042003,1.0339504585778146e-05,0.0,0.00022734960443908234,0.0025056118827926355,0.32108317214700194,0.49404761904761907,0.14012943534155128,0.027081603452981606,0.007174241283091021,0.36098275030287114,0.0925208098236434,0.19650444725930608,0.21343177932033092,0.8830829321836308,0.029436097739454357,0.00711439264401103,0.005902798424513023,-0.004960643732268011,3.9890485968514717,False,GBP_USD,V4_D1ov_edge_net,VAL
V4_D1ov_edge_net|VAL,25,10,15,0.56,1.5437104871800924,1.2129153827843584,72.54166666666667,17.108333333333334,0.6,1454.9837027728208,0.014549837027728208,2885.033403907382,2759.879032679328,125.15437122805398,76.43703802162096,52.093338937056316,24.34369908456465,27.66467806730119,29.86103283918623,18.911327115133552,-1304.8610798209627,-1304.8610798209627,0.0,1402.924613921309,100.81067214348933,2.0886392058605323,1.4721651900984346e-05,0.0,0.0004559519850919341,0.003627729498675736,0.30174081237911027,0.4992,0.19052457888977894,0.03197689953361105,0.005497481720741972,0.4349160567509665,0.11344844408266082,0.1397430306799395,0.14606846046835487,0.6216872342812193,0.031084361714060964,0.007303423023417743,0.005895908812839856,-0.0057766906489299386,3.9890485968514717,False,AUD_USD,V4_D1ov_edge_net,VAL
V4_D1ov_edge_net|VAL,18,8,10,0.2222222222222222,3.272797460042069,11.454791110147243,90.17187499999999,9.15,0.0,6137.446890947045,0.06137446890947045,7742.165013862408,9385.01938635367,-1642.8543724912613,92.4024123748615,55.42335321667743,36.97905915818407,29.86283589495572,35.91208613518441,26.627490344721373,-1512.3157105405091,-1512.3157105405091,0.0,7817.280322596483,-1679.8334316494454,4.824626146676049,5.904025862395322e-05,0.0,0.0013206851786231953,0.015044106275302394,0.28336557059961315,0.5232142857142857,0.5533579247287285,0.02507548478409538,0.007757480652711917,2.24823012961235,0.5999527588333771,0.22519121826665997,0.23365860790346274,0.8384045830660725,0.02794681943553575,0.007788620263448758,0.010996660099330313,-0.009422930357989356,3.9890485968514717,False,USD_CAD,V4_D1ov_edge_net,VAL
V4_D1ov_edge_net|VAL,14,9,5,0.42857142857142855,1.2795826263848094,1.706110168513079,52.29629629629629,11.958333333333334,0.4,572.3990212821082,0.005723990212821082,908.9990962598066,1114.3194845330058,-205.32038827319926,39.399676618941264,32.85536317347187,6.544313445469391,14.228194760471618,20.6985338361542,4.472948022315439,-297.2003983586883,-297.2003983586883,0.0,784.2637230008456,-211.86470171866864,2.70053147290659,6.257800952815304e-06,0.0,-0.0002896653957732326,0.0014318591524637991,0.172147001934236,0.4823848238482385,0.08163601651132582,0.027505420933858327,0.007362549877772666,0.20287593909983326,0.052057343747145664,0.08229433819281286,0.0845818116315303,0.4766293358840601,0.01588764452946867,0.0028193937210510096,0.017949154177842708,-0.006826820851477677,3.9890485968514717,False,EUR_JPY,V4_D1ov_edge_net,VAL
V4_D1ov_edge_net|VAL,22,13,9,0.2727272727272727,0.2550163750747258,0.6800436668659354,42.080128205128204,11.361111111111112,0.3333333333333333,-4539.524935866109,-0.04539524935866109,-4398.306696482931,-3523.1623186372,-875.1443778457316,87.86496301983865,65.73669128908945,22.128271730749205,48.826732062847185,28.75761278875274,10.280618168238725,-28.146513257055442,-28.146513257055442,0.0,-3617.045523183345,-897.2726495764808,-37.912686206881226,-4.43235548724101e-05,0.0,-0.001239683615718888,-0.011578804118534958,0.19922630560928434,0.45982142857142855,-0.6388179504627185,0.0631545423521247,0.009441722403013511,-0.7065635551292073,-0.1833407968341554,0.09101907940064366,0.09699383352668763,0.630745974622633,0.031537298731131654,0.0048496916763343815,0.010786383798681909,-0.007147231533377818,3.9890485968514717,False,AUD_JPY,V4_D1ov_edge_net,VAL
V4_D1ov_edge_net|VAL,22,12,10,0.3181818181818182,0.7666579545869228,1.6428384741148345,49.87152777777778,15.6625,0.3,-1805.9242856642377,-0.018059242856642378,-949.3939280040246,-1125.5651722299813,176.17124422595668,73.16934195840531,58.04964060191167,15.11970135649364,41.94441087755755,10.704025302756042,20.520905778091723,-687.3431033818309,-687.3431033818309,0.0,-1870.9579162137238,161.05154286946305,-1.2483608043774839,-1.701960708841785e-05,0.0,-0.00037529127406939585,-0.004558163302443297,0.22502424830261883,0.4686868686868687,-0.23526328611492958,0.050800652813283054,0.015592965573788226,-0.3436389548004622,-0.08972647101990498,0.06792651951598666,0.0713814289347314,0.33265457533143056,0.016632728766571528,0.00356907144673657,0.01776380652575127,-0.005718978679643438,3.9890485968514717,False,XAU_USD,V4_D1ov_edge_net,VAL
V4_D1ov_edge_net|VAL,36,17,19,0.3055555555555556,0.4403594206041342,1.000816865009396,53.10049019607843,13.070175438596491,0.2631578947368421,-5370.866574092928,-0.05370866574092928,-4454.508107734115,-2702.8067004059685,-1751.7014073281462,287.71812251110794,186.63208420838293,101.08603830272503,168.16836204830574,0.0,119.54976046280223,-843.9621433055607,-843.9621433055607,0.0,-3733.400927919912,-1852.7874456308712,-3.9361896131674188,-5.2829879341605064e-05,0.0,-0.001117862744390821,-0.013743767656459016,0.36724806201550386,0.5026525198938993,-0.7288497401195122,0.0659213216096246,0.011449595952772888,-0.804285148500185,-0.2084874411020972,0.12094260636851335,0.12883648829580147,0.36250114342779993,0.018125057171389996,0.006441824414790073,0.003856943538518731,-0.004972295225276424,3.9890485968514717,False,NAS100_USD,V4_D1ov_edge_net,VAL
V4_D1ov_edge_net|VAL,32,14,18,0.28125,0.5838412853071041,1.492038840229266,60.5595238095238,14.307870370370372,0.2777777777777778,-3339.8471930080414,-0.033398471930080414,-2662.625787489749,-1730.2852707962697,-932.3405166934792,265.8420519874229,183.5731422453452,82.26890974207768,148.07639721260344,0.0,117.76565477481947,-537.8611922741989,-537.8611922741989,0.0,-2451.719605315814,-1014.6094264355569,-3.312946422078906,-3.232111121632404e-05,0.0,-0.0007858432568297419,-0.008479394388798633,0.35755813953488375,0.5110803324099723,-0.4706688810596355,0.06188536849324677,0.0047559158227252355,-0.5268577686543551,-0.13701775710883818,0.1314788057860423,0.13709261871456965,0.43405090210965136,0.021702545105482567,0.006854630935728483,0.003768648591774504,-0.007548414688059779,3.9890485968514717,False,SPX500_USD,V4_D1ov_edge_net,VAL
V4_D1ov_edge_net|VAL,19,13,6,0.21052631578947367,0.19781015045689634,0.7417880642133613,42.13141025641025,14.305555555555555,0.3333333333333333,-5728.828211558051,-0.05728828211558051,-5502.9671040714975,-5122.07480564781,-380.89229842368803,101.11408989194808,86.2922985633008,14.82179132864728,50.724498147215094,0.0,50.38959174473299,-124.74701759458335,-124.74701759458335,0.0,-5333.114121805694,-395.7140897523353,-24.364385552300767,-5.779712442826101e-05,0.0,-0.0014744227877336279,-0.014680355425860325,0.2079207920792079,0.4827586206896552,-0.8291329354904162,0.07983491826732703,0.009117077171777595,-0.7013323933397952,-0.18388389121541018,0.08323277125228012,0.08654777486560573,0.43167161921154745,0.021583580960577373,0.004327388743280286,0.00731852033690239,-0.006538432412267925,3.9890485968514717,False,UK100_GBP,V4_D1ov_edge_net,VAL
V4_D1ov_edge_net|VAL,15,11,4,0.3333333333333333,1.9919604767257741,3.9839209534515487,54.93939393939393,7.1875,0.0,3620.239075659483,0.03620239075659483,4086.1133114106406,4819.628804622096,-733.5154932114554,160.09064905908878,140.6428220491553,19.447827009933455,92.02781056492213,0.0,68.06283849416666,-302.41794251730823,-302.41794251730823,0.0,4376.568040055633,-752.9633202213888,8.834675475938045,3.542361540550212e-05,0.0,0.0006737195408793371,0.008954885898786902,0.22405431619786614,0.5110619469026548,0.41218076784573526,0.04611222859234554,0.006502338020433908,0.7304591089879412,0.19419763850392996,0.0637077303228934,0.06439490191995409,0.2694509758298643,0.013472548791493216,0.003219745095997704,0.01238200087970398,-0.013011477241844038,3.9890485968514717,False,JP225_USD,V4_D1ov_edge_net,VAL
V4_D1ov_edge_net|VAL,26,12,14,0.6153846153846154,1.9754928635722306,1.2346830397326443,52.072916666666664,23.220238095238095,0.7857142857142857,5315.752577041043,0.05315752577041043,6096.660375517546,4568.1780571722375,1528.482318345308,144.71904765145527,110.50967953364503,34.20936811781024,95.70319295615295,0.0,49.015854695302316,-633.9006088669681,-633.9006088669681,0.0,3823.7677687716246,1494.2729502274976,7.830087931222539,5.103329780918262e-05,0.0,0.001125104622471124,0.013068407243295832,0.3064985451018429,0.5275459098497496,0.6414909279760848,0.029658879060405208,0.006738633571579979,1.667977892110735,0.4406237746436695,0.052383622745319214,0.05462729062794543,0.3220423236390876,0.03220423236390876,0.005462729062794543,0.00740518131323098,-0.007004364639548677,3.9890485968514717,False,WTICO_USD,V4_D1ov_edge_net,VAL
V4_D1ov_edge_net|OOS,15,9,6,0.26666666666666666,0.5867172285159227,1.6134723784187874,58.65277777777778,14.583333333333334,0.3333333333333333,-2356.9272409500118,-0.023569272409500117,-1914.4965169758273,-1883.4552503767109,-31.041266599116398,59.35192531966456,46.582892738646606,12.769032581017957,8.574445950868405,34.19806926236533,16.57941010643083,-384.40285893084166,-384.40285893084166,0.0,-2314.441002046199,-43.81029918013435,-4.314311833751556,-2.6819181289986873e-05,0.0,-0.0005836540565678089,-0.007080644968941008,0.24482758620689654,0.5035460992907801,-0.38975499037051453,0.05668661665080532,0.007185980111006026,-0.4042489040263036,-0.12490858314156268,0.18009431033894882,0.186965490890848,0.8029871625789503,0.026766238752631673,0.006232183029694934,0.005727513902374692,-0.004984951404947924,3.356605065023956,False,EUR_USD,V4_D1ov_edge_net,OOS
V4_D1ov_edge_net|OOS,15,9,6,0.4666666666666667,0.6949725676406102,0.7942543630178402,40.0462962962963,21.15972222222222,0.6666666666666666,-1452.3117864148953,-0.014523117864148952,-1210.393158234308,-1846.1237317805262,635.7305735462184,53.73844473390113,44.33290411173196,9.40554062216917,13.41251476668492,24.55971060467267,15.76621936254354,-188.18018344674965,-188.18018344674965,0.0,-2078.636819339008,626.3250329240492,-5.0033069686988165,-1.6329229081942417e-05,0.0,-0.0003530515191125405,-0.004348970286187193,0.18045977011494252,0.47575757575757577,-0.26268366502238066,0.023051086243290775,0.01042701628216298,-0.6245883507162862,-0.18866660947281821,0.10497337219535446,0.10733637932684632,0.5085259404174011,0.016950864680580033,0.003577879310894878,0.006334402083927992,-0.005876838442715582,3.356605065023956,False,GBP_USD,V4_D1ov_edge_net,OOS
V4_D1ov_edge_net|OOS,21,9,12,0.38095238095238093,1.1803968000874865,1.9181448001421657,64.95833333333333,17.694444444444446,0.4166666666666667,535.5463058348687,0.0053554630583486865,960.1667191664762,1222.9152789097166,-262.74855974324026,99.56683445517353,67.61139536310993,31.955439092063592,40.24387319006616,33.506392011179635,25.816569253927728,-325.053578876468,-325.053578876468,0.0,830.2503046701386,-294.7039988353039,2.2612354211443826,7.154692998468975e-06,0.0,0.00015218076918252222,0.0015925094744739798,0.26436781609195403,0.47520661157024796,0.07960826873434533,0.029848727188610424,0.01532217255476842,0.17325469514769953,0.053352676126225046,0.1639759809872973,0.18224395159678716,0.5813193183224332,0.02906596591612166,0.009112197579839358,0.013178758143460367,-0.008373001822938986,3.356605065023956,False,AUD_USD,V4_D1ov_edge_net,OOS
V4_D1ov_edge_net|OOS,21,10,11,0.5714285714285714,1.2072826916186863,0.9054620187140147,38.079166666666666,25.833333333333336,0.8181818181818182,487.3572114705894,0.004873572114705894,1085.1358751705088,-395.3324035931987,1480.4682787637075,98.10957043038297,75.02895634814053,23.08061408224244,28.032472092776622,43.0475829280945,27.029515409511852,-499.6690932696944,-499.6690932696944,0.0,-970.0304532110335,1457.3876646814651,1.8152803722599116,6.520632352434936e-06,0.0,0.0001393491554568471,0.0014494577710568723,0.23448275862068965,0.49635036496350365,0.07569054797027157,0.04537627237854469,0.011966672156419417,0.10421338347748317,0.031943077187235436,0.15481146586720873,0.16316000486961268,0.8199972915459962,0.02733324305153321,0.00543866682898709,0.014022907113368843,-0.012729064206396412,3.356605065023956,False,USD_CAD,V4_D1ov_edge_net,OOS
V4_D1ov_edge_net|OOS,13,7,6,0.3076923076923077,1.0693089947856023,2.4059452382676048,78.5297619047619,3.861111111111111,0.0,-267.3716910665098,-0.002673716910665098,290.33901592239204,1396.1596581598042,-1105.8206422374121,50.69985211326724,37.543512880775296,13.156339232491943,21.172437803080342,24.167208236651,5.360206073535892,-461.84058852008917,-461.84058852008917,0.0,896.7755567589397,-1118.976981469904,0.5664704536555483,-2.4098100457018038e-06,0.0,-5.614627778969539e-05,-0.0007973026834389163,0.22873563218390805,0.5063613231552163,-0.03309624450400181,0.030232804456352347,0.008295652463402461,-0.08704360797086994,-0.02637210466498392,0.147102267749957,0.15375818231002777,0.6378672908383112,0.021262243027943706,0.005125272743667591,0.00593196338466595,-0.00756052751110059,3.356605065023956,False,EUR_JPY,V4_D1ov_edge_net,OOS
V4_D1ov_edge_net|OOS,15,8,7,0.4,1.2643332610817704,1.8964998916226556,54.29166666666667,16.369047619047617,0.42857142857142855,359.7101815836795,0.003597101815836795,885.5445053510564,1068.100541073685,-182.55603572262868,61.63028831615805,39.915317237621,21.714971078537054,32.00397632321313,20.791369067817676,8.83494292512725,-464.20403545128846,-464.20403545128846,0.0,563.9811883847756,-204.27100680116573,1.6840751265653282,4.932262398798113e-06,0.0,0.00010318653846967674,0.0010702983633290586,0.21379310344827587,0.4946808510638298,0.06163287711086853,0.03323113400509681,0.008703037053123462,0.1052307696244106,0.03220769905609908,0.10450168390569714,0.1070150920331895,0.44081969036179064,0.022040984518089533,0.005350754601659475,0.010458909949619954,-0.006657543746012018,3.356605065023956,False,AUD_JPY,V4_D1ov_edge_net,OOS
V4_D1ov_edge_net|OOS,9,8,1,0.3333333333333333,2.8454298717270334,5.690859743454067,53.94270833333333,12.625,0.0,2431.348867264227,0.02431348867264227,3529.1846782698385,3941.6539024861872,-412.46922421634866,50.069098045740375,46.578271656166976,3.4908263895733995,24.808339209317296,9.02635568685769,16.234403149565384,-1047.6774463362128,-1047.6774463362128,0.0,2847.398184493807,-415.96005060592205,3.2149358122159417,2.865144762093001e-05,0.0,0.0006201477374045111,0.007182492077179692,0.19377162629757785,0.536741214057508,0.331011030914091,0.023822769553304535,0.008638046581324074,0.9822163233127207,0.3014969380914565,0.09698814915323502,0.10002157033807982,0.49860529614748694,0.02493026480737435,0.005001078516903992,0.007578394398073396,-0.011134669980407463,3.356605065023956,False,XAU_USD,V4_D1ov_edge_net,OOS
V4_D1ov_edge_net|OOS,14,9,5,0.5714285714285714,4.3240506216309145,3.2430379662231856,79.46296296296296,18.81666666666667,0.6,6663.635371639495,0.06663635371639495,7898.577539195339,7490.481046860561,408.0964923347786,75.26847581297594,63.45073574497337,11.817740068002559,44.8958223210436,0.0,30.372653491932326,-1159.673691742834,-1159.673691742834,0.0,6267.356619372754,396.27875226677605,6.395908850394311,7.52240253088011e-05,0.0,0.0014912171078009795,0.019404724905132786,0.3625866050808314,0.5657657657657658,0.9886853312871978,0.021772799226874473,0.0027467113269480196,2.8419655561299213,0.8912370294206939,0.1189115889235117,0.11936261981085494,0.32033057252431935,0.016016528626215967,0.005968130990542746,0.004983921627413679,-0.009347882835690324,3.356605065023956,False,NAS100_USD,V4_D1ov_edge_net,OOS
V4_D1ov_edge_net|OOS,16,10,6,0.5625,2.479767277208344,1.9287078822731567,65.11666666666667,16.520833333333332,0.5,3781.5596778951876,0.037815596778951875,4906.035577532499,5276.730998916252,-370.69542138375334,137.08253387432256,107.86090348338655,29.221630390936028,77.73460653012144,0.0,59.34792734420113,-992.010623124743,-992.010623124743,0.0,4176.859472308123,-399.91705177468936,4.345111426033166,4.348378364360105e-05,0.0,0.001014997199625059,0.011119599943175906,0.3279445727482679,0.5546875,0.6190392110189027,0.02392321211911619,0.005504894188833955,1.487794981747149,0.46480380175581143,0.149390859737902,0.15613182991275493,0.5458018881162456,0.02729009440581228,0.007806591495637747,0.004604642771165679,-0.006108994725612327,3.356605065023956,False,SPX500_USD,V4_D1ov_edge_net,OOS
V4_D1ov_edge_net|OOS,21,10,11,0.42857142857142855,0.3664452384175445,0.4885936512233926,50.329166666666666,18.700757575757574,0.5454545454545454,-3242.2862596940395,-0.0324228625969404,-2750.9017008342826,-3269.9895347738147,519.087833939532,88.31762057402632,62.308730075927265,26.008890498099056,44.79775628132829,0.0,43.51986429269803,-412.8599773371875,-412.8599773371875,0.0,-3745.1582421869293,493.0789434414329,-5.488876023787518,-3.8181379782247574e-05,0.0,-0.0007737124588247185,-0.009771429971665246,0.2591283863368669,0.4824561403508772,-0.5352447693546252,0.04254758509986323,0.013003114673232646,-0.756975464908799,-0.22965886192437882,0.09983744638547853,0.10465278593471476,0.474678332274985,0.02373391661374925,0.005232639296735738,0.00841992255751256,-0.006340338258403855,3.356605065023956,False,UK100_GBP,V4_D1ov_edge_net,OOS
V4_D1ov_edge_net|OOS,21,11,10,0.5238095238095238,0.8150638440213788,0.7409671309285261,42.63257575757575,14.916666666666666,0.8,-1597.800785874526,-0.015978007858745258,-871.7059750280514,-2116.605276691309,1244.8993016632576,151.69112967768467,119.30438043559434,32.38674924209034,83.22853395491136,0.0,68.46259572277333,-574.4036811687546,-574.4036811687546,0.0,-2810.313338295658,1212.5125524211671,-1.2005401526170765,-1.801454080790538e-05,0.0,-0.000389066138204594,-0.004787113230105611,0.23441108545034642,0.4951219512195122,-0.2643300090772905,0.04626093430711464,0.005513104336841029,-0.3347595673929144,-0.1034806862811109,0.07539271291724123,0.07589201792417662,0.3262695122820077,0.016313475614100383,0.0037946008962088298,0.005792928783679763,-0.005840804937596755,3.356605065023956,False,JP225_USD,V4_D1ov_edge_net,OOS
V4_D1ov_edge_net|OOS,12,10,2,0.5,1.724888906764176,1.7248889067641757,45.233333333333334,16.708333333333332,1.0,2862.1974060921784,0.028621974060921783,3382.4776429543035,2822.4399317151187,560.0377112391845,93.98629064990246,90.11681170705658,3.8694789428458685,61.30305953556127,0.0,32.68323111434119,-424.08899595700154,-424.08899595700154,0.0,2308.2341240510605,556.1682322963387,6.528930698678163,3.353702329996969e-05,0.0,0.0007355555275785075,0.008442750043891722,0.20438799076212472,0.5299401197604791,0.3855934315347217,0.04705064209980625,0.009164163829432775,0.5847846837387992,0.17943963497846693,0.033499259384442905,0.03361745157631027,0.1537089455235022,0.015370894552350219,0.0033617451576310265,0.018105053885574485,-0.00725288314495931,3.356605065023956,False,WTICO_USD,V4_D1ov_edge_net,OOS
V5_H4_edge_net|IS,83,21,62,0.5060240963855421,1.293736031961316,1.2629327931050942,61.43452380952381,4.254704301075268,0.5,1510.2235856951884,0.015102235856951883,2914.3356351135,1545.4039521947655,1368.9316829187344,155.62387893679994,69.51550527899809,86.10837365780185,22.587454780227688,94.43303877495603,38.60338538161623,-1211.6471797113152,-1211.6471797113152,0.0,264.24126720445224,1282.8233092609325,2.1314980790970885,7.810272947173108e-06,0.0,0.00017050177127890458,0.001879930779573602,0.23583093179634967,0.5035897435897436,0.11216299801996278,0.03784554872099244,0.007022804369791704,0.3823426164250861,0.04967376199068898,0.12331676455354411,0.1370862460808539,0.755124700096921,0.025170823336564035,0.004569541536028464,0.005135756860005891,-0.005466276446879581,7.9808350444900755,False,EUR_USD,V5_H4_edge_net,IS
V5_H4_edge_net|IS,64,23,41,0.40625,0.6100993728354627,0.8916836987595224,46.516304347826086,3.841463414634146,0.4878048780487805,-5860.8088519169105,-0.058608088519169106,-4569.564391410458,-4530.711425582928,-38.852965827529374,170.47416646743756,101.64031853418865,68.83384793324892,41.657721394695706,87.77788664630688,41.038558426434975,-1110.474218426723,-1110.474218426723,0.0,-5742.82596254384,-107.68681376077829,-3.5673290550173276,-2.8516040570448635e-05,0.0,-0.0006255486225375359,-0.007539034673406553,0.17146974063400577,0.4473684210526316,-0.45622365094730505,0.08328415651482124,0.01750612933250567,-0.6867357444570574,-0.0905218349910875,0.10134884551650326,0.11206794728066738,0.6618612589584422,0.022062041965281404,0.0037355982426889125,0.004606917566909674,-0.00675834789596319,7.9808350444900755,False,GBP_USD,V5_H4_edge_net,IS
V5_H4_edge_net|IS,63,20,43,0.38095238095238093,1.1273651750451876,1.8319684094484296,58.42916666666666,3.186046511627907,0.3953488372093023,1616.509778003703,0.01616509778003703,1354.437657317414,1988.949703167366,-634.512045849952,168.78316342165425,81.91094848557003,86.87221493608422,49.09836238288361,72.06845135621496,47.61634968255567,536.0563818314985,536.0563818314985,0.0,2443.095136513294,-721.3842607860362,8.024720178598363,8.483953153848568e-06,0.0,0.00018328499217251133,0.002011312703252166,0.21517771373679154,0.5167243367935409,0.10765824012747649,0.034294411029707206,0.013838608791298255,0.45039398216835713,0.058648410713625775,0.08964850826744229,0.09879310456152862,0.8216471436029378,0.04108235718014689,0.00493965522807643,0.014005663789030676,-0.011565051954462002,7.9808350444900755,False,AUD_USD,V5_H4_edge_net,IS
V5_H4_edge_net|IS,49,20,29,0.24489795918367346,0.6820005023787044,2.1028348823343386,58.208333333333336,2.1422413793103448,0.20689655172413793,-4265.469926512058,-0.04265469926512058,-3109.8044901329117,-1691.255335242071,-1418.5491548908408,190.11860334603813,104.3216539800537,85.79694936598443,63.872193618248225,70.51214881585373,55.73426091193618,-965.5468330330855,-965.5468330330855,0.0,-2761.12382225521,-1504.3461042568251,-2.6909210851510834,-2.0351318568786783e-05,0.0,-0.00044724799083859163,-0.005447087442224774,0.20365033621517772,0.5,-0.2984768324883689,0.0832546032166227,0.010499247195344875,-0.49061266715216295,-0.06542686208054863,0.11162734918845502,0.1171246142132004,0.6575960453522899,0.02191986817840966,0.0039041538071066806,0.00809682236962983,-0.009420931546344713,7.9808350444900755,False,USD_CAD,V5_H4_edge_net,IS
V5_H4_edge_net|IS,76,20,56,0.35526315789473684,1.044432450491425,1.8954514842251786,56.89375,2.8236607142857144,0.35714285714285715,635.5139326703793,0.006355139326703793,591.3521653377691,1579.4186860857562,-988.0665207479872,160.7914561995364,68.02152414855512,92.7699320509813,60.203716866516395,82.6580741088842,17.92966522413581,227.45940221065197,227.45940221065197,0.0,1738.856564147853,-1080.8364527989684,3.677758627945519,3.669653386904712e-06,0.0,8.170921153561825e-05,0.0007940955453178411,0.20124879923150815,0.4988095238095238,0.052022003271015874,0.04334668752978943,0.010742763134639594,0.14224408225053922,0.01831963618378243,0.09580783806107042,0.10581386491170952,0.8518683924884124,0.02839561308294708,0.003527128830390317,0.009597040291822623,-0.012967890122768888,7.9808350444900755,False,EUR_JPY,V5_H4_edge_net,IS
V5_H4_edge_net|IS,74,23,51,0.3783783783783784,0.9365140853069746,1.5385588544328868,48.67753623188406,3.4975490196078427,0.45098039215686275,760.5897953568638,0.007605897953568638,-694.399772567495,-378.0622900479418,-316.3374825195532,184.68333041338528,100.0924684747232,84.59086193866207,94.9516663728389,64.83719455422363,24.894469486322745,1711.860309312596,1711.860309312596,0.0,1233.7055507899308,-400.9283444582153,-3.7599482910189446,4.582845972535766e-06,0.0,9.666826370686837e-05,0.0009498651400874358,0.20365033621517772,0.5029655990510083,0.052926845560651296,0.08660610970509475,0.011713729760366704,0.08135672344600497,0.010967645854569063,0.08103558240389215,0.08768203458060235,0.6973326032916339,0.03486663016458169,0.004384101729030117,0.018266585016784465,-0.016392240505543887,7.9808350444900755,False,AUD_JPY,V5_H4_edge_net,IS
V5_H4_edge_net|IS,41,19,22,0.3902439024390244,1.309459513764669,2.046030490257295,46.54385964912281,3.7481060606060606,0.36363636363636365,1132.769941233797,0.01132769941233797,2781.546655745061,3380.137448358921,-598.5907926138601,142.78288119240003,92.27535188789457,50.507529304505454,77.35977024499118,17.72789786266117,47.695213084747685,-1505.99383331878,-1505.99383331878,0.0,1781.8682631522468,-649.0983219183656,1.687036595837489,7.1419744750648796e-06,0.0,0.0001569782580452789,0.0016643519050942857,0.19263456090651557,0.5206738131699847,0.0919711929206083,0.04602553150832156,0.016398670790446455,0.23561700742789982,0.036161492340253926,0.05930594302755888,0.06181282825890958,0.33074060266488886,0.016537030133244444,0.003090641412945479,0.006742552834210658,-0.010708290520760277,6.7734428473648185,False,XAU_USD,V5_H4_edge_net,IS
V5_H4_edge_net|IS,57,20,37,0.42105263157894735,1.4055050964901088,1.9325695076738996,64.70625000000001,3.859234234234234,0.35135135135135137,1915.650963976077,0.01915650963976077,4215.544027329338,4362.311038779338,-146.7670114499993,656.056225960223,351.294316346885,304.76190961333793,364.4150047319047,0.0,291.6412212283183,-1643.8368373929868,-1643.8368373929868,0.0,2367.179885039466,-451.52892106333724,1.8329304498980215,9.851997998031381e-06,0.0,0.00021041804507154936,0.002380441348407203,0.251453488372093,0.543455497382199,0.13628285412248672,0.03921231787978097,0.005995685398624074,0.47273937842527547,0.060706468709788484,0.06596420764511154,0.06930914711576554,0.35255811595176306,0.017627905797588155,0.003465457355788277,0.009131587066034674,-0.009549894992863406,7.9808350444900755,False,NAS100_USD,V5_H4_edge_net,IS
V5_H4_edge_net|IS,61,19,42,0.4262295081967213,1.5737829802012233,2.118554011809339,65.79385964912281,3.5138888888888884,0.38095238095238093,1572.9742779980734,0.015729742779980734,3957.9332363421454,3838.8409333201726,119.09230302197291,537.0911053774746,277.78927753848285,259.30182783899176,271.35740210045276,0.0,265.7337032770219,-1847.867852966686,-1847.867852966686,0.0,1713.1838028150034,-140.20952481701886,1.659539348672933,8.164319575307965e-06,0.0,0.00017220587067108507,0.0019575123729105304,0.23546511627906977,0.5276872964169381,0.11803395276532232,0.03387258973985441,0.008822022953314246,0.45404938465434835,0.057790454994568245,0.07838552465395589,0.08254555698298173,0.42451153949869214,0.021225576974934608,0.0041272778491490865,0.009672938893400485,-0.010666867434149019,7.9808350444900755,False,SPX500_USD,V5_H4_edge_net,IS
V5_H4_edge_net|IS,42,21,21,0.2619047619047619,0.6572850034254933,1.8523486460172993,66.26190476190477,5.043650793650794,0.19047619047619047,-4560.609075615648,-0.04560609075615648,-2948.4617775185734,-2008.8695273238181,-939.5922501947553,198.6258764028546,143.87691708503425,54.748959317820365,99.54862912744596,0.0,99.07724727540865,-1413.5214216941465,-1413.5214216941465,0.0,-3566.2678661029986,-994.3412095125756,-1.8289034637213204,-2.2201934764357342e-05,0.0,-0.0004827825922429205,-0.005835781375096438,0.2528451261751608,0.5004897159647405,-0.26346809628946466,0.062261058583434004,0.01477068873581544,-0.7202014758282004,-0.09373084087987517,0.09212708613675429,0.09516012980796107,0.47502198539795126,0.023751099269897564,0.004758006490398053,0.009521243599527551,-0.010110386227936474,7.975359342915811,False,UK100_GBP,V5_H4_edge_net,IS
V5_H4_edge_net|IS,47,22,25,0.3617021276595745,1.3305854804845356,2.3480920243844747,51.490530303030305,4.293333333333333,0.4,1263.0125978573342,0.012630125978573341,3571.145438320137,4082.2961624297777,-511.1507241096405,518.704407169153,378.668217065784,140.036190103369,284.19256406329055,0.0,234.51184310586245,-1782.3101369793662,-1782.3101369793662,0.0,1921.3178083846274,-651.1869142130095,1.5519873385422795,6.999509849640374e-06,0.0,0.00014967125955319974,0.0015738836222085606,0.2111650485436893,0.514792899408284,0.08249387769192996,0.06542742373209187,0.013190300702560664,0.1810559586624722,0.024055411820174993,0.06076853803681512,0.06316751986843719,0.3728512330627546,0.01864256165313773,0.003158375993421859,0.008477390669798357,-0.009700500862207306,7.9808350444900755,False,JP225_USD,V5_H4_edge_net,IS
V5_H4_edge_net|IS,52,20,32,0.38461538461538464,0.9598421872772664,1.5357474996436264,59.73125000000001,3.170572916666667,0.40625,-1829.285009801446,-0.01829285009801446,-138.79933780597867,616.8215748772368,-755.6209126832155,229.17732592327593,119.60797822828359,109.56934769499235,144.7298708102343,0.0,84.44745511304163,-1458.3839434345193,-1458.3839434345193,0.0,-961.1703467855662,-865.1902603782078,-0.08224847318213165,-8.226725934486826e-06,0.0,-0.00018074803721907827,-0.0023106473125491522,0.2072992700729927,0.49248554913294795,-0.10608716747520859,0.05953386539016858,0.010062803608214661,-0.2944788028017282,-0.038812317953920934,0.03857175832695953,0.040509701512128155,0.23055953276996102,0.0230559532769961,0.004050970151212815,0.008999685981311734,-0.007503353698331439,7.9808350444900755,False,WTICO_USD,V5_H4_edge_net,IS
V5_H4_edge_net|VAL,27,9,18,0.4444444444444444,2.3257159820854256,2.907144977606782,51.930555555555564,3.5740740740740744,0.3888888888888889,4292.310696078857,0.042923106960788576,4681.8473632040805,5051.490520674898,-369.643157470818,77.29163501596038,42.20958966829585,35.08204534766453,14.151441803531686,43.492719690560385,19.647473521868317,-397.76698066160816,-397.76698066160816,0.0,4611.513950344994,-404.7252028184825,9.855304605993592,4.1320811320583535e-05,0.0,0.0007959376017266668,0.010591403779328878,0.17117988394584138,0.5115606936416185,0.5644685482168258,0.027167952589626676,0.0061762634962664945,1.4833987693702397,0.3898491704293135,0.11487257022663246,0.1252054273780539,0.9326218750350331,0.031087395834501104,0.00417351424593513,0.010612980410762862,-0.009975039990990808,3.9890485968514717,False,EUR_USD,V5_H4_edge_net,VAL
V5_H4_edge_net|VAL,32,11,21,0.46875,1.3279893062787687,1.505054547115938,74.49621212121212,3.2043650793650795,0.42857142857142855,618.0424111297325,0.006180424111297325,1470.931198906345,1743.2007794979686,-272.2695805916236,107.93501388543055,51.415199820900106,56.51981406453044,24.53670024299755,54.216102399572094,29.1822112428609,-744.9537738911334,-744.9537738911334,0.0,946.831805785935,-328.78939465615406,1.7246459561755816,6.644316972210018e-06,0.0,0.00014660417327681306,0.0015457732114545486,0.28239845261121854,0.49324324324324326,0.09003124975305977,0.0320291296468691,0.00847017257303848,0.188242618083607,0.04826148036169476,0.18617773770500257,0.20258773411853334,0.8854582299298692,0.02951527433099564,0.006752924470617777,0.005918697078811652,-0.004960643732268011,3.9890485968514717,False,GBP_USD,V5_H4_edge_net,VAL
V5_H4_edge_net|VAL,46,10,36,0.391304347826087,1.3585741114147862,2.113337506645223,72.54166666666667,3.365740740740741,0.3611111111111111,904.0684580284869,0.009040684580284869,2221.942490516492,2749.4697517484865,-527.5272612319947,126.42541454755744,51.80435373814274,74.6210608094147,44.10288888560544,50.27315824025153,32.04936742170045,-1142.9617628015917,-1142.9617628015917,0.0,1554.703635208752,-602.1483220414093,1.7504056525579188,9.403340066050352e-06,0.0,0.00035113464847768406,0.002258739797768028,0.2601547388781431,0.5085066162570888,0.12616765173742217,0.02987392487419782,0.006266021258982304,0.29199532228477715,0.07560907404299282,0.12262491379064928,0.1381220653584901,0.8263648680785657,0.04131824340392829,0.006906103267924506,0.005895908812840078,-0.0057766906489299386,3.9890485968514717,False,AUD_USD,V5_H4_edge_net,VAL
V5_H4_edge_net|VAL,28,8,20,0.25,2.8939966402851187,8.681989920855356,90.17187499999999,2.80625,0.15,5910.034849382937,0.05910034849382937,7526.894936305714,9389.443368639713,-1862.5484323339997,149.51763941065178,55.334578930273814,94.18306048037796,45.049835588984394,59.41796823268299,45.049835588984394,-1467.3424475123152,-1467.3424475123152,0.0,7866.766342197125,-1956.7314928143776,4.655254339681354,5.6939288745376735e-05,0.0,0.0012753759907041741,0.014498462341131946,0.26595744680851063,0.5258126195028681,0.538683991306832,0.030403057651899545,0.008209633805089107,1.797622194044554,0.47687513891307903,0.21571998763886613,0.23246560597077762,0.9060976607064831,0.03020325535688277,0.007748853532359253,0.011047768746520914,-0.009526409456796947,3.9890485968514717,False,USD_CAD,V5_H4_edge_net,VAL
V5_H4_edge_net|VAL,40,9,31,0.45,1.3351105148957367,1.6318017404281224,52.29629629629629,4.271505376344087,0.45161290322580644,1129.9182771807536,0.011299182771807536,1494.1124153489384,1111.0558770919383,383.056538257,75.72563025736468,32.827164529685376,42.898465727679316,27.739196169165982,39.628026597101865,8.358407491096854,-288.4685079106733,-288.4685079106733,0.0,789.7602046515797,340.1580725293207,4.102516374548456,1.1572340517741009e-05,0.0,-0.0001718546294502717,0.002820638107896567,0.1702127659574468,0.47956403269754766,0.1544065586836553,0.031201196980259582,0.009031455005159323,0.35259682719019775,0.09040159932585702,0.07974572166862737,0.09002386456098997,0.7099286100193316,0.02366428700064439,0.0030007954853663327,0.015628962319743422,-0.008719874936181427,3.9890485968514717,False,EUR_JPY,V5_H4_edge_net,VAL
V5_H4_edge_net|VAL,38,13,25,0.2631578947368421,0.2791356202187293,0.7815797366124421,42.080128205128204,2.7316666666666665,0.28,-4365.4757965016615,-0.04365475796501662,-4237.597363161971,-3535.962192977472,-701.6351701844991,113.46510490207788,65.92697423671264,47.538130665365244,57.36776437437432,41.143302869900005,14.954037657803564,10.845351002971872,10.845351002971872,0.0,-3591.043816211213,-749.1733008498643,-37.34714180909701,-4.2578691744428846e-05,0.0,-0.0012009186897704559,-0.011127338626474526,0.18762088974854932,0.470873786407767,-0.6223085042701205,0.06275000968333766,0.009929882999054458,-0.6829667940075113,-0.17732807823660346,0.08671816396983904,0.09499906893324861,0.6295441306218295,0.03147720653109148,0.0047499534466624305,0.010786383798681909,-0.007148862280450974,3.9890485968514717,False,AUD_JPY,V5_H4_edge_net,VAL
V5_H4_edge_net|VAL,47,12,35,0.40425531914893614,0.7249710055655036,1.0683783239912685,49.87152777777778,3.586904761904762,0.42857142857142855,-1940.3184784344048,-0.01940318478434405,-1158.3327053520661,-1124.829404775455,-33.503300576611096,120.59334658514015,58.06380355278766,62.5295430323525,67.46261520512562,18.254215774632947,34.876515605381584,-620.6367378226926,-620.6367378226926,0.0,-1803.5299461509353,-96.03284360896359,-1.5627167997066065,-1.8369817888217036e-05,0.0,-0.000404832249032503,-0.004899878737415375,0.1930164888457808,0.44419642857142855,-0.25823386931095726,0.051744109146147355,0.01574081582384984,-0.36261617816937036,-0.09469442644332779,0.06159700970401609,0.0710930644755501,0.33077351357866197,0.0165386756789331,0.0035546532237775044,0.017770590358806793,-0.005718978679643216,3.9890485968514717,False,XAU_USD,V5_H4_edge_net,VAL
V5_H4_edge_net|VAL,39,17,22,0.2564102564102564,0.430221266593763,1.2476416731219127,53.10049019607843,1.9772727272727273,0.18181818181818182,-5001.616719290367,-0.050016167192903666,-4106.1403885863165,-2703.3159047733147,-1402.8244838130013,332.9131461721063,186.7076053885139,146.20554078359237,193.83731192497163,0.0,139.07583424713462,-778.7251855252844,-778.7251855252844,0.0,-3668.748695687113,-1549.0300245965936,-3.693773659564743,-4.909584924699634e-05,0.0,-0.001035890631480021,-0.012780422384782275,0.32558139534883723,0.5114155251141552,-0.698520759410591,0.06196445324728006,0.010298436731509032,-0.7970835816143086,-0.20625409755137755,0.1163466902883327,0.11911455954468964,0.4055641351757803,0.020278206758789018,0.005955727977234483,0.003847102492847032,-0.004879723832989735,3.9890485968514717,False,NAS100_USD,V5_H4_edge_net,VAL
V5_H4_edge_net|VAL,37,14,23,0.2972972972972973,0.5664451333254996,1.3388703151329993,60.5595238095238,2.5923913043478266,0.30434782608695654,-3106.856971039626,-0.03106856971039626,-2485.8959568147006,-1734.5753879943477,-751.3205688203528,331.6714959340834,183.81871951977033,147.85277641431304,185.65156881376117,0.0,146.01992712032217,-416.076229629872,-416.076229629872,0.0,-2334.47033714399,-899.1733452346659,-3.32451155894834,-3.0020994690014038e-05,0.0,-0.000735304757623384,-0.00788080252741119,0.31007751937984496,0.5144694533762058,-0.44971655873124317,0.05906407274484937,0.004690221410487927,-0.5138202517754165,-0.13342802419764438,0.12342648926185197,0.1279745419162956,0.4349190760043181,0.021745953800215906,0.00639872709581478,0.004175665050236033,-0.007534168773319916,3.9890485968514717,False,SPX500_USD,V5_H4_edge_net,VAL
V5_H4_edge_net|VAL,35,13,22,0.2571428571428571,0.2819642988766573,0.814563530088121,42.13141025641025,4.2272727272727275,0.3181818181818182,-5340.650418092322,-0.05340650418092322,-5124.201611119151,-5144.303415305241,20.101804186090902,143.30728983350184,86.52789026931553,56.779399564186306,72.1710807643858,0.0,71.13620906911603,-73.14151713956672,-73.14151713956672,0.0,-5303.972822714123,-36.677595378095404,-23.673965603130927,-5.375915198032874e-05,0.0,-0.0013884562624446194,-0.013664830253244054,0.19801980198019803,0.4807692307692308,-0.7910470032756767,0.07484499996791738,0.008663448235467629,-0.6974006424575214,-0.18257505857574374,0.08047595520812506,0.08804979645199941,0.429280868065462,0.0214640434032731,0.004402489822599971,0.00731852033690239,-0.006538432412267925,3.9890485968514717,False,UK100_GBP,V5_H4_edge_net,VAL
V5_H4_edge_net|VAL,36,11,25,0.4166666666666667,1.9498492381851213,2.72978893345917,54.93939393939393,3.1966666666666668,0.4,4000.133740800142,0.040001337408001415,4575.060380104147,4824.127498745436,-249.06711864128917,266.41246985627254,140.63835394492446,125.77411591134805,151.30214842735,0.0,115.11032142892253,-305.1361860787152,-305.1361860787152,0.0,4378.352958721796,-374.8412345526372,8.004673499966291,3.892817461354233e-05,0.0,0.0007819853182067829,0.009880916531692652,0.22308438409311349,0.5133928571428571,0.46434746234793145,0.040801751234256334,0.0063254037621167285,0.9138865081428581,0.24216893228339748,0.06226433169167462,0.06624087870007456,0.35844118333847586,0.017922059166923795,0.0033120439350037287,0.01240668051538929,-0.013036121349431107,3.9890485968514717,False,JP225_USD,V5_H4_edge_net,VAL
V5_H4_edge_net|VAL,33,12,21,0.3333333333333333,1.5699410730295031,3.1398821460590063,52.072916666666664,2.869047619047619,0.2857142857142857,3169.2139422882756,0.03169213942288276,3901.232526975897,4458.906237005401,-557.6737100295037,197.28310603258592,108.89976850392276,88.38333752866316,129.93108787843107,0.0,67.35201815415485,-532.4939734535035,-532.4939734535035,0.0,3817.512495047974,-646.0570475581669,5.345786592425119,3.102470803630238e-05,0.0,0.0006868651119181306,0.007852158851181956,0.22696411251212414,0.5120350109409191,0.39870119001531173,0.03844584118360994,0.00937669306368799,0.7829716618928532,0.20423948623419516,0.04446062501952009,0.04942758330468917,0.32460133533621155,0.03246013353362115,0.004942758330468916,0.007413912653477794,-0.006717964758295003,3.9890485968514717,False,WTICO_USD,V5_H4_edge_net,VAL
V5_H4_edge_net|OOS,31,9,22,0.25806451612903225,0.4757378420448886,1.3677462958790547,58.65277777777778,2.714015151515152,0.2727272727272727,-3183.7705986255023,-0.03183770598625502,-2739.8681872349216,-1845.2208411544611,-894.6473460804606,93.5410751576674,46.223831124672266,47.317244032995134,13.398758742142356,54.10344703940589,26.03886937611916,-351.6741843421135,-351.6741843421135,0.0,-2243.118856621247,-941.9645901134558,-6.1540302781025185,-3.662053007738388e-05,0.0,-0.0007965427459870527,-0.00959305679483169,0.21724137931034482,0.4846153846153846,-0.5446145677484331,0.06249020821917339,0.0077344850222827045,-0.4965078253513454,-0.1535129593613408,0.17106589840845127,0.18476840607601325,0.7426157058525932,0.024753856861753104,0.006158946869200442,0.005727513902374914,-0.004984951404947924,3.356605065023956,False,EUR_USD,V5_H4_edge_net,OOS
V5_H4_edge_net|OOS,29,9,20,0.2413793103448276,0.46315753904466583,1.4556379798546641,40.0462962962963,2.675,0.2,-2886.907775489308,-0.02886907775489308,-2642.665152002887,-1838.606178624248,-804.0589733786392,93.9640155092599,44.08257801171592,49.88143749754398,23.31557079463103,42.66975976107163,27.978684953557234,-150.27860797708445,-150.27860797708445,0.0,-2032.9673646130484,-853.9404108761831,-10.819836088726909,-3.321909755625762e-05,0.0,-0.0007189117136181561,-0.008689294589301677,0.14022988505747128,0.45692883895131087,-0.5545268272675498,0.035544562907506294,0.011993657776348931,-0.8066109529734302,-0.24446199020403972,0.0928879588796922,0.10389764426304564,0.6749244611173725,0.02249748203724575,0.003463254808768188,0.006334402083927992,-0.005876838442715582,3.356605065023956,False,GBP_USD,V5_H4_edge_net,OOS
V5_H4_edge_net|OOS,43,9,34,0.46511627906976744,1.2725112168376618,1.4633878993633112,64.95833333333333,4.7058823529411775,0.5,1113.9004315430939,0.01113900431543094,1549.4500603115687,1244.0335518645606,305.41650844700797,160.70414063595814,67.88540265430181,92.81873798165631,60.60074107841058,56.82762862956618,43.27577092798136,-274.8454881323979,-274.8454881323979,0.0,901.302661077861,212.59777046535166,3.557459260596988,1.3740334183619109e-05,0.0,0.0002938548046001993,0.0033056380422542553,0.23448275862068965,0.4700460829493088,0.1534689453806437,0.030225845331157686,0.011430253996676172,0.3538266142133025,0.10936461845937877,0.14960617765485362,0.17890982792926602,0.7721449885356675,0.038607249426783376,0.008945491396463301,0.01317875814346059,-0.008373001822938986,3.356605065023956,False,AUD_USD,V5_H4_edge_net,OOS
V5_H4_edge_net|OOS,36,10,26,0.3888888888888889,0.9268583365913219,1.4564916717863632,38.079166666666666,4.097756410256411,0.4230769230769231,-813.9153126554884,-0.008139153126554884,-236.02906658909282,-409.53765096637926,173.50858437728644,159.19682315629998,74.42700672511948,84.7698164311805,48.16017663376362,67.6750153061078,43.36163121642857,-418.6894229100614,-418.6894229100614,0.0,-902.6540806015602,88.73876794610594,-0.4084351690245773,-8.492448600577037e-06,0.0,-0.00018627730057549363,-0.0024317773101080187,0.15632183908045977,0.45791245791245794,-0.10027069292058802,0.05275701883665329,0.014766440982766249,-0.15165773502392102,-0.046093910606232455,0.12936333046466902,0.15034242311131193,1.0919509788689814,0.036398365962299374,0.005011414103710397,0.014022907113368843,-0.01272906420639619,3.356605065023956,False,USD_CAD,V5_H4_edge_net,OOS
V5_H4_edge_net|OOS,27,7,20,0.25925925925925924,1.1406161298552346,3.258903228157813,78.5297619047619,3.1041666666666665,0.15,-28.51570868457202,-0.0002851570868457202,549.7616476293904,1397.0224659957678,-847.2608183663774,83.42315545792175,37.58275322535716,45.8404022325646,34.02218845692226,40.41540816973695,8.985558831262546,-449.57575337139787,-449.57575337139787,0.0,909.8639593990126,-893.1012205989421,1.0314498557546554,3.23174448652233e-07,0.0,3.0313616968119517e-06,-8.496252332401699e-05,0.22528735632183908,0.49370277078085645,0.004494518049874316,0.028912252890194945,0.007893516327772706,-0.009697376142537606,-0.0029386337912404763,0.14328803308235574,0.15896790739383632,0.6697711805126456,0.022325706017088186,0.00529893024646121,0.00593196338466595,-0.00756052751110059,3.356605065023956,False,EUR_JPY,V5_H4_edge_net,OOS
V5_H4_edge_net|OOS,29,8,21,0.27586206896551724,1.0166653102778813,2.6687464394794387,54.29166666666667,3.466269841269841,0.23809523809523808,-363.1224194144743,-0.003631224194144743,151.9293968778693,1050.773439146031,-898.8440422681617,87.94425957184603,39.73866418862222,48.20559538322382,40.76906788321925,33.286402862402554,13.888788826224243,-427.1075567205568,-427.1075567205568,0.0,583.927218236852,-947.0496376513855,0.2949788585768556,-3.398972186349865e-06,0.0,-7.64213876649128e-05,-0.0010831963910971076,0.1781609195402299,0.4813664596273292,-0.043082374718069,0.03719646450504255,0.0112848253238792,-0.09560289177361227,-0.02912095021692892,0.09303283053533633,0.10330015764128503,0.5112159726876084,0.025560798634380426,0.005165007882064252,0.010458909949619732,-0.006657543746012018,3.356605065023956,False,AUD_JPY,V5_H4_edge_net,OOS
V5_H4_edge_net|OOS,22,8,14,0.45454545454545453,2.7069798277931985,3.248375793351838,53.94270833333333,2.8809523809523805,0.5,2704.6677838028554,0.027046677838028554,3843.4553974616374,3953.165570685942,-109.7101732243047,82.20434222491781,46.64473736508741,35.559604859830394,40.9652631018583,14.76152924523587,26.47754987782364,-1056.4936797911591,-1056.4936797911591,0.0,2850.027153529695,-145.26977808413508,3.375306993733737,3.170323721675828e-05,0.0,0.0006845402525716915,0.007982396961521587,0.19492502883506344,0.52,0.37055681982517974,0.020521703198304042,0.008357381312603135,1.2637637194929963,0.3889734143597433,0.09782629252182903,0.10230256919132602,0.4937099960368444,0.024685499801842217,0.005115128459566302,0.007578394398073174,-0.011149886551660049,3.356605065023956,False,XAU_USD,V5_H4_edge_net,OOS
V5_H4_edge_net|OOS,34,9,25,0.5294117647058824,3.477466369830917,3.0910812176274822,79.46296296296296,3.0500000000000007,0.52,6746.4637686890055,0.06746463768689005,7996.031534165102,7485.387766106227,510.64376805887525,124.0800584098186,63.40922589199804,60.67083251782056,70.7148533405297,0.0,53.365205069288905,-1125.4877070662026,-1125.4877070662026,0.0,6296.4908331480265,449.9729355410547,6.399037935424834,7.609492133594786e-05,0.0,0.0015098564592062797,0.01964049619578856,0.34526558891454967,0.5695238095238095,1.0180791311552713,0.018964691504362863,0.002605403567384818,3.3156246971290053,1.035634889777681,0.11414581974997139,0.11974752933248986,0.3441388631742307,0.017206943158711536,0.0059873764666244925,0.004988601307874152,-0.009347882835690324,3.356605065023956,False,NAS100_USD,V5_H4_edge_net,OOS
V5_H4_edge_net|OOS,32,10,22,0.40625,2.1515594416316475,3.1445868762308695,65.11666666666667,2.8484848484848486,0.3181818181818182,3718.3689781565336,0.03718368978156533,4919.430153221157,5294.618871362556,-375.18871814139936,213.74857504201117,108.059616878533,105.68895816347816,115.33696172360561,0.0,98.41161331840557,-987.3126000225724,-987.3126000225724,0.0,4199.246654461451,-480.8776763048775,4.095903069180992,4.276295798375123e-05,0.0,0.000999533181500295,0.010936145555250132,0.3083140877598152,0.55741127348643,0.6174549503930223,0.026015162570734107,0.005252597914593117,1.3422161383340394,0.4203758298844077,0.14774537034942786,0.1546160263527808,0.7218152938018514,0.03609076469009257,0.00773080131763904,0.005974359813219365,-0.005865686779937707,3.356605065023956,False,SPX500_USD,V5_H4_edge_net,OOS
V5_H4_edge_net|OOS,31,10,21,0.2903225806451613,0.25760299227832495,0.6296962033470165,50.329166666666666,2.9126984126984126,0.2857142857142857,-4087.475853769254,-0.04087475853769254,-3687.997114137963,-3261.252134990144,-426.7449791478187,127.87739765828579,62.128923373637946,65.74847428464784,64.19765400892285,0.0,63.67974364936293,-271.6013419731143,-271.6013419731143,0.0,-3594.9824003368963,-492.49345343246654,-9.232023505283124,-4.855329930379494e-05,0.0,-0.0009863036779891893,-0.012356307914530906,0.2049469964664311,0.4793388429752066,-0.7021157481760122,0.05095862971238707,0.01516128098943309,-0.7964686947950722,-0.24247724054336814,0.08846091488857961,0.09555715105875787,0.47892840016143445,0.023946420008071723,0.004777857552937893,0.00841992255751256,-0.006340338258403855,3.356605065023956,False,UK100_GBP,V5_H4_edge_net,OOS
V5_H4_edge_net|OOS,39,11,28,0.3333333333333333,0.6619526163599764,1.323905232719953,42.63257575757575,3.1354166666666665,0.35714285714285715,-2710.2261253390025,-0.027102261253390023,-1962.20029324118,-2108.195388256305,145.99509501512483,245.2705694280209,118.94834148435754,126.32222794366338,133.62188510246824,0.0,111.6486843255527,-502.7552626696868,-502.7552626696868,0.0,-2729.898992410349,19.672867071461454,-2.623171833168558,-3.1186690279779147e-05,0.0,-0.000673020774786362,-0.008152329507183365,0.20207852193995382,0.48746518105849584,-0.47586752916196734,0.05378478752998883,0.009236354102731548,-0.49008205669083593,-0.15157314700997682,0.06744982879333689,0.07460950727148934,0.3931395162633315,0.019656975813166576,0.003730475363574466,0.005792928783679763,-0.005745783165885587,3.356605065023956,False,JP225_USD,V5_H4_edge_net,OOS
V5_H4_edge_net|OOS,37,10,27,0.5405405405405406,1.750287617194247,1.4877444746151098,45.233333333333334,4.47067901234568,0.5925925925925926,3403.957574412023,0.034039575744120226,3994.230791490776,2824.110251914628,1170.1205395761483,188.7617029594673,90.47290998291172,98.28879297655558,123.0251263397532,0.0,65.73657661971413,-406.25555037108177,-406.25555037108177,0.0,2327.381791560634,1071.8317465995926,6.712798274560061,3.953410219910052e-05,0.0,0.0008650348916100115,0.010022182184640904,0.1997690531177829,0.5148809523809523,0.471933321021474,0.04260264847744266,0.007419025478428853,0.7655943748200912,0.2352478670415871,0.03199134431101297,0.03597410347761385,0.2055928636108951,0.02055928636108951,0.003597410347761385,0.018109106512165907,-0.007254477749977117,3.356605065023956,False,WTICO_USD,V5_H4_edge_net,OOS
