label,n_trades,n_core,n_ov,win_rate,pf,payoff,dur_core_d,dur_ov_d,wr_ov,net_profit,net_pct,gross_profit,gross_core,gross_ov,costs_exec,costs_core,costs_ov,spread,comm,slip,swap,swap_core,swap_ov,net_core,net_ov,gross_to_cost,daily_mean,daily_med,monthly_mean,cagr,pos_days,active_pos_days,sharpe,max_dd,avg_dd,recovery,mar,exp_net_avg,exp_gross_avg,exp_gross_max,margin_max,margin_avg,best_day,worst_day,years,halted,sym,variant,period
H4_frac_both|IS,88.0,0.0,88.0,0.4659090909090909,1.319802495160427,1.5129443237204896,,3.7769886363636362,0.4659090909090909,1076.9352046393906,0.010769352046393905,1281.5677058427568,0.0,1281.5677058427568,119.5205279024763,0.0,119.5205279024763,17.882981174312274,72.26766094879308,29.369885779370946,-85.11197330084,0.0,-85.11197330084,0.0,1076.9352046394406,6.262776921098336,5.186801976543362e-06,0.0,0.00011398080891499003,0.0013430884540377441,0.04707012487992315,0.4298245614035088,0.28444553365609093,0.01341729589405316,0.003080016425766446,0.784505232990298,0.10010127708616982,0.011713018291631076,0.011713018291631076,0.428346557735871,0.014278218591195699,0.0003904339430543691,0.004200175627699254,-0.00321236048337592,7.9808350444900755,False,EUR_USD,H4_frac_both,IS
H4_frac_both|IS,87.0,0.0,87.0,0.45977011494252873,0.8242721750638813,0.9685198057000606,,3.4913793103448274,0.45977011494252873,-595.3289897549403,-0.0059532898975494025,-389.05090142848957,0.0,-389.05090142848957,153.36507743363165,0.0,153.36507743363165,38.71576592146001,76.55611808198763,38.09319343018403,-52.91301089286765,0.0,-52.91301089286765,0.0,-595.3289897549888,-1.886050547514748,-2.8444497548618942e-06,0.0,-6.24062325148053e-05,-0.0007478977054581337,0.052833813640730067,0.4700854700854701,-0.20823175577116904,0.014234652405667125,0.0026636504320778232,-0.415274538029281,-0.05254063704150439,0.012398407553659287,0.012398407553659287,0.3141310826414798,0.010471036088049328,0.0004132802517886429,0.0022181190435743847,-0.002021133269980324,7.9808350444900755,False,GBP_USD,H4_frac_both,IS
H4_frac_both|IS,81.0,0.0,81.0,0.37037037037037035,0.8091575381528358,1.3755678148598205,,3.464506172839507,0.37037037037037035,-782.8397324720718,-0.007828397324720718,-419.4561825173197,0.0,-419.4561825173197,142.76724290885758,0.0,142.76724290885758,44.378694374245626,60.029848254137846,38.35870028047411,-220.616307046135,0.0,-220.616307046135,0.0,-782.8397324723123,-1.1543070195920317,-3.725012029384425e-06,0.0,-8.179781707856662e-05,-0.0009842744031864914,0.040345821325648415,0.4077669902912621,-0.18724140229263272,0.019153337373339463,0.0037348330266696755,-0.4057478825117572,-0.051389185289272596,0.01005323613792737,0.01005323613792737,0.4084756114203276,0.020423780571016383,0.0005026618068963685,0.004712994440729368,-0.003416090922160775,7.9808350444900755,False,AUD_USD,H4_frac_both,IS
H4_frac_both|IS,82.0,0.0,82.0,0.32926829268292684,0.5829749588659197,1.1875415828750218,,2.7042682926829267,0.32926829268292684,-1588.466638050042,-0.01588466638050042,-1299.0882438820097,0.0,-1299.0882438820097,199.40567375511247,0.0,199.40567375511247,67.44265109592374,73.9645499971212,57.99847266206754,-89.9727204129524,0.0,-89.9727204129524,0.0,-1588.4666380500746,-4.489237172031325,-7.666271287765006e-06,0.0,-0.00016806797893999847,-0.0020043175474607766,0.034101825168107586,0.3480392156862745,-0.5499149909352408,0.018225307154497217,0.009662278131438828,-0.8714285149275951,-0.10997441801501807,0.00979053976571564,0.00979053976571564,0.4106929752128628,0.01368976584042876,0.00032635132552385473,0.003548725001298436,-0.0016617678214192466,7.9808350444900755,False,USD_CAD,H4_frac_both,IS
H4_frac_both|IS,81.0,0.0,81.0,0.4567901234567901,0.8669666122682924,1.0309873226974289,,3.1440329218106995,0.4567901234567901,-493.3619754399697,-0.0049336197543996966,-264.49312983113873,0.0,-264.49312983113873,117.04459539026017,0.0,117.04459539026017,46.3050202599535,58.423785434575265,12.315789695731397,-111.82425021844458,0.0,-111.82425021844458,0.0,-493.3619754398435,-1.1556537069415753,-2.337813339460173e-06,0.0,-5.1384816931656757e-05,-0.0006195213940043409,0.03650336215177714,0.41081081081081083,-0.13507301196173224,0.012319207692807588,0.009176257541970878,-0.4002040082654407,-0.05028906155759031,0.008319885002657679,0.008319885002657679,0.4231826753258611,0.014106089177528704,0.0002773295000885893,0.004867564137602587,-0.002493133668012293,7.9808350444900755,False,EUR_JPY,H4_frac_both,IS
H4_frac_both|IS,76.0,0.0,76.0,0.4473684210526316,0.9106269073068869,1.1248920619673308,,3.3843201754385963,0.4473684210526316,-342.8752164496109,-0.0034287521644961088,-14.067841639453853,0.0,-14.067841639453853,119.5846848256204,0.0,119.5846848256204,59.36051322581977,43.46369095765062,16.760480642150018,-209.22268998463846,0.0,-209.22268998463846,0.0,-342.87521644971275,-0.04278444681349323,-1.6101976870233366e-06,0.0,-3.532925634972773e-05,-0.0004302688658622822,0.03842459173871278,0.43243243243243246,-0.09090853552039452,0.01522434949091589,0.009508145734532255,-0.22382192353950991,-0.028261888372900026,0.00671724710476718,0.00671724710476718,0.3501722375561124,0.01750861187780562,0.00033586235523835894,0.003944343859628052,-0.00289126153795638,7.9808350444900755,False,AUD_JPY,H4_frac_both,IS
H4_frac_both|IS,42.0,0.0,42.0,0.35714285714285715,0.4042883783228399,0.7277190809811119,,3.5198412698412693,0.35714285714285715,-1183.9989535552304,-0.011839989535552304,-1059.091246881243,0.0,-1059.091246881243,91.98579732718629,0.0,91.98579732718629,50.00061117439008,12.06063160012233,29.924554552673882,-32.92190934688644,0.0,-32.92190934688644,0.0,-1183.9989535553157,-8.478990408852653,-6.732956121290459e-06,0.0,-0.0001468643464520279,-0.001756887127030815,0.026062322946175637,0.3865546218487395,-0.6116876065802972,0.014746598171603509,0.007875298252062402,-0.8017310790809351,-0.11913846885812143,0.0039085654889094,0.0039085654889094,0.22768728666979376,0.011384364333489688,0.00019542827444546994,0.0017543026123700844,-0.0017362141294112732,6.7734428473648185,False,XAU_USD,H4_frac_both,IS
H4_frac_both|IS,59.0,0.0,59.0,0.3898305084745763,0.9408713309293341,1.472668170150262,,3.728813559322034,0.3898305084745763,-138.8217222094827,-0.0013882172220948269,376.8253015742647,0.0,376.8253015742647,445.031909697512,0.0,445.031909697512,246.59354638819394,0.0,198.43836330931802,-70.61511408630912,0.0,-70.61511408630912,0.0,-138.8217222095564,0.7307814923649093,-6.425026813549699e-07,0.0,-1.4109929389161698e-05,-0.0001740495554463095,0.035368217054263566,0.44785276073619634,-0.041243831332815006,0.010497210835701098,0.005876025499779225,-0.13205907445604925,-0.016580552507754306,0.003988124852303461,0.003988124852303461,0.1753659887097757,0.008768299435488786,0.00019940624261517302,0.002785335943759071,-0.002126168224823255,7.9808350444900755,False,NAS100_USD,H4_frac_both,IS
H4_frac_both|IS,61.0,0.0,61.0,0.36065573770491804,0.7231299449818492,1.2819121751950964,,3.212431693989071,0.36065573770491804,-726.3107546524407,-0.007263107546524407,-285.99137019329004,0.0,-285.99137019329004,375.0645837617027,0.0,375.0645837617027,191.31623328588014,0.0,183.74835047582255,-65.254800697394,0.0,-65.254800697394,0.0,-726.3107546523867,-0.6495089253102304,-3.4964473437380223e-06,0.0,-7.627613955369927e-05,-0.0009129726617080891,0.030038759689922482,0.4025974025974026,-0.208642959082493,0.014742281731879747,0.0037223105874045442,-0.48944340256711055,-0.06192885730394182,0.004561203598487886,0.004561203598487886,0.22931063697647214,0.011465531848823608,0.00022806017992439432,0.0054339656916271295,-0.002914084338452416,7.9808350444900755,False,SPX500_USD,H4_frac_both,IS
H4_frac_both|IS,51.0,0.0,51.0,0.19607843137254902,0.2597381206692032,1.0649262947437332,,4.545751633986928,0.19607843137254902,-2829.975339644152,-0.02829975339644152,-2500.3765471458023,0.0,-2500.3765471458023,136.90790984393107,0.0,136.90790984393107,69.0713950389545,0.0,67.83651480497656,-192.69088265439763,0.0,-192.69088265439763,0.0,-2829.975339644131,-7.586121685074077,-1.4171932001302467e-05,0.0,-0.000301553600786309,-0.003593105076302505,0.035625927758535375,0.375,-0.8785022044827355,0.030473648577361567,0.030473648577361567,-0.9279404082455764,-0.11790859460694086,0.006000783911583479,0.006000783911583479,0.16750829196510866,0.008375414598255432,0.00030003919557917394,0.0037328744169113914,-0.002637600231340187,7.975359342915811,False,UK100_GBP,H4_frac_both,IS
H4_frac_both|IS,53.0,0.0,53.0,0.4339622641509434,0.732684598248438,0.9556755629327452,,4.135220125786164,0.4339622641509434,-757.5213603643933,-0.007575213603643933,-339.8261487263037,0.0,-339.8261487263037,354.64658548406385,0.0,354.64658548406385,198.01340755963426,0.0,156.6331779244296,-63.04862615405752,0.0,-63.04862615405752,0.0,-757.521360364425,-0.8135744419802421,-3.663196973499944e-06,0.0,-7.958773877874487e-05,-0.0009523351680285064,0.03203883495145631,0.4024390243902439,-0.24525446674256723,0.013593461541630436,0.008174179959460293,-0.5569921879606267,-0.0700583265794329,0.004087188978440111,0.004087188978440111,0.15808580981583317,0.007904290490791659,0.00020435944892200554,0.0032812103015837923,-0.001960584147816413,7.9808350444900755,False,JP225_USD,H4_frac_both,IS
H4_frac_both|IS,77.0,0.0,77.0,0.4155844155844156,0.6057981229575754,0.8519036104090904,,3.114718614718614,0.4155844155844156,-1563.0978476066666,-0.015630978476066665,-1287.0787609018362,0.0,-1287.0787609018362,217.83797250767867,0.0,217.83797250767867,139.01544562421955,0.0,78.82252688345913,-61.20853721143895,0.0,-61.20853721143895,0.0,-1566.1252706209536,-4.612416626165232,-7.6231638695423665e-06,0.0,-0.0001651821286724148,-0.001972085704936455,0.03795620437956204,0.42162162162162165,-0.41136725832709126,0.01683259649755864,0.0065096445567095484,-0.9275400499594864,-0.1171587345554491,0.0033361456080484263,0.0033361456080484263,0.11503398743175546,0.011503398743175545,0.0003336145608048426,0.006913686718161616,-0.002376509453652309,7.9808350444900755,False,WTICO_USD,H4_frac_both,IS
H4_frac_both|VAL,18.0,0.0,18.0,0.3333333333333333,0.4863498037968854,0.9726996075937709,,3.5740740740740744,0.3333333333333333,-438.60563283499505,-0.004386056328349951,-372.5829923808662,0.0,-372.5829923808662,34.49146093732845,0.0,34.49146093732845,4.749018147619739,20.415369341384462,9.327073448324246,-31.53117951681867,0.0,-31.53117951681867,0.0,-438.6056328350133,-5.643261005891244,-4.2392709839428e-06,0.0,-9.337328539268174e-05,-0.0011013358618646718,0.019342359767891684,0.40816326530612246,-0.4363824484317323,0.004762034821933159,0.004762034821933159,-0.9210466727686424,-0.2312742142900967,0.006608115318871705,0.006608115318871705,0.37949432781794024,0.012649810927264672,0.00022027051062905686,0.0014281035291656696,-0.0023195825434123574,3.9890485968514717,False,EUR_USD,H4_frac_both,VAL
H4_frac_both|VAL,46.0,0.0,46.0,0.391304347826087,0.6016261826779663,0.9358629508323919,,3.3414855072463765,0.391304347826087,-657.9320758579415,-0.006579320758579415,-487.40930245997464,0.0,-487.40930245997464,102.45878174773316,0.0,102.45878174773316,23.604558043546106,51.099878543386026,27.75434516080103,-68.06399165020137,0.0,-68.06399165020137,0.0,-657.9320758579092,-2.8583238047773762,-6.359941210752739e-06,0.0,-0.0001402914396257523,-0.0016534271376634768,0.05029013539651837,0.4126984126984127,-0.4601517579663408,0.008188185939523862,0.0035194117774054088,-0.8026786651078901,-0.20192838192431456,0.016386636293991064,0.016386636293991064,0.4145482764000148,0.013818275880000492,0.000546221209799702,0.002285153831746989,-0.0015474173195915153,3.9890485968514717,False,GBP_USD,H4_frac_both,VAL
H4_frac_both|VAL,49.0,0.0,49.0,0.42857142857142855,0.9046359456669609,1.2061812608892815,,3.4183673469387763,0.42857142857142855,-214.0798088715237,-0.002140798088715237,-98.31996842963552,0.0,-98.31996842963552,95.56773901480292,0.0,95.56773901480292,30.174642471188513,39.67543185127695,25.717664692337472,-20.192101427012908,0.0,-20.192101427012908,0.0,-214.07980887145135,-0.8493443672208059,-2.0314306727119956e-06,0.0,-3.225902302526393e-05,-0.0005370998225988632,0.047388781431334626,0.4049586776859504,-0.1122450120550884,0.013358928868081987,0.013358928868081987,-0.16012315440590497,-0.04020530597195833,0.011717667807521273,0.011717667807521273,0.41049069817027095,0.02052453490851355,0.0005858833903760637,0.004872065513832569,-0.0017132797755921025,3.9890485968514717,False,AUD_USD,H4_frac_both,VAL
H4_frac_both|VAL,37.0,0.0,37.0,0.2702702702702703,0.2756945359332115,0.7443752470196712,,3.3299549549549545,0.2702702702702703,-2370.599833534012,-0.02370599833534012,-2213.3248172426283,0.0,-2213.3248172426283,133.75889062139007,0.0,133.75889062139007,39.90887245891884,54.236936528234885,39.61308163423634,-23.516125670098077,0.0,-23.516125670098077,0.0,-2370.5998335341164,-14.072958753604752,-2.316886518967277e-05,0.0,-0.0005093333491240944,-0.005996293096088956,0.0367504835589942,0.37254901960784315,-1.4210859699979654,0.028496788309378185,0.028496788309378185,-0.8312725164292557,-0.21041996140019747,0.01582013857815064,0.01582013857815064,0.3244178276619525,0.01081392758873175,0.0005273379526050212,0.0013676691268056373,-0.002751741858156853,3.9890485968514717,False,USD_CAD,H4_frac_both,VAL
H4_frac_both|VAL,31.0,0.0,31.0,0.45161290322580644,1.1791681442677338,1.4318470323251054,,4.271505376344087,0.45161290322580644,282.5610892722616,0.002825610892722616,364.07594648216445,0.0,364.07594648216445,42.5169710588406,0.0,42.5169710588406,16.126643953568532,21.898866348745667,4.491460756526402,-38.997886151041484,0.0,-38.997886151041484,0.0,282.56108927228235,4.466375320326604,2.764185022505844e-06,0.0,6.122244848031578e-05,0.0007075934158800035,0.03868471953578337,0.45454545454545453,0.1649505408767186,0.011788379762539547,0.003481833471578333,0.23820225360154762,0.060024653950202234,0.008519030631894561,0.008519030631894561,0.29919369925278105,0.009973123308426035,0.00028396768772981877,0.00305670155772253,-0.0023178951680882243,3.9890485968514717,False,EUR_JPY,H4_frac_both,VAL
H4_frac_both|VAL,35.0,0.0,35.0,0.42857142857142855,1.0649837413982501,1.4199783218643336,,3.536904761904762,0.42857142857142855,89.42060518237122,0.0008942060518237121,216.34167929449487,0.0,216.34167929449487,62.94601635916402,0.0,62.94601635916402,27.910584923195188,25.757371826821505,9.27805960914733,-63.97505775307359,0.0,-63.97505775307359,0.0,89.42060518225725,1.7045370976232181,8.9503529598546e-07,0.0,1.9763466471426563e-05,0.00022409018314917262,0.035783365570599614,0.37755102040816324,0.05737259255316071,0.008993687043394205,0.003724139395248266,0.09903782689219229,0.02491638657960254,0.008675679982407168,0.008675679982407168,0.24302531220371332,0.012151265610185667,0.0004337839991203584,0.0029230550043606307,-0.0027505951706247034,3.9890485968514717,False,AUD_JPY,H4_frac_both,VAL
H4_frac_both|VAL,39.0,0.0,39.0,0.48717948717948717,1.197676565376449,1.2607121740804725,,4.0256410256410255,0.48717948717948717,284.7498267614865,0.0028474982676148647,358.77086804812035,0.0,358.77086804812035,65.55265835578913,0.0,65.55265835578913,35.00625846101638,10.626224087839315,19.920175806933447,-64.6960895845166,0.0,-64.6960895845166,0.0,228.52212010781466,2.754505311732812,2.780344782628513e-06,0.0,6.099550370538104e-05,0.000713068648518389,0.04655674102812803,0.43243243243243246,0.20843120428888817,0.004342775642870111,0.0019620035506981806,0.6535621737928522,0.1641965201884403,0.006709694032513223,0.006709694032513223,0.16035607242487232,0.008017803621243616,0.0003354847016256611,0.0026771570890686824,-0.0013305868097778228,3.9890485968514717,False,XAU_USD,H4_frac_both,VAL
H4_frac_both|VAL,58.0,0.0,58.0,0.29310344827586204,0.31932536722651716,0.7701376503698354,,3.2535919540229887,0.29310344827586204,-2445.6501236791955,-0.024456501236791956,-2054.0958281253884,0.0,-2054.0958281253884,282.4310476585969,0.0,282.4310476585969,163.72383056264238,0.0,118.70721709595456,-117.2046652691055,0.0,-117.2046652691055,0.0,-2453.731541053091,-5.139920586869552,-2.395360925121355e-05,0.0,-0.0005261308191883997,-0.006187901939760598,0.045542635658914726,0.35074626865671643,-1.3633917009760728,0.026874648560444414,0.026874648560444414,-0.9097608834453143,-0.2302505249824287,0.008811976643835663,0.008811976643835663,0.229285892144499,0.01146429460722495,0.0004405988321917831,0.001964280020517295,-0.0025308419968393947,3.9890485968514717,False,NAS100_USD,H4_frac_both,VAL
H4_frac_both|VAL,54.0,0.0,54.0,0.3333333333333333,0.29098571220564395,0.5819714244112878,,2.5254629629629624,0.3333333333333333,-2076.0917558679503,-0.020760917558679502,-1663.246969063775,0.0,-1663.246969063775,277.0927831111967,0.0,277.0927831111967,150.14726141366512,0.0,126.94552169753158,-134.49883674543625,0.0,-134.49883674543625,0.0,-2074.838588920408,-4.041012714600757,-2.028804997448147e-05,0.0,-0.0004456655148840579,-0.0052454572162681234,0.03391472868217054,0.30434782608695654,-1.1285212825690902,0.021151466791630713,0.021151466791630713,-0.9815355957674885,-0.2479949626161938,0.0077529732794274445,0.0077529732794274445,0.20921191201253422,0.010460595600626711,0.0003876486639713721,0.0034135960323720127,-0.002452216312709199,3.9890485968514717,False,SPX500_USD,H4_frac_both,VAL
H4_frac_both|VAL,26.0,0.0,26.0,0.38461538461538464,0.97656641044474,1.5625062567115842,,4.1730769230769225,0.38461538461538464,-24.78299125713238,-0.0002478299125713238,149.0011057098503,0.0,149.0011057098503,64.94091436726151,0.0,64.94091436726151,33.16370185308421,0.0,31.777212514177293,-108.84318259977124,0.0,-108.84318259977124,0.0,-24.78299125718246,0.857392064695748,-2.1887710922662735e-07,0.0,-4.840925541032749e-06,-6.213334362237255e-05,0.03663366336633663,0.3978494623655914,-0.015075471571996105,0.005220117581970718,0.003001883007963757,-0.04733005271764783,-0.011902671280234983,0.007067484693395509,0.007067484693395509,0.1595133874238041,0.007975669371190205,0.00035337423466977547,0.0020148749827257895,-0.0019303281568382458,3.9890485968514717,False,UK100_GBP,H4_frac_both,VAL
H4_frac_both|VAL,33.0,0.0,33.0,0.42424242424242425,0.7048754583337082,0.9566166934528898,,3.6300505050505047,0.42424242424242425,-457.2796702107007,-0.004572796702107008,-263.84054248748316,0.0,-263.84054248748316,150.99059442481544,0.0,150.99059442481544,86.24901732465271,0.0,64.74157710016273,-56.341431170011205,0.0,-56.341431170011205,0.0,-471.1725680823098,-1.2725508359383266,-4.4182660664510654e-06,0.0,-6.474513420438127e-05,-0.0011483068697782928,0.027158098933074686,0.3684210526315789,-0.3005196416670337,0.0070540809632879675,0.00597538179698659,-0.6475142439642795,-0.1627861766478871,0.004222701444629113,0.004222701444629113,0.17890364498493627,0.008945182249246814,0.00021113507223145564,0.0025878710065423416,-0.0016181025233363844,3.9890485968514717,False,JP225_USD,H4_frac_both,VAL
H4_frac_both|VAL,39.0,0.0,39.0,0.41025641025641024,0.7569056244388721,1.0880518351308786,,3.586538461538462,0.41025641025641024,-437.81499689516204,-0.004378149968951621,-252.584058228517,0.0,-252.584058228517,137.56627341096723,0.0,137.56627341096723,87.34917431999456,0.0,50.217099090972674,-47.66466525564461,0.0,-47.66466525564461,0.0,-437.8149968951288,-1.3636170072167628,-4.225662740844487e-06,0.0,-9.278159964342989e-05,-0.0010993473124163433,0.040737148399612025,0.44680851063829785,-0.272990361424867,0.01087159692353945,0.0060261177185387815,-0.40257234449489565,-0.10112105150219554,0.0040638469481005645,0.0040638469481005645,0.15795863613751573,0.015795863613751574,0.00040638469481005647,0.0023769583220993873,-0.002462111759739316,3.9890485968514717,False,WTICO_USD,H4_frac_both,VAL
H4_frac_both|OOS,34.0,0.0,34.0,0.2647058823529412,0.617830078972009,1.716194663811136,,3.1715686274509807,0.2647058823529412,-757.2666781485314,-0.0075726667814853136,-591.0093282328328,0.0,-591.0093282328328,77.11674014912273,0.0,77.11674014912273,11.064747524376843,44.56391206096756,21.488080563778325,-89.14060976652397,0.0,-89.14060976652397,0.0,-757.2666781484795,-3.554786170552404,-8.703043129184714e-06,0.0,-0.00018935452677313892,-0.0022620725567941147,0.040229885057471264,0.3645833333333333,-0.5274457474185874,0.014320860481513153,0.014320860481513153,-0.5286787896931631,-0.1579564691461265,0.015643758426827376,0.015643758426827376,0.3765927278742732,0.012553090929142441,0.0005214586142275791,0.0023057002568187546,-0.0016586630583733664,3.356605065023956,False,EUR_USD,H4_frac_both,OOS
H4_frac_both|OOS,21.0,0.0,21.0,0.23809523809523808,0.2709146089410829,0.8669267486114651,,2.882936507936508,0.23809523809523808,-815.8657964069862,-0.008158657964069862,-730.9999104117105,0.0,-730.9999104117105,53.39763914644046,0.0,53.39763914644046,13.265674176162172,24.21315595888367,15.918809011394623,-31.468246848796497,0.0,-31.468246848796497,0.0,-815.8657964069475,-8.613589569461837,-9.398691543592558e-06,0.0,-0.00020454866412570049,-0.0024376216699572018,0.028735632183908046,0.44642857142857145,-0.7973044075163507,0.010613930279957162,0.0030636931223410047,-0.7674305611810714,-0.22966249124137264,0.007961286595608042,0.007961286595608042,0.33560826420421863,0.011186942140140621,0.0002653762198536014,0.001120351015940102,-0.002195387329957499,3.356605065023956,False,GBP_USD,H4_frac_both,OOS
H4_frac_both|OOS,41.0,0.0,41.0,0.5365853658536586,1.4773744578541521,1.2759143045104042,,4.804878048780488,0.5365853658536586,833.1403157966124,0.008331403157966124,1056.9309978591175,0.0,1056.9309978591175,109.75242282632362,0.0,109.75242282632362,37.282395510408875,41.425400629481615,31.044626686433126,-114.03825923613641,0.0,-114.03825923613641,0.0,833.1403157966574,4.722855250801406,9.583365159786426e-06,0.0,0.00020855227251339315,0.002474867029879313,0.07011494252873564,0.5041322314049587,0.497643157819465,0.0077668845871191605,0.0020153868385335036,1.0625109306114302,0.3186434666460357,0.0213266015143903,0.0213266015143903,0.38478682906495754,0.019239341453247877,0.001066330075719515,0.002976399358066484,-0.002563395307119909,3.356605065023956,False,AUD_USD,H4_frac_both,OOS
H4_frac_both|OOS,27.0,0.0,27.0,0.4074074074074074,0.7206942256838889,1.0482825100856565,,4.064814814814815,0.4074074074074074,-375.4230893720087,-0.003754230893720087,-231.72549328672778,0.0,-231.72549328672778,90.78074597846899,0.0,90.78074597846899,28.782012587176943,38.01638404946505,23.982349341826986,-52.91685010686947,0.0,-52.91685010686947,0.0,-375.4230893720662,-1.6125913000598264,-4.295420517726524e-06,0.0,-9.350147362246763e-05,-0.0011199378631397972,0.035632183908045977,0.41333333333333333,-0.288634152908427,0.007504152264557251,0.0020806113697109663,-0.4984040354871424,-0.14924242254909442,0.01613153479638145,0.01613153479638145,0.5429704734777808,0.018099015782592695,0.0005377178265460482,0.0019077520537429393,-0.004078130280548264,3.356605065023956,False,USD_CAD,H4_frac_both,OOS
H4_frac_both|OOS,22.0,0.0,22.0,0.18181818181818182,0.10844372334031632,0.4879967550314235,,3.0037878787878785,0.18181818181818182,-987.4815994802339,-0.009874815994802338,-903.8063985751969,0.0,-903.8063985751969,49.94422706855566,0.0,49.94422706855566,19.060429741330417,25.193973084923154,5.689824242302098,-33.73097383647348,0.0,-33.73097383647348,0.0,-987.481599480226,-10.801365145223993,-1.1395536996056558e-05,0.0,-0.0002479388002864513,-0.0029521613288502335,0.02413793103448276,0.3,-1.2094220799558977,0.009941174095745686,0.005278053552276396,-0.993258350615398,-0.29696304484936115,0.009505913913361622,0.009505913913361622,0.22330857096025838,0.007443619032008613,0.0003168637971120541,0.001092289026756621,-0.0013718926495888129,3.356605065023956,False,EUR_JPY,H4_frac_both,OOS
H4_frac_both|OOS,33.0,0.0,33.0,0.36363636363636365,0.5856675072094462,1.0249181376165308,,4.007575757575758,0.36363636363636365,-930.9271343573346,-0.009309271343573346,-820.0807264556449,0.0,-820.0807264556449,79.11476187058742,0.0,79.11476187058742,39.725868997231345,27.700022637388496,11.688870235967567,-31.731646031099327,0.0,-31.731646031099327,0.0,-930.9271343573317,-7.398351845402162,-1.0710552788744645e-05,0.0,-0.0002321050026210525,-0.0027825302271305974,0.03908045977011494,0.4,-0.6021526198793227,0.0152462289697739,0.006020317136508894,-0.6102810163942448,-0.18250612873826347,0.010834897391119576,0.010834897391119576,0.2959547464984055,0.014797737324920273,0.0005417448695559789,0.003524835661356196,-0.0025355169061407334,3.356605065023956,False,AUD_JPY,H4_frac_both,OOS
H4_frac_both|OOS,14.0,0.0,14.0,0.5,0.7898401353759562,0.7898401353759561,,2.8809523809523805,0.5,-155.2249607071135,-0.001552249607071135,-107.1152370348841,0.0,-107.1152370348841,35.73961567256649,0.0,35.73961567256649,17.90363588049551,6.428937668685443,11.407042123385532,-12.370107999690727,0.0,-12.370107999690727,0.0,-155.22496070714132,-2.2264779104655883,-1.7750250925537837e-06,0.0,-3.8568879211453575e-05,-0.00046269851413682783,0.01384083044982699,0.3157894736842105,-0.15388019669969769,0.004069592823306878,0.0027031034381527577,-0.38046459544316674,-0.11369651319584531,0.003798151330616704,0.003798151330616704,0.1702057549177872,0.00851028774588936,0.00018990756653083522,0.0028200940549418796,-0.0012940159203578272,3.356605065023956,False,XAU_USD,H4_frac_both,OOS
H4_frac_both|OOS,25.0,0.0,25.0,0.52,1.367902004936761,1.2626787737877794,,3.0500000000000007,0.52,398.3063967008493,0.003983063967008493,484.99391630463936,0.0,484.99391630463936,58.826095322425815,0.0,58.826095322425815,32.92050191050413,0.0,25.90559341192169,-27.86142428129763,0.0,-27.86142428129763,0.0,398.3063967009159,5.594737495336153,4.6415320929748836e-06,0.0,0.00010028922117883144,0.0011849792463589637,0.02424942263279446,0.3620689655172414,0.2297736303734076,0.006396469082719958,0.0033677592000790346,0.6191724156851862,0.1852552136240573,0.003689722869791991,0.003689722869791991,0.16752878025654377,0.008376439012827188,0.00018448614348959958,0.0050881265494744365,-0.002413201398546505,3.356605065023956,False,NAS100_USD,H4_frac_both,OOS
H4_frac_both|OOS,27.0,0.0,27.0,0.4444444444444444,1.1890536401578606,1.4863170501973257,,3.5586419753086425,0.4444444444444444,292.17705472964735,0.0029217705472964735,472.3557680449101,0.0,472.3557680449101,107.94711356926553,0.0,107.94711356926553,54.9771154607195,0.0,52.96999810854603,-72.23159974604357,0.0,-72.23159974604357,0.0,292.177054729601,2.6215958553233594,3.43958535954208e-06,0.0,7.415266244692464e-05,0.0008695627607715473,0.03117782909930716,0.40298507462686567,0.14505956771557366,0.009034884248172559,0.005428397988489671,0.32206605526599846,0.09624503611625455,0.006025854798600204,0.006025854798600204,0.36211527406875343,0.018105763703437673,0.0003012927399300103,0.006222711875214282,-0.0026222949879474156,3.356605065023956,False,SPX500_USD,H4_frac_both,OOS
H4_frac_both|OOS,36.0,0.0,36.0,0.3888888888888889,0.9319596419852965,1.4645080088340374,,3.1805555555555554,0.3888888888888889,-120.39349411519652,-0.0012039349411519652,53.31549726597798,0.0,53.31549726597798,98.05483825854427,0.0,98.05483825854427,49.77593098719575,0.0,48.27890727134852,-75.6541531226881,0.0,-75.6541531226881,0.0,-120.39349411525438,0.30692422333492536,-1.3732006829037833e-06,0.0,-2.166781322747169e-05,-0.00035882806699583103,0.043580683156654886,0.3854166666666667,-0.07203724656414214,0.008785391068267145,0.0026387806434056324,-0.13664326086717443,-0.04084372160641988,0.008469121610688449,0.008469121610688449,0.2386867101554616,0.01193433550777308,0.00042345608053442234,0.0032108388840081936,-0.0027288584503626367,3.356605065023956,False,UK100_GBP,H4_frac_both,OOS
H4_frac_both|OOS,34.0,0.0,34.0,0.35294117647058826,0.9083511870939145,1.6653105096721765,,3.5551470588235294,0.35294117647058826,-173.85375738267612,-0.0017385375738267611,30.639416518916676,0.0,30.639416518916676,148.5657227449945,0.0,148.5657227449945,84.27427593235174,0.0,64.29144681264277,-55.92745115658932,0.0,-55.92745115658932,0.0,-173.85375738266714,0.1498309989245043,-1.963036146487396e-06,0.0,-4.2607922497348015e-05,-0.0005182616395895678,0.04387990762124711,0.3877551020408163,-0.10233256328004267,0.007667507343812829,0.003170266281880533,-0.22539422631332678,-0.06759193259955214,0.006168446233991645,0.006168446233991645,0.19583453428935713,0.009791726714467857,0.0003084223116995822,0.00465315932120669,-0.0017481812773035843,3.356605065023956,False,JP225_USD,H4_frac_both,OOS
H4_frac_both|OOS,27.0,0.0,27.0,0.5925925925925926,2.9930327263547682,2.057709999368903,,4.47067901234568,0.5925925925925926,1056.8503854853625,0.010568503854853625,1177.8448897568016,0.0,1177.8448897568016,98.87376923871143,0.0,98.87376923871143,64.43629640105993,0.0,34.4374728376515,-29.26066824301499,0.0,-29.26066824301499,0.0,1049.710452275075,9.19225863792298,1.2168920042475212e-05,0.0,0.00026342510508542416,0.003136957814220853,0.042725173210161664,0.5362318840579711,0.8004618712741872,0.004400639411057727,0.001508024222849333,2.3764679834296696,0.7128413671746082,0.003065732261358928,0.003065732261358928,0.10283956986944161,0.01028395698694416,0.0003065732261358927,0.0023378796034645433,-0.0017139695414136735,3.356605065023956,False,WTICO_USD,H4_frac_both,OOS
H4_risk_both_cap1|IS,80.0,0.0,80.0,0.4375,1.198745533372287,1.5412442571929403,,3.709895833333333,0.4375,1217.6909529546974,0.012176909529546974,1588.0786466372313,0.0,1588.0786466372313,217.0511098406264,0.0,217.0511098406264,32.899826269230765,130.93819132259412,53.21309224880151,-153.33658384198466,0.0,-153.33658384198466,0.0,1217.6909529546201,4.287611801697904,5.919875720787142e-06,0.0,0.0001302548604889232,0.001517704557787214,0.04707012487992315,0.4298245614035088,0.20346867762101542,0.02316090842208629,0.00472297211857331,0.5087806079337263,0.06552871459652798,0.02066149374807123,0.02066149374807123,0.5022487367415017,0.016741624558050058,0.000688716458269041,0.006107141699654761,-0.0038384441676095893,7.9808350444900755,False,EUR_USD,H4_risk_both_cap1,IS
H4_risk_both_cap1|IS,76.0,0.0,76.0,0.5131578947368421,1.0589022616070887,1.0045995815246738,,3.6178728070175445,0.5131578947368421,306.96683157038933,0.0030696683157038934,681.4004387809973,0.0,681.4004387809973,270.97701668760646,0.0,270.97701668760646,69.78664934718284,134.35063150258077,66.83973583784288,-103.45659052284614,0.0,-103.45659052284614,0.0,306.96683157054474,1.8198164525280238,1.5475938485810715e-06,0.0,3.394697734897534e-05,0.0003841145817276015,0.053794428434197884,0.47863247863247865,0.0632113596693897,0.019454662344436713,0.0033610470555022753,0.15455970815113668,0.019744088842407668,0.022237753605033772,0.022237753605033772,0.5696107884872603,0.018987026282908676,0.0007412584535011257,0.003971137273160119,-0.003395508570773864,7.9808350444900755,False,GBP_USD,H4_risk_both_cap1,IS
H4_risk_both_cap1|IS,66.0,0.0,66.0,0.36363636363636365,0.740933079488452,1.2966328891047911,,3.450126262626263,0.36363636363636365,-1743.967139396671,-0.01743967139396671,-1167.9701784520787,0.0,-1167.9701784520787,234.24325105664872,0.0,234.24325105664872,73.98965420858248,97.72694442305914,62.52665242500713,-341.75370988808885,0.0,-341.75370988808885,0.0,-1743.9671393968163,-2.027736702874959,-8.32997832580819e-06,0.0,-0.0001829207819480068,-0.002202044757570243,0.040345821325648415,0.4077669902912621,-0.269479596428909,0.03858263443246679,0.00697165883596919,-0.4459749556693062,-0.05707346815377777,0.01603639870786142,0.01603639870786142,0.40913690709332284,0.02045684535466614,0.0008018199353930711,0.0060907055670293975,-0.0043846691712181585,7.9808350444900755,False,AUD_USD,H4_risk_both_cap1,IS
H4_risk_both_cap1|IS,77.0,0.0,77.0,0.33766233766233766,0.5709256526983141,1.119892626446693,,2.6910173160173163,0.33766233766233766,-3121.64722504378,-0.0312164722504378,-2602.959757681324,0.0,-2602.959757681324,361.1218642389961,0.0,361.1218642389961,118.82086992263876,135.91840441718495,106.3825898991724,-157.56560312343373,0.0,-157.56560312343373,0.0,-3121.647225043754,-5.0183586870097265,-1.5152232064244088e-05,0.0,-0.0003319837830226567,-0.003965895850350343,0.034101825168107586,0.3480392156862745,-0.6004853816085787,0.03409431150918163,0.018146241143170816,-0.9152905100474387,-0.11632133557770549,0.018024353345457628,0.018024353345457628,0.44167258044174634,0.014722419348058213,0.0006008117781819208,0.004763874046089578,-0.0031541834398627344,7.9808350444900755,False,USD_CAD,H4_risk_both_cap1,IS
H4_risk_both_cap1|IS,68.0,0.0,68.0,0.4411764705882353,0.8361126398054443,1.0590760104202295,,3.176470588235294,0.4411764705882353,-981.6649210867909,-0.009816649210867908,-595.5699761430592,0.0,-595.5699761430592,197.4663944517296,0.0,197.4663944517296,78.80262438044467,97.9162567941014,20.747513277183522,-188.62855049197725,0.0,-188.62855049197725,0.0,-981.6649210867661,-1.54254797671566,-4.64899686125886e-06,0.0,-0.00010214033593951215,-0.0012353413470961305,0.037463976945244955,0.42162162162162165,-0.17456021269986885,0.020580207819474894,0.016313341679447313,-0.47631253884122593,-0.0600256983764341,0.014036009870976817,0.014036009870976817,0.42624042703474063,0.014208014234491355,0.0004678669956992272,0.005154270845839859,-0.004426156823674643,7.9808350444900755,False,EUR_JPY,H4_risk_both_cap1,IS
H4_risk_both_cap1|IS,70.0,0.0,70.0,0.44285714285714284,0.8636921002806859,1.0865803842240886,,3.358928571428571,0.44285714285714284,-944.7847434636205,-0.009447847434636206,-369.9723672174237,0.0,-369.9723672174237,216.2447853199387,0.0,216.2447853199387,108.06408055803676,78.09169417973156,30.08901058217037,-358.56759092626413,0.0,-358.56759092626413,0.0,-944.7847434636265,-0.6436402250652963,-4.448419914011126e-06,0.0,-9.732249945562917e-05,-0.0011887375306820491,0.03842459173871278,0.43243243243243246,-0.14975555465725882,0.029359929167629417,0.013622047262131926,-0.31861284058052103,-0.04048843319392893,0.011578935194846507,0.011578935194846507,0.3732580591286364,0.01866290295643182,0.0005789467597423255,0.007899528839028225,-0.00399207785970912,7.9808350444900755,False,AUD_JPY,H4_risk_both_cap1,IS
H4_risk_both_cap1|IS,40.0,0.0,40.0,0.325,0.4046033437226168,0.8403300215777426,,3.494791666666667,0.325,-2193.6316762039205,-0.021936316762039203,-1967.0763170491296,0.0,-1967.0763170491296,165.35684178881326,0.0,165.35684178881326,88.97469925757376,21.87283999168095,54.50930253955855,-61.198517365916985,0.0,-61.198517365916985,0.0,-2193.6316762038596,-8.682541540346781,-1.2512311798969862e-05,0.0,-0.00027309969960042654,-0.003269270734388652,0.026062322946175637,0.3865546218487395,-0.6017530959933123,0.027561480808641625,0.014784738736842051,-0.7944387659513591,-0.11861738333607985,0.007075948650334687,0.007075948650334687,0.22856119284274823,0.01142805964213741,0.00035379743251673433,0.0032259867872832526,-0.003297235776889451,6.7734428473648185,False,XAU_USD,H4_risk_both_cap1,IS
H4_risk_both_cap1|IS,55.0,0.0,55.0,0.4,0.9939746696004947,1.490962004400742,,3.682575757575758,0.4,-26.452813408497605,-0.00026452813408497607,915.1938244241345,0.0,915.1938244241345,826.1240086226173,0.0,826.1240086226173,458.28557740668225,0.0,367.83843121593503,-115.52262920993442,0.0,-115.52262920993442,0.0,-26.452813408417256,0.971907919228273,-1.6696970578227545e-08,0.0,-8.569661321759718e-07,-3.314925584707584e-05,0.035368217054263566,0.44785276073619634,-0.0005609723385106946,0.020843385013362803,0.008557300461864148,-0.012648588358944128,-0.001590396944921551,0.007295653048682544,0.007295653048682544,0.22724606506260644,0.011362303253130323,0.0003647826524341272,0.0055657250374032685,-0.004225253213156033,7.9808350444900755,False,NAS100_USD,H4_risk_both_cap1,IS
H4_risk_both_cap1|IS,56.0,0.0,56.0,0.35714285714285715,0.7199812643248928,1.2959662757848072,,3.3013392857142856,0.35714285714285715,-1290.2896555255866,-0.012902896555255866,-473.6012133377549,0.0,-473.6012133377549,689.8023619993121,0.0,689.8023619993121,351.4208669835322,0.0,338.3814950157799,-126.88608018865362,0.0,-126.88608018865362,0.0,-1290.2896555257205,-0.5799043905518535,-6.185234247714101e-06,0.0,-0.00013512163502691472,-0.0016259327694124748,0.030038759689922482,0.4025974025974026,-0.21225092415714752,0.02392949706361469,0.0068781313681524625,-0.5342391757020956,-0.06794680076601944,0.008518624748909418,0.008518624748909418,0.2818629351580283,0.014093146757901414,0.0004259312374454709,0.006139455509189151,-0.004796224668431659,7.9808350444900755,False,SPX500_USD,H4_risk_both_cap1,IS
H4_risk_both_cap1|IS,48.0,0.0,48.0,0.20833333333333334,0.28894486226767657,1.0979904766171709,,4.7109375,0.20833333333333334,-4851.01385824621,-0.048510138582462094,-4232.033034057486,0.0,-4232.033034057486,253.62921814214232,0.0,253.62921814214232,128.03694683291985,0.0,125.59227130922247,-365.35160604670244,0.0,-365.35160604670244,0.0,-4851.0138582463305,-6.837098773784203,-2.4488498658969585e-05,0.0,-0.0005212129174613036,-0.006215588039699904,0.035625927758535375,0.375,-0.8067898368109432,0.05276568019139993,0.05276568019139993,-0.917920394299813,-0.11779603744619135,0.011500150301031962,0.011500150301031962,0.31552521740182343,0.01577626087009117,0.0005750075150515982,0.007470829567182147,-0.0035308627957612027,7.975359342915811,False,UK100_GBP,H4_risk_both_cap1,IS
H4_risk_both_cap1|IS,48.0,0.0,48.0,0.4166666666666667,0.6712322410072925,0.9397251374102095,,4.111979166666667,0.4166666666666667,-1719.73116968057,-0.0171973116968057,-988.5727824400822,0.0,-988.5727824400822,628.9338354429387,0.0,628.9338354429387,351.50729796716837,0.0,277.4265374757703,-102.22455179753177,0.0,-102.22455179753177,0.0,-1719.7311696805527,-1.3520637931421973,-8.338964568022618e-06,0.0,-0.00018112709364607825,-0.002171209427247134,0.032524271844660196,0.40853658536585363,-0.3270597570638888,0.028700397136922295,0.017104756826699485,-0.5986162389735459,-0.07565084959935732,0.007211344091271687,0.007211344091271687,0.2484936007914164,0.012424680039570821,0.00036056720456358434,0.006562048762527528,-0.0036210334545657696,7.9808350444900755,False,JP225_USD,H4_risk_both_cap1,IS
H4_risk_both_cap1|IS,67.0,0.0,67.0,0.40298507462686567,0.5370411505242527,0.7956165192951892,,3.0522388059701493,0.40298507462686567,-3378.8512115339836,-0.033788512115339835,-2916.459108080777,0.0,-2916.459108080777,378.32233135276687,0.0,378.32233135276687,242.8385237552866,0.0,135.48380759748028,-90.00923000577939,0.0,-90.00923000577939,0.0,-3384.790669439323,-6.2273383831332,-1.662245991338295e-05,0.0,-0.0003599612007129666,-0.004297623475946533,0.03844282238442823,0.42702702702702705,-0.5791634396191415,0.0366374961975926,0.013705525715494474,-0.9203053628383483,-0.11730123294366725,0.005677754469123207,0.005677754469123207,0.13559917858755927,0.013559917858755927,0.0005677754469123207,0.007642997511892791,-0.004768359510538778,7.9808350444900755,False,WTICO_USD,H4_risk_both_cap1,IS
H4_risk_both_cap1|VAL,16.0,0.0,16.0,0.375,0.53421319930792,0.8903553321798666,,3.432291666666667,0.375,-722.573123179187,-0.0072257312317918695,-611.9073107724441,0.0,-611.9073107724441,59.51149045313636,0.0,59.51149045313636,8.134610071492284,35.44847483229001,15.928405549354071,-51.15432195365821,0.0,-51.15432195365821,0.0,-722.5731231792388,-5.529325610723793,-6.981790059764048e-06,0.0,-0.0001537554935731399,-0.0018163166393347918,0.019342359767891684,0.40816326530612246,-0.4400665728668112,0.008753072527897476,0.008753072527897476,-0.8255079811988625,-0.20750617952106454,0.011078992587321463,0.011078992587321463,0.5681916584179691,0.01893972194726564,0.0003692997529107155,0.0026939692107836866,-0.003217718497713018,3.9890485968514717,False,EUR_USD,H4_risk_both_cap1,VAL
H4_risk_both_cap1|VAL,40.0,0.0,40.0,0.45,0.7266082146700229,0.8880767068189168,,3.483333333333333,0.45,-747.359873511421,-0.0074735987351142105,-447.3849032422975,0.0,-447.3849032422975,179.20063193446111,0.0,179.20063193446111,41.21908287308416,89.66047975263376,48.32106930874316,-120.77433833477218,0.0,-120.77433833477218,0.0,-747.3598735115309,-1.4914074425634947,-7.1761148111686225e-06,0.0,-0.00015894587103178824,-0.0018787980530876602,0.05029013539651837,0.4126984126984127,-0.28663574032478406,0.012640700866877186,0.005477251855778372,-0.5895184810972827,-0.14863084514646907,0.02930118797039394,0.02930118797039394,0.5915111315107237,0.01971703771702412,0.000976706265679798,0.004131287325146005,-0.002797480820046272,3.9890485968514717,False,GBP_USD,H4_risk_both_cap1,VAL
H4_risk_both_cap1|VAL,43.0,0.0,43.0,0.3953488372093023,0.7930363131249918,1.2128790671323402,,3.471899224806202,0.3953488372093023,-857.3813990009075,-0.008573813990009076,-653.2517622968281,0.0,-653.2517622968281,165.21896321086368,0.0,165.21896321086368,52.904942132668666,68.05465773790282,44.2593633402922,-38.9106734931826,0.0,-38.9106734931826,0.0,-857.3813990008744,-3.200180889186285,-8.220868599150807e-06,0.0,-0.0001943146017710589,-0.0021562769714563723,0.048355899419729204,0.4132231404958678,-0.2822321598588025,0.026876408489711734,0.026876408489711734,-0.3184313342662038,-0.08022935699469642,0.01989365354140114,0.01989365354140114,0.41185021504549446,0.02059251075227472,0.000994682677070057,0.006023324456923884,-0.003426559551184427,3.9890485968514717,False,AUD_USD,H4_risk_both_cap1,VAL
H4_risk_both_cap1|VAL,34.0,0.0,34.0,0.29411764705882354,0.2833034553253323,0.6799282927807976,,3.426470588235294,0.29411764705882354,-4145.775942290682,-0.04145775942290682,-3865.913067677273,0.0,-3865.913067677273,242.21600652512845,0.0,242.21600652512845,72.58141008809653,97.63373016159085,72.00086627544107,-37.64686808833939,0.0,-37.64686808833939,0.0,-4145.77594229074,-13.813597366269722,-4.083299505703526e-05,0.0,-0.0008970337812686017,-0.010558338116968158,0.037717601547388784,0.38235294117647056,-1.3487341666535886,0.04945567297562148,0.04945567297562148,-0.8370513911374403,-0.2134909401025187,0.02806657736776332,0.02806657736776332,0.5868302574863837,0.019561008582879458,0.0009355525789254438,0.0027447175118964218,-0.0051042563881043,3.9890485968514717,False,USD_CAD,H4_risk_both_cap1,VAL
H4_risk_both_cap1|VAL,27.0,0.0,27.0,0.37037037037037035,0.8965395787886241,1.5241172839406611,,4.447530864197531,0.37037037037037035,-325.02281099854736,-0.0032502281099854734,-174.91407480963764,0.0,-174.91407480963764,78.1232607153274,0.0,78.1232607153274,29.773192864784253,39.99672535184527,8.353342498697883,-71.98547547351522,0.0,-71.98547547351522,0.0,-325.0228109984803,-1.1652491337318898,-3.0429993261724845e-06,0.0,-6.597878908096096e-05,-0.000815781863043874,0.03868471953578337,0.45454545454545453,-0.10514647786631343,0.02348629282001191,0.008177978234455485,-0.13789150971749747,-0.03473438184968777,0.015948027471886114,0.015948027471886114,0.47189445014022263,0.01572981500467409,0.0005316009157295371,0.0034959199133213215,-0.0046357903361765596,3.9890485968514717,False,EUR_JPY,H4_risk_both_cap1,VAL
H4_risk_both_cap1|VAL,31.0,0.0,31.0,0.3870967741935484,0.8223264885394533,1.302016940187468,,3.330645161290322,0.3870967741935484,-482.78927044940065,-0.004827892704494007,-260.14030460456655,0.0,-260.14030460456655,113.9637482534577,0.0,113.9637482534577,50.51063543788294,46.56905865601684,16.884054159557923,-108.68521759134102,0.0,-108.68521759134102,0.0,-482.7892704493653,-1.1683876617953923,-4.5968020695130576e-06,0.0,-0.000101150008964809,-0.001212482114376634,0.0367504835589942,0.3877551020408163,-0.17833327997482035,0.01767875944988162,0.01767875944988162,-0.27268107789664187,-0.06858411744409774,0.015234557311970353,0.015234557311970353,0.4597179061408865,0.022985895307044323,0.0007617278655985176,0.004042543626017414,-0.005495602911682607,3.9890485968514717,False,AUD_JPY,H4_risk_both_cap1,VAL
H4_risk_both_cap1|VAL,33.0,0.0,33.0,0.48484848484848486,1.2255369517167671,1.302133011199065,,4.305555555555555,0.48484848484848486,515.3079460644221,0.005153079460644221,636.3557322543056,0.0,636.3557322543056,112.86549321000928,0.0,112.86549321000928,60.47686494868261,18.17075593874122,34.21787232258545,-120.8786989028983,0.0,-120.8786989028983,0.0,402.61154014139805,2.7224451076282614,5.050205280860668e-06,0.0,0.0001106696973528947,0.0012893200975694352,0.04655674102812803,0.43243243243243246,0.222327944542134,0.006336061398295345,0.0030176334430461332,0.8084766268240691,0.20348920512612365,0.012491145499796444,0.012491145499796444,0.22107652912826384,0.011053826456413193,0.0006245572749898222,0.00412570673655277,-0.002208101327251244,3.9890485968514717,False,XAU_USD,H4_risk_both_cap1,VAL
H4_risk_both_cap1|VAL,52.0,0.0,52.0,0.3076923076923077,0.35448030841079575,0.7975806939242904,,3.237179487179487,0.3076923076923077,-4076.9620826660976,-0.040769620826660975,-3393.244640554026,0.0,-3393.244640554026,499.2612474323381,0.0,499.2612474323381,291.49156223010885,0.0,207.76968520222925,-200.34875315976018,0.0,-200.34875315976018,0.0,-4092.8546411461243,-4.850194590818076,-4.021487668322879e-05,0.0,-0.0008831211412067139,-0.010380318136272937,0.046511627906976744,0.3582089552238806,-1.3155952520840286,0.045868158126813774,0.045868158126813774,-0.8878101840227359,-0.22630771672963193,0.01504485206073091,0.01504485206073091,0.24333457446205592,0.012166728723102796,0.0007522426030365457,0.003359335243398043,-0.003177265870926038,3.9890485968514717,False,NAS100_USD,H4_risk_both_cap1,VAL
H4_risk_both_cap1|VAL,49.0,0.0,49.0,0.32653061224489793,0.3054954939600592,0.6300844562926221,,2.552721088435374,0.32653061224489793,-3661.2495631230267,-0.036612495631230264,-2940.922486441005,0.0,-2940.922486441005,483.30626049988086,0.0,483.30626049988086,258.1807372877609,0.0,225.12552321211993,-234.55505393895893,0.0,-234.55505393895893,0.0,-3658.7838008798444,-4.096783636739022,-3.6035341192083677e-05,0.0,-0.0007909448589314664,-0.009306909161944987,0.03488372093023256,0.3130434782608696,-1.2359167809469471,0.0385078626275861,0.0385078626275861,-0.9507797403692296,-0.24168854168700973,0.01363832916315399,0.01363832916315399,0.29049713851338943,0.01452485692566947,0.0006819164581576995,0.0049456609320541745,-0.0038043235265107223,3.9890485968514717,False,SPX500_USD,H4_risk_both_cap1,VAL
H4_risk_both_cap1|VAL,25.0,0.0,25.0,0.4,1.0397166280176027,1.559574942026404,,4.2716666666666665,0.4,78.89065363619011,0.0007889065363619011,423.0688630601569,0.0,423.0688630601569,125.84056687605755,0.0,125.84056687605755,64.30598606644847,0.0,61.53458080960909,-218.33764254791078,0.0,-218.33764254791078,0.0,78.89065363618857,1.229214550706808,8.848192935531382e-07,0.0,1.8403066954945304e-05,0.00019770966633503306,0.03663366336633663,0.3978494623655914,0.030772685222185302,0.009214365672922109,0.005720296440220807,0.085099802568495,0.02145667681889754,0.013891845939503255,0.013891845939503255,0.31929235613184814,0.015964617806592404,0.0006945922969751627,0.004033104624857398,-0.0038555078276507615,3.9890485968514717,False,UK100_GBP,H4_risk_both_cap1,VAL
H4_risk_both_cap1|VAL,29.0,0.0,29.0,0.4827586206896552,0.8126754009240122,0.870723643847156,,3.4152298850574714,0.4827586206896552,-490.31971799969324,-0.004903197179996932,-169.85152108304783,0.0,-169.85152108304783,259.87568570455113,0.0,259.87568570455113,149.81925062307312,0.0,110.05643508147801,-88.37860108519432,0.0,-88.37860108519432,0.0,-518.1058078727933,-0.48772270012456087,-4.684244434294961e-06,0.0,-3.846519328162764e-05,-0.0012314290371369108,0.028128031037827354,0.3815789473684211,-0.18212974477074606,0.011548232576327977,0.007889828330860604,-0.4230326862809092,-0.10663355011234729,0.006550454518106625,0.006550454518106625,0.19171448492945525,0.009585724246472763,0.00032752272590533125,0.005175742013085127,-0.003234926183239062,3.9890485968514717,False,JP225_USD,H4_risk_both_cap1,VAL
H4_risk_both_cap1|VAL,34.0,0.0,34.0,0.4117647058823529,0.7466387247856656,1.066626749693808,,3.636029411764706,0.4117647058823529,-791.1226008976664,-0.007911226008976664,-474.35421973167325,0.0,-474.35421973167325,234.11451113070265,0.0,234.11451113070265,145.89564479864137,0.0,88.21886633206128,-82.65387003528218,0.0,-82.65387003528218,0.0,-791.122600897658,-1.497479697896724,-7.607706358152271e-06,0.0,-0.00016726441114422536,-0.001989141874894962,0.041707080504364696,0.4574468085106383,-0.27527581088181513,0.01916300320409514,0.010762140115585517,-0.4125608986551028,-0.1038011554718042,0.007287297198273952,0.007287297198273952,0.21654160411877768,0.02165416041187777,0.0007287297198273953,0.004069367254789791,-0.003325384751113769,3.9890485968514717,False,WTICO_USD,H4_risk_both_cap1,VAL
H4_risk_both_cap1|OOS,33.0,0.0,33.0,0.2727272727272727,0.6403507835498408,1.7076020894662423,,3.2323232323232323,0.2727272727272727,-1363.6220008837117,-0.013636220008837118,-1037.7303470804882,0.0,-1037.7303470804882,148.94137902204375,0.0,148.94137902204375,21.382137462196194,86.06796473266051,41.49127682718703,-176.9502747812034,0.0,-176.9502747812034,0.0,-1363.6220008837354,-3.1842802200359643,-1.5649465967645012e-05,0.0,-0.0003404992549134983,-0.004082102035105173,0.040229885057471264,0.3645833333333333,-0.4829565204381417,0.02695741866917445,0.02695741866917445,-0.5056383683484551,-0.15142777894283393,0.030882863436062852,0.030882863436062852,0.6030657281152819,0.02010219093717606,0.0010294287812020952,0.004581623135063939,-0.003288438001276761,3.356605065023956,False,EUR_USD,H4_risk_both_cap1,OOS
H4_risk_both_cap1|OOS,20.0,0.0,20.0,0.25,0.2876054072068178,0.8628162216204535,,2.8791666666666664,0.25,-1498.0418391971762,-0.014980418391971761,-1333.2250671482614,0.0,-1333.2250671482614,101.59835991706976,0.0,101.59835991706976,25.278465301383363,45.98573625402636,30.334158361660037,-63.218412131818866,0.0,-63.218412131818866,0.0,-1498.04183919715,-8.0891346831668,-1.7287187049500084e-05,0.0,-0.0003762922802691221,-0.00448663826027762,0.028735632183908046,0.44642857142857145,-0.7803978331168534,0.01984663783973495,0.0057815922585524315,-0.7523706868728711,-0.22606540697260685,0.014773632236088106,0.014773632236088106,0.38120439759420643,0.012706813253140214,0.0004924544078696035,0.002102165428096159,-0.004390774659914554,3.356605065023956,False,GBP_USD,H4_risk_both_cap1,OOS
H4_risk_both_cap1|OOS,37.0,0.0,37.0,0.5945945945945946,1.6950528501753233,1.1557178523922658,,4.73536036036036,0.5945945945945946,1856.8629604101588,0.018568629604101588,2209.622993437131,0.0,2209.622993437131,179.76140760504308,0.0,179.76140760504308,62.29606865507508,67.55030515928944,49.915033790678564,-172.99862542193284,0.0,-172.99862542193284,0.0,1856.8629604101548,6.263813319430545,2.1270542090952894e-05,0.0,0.00046385688498421786,0.0054962833349578855,0.06896551724137931,0.49586776859504134,0.680716291191743,0.01322065121497873,0.0036624182836344377,1.3763991863357454,0.4157346900378635,0.033262027137236506,0.033262027137236506,0.40283749284775994,0.020141874642387998,0.0016631013568618252,0.004420781043663169,-0.002640652804411392,3.356605065023956,False,AUD_USD,H4_risk_both_cap1,OOS
H4_risk_both_cap1|OOS,22.0,0.0,22.0,0.5,1.0903237400108738,1.0903237400108738,,4.280303030303029,0.5,161.03840083928662,0.0016103840083928663,391.63080572719593,0.0,391.63080572719593,142.97067030753945,0.0,142.97067030753945,46.64915471616246,59.27801164802206,37.04350394335494,-87.62173458038252,0.0,-87.62173458038252,0.0,161.03840083927395,1.6983681917778066,1.914647050734116e-06,0.0,4.1789386509119566e-05,0.00047949474044961526,0.03793103448275862,0.44,0.084172959201804,0.009765735422373467,0.0020040005866093125,0.16302853532265973,0.049099706239336016,0.0260525493956433,0.0260525493956433,0.6192720180402551,0.02064240060134184,0.0008684183131881099,0.003363377379083543,-0.0035721948860574226,3.356605065023956,False,USD_CAD,H4_risk_both_cap1,OOS
H4_risk_both_cap1|OOS,21.0,0.0,21.0,0.19047619047619047,0.12190054144566422,0.5180773011440729,,3.142857142857143,0.19047619047619047,-1722.9292166061787,-0.017229292166061786,-1560.0335768835957,0.0,-1560.0335768835957,95.68267667946215,0.0,95.68267667946215,36.631654418820894,48.16777546398371,10.883246796657549,-67.21296304313105,0.0,-67.21296304313105,0.0,-1722.9292166061891,-9.57688971626429,-1.9935638090559745e-05,0.0,-0.00043395959938156704,-0.005164303861345365,0.02413793103448276,0.3,-1.110832630105356,0.017361013747314247,0.00929543988246434,-0.9922797804514473,-0.297465570646431,0.01902854956648228,0.01902854956648228,0.4463925952389901,0.014879753174633003,0.0006342849855494094,0.002184578053513464,-0.0021968037449938693,3.356605065023956,False,EUR_JPY,H4_risk_both_cap1,OOS
H4_risk_both_cap1|OOS,30.0,0.0,30.0,0.36666666666666664,0.5836128585503317,1.0080585738596641,,3.9694444444444437,0.36666666666666664,-1425.2507548685098,-0.014252507548685098,-1229.223370693503,0.0,-1229.223370693503,134.26625700488944,0.0,134.26625700488944,67.76178235186177,46.87198990831288,19.632484744714798,-61.76112717004597,0.0,-61.76112717004597,0.0,-1425.2507548684384,-6.270671701646238,-1.64143086233871e-05,0.0,-0.0003555970052466634,-0.004267525563463992,0.041379310344827586,0.4235294117647059,-0.6293589139191773,0.02371439737603831,0.009781057545473945,-0.6003888334340501,-0.17995504991309705,0.018723212304526893,0.018723212304526893,0.3076296450230302,0.015381482251151508,0.0009361606152263447,0.003542154146400023,-0.003609807576792745,3.356605065023956,False,AUD_JPY,H4_risk_both_cap1,OOS
H4_risk_both_cap1|OOS,14.0,0.0,14.0,0.5,0.8063728371084208,0.8063728371084208,,2.8809523809523805,0.5,-280.0445331031078,-0.0028004453310310783,-184.6713577390257,0.0,-184.6713577390257,70.68068316649656,0.0,70.68068316649656,35.42060525334486,12.702976435772914,22.55710147737879,-24.69249219758747,0.0,-24.69249219758747,0.0,-280.0445331031097,-1.936302917817811,-3.1686072613207015e-06,0.0,-6.902096823973303e-05,-0.0008351303439203539,0.01384083044982699,0.3157894736842105,-0.13829659831778263,0.008123612170471195,0.005398708073139136,-0.34288887390412953,-0.10280283282798737,0.007500098990634113,0.007500098990634113,0.3408862611049488,0.01704431305524744,0.0003750049495317057,0.005648054137874281,-0.0024672664590331683,3.356605065023956,False,XAU_USD,H4_risk_both_cap1,OOS
H4_risk_both_cap1|OOS,23.0,0.0,23.0,0.5652173913043478,1.688484088761168,1.2988339144316676,,3.2101449275362324,0.5652173913043478,1209.530276541671,0.01209530276541671,1368.1878717936916,0.0,1368.1878717936916,104.46339074753126,0.0,104.46339074753126,58.64845714443579,0.0,45.81493360309547,-54.19420450458792,0.0,-54.19420450458792,0.0,1209.5302765415722,8.623525836374458,1.40797459712121e-05,0.0,0.00030400486690582986,0.0035882375902314134,0.02424942263279446,0.3620689655172414,0.3556422485098287,0.010398094284890913,0.005927980386194538,1.1454343047397602,0.3450860794218176,0.0069932407225501755,0.0069932407225501755,0.23336523164876324,0.011668261582438163,0.00034966203612750874,0.010211896615111238,-0.003335938523998383,3.356605065023956,False,NAS100_USD,H4_risk_both_cap1,OOS
H4_risk_both_cap1|OOS,25.0,0.0,25.0,0.44,1.2786041383304494,1.6273143578751175,,3.3733333333333335,0.44,776.8698860726581,0.007768698860726581,1108.547830496331,0.0,1108.547830496331,199.0017694729438,0.0,199.0017694729438,101.471542723631,0.0,97.53022674931282,-132.67617495067964,0.0,-132.67617495067964,0.0,776.8698860727076,3.3422416206260586,9.184134583701158e-06,0.0,0.00019805978753961452,0.0023081671513967006,0.03117782909930716,0.40298507462686567,0.2065005334651821,0.01777584128305354,0.013448517540493976,0.43271171806650477,0.12984854638622217,0.01133442120375003,0.01133442120375003,0.4011825557534718,0.02005912778767359,0.0005667210601875014,0.011981590128043562,-0.005020394151266427,3.356605065023956,False,SPX500_USD,H4_risk_both_cap1,OOS
H4_risk_both_cap1|OOS,33.0,0.0,33.0,0.42424242424242425,1.1519609863532105,1.5633756243365,,3.1868686868686864,0.42424242424242425,435.04385535909387,0.004350438553590939,766.2289943371953,0.0,766.2289943371953,181.19650445626132,0.0,181.19650445626132,92.09475824749597,0.0,89.10174620876533,-149.98863452188684,0.0,-149.98863452188684,0.0,435.04385535904714,2.313597152038128,5.272273127857807e-06,0.0,0.00012700873075199292,0.0012941084599105146,0.043580683156654886,0.3854166666666667,0.14815073858735248,0.012991472541466154,0.004508832234811873,0.3330076238747493,0.09961214602732539,0.016221801147496485,0.016221801147496485,0.3189610274829995,0.015948051374149976,0.0008110900573748243,0.006431372785915546,-0.002792924984581835,3.356605065023956,False,UK100_GBP,H4_risk_both_cap1,OOS
H4_risk_both_cap1|OOS,32.0,0.0,32.0,0.375,0.9857870818453367,1.642978469742228,,3.703125,0.375,-49.77634661273623,-0.0004977634661273623,335.7499160294977,0.0,335.7499160294977,277.26604231255305,0.0,277.26604231255305,157.89132559703918,0.0,119.37471671551388,-108.26022032968056,0.0,-108.26022032968056,0.0,-49.776346612735935,0.8708872742635224,-3.979427265017557e-07,0.0,-8.723386107545305e-06,-0.00014831964371431194,0.04387990762124711,0.3877551020408163,-0.010598316100518588,0.015056896329138314,0.0055740588392514945,-0.032577288298777256,-0.009850612003436706,0.01169792415565545,0.01169792415565545,0.21891639287870954,0.010945819643935477,0.0005848962077827725,0.009292852716326072,-0.0030770261963857237,3.356605065023956,False,JP225_USD,H4_risk_both_cap1,OOS
H4_risk_both_cap1|OOS,23.0,0.0,23.0,0.5652173913043478,2.535141295108356,1.950108688544889,,4.199275362318841,0.5652173913043478,1692.921001144714,0.01692921001144714,1893.0778120408108,0.0,1893.0778120408108,165.0721118840388,0.0,165.0721118840388,108.31701891622924,0.0,56.755092967809574,-42.25739358580565,0.0,-42.25739358580565,0.0,1685.7483065709664,9.13076895519897,1.946421891852299e-05,0.0,0.00042157379111822937,0.005013863023830556,0.042725173210161664,0.5362318840579711,0.7768094603057446,0.008020016787943285,0.001955378103273034,2.0757291922443386,0.6251686444557119,0.0047160125497702834,0.0047160125497702834,0.1398220652137074,0.01398220652137074,0.0004716012549770283,0.0046597923266811225,-0.0021442843782304433,3.356605065023956,False,WTICO_USD,H4_risk_both_cap1,OOS
H4_risk_both_cap3|IS,88.0,0.0,88.0,0.4659090909090909,1.2436714492538687,1.4256721491446787,,3.7769886363636362,0.4659090909090909,3398.6937416129513,0.033986937416129515,4223.411767012908,0.0,4223.411767012908,479.4735971718978,0.0,479.4735971718978,70.30116384355233,291.21483076115123,117.9576025671942,-345.24442822814376,0.0,-345.24442822814376,0.0,3398.6937416128667,5.121037296310191,1.659650675731682e-05,0.0,0.000369270516093254,0.004196581332973848,0.04707012487992315,0.4298245614035088,0.2524053409730156,0.05178189031656266,0.010703597829588102,0.6062508207005668,0.08104341705794299,0.044613382773961645,0.044613382773961645,1.2193899138479376,0.04064633046159793,0.0014871127591320546,0.011651418163122651,-0.010394593592330637,7.9808350444900755,False,EUR_USD,H4_risk_both_cap3,IS
H4_risk_both_cap3|IS,86.0,0.0,86.0,0.46511627906976744,0.916349988233117,1.0538024864680846,,3.498546511627907,0.46511627906976744,-1065.2596398687601,-0.0106525963986876,-191.02014887901856,0.0,-191.02014887901856,616.5458196668934,0.0,616.5458196668934,151.07113630790448,310.776528380085,154.698154978904,-257.69367132286027,0.0,-257.69367132286027,0.0,-1065.2596398687724,-0.2184986503672566,-4.795539162894887e-06,0.0,-0.00010567532292884196,-0.0013410324576190735,0.053314121037463975,0.47435897435897434,-0.09116156330344512,0.05167444315519709,0.007414884745666039,-0.19956219033714892,-0.02595156088264883,0.049700936227405276,0.049700936227405276,1.0822323439844583,0.036074411466148606,0.0016566978742468426,0.007770654803084476,-0.006042466292694448,7.9808350444900755,False,GBP_USD,H4_risk_both_cap3,IS
H4_risk_both_cap3|IS,81.0,0.0,81.0,0.37037037037037035,0.7976595943741255,1.3560213104360133,,3.464506172839507,0.37037037037037035,-2977.045577966448,-0.02977045577966448,-1647.0013951249869,0.0,-1647.0013951249869,516.5478050722985,0.0,516.5478050722985,161.59486943844917,217.08273972220726,137.87019591164207,-813.4963777691956,0.0,-813.4963777691956,0.0,-2977.045577966481,-1.2383057768850567,-1.3948189956615324e-05,0.0,-0.0003063164834573748,-0.00377973470784132,0.040345821325648415,0.4077669902912621,-0.20753777628162684,0.07180920749022479,0.013896148933907069,-0.4042001620948926,-0.05263579476706864,0.03607895011307506,0.03607895011307506,1.2209120817518064,0.06104560408759032,0.001803947505653753,0.015664560256444027,-0.009136552410646703,7.9808350444900755,False,AUD_USD,H4_risk_both_cap3,IS
H4_risk_both_cap3|IS,81.0,0.0,81.0,0.3333333333333333,0.5253109328464262,1.0506218656928523,,2.713991769547325,0.3333333333333333,-7425.405028066962,-0.07425405028066961,-6308.504080467156,0.0,-6308.504080467156,778.1730829740912,0.0,778.1730829740912,261.7022832986872,290.16082806065185,226.30997161475227,-338.7278646256981,0.0,-338.7278646256981,0.0,-7425.405028066945,-5.648221620748087,-3.670775362215487e-05,0.0,-0.0008041706909059979,-0.009621008245234597,0.034101825168107586,0.3480392156862745,-0.6960518569625483,0.08146119077260905,0.08146119077260905,-0.9109085493002193,-0.11810542117031779,0.03807465462855302,0.03807465462855302,1.2275274201859456,0.040917580672864856,0.0012691551542851009,0.013481085838562334,-0.005987402995780267,7.9808350444900755,False,USD_CAD,H4_risk_both_cap3,IS
H4_risk_both_cap3|IS,80.0,0.0,80.0,0.4625,0.8995291771084101,1.0453987733962602,,3.1739583333333328,0.4625,-1349.5598638241354,-0.013495598638241353,-485.4904450097828,0.0,-485.4904450097828,446.4633332383792,0.0,446.4633332383792,177.61156146245224,221.7946739709601,47.05709780496687,-417.60608557596646,0.0,-417.60608557596646,0.0,-1349.5598638241286,-0.5618650937513338,-6.044504830606031e-06,0.0,-0.00013409950018379886,-0.0017010666135568453,0.037463976945244955,0.42162162162162165,-0.0976640683538206,0.04449444955858106,0.017996525046954537,-0.3008049002597033,-0.038230984548246486,0.03171203879914581,0.03171203879914581,1.2687352640297196,0.04229117546765732,0.001057067959971527,0.013756023779511795,-0.007165158031061769,7.9808350444900755,False,EUR_JPY,H4_risk_both_cap3,IS
H4_risk_both_cap3|IS,76.0,0.0,76.0,0.4473684210526316,0.9870155734810702,1.2192545319472043,,3.3843201754385963,0.4473684210526316,-174.60087101021782,-0.001746008710102178,1001.8985713657746,0.0,1001.8985713657746,448.9908323997763,0.0,448.9908323997763,221.6076907485767,164.0683260791124,63.31481557208727,-727.5086099762871,0.0,-727.5086099762871,0.0,-174.60087101028876,0.8515928994767188,-3.9491465833647186e-07,0.0,-7.230572662601725e-06,-0.00021894243377051925,0.03842459173871278,0.43243243243243246,-0.0066404413171030656,0.05519372872470474,0.01966701049101177,-0.030913951849805357,-0.003966799106154981,0.025596693670340242,0.025596693670340242,1.0507470973588278,0.052537354867941394,0.0012798346835170122,0.012744882518489709,-0.008575102089511732,7.9808350444900755,False,AUD_JPY,H4_risk_both_cap3,IS
H4_risk_both_cap3|IS,42.0,0.0,42.0,0.3333333333333333,0.586893397951263,1.1737867959025263,,3.4523809523809526,0.3333333333333333,-2668.2464051792194,-0.026682464051792195,-2206.934119965493,0.0,-2206.934119965493,334.79479985629666,0.0,334.79479985629666,183.07894600100076,43.6530369992857,108.06281685601019,-126.51748535749601,0.0,-126.51748535749601,0.0,-2668.246405179286,-4.784035003409245,-1.5106214194565499e-05,0.0,-0.0003311769495556573,-0.003984824683966992,0.026062322946175637,0.3865546218487395,-0.36413856550085694,0.039952116964784734,0.022201859799143187,-0.6652271258090448,-0.09974001346360102,0.014197348981918713,0.014197348981918713,0.6825396794740369,0.03412698397370185,0.0007098674490959358,0.007813411510737334,-0.005157494825560605,6.7734428473648185,False,XAU_USD,H4_risk_both_cap3,IS
H4_risk_both_cap3|IS,59.0,0.0,59.0,0.3898305084745763,0.8801472910928447,1.3776218469279309,,3.728813559322034,0.3898305084745763,-1132.1773428404704,-0.011321773428404704,899.6345641645697,0.0,899.6345641645697,1764.9120383423226,0.0,1764.9120383423226,978.5268245034896,0.0,786.385213838833,-266.8998686627395,0.0,-266.8998686627395,0.0,-1132.1773428404924,0.44277453098040553,-5.125348174073271e-06,0.0,-0.0001123247541552925,-0.0014256946644266577,0.035368217054263566,0.44785276073619634,-0.09190187485523445,0.044664892673214385,0.025561821464017587,-0.251964001551312,-0.03191980499891919,0.0154535000686231,0.0154535000686231,0.5253967261849926,0.026269836309249627,0.000772675003431155,0.009083793770103377,-0.0067153269553736905,7.9808350444900755,False,NAS100_USD,H4_risk_both_cap3,IS
H4_risk_both_cap3|IS,59.0,0.0,59.0,0.3389830508474576,0.6869021864515711,1.3394592635805636,,3.201977401129944,0.3389830508474576,-3272.155631734582,-0.03272155631734582,-1466.040937185247,0.0,-1466.040937185247,1535.0379025774344,0.0,1535.0379025774344,781.581043868575,0.0,753.4568587088594,-271.07679197190134,0.0,-271.07679197190134,0.0,-3272.1556317345826,-0.8117097666109492,-1.5624399996179955e-05,0.0,-0.00034270001656015546,-0.004159919718370375,0.030038759689922482,0.4025974025974026,-0.24910127355011027,0.05359133466975363,0.015999561891141916,-0.6005163909286347,-0.0776229915527405,0.01829977987894268,0.01829977987894268,0.7466512155348416,0.03733256077674208,0.0009149889939471342,0.017956280613398823,-0.008959205864285669,7.9808350444900755,False,SPX500_USD,H4_risk_both_cap3,IS
H4_risk_both_cap3|IS,51.0,0.0,51.0,0.19607843137254902,0.22885666420164555,0.9383123232267467,,4.545751633986928,0.19607843137254902,-9706.504581113913,-0.09706504581113913,-8546.470125579563,0.0,-8546.470125579563,459.7500497239515,0.0,459.7500497239515,231.80406215349112,0.0,227.94598757046037,-700.2844058103863,0.0,-700.2844058103863,0.0,-9706.504581113899,-7.367427824928587,-5.019720428905304e-05,0.0,-0.0010675302865115865,-0.012720924238937892,0.035625927758535375,0.375,-0.9907241745004891,0.10512730445485685,0.10512730445485685,-0.9210253807680889,-0.12100495018780241,0.020746423767252352,0.020746423767252352,0.5023517677741138,0.025117588388705692,0.0010373211883626175,0.00812306478495306,-0.008024537174357138,7.975359342915811,False,UK100_GBP,H4_risk_both_cap3,IS
H4_risk_both_cap3|IS,53.0,0.0,53.0,0.4339622641509434,0.7498393252527477,0.9780512938079318,,4.135220125786164,0.4339622641509434,-2551.2582865879667,-0.025512582865879666,-948.6516363732603,0.0,-948.6516363732603,1386.9482423779332,0.0,1386.9482423779332,774.754853074888,0.0,612.193389303045,-215.65840783670362,0.0,-215.65840783670362,0.0,-2551.258286587897,-0.5919429051702784,-1.2192768848207997e-05,0.0,-0.0002662380295723673,-0.003232979196427843,0.032524271844660196,0.40853658536585363,-0.23024921909076035,0.05497300672057115,0.032340958307744305,-0.4622784144864913,-0.05881030326140134,0.015495581765084192,0.015495581765084192,0.4737143912372331,0.023685719561861655,0.0007747790882542097,0.011091735418953252,-0.006131171049133188,7.9808350444900755,False,JP225_USD,H4_risk_both_cap3,IS
H4_risk_both_cap3|IS,74.0,0.0,74.0,0.4189189189189189,0.6405838086217233,0.8885517345398096,,3.138513513513513,0.4189189189189189,-4911.545465706455,-0.049115454657064544,-3908.9500466734526,0.0,-3908.9500466734526,790.5868536398946,0.0,790.5868536398946,507.5315501711114,0.0,283.0553034687831,-229.61944703438502,0.0,-229.61944703438502,0.0,-4929.156347347733,-3.8315290192678977,-2.4032201483769355e-05,0.0,-0.0005222901662918354,-0.006290576783512081,0.03795620437956204,0.42162162162162165,-0.39078707378588134,0.059754786662695736,0.023519765520247815,-0.8186403508005498,-0.10527318621387062,0.01173759306614384,0.01173759306614384,0.3463928815152855,0.03463928815152856,0.001173759306614384,0.021017718146726372,-0.006890404419710783,7.9808350444900755,False,WTICO_USD,H4_risk_both_cap3,IS
H4_risk_both_cap3|VAL,17.0,0.0,17.0,0.35294117647058826,0.7604415381386457,1.3941428199208503,,3.556372549019608,0.35294117647058826,-609.2269308025134,-0.006092269308025134,-373.89022531531174,0.0,-373.89022531531174,124.70109387309,0.0,124.70109387309,17.154539521778418,74.07869677872179,33.467857572589786,-110.63561161411525,0.0,-110.63561161411525,0.0,-609.226930802517,-1.5887458972507769,-5.770358031222807e-06,0.0,-0.00012851842744410438,-0.001530747102707286,0.019342359767891684,0.40816326530612246,-0.1732477041486602,0.012237618011321616,0.010317980895546364,-0.49667622893271707,-0.12508538028324773,0.024238215965948152,0.024238215965948152,1.1337221500055341,0.03779073833351781,0.0008079405321982718,0.0056282263222953155,-0.0059913877387040015,3.9890485968514717,False,EUR_USD,H4_risk_both_cap3,VAL
H4_risk_both_cap3|VAL,44.0,0.0,44.0,0.4090909090909091,0.6596939028769481,0.9528911930444806,,3.4119318181818183,0.4090909090909091,-2235.8690252318047,-0.022358690252318045,-1534.3669394781182,0.0,-1534.3669394781182,417.30112595834674,0.0,417.30112595834674,95.94869572017345,208.97862265595947,112.37380758221384,-284.2009597952148,0.0,-284.2009597952148,0.0,-2235.8690252316796,-2.187259269271999,-2.149416644161435e-05,0.0,-0.000477748001007055,-0.005652592291976677,0.05029013539651837,0.4126984126984127,-0.39388898894970503,0.03209324165106264,0.013695494862984547,-0.6938715475565925,-0.17613030037398897,0.06816082532125582,0.06816082532125582,1.6855036089567124,0.05618345363189041,0.002272027510708528,0.0074997697205227976,-0.005296214189518644,3.9890485968514717,False,GBP_USD,H4_risk_both_cap3,VAL
H4_risk_both_cap3|VAL,49.0,0.0,49.0,0.42857142857142855,0.9371365134596871,1.249515351279583,,3.4183673469387763,0.42857142857142855,-466.2726083755697,-0.004662726083755697,-53.86123061735407,0.0,-53.86123061735407,322.30098317409744,0.0,322.30098317409744,101.32166983043645,133.95185494519524,87.02745839846574,-90.11039458413765,0.0,-90.11039458413765,0.0,-466.27260837558913,-0.13060073878206324,-4.066788598418751e-06,0.0,-7.180025404227669e-05,-0.001170929259789344,0.047388781431334626,0.4049586776859504,-0.06768771013501915,0.037150739880401074,0.037150739880401074,-0.1251283175361633,-0.0315183294749688,0.03994820094661676,0.03994820094661676,1.2288985331181497,0.061444926655907485,0.0019974100473308383,0.014796145651223336,-0.005085008174757877,3.9890485968514717,False,AUD_USD,H4_risk_both_cap3,VAL
H4_risk_both_cap3|VAL,37.0,0.0,37.0,0.2702702702702703,0.4438550711783955,1.198408692181668,,3.3299549549549545,0.2702702702702703,-4746.395984697985,-0.047463959846979854,-4260.9454458230475,0.0,-4260.9454458230475,411.26610188641234,0.0,411.26610188641234,123.59060685755598,165.54242470922796,122.13307031962839,-74.18443698854293,0.0,-74.18443698854293,0.0,-4746.395984698002,-8.777300887744206,-4.671878131391671e-05,0.0,-0.0010246490728283088,-0.012116209189491078,0.037717601547388784,0.38235294117647056,-0.9440384625257626,0.06521339411079163,0.06521339411079163,-0.7256945224215209,-0.18579326156382445,0.0520518447615513,0.0520518447615513,1.4117156564342948,0.04705718854780983,0.0017350614920517101,0.006289297923796955,-0.005221514282167994,3.9890485968514717,False,USD_CAD,H4_risk_both_cap3,VAL
H4_risk_both_cap3|VAL,31.0,0.0,31.0,0.45161290322580644,1.3678417260459161,1.6609506673414698,,4.271505376344087,0.45161290322580644,1975.4651589276618,0.01975465158927662,2279.8622229684374,0.0,2279.8622229684374,153.30722809098353,0.0,153.30722809098353,56.98877650583244,79.96675035957075,16.351701225580335,-151.08983594977104,0.0,-151.08983594977104,0.0,1975.4651589276828,7.489764167578158,1.933145380262103e-05,0.0,0.0004329957126616955,0.004915985436564352,0.03868471953578337,0.45454545454545453,0.33740489829317655,0.042026174676717876,0.01172735871843309,0.456436809288802,0.11697437309914775,0.033303101140681836,0.033303101140681836,0.8932626477752986,0.029775421592509954,0.0011101033713560612,0.008833823212728964,-0.006002836656489374,3.9890485968514717,False,EUR_JPY,H4_risk_both_cap3,VAL
H4_risk_both_cap3|VAL,34.0,0.0,34.0,0.4411764705882353,0.8110019103378698,1.0272690864279683,,3.5919117647058822,0.4411764705882353,-1128.7270002670411,-0.011287270002670411,-651.4884129415497,0.0,-651.4884129415497,243.61101280024565,0.0,243.61101280024565,108.09616032368174,99.55750991762542,35.95734255893849,-233.62757452527202,0.0,-233.62757452527202,0.0,-1128.7270002670673,-1.3651209903049577,-1.0583796966126734e-05,0.0,-0.00023264539829039298,-0.002841609608358331,0.0367504835589942,0.3877551020408163,-0.1890463293718389,0.036005874626105605,0.01910115984671279,-0.3128347224219207,-0.07892072162852164,0.03221845142815335,0.03221845142815335,0.9150750801611582,0.04575375400805791,0.0016109225714076676,0.008549713809550052,-0.011664294130133035,3.9890485968514717,False,AUD_JPY,H4_risk_both_cap3,VAL
H4_risk_both_cap3|VAL,38.0,0.0,38.0,0.5,1.343837860401351,1.3438378604013512,,4.112938596491228,0.5,1793.3455292549916,0.017933455292549916,2033.376684857234,0.0,2033.376684857234,272.51428712519953,0.0,272.51428712519953,147.57740635545844,43.719152347830764,81.21772842191034,-283.85522099283804,0.0,-283.85522099283804,0.0,1477.0071767391964,3.654723444020658,1.7611050227381886e-05,0.0,0.0003871166035082038,0.004465778392753528,0.04655674102812803,0.43243243243243246,0.32401366838178025,0.013129746818926535,0.005576978411360501,1.3412975775181046,0.34012677124254265,0.02920096164558175,0.02920096164558175,0.5988217846452449,0.029941089232262248,0.0014600480822790877,0.011278698541442145,-0.00475933913847415,3.9890485968514717,False,XAU_USD,H4_risk_both_cap3,VAL
H4_risk_both_cap3|VAL,57.0,0.0,57.0,0.2982456140350877,0.37748507171099854,0.8882001687317612,,3.2792397660818717,0.2982456140350877,-7994.274580865545,-0.07994274580865546,-6538.688560547133,0.0,-6538.688560547133,1072.597173657726,0.0,1072.597173657726,635.8387992649251,0.0,436.7583743928008,-428.0563593848375,0.0,-428.0563593848375,0.0,-8039.342093589697,-4.357227312349702,-8.01311634942814e-05,0.0,-0.001761903391684238,-0.02067040690003774,0.045542635658914726,0.35074626865671643,-1.1595657518827198,0.09108403407662946,0.09108403407662946,-0.8746296414373588,-0.22693776257919826,0.0335214882301479,0.0335214882301479,0.688561664034528,0.0344280832017264,0.0016760744115073948,0.00770458503242244,-0.009446872187423794,3.9890485968514717,False,NAS100_USD,H4_risk_both_cap3,VAL
H4_risk_both_cap3|VAL,53.0,0.0,53.0,0.32075471698113206,0.33161094214276976,0.702234936302336,,2.509433962264151,0.32075471698113206,-7889.294989126429,-0.07889294989126429,-6237.776652827497,0.0,-6237.776652827497,1105.966802872144,0.0,1105.966802872144,597.4132822802098,0.0,508.55352059193405,-538.4788934689799,0.0,-538.4788934689799,0.0,-7882.222349168621,-3.793239671402036,-7.902030089227756e-05,0.0,-0.0017355720471180077,-0.020390403048814343,0.03488372093023256,0.3130434782608696,-1.1368296336637058,0.08432618468149189,0.08432618468149189,-0.9355688294122466,-0.24180393226411057,0.03162782816488084,0.03162782816488084,0.6311623339292082,0.03155811669646041,0.0015813914082440424,0.013374931348004937,-0.007843180226430713,3.9890485968514717,False,SPX500_USD,H4_risk_both_cap3,VAL
H4_risk_both_cap3|VAL,26.0,0.0,26.0,0.38461538461538464,0.7907523706507688,1.26520379304123,,4.1730769230769225,0.38461538461538464,-879.6695162873075,-0.008796695162873075,-225.00243218156714,0.0,-225.00243218156714,249.022369898354,0.0,249.022369898354,126.97523043319596,0.0,122.04713946515803,-405.6447142073276,0.0,-405.6447142073276,0.0,-879.6695162872487,-0.3436898503747676,-8.452858209828003e-06,0.0,-0.00018289389227717134,-0.0022125166440475352,0.03663366336633663,0.3978494623655914,-0.17449566721127788,0.023901806263767034,0.010847195049095149,-0.36536315921649487,-0.09256692233346019,0.024902757003089762,0.024902757003089762,0.5956912880154535,0.029784564400772675,0.001245137850154488,0.006092464698785216,-0.00549597216436859,3.9890485968514717,False,UK100_GBP,H4_risk_both_cap3,VAL
H4_risk_both_cap3|VAL,33.0,0.0,33.0,0.42424242424242425,0.8052967448807473,1.0929027251953,,3.6300505050505047,0.42424242424242425,-989.6969785077818,-0.009896969785077817,-340.1679661230063,0.0,-340.1679661230063,525.0533788270545,0.0,525.0533788270545,306.3115992535637,0.0,218.7417795734908,-200.49522497193007,0.0,-200.49522497193007,0.0,-1065.7165699219909,-0.46884242398356385,-9.321304434338344e-06,0.0,-0.00012472521438075003,-0.002490288201990265,0.027158098933074686,0.3684210526315789,-0.1830781041490143,0.024918033856698107,0.014533664328612065,-0.3942896841431834,-0.09993919328915518,0.01441387657668652,0.01441387657668652,0.5350195071593347,0.026750975357966732,0.0007206938288343262,0.007874132678457713,-0.005328983332372972,3.9890485968514717,False,JP225_USD,H4_risk_both_cap3,VAL
H4_risk_both_cap3|VAL,39.0,0.0,39.0,0.41025641025641024,0.774795548907992,1.1137686015552382,,3.586538461538462,0.41025641025641024,-1483.0577243167354,-0.014830577243167354,-796.8566844626565,0.0,-796.8566844626565,508.6609658433869,0.0,508.6609658433869,320.2473789607179,0.0,188.413586882669,-177.54007401066076,0.0,-177.54007401066076,0.0,-1483.057724316704,-1.1612583458517418,-1.4049756927140673e-05,0.0,-0.0003096381213596975,-0.0037386612671175268,0.040737148399612025,0.44680851063829785,-0.23687361316535935,0.03862991984993269,0.022047653067146344,-0.3838400828261363,-0.09678149169455347,0.015602045237540116,0.015602045237540116,0.4967280435595811,0.04967280435595811,0.0015602045237540114,0.009396718578386754,-0.007757260740246519,3.9890485968514717,False,WTICO_USD,H4_risk_both_cap3,VAL
H4_risk_both_cap3|OOS,34.0,0.0,34.0,0.2647058823529412,0.5051243957341534,1.4031233214837593,,3.1715686274509807,0.2647058823529412,-3763.536518688561,-0.03763536518688561,-3128.151978988186,0.0,-3128.151978988186,293.08789191909113,0.0,293.08789191909113,42.11299522156163,169.2018101822498,81.77308651527974,-342.2966477812465,0.0,-342.2966477812465,0.0,-3763.5365186885233,-4.9232421998550615,-4.363805922211354e-05,0.0,-0.0009506033861926388,-0.01136370810573395,0.040229885057471264,0.3645833333333333,-0.7254660501965545,0.05277936772862213,0.05277936772862213,-0.7124994245151908,-0.21530587793630268,0.058904397328588834,0.058904397328588834,1.3898843838015025,0.04632947946005009,0.0019634799109529612,0.00920996474908864,-0.005200171402332199,3.356605065023956,False,EUR_USD,H4_risk_both_cap3,OOS
H4_risk_both_cap3|OOS,21.0,0.0,21.0,0.23809523809523808,0.2303872457957279,0.7372391865463293,,2.882936507936508,0.23809523809523808,-3514.6235749800253,-0.035146235749800254,-3160.881758718999,0.0,-3160.881758718999,217.83672502240802,0.0,217.83672502240802,54.19440048465187,98.60904395617395,65.03328058158222,-135.90509123867258,0.0,-135.90509123867258,0.0,-3514.6235749800794,-8.935561512428311,-4.086992955575812e-05,0.0,-0.0008897557030358549,-0.010602593233165702,0.028735632183908046,0.44642857142857145,-0.9104291763535136,0.04270892490056544,0.01581831254308848,-0.8182652942806357,-0.2482524029310167,0.030677627802800412,0.030677627802800412,1.0044034869169214,0.03348011623056405,0.0010225875934266803,0.004074667148407096,-0.010242208551110243,3.356605065023956,False,GBP_USD,H4_risk_both_cap3,OOS
H4_risk_both_cap3|OOS,41.0,0.0,41.0,0.5365853658536586,1.5278191411115907,1.3194801673236467,,4.804878048780488,0.5365853658536586,2790.4520413170103,0.027904520413170104,3533.1870671063834,0.0,3533.1870671063834,373.79415623167284,0.0,373.79415623167284,129.37925049611502,140.45978666604418,103.95511906951363,-368.94086955764703,0.0,-368.94086955764703,0.0,2790.4520413170635,4.756995354233621,3.204765066972109e-05,0.0,0.000703537356799816,0.008233148046224992,0.07011494252873564,0.5041322314049587,0.5598236677837198,0.031435510917779186,0.00645973705016265,0.8620033663299922,0.2619059721268445,0.06835768750424143,0.06835768750424143,1.1474847198516018,0.05737423599258009,0.0034178843752120714,0.005981007679309425,-0.0068767174658304064,3.356605065023956,False,AUD_USD,H4_risk_both_cap3,OOS
H4_risk_both_cap3|OOS,27.0,0.0,27.0,0.4074074074074074,0.9572510987503636,1.3923652345459836,,4.064814814814815,0.4074074074074074,-163.44003639016591,-0.001634400363901659,347.65874977897596,0.0,347.65874977897596,321.9890294454574,0.0,321.9890294454574,102.40020002239781,134.64375066494517,84.94507875811439,-189.10975672365203,0.0,-189.10975672365203,0.0,-163.44003639013346,0.6802183045372067,-1.6076124089563902e-06,0.0,-3.550899510714467e-05,-0.00048720028819160266,0.0367816091954023,0.4266666666666667,-0.0345419867996256,0.017354085953194986,0.004566431749575544,-0.09269667375226481,-0.02807409675770946,0.05755968926986025,0.05755968926986025,1.622719237935211,0.05409064126450703,0.0019186563089953414,0.007922490362089363,-0.006748579777851815,3.356605065023956,False,USD_CAD,H4_risk_both_cap3,OOS
H4_risk_both_cap3|OOS,22.0,0.0,22.0,0.18181818181818182,0.08458906668998166,0.3806508001049174,,3.0037878787878785,0.18181818181818182,-4222.802833067646,-0.04222802833067646,-3878.43794101548,0.0,-3878.43794101548,209.66953251633942,0.0,209.66953251633942,80.30469617462532,105.57874924567639,23.786087096037715,-134.69535953579805,0.0,-134.69535953579805,0.0,-4222.802833067618,-11.262582308850106,-4.941265828159056e-05,0.0,-0.0010757321672765136,-0.012771667597935021,0.02413793103448276,0.3,-1.3115401223163408,0.04279312587199291,0.022985645285825085,-0.9862124442062231,-0.29845138296601453,0.040065501436155886,0.040065501436155886,0.8886162390458292,0.029620541301527643,0.0013355167145385296,0.004488953189203171,-0.005090208901216919,3.356605065023956,False,EUR_JPY,H4_risk_both_cap3,OOS
H4_risk_both_cap3|OOS,33.0,0.0,33.0,0.36363636363636365,0.57931873131777,1.0138077798060976,,4.007575757575758,0.36363636363636365,-2757.000340521132,-0.02757000340521132,-2343.7415155093627,0.0,-2343.7415155093627,277.80856311712466,0.0,277.80856311712466,137.1902981872555,99.28850015899067,41.329764770878505,-135.45026189472858,0.0,-135.45026189472858,0.0,-2757.000340521216,-5.671364708163555,-3.183387486484125e-05,0.0,-0.0006888431669197365,-0.008294417492752837,0.03908045977011494,0.4,-0.6515622263016903,0.04017874075271155,0.01745149038009571,-0.6847108565520486,-0.2064379653857885,0.03935448569708325,0.03935448569708325,0.8868817439488699,0.044344087197443496,0.0019677242848541625,0.007020395588557493,-0.00509922141062169,3.356605065023956,False,AUD_JPY,H4_risk_both_cap3,OOS
H4_risk_both_cap3|OOS,14.0,0.0,14.0,0.5,0.867160753452428,0.867160753452428,,2.8809523809523805,0.5,-331.6961566691898,-0.003316961566691898,-170.69822025849845,0.0,-170.69822025849845,117.6292109261652,0.0,117.6292109261652,59.233268090823145,20.995590037148,37.400352798194064,-43.36872548448682,0.0,-43.36872548448682,0.0,-331.69615666915047,-1.0602509824915038,-3.647302456542315e-06,0.0,-7.949807405240039e-05,-0.000989342210634292,0.01384083044982699,0.3157894736842105,-0.09505808019260549,0.013210229378518568,0.009430722042873615,-0.24873374901768527,-0.07489212959792221,0.012132389053792027,0.012132389053792027,0.5519789203361559,0.027598946016807797,0.0006066194526896014,0.00862474339477437,-0.005049180957052424,3.356605065023956,False,XAU_USD,H4_risk_both_cap3,OOS
H4_risk_both_cap3|OOS,24.0,0.0,24.0,0.5416666666666666,1.0806724742269656,0.9144151704997401,,3.1510416666666665,0.5416666666666666,331.26378378641675,0.0033126378378641676,664.8411820835503,0.0,664.8411820835503,220.76252757073655,0.0,220.76252757073655,122.88003093784683,0.0,97.88249663288974,-112.81487072641421,0.0,-112.81487072641421,0.0,331.26378378639953,1.9930642347995944,4.322512193350495e-06,0.0,9.261546473262328e-05,0.0009857557967414277,0.02424942263279446,0.3620689655172414,0.0682493239691155,0.026292511978788458,0.01570029021156394,0.12493424707282051,0.03749188352701668,0.014006867154812868,0.014006867154812868,0.7035241046808671,0.035176205234043356,0.0007003433577406434,0.010892911888038093,-0.00930444194048996,3.356605065023956,False,NAS100_USD,H4_risk_both_cap3,OOS
H4_risk_both_cap3|OOS,27.0,0.0,27.0,0.4444444444444444,0.8903258916525681,1.1129073645657102,,3.5586419753086425,0.4444444444444444,-654.2431458066276,-0.0065424314580662755,-8.888614313057023,0.0,-8.888614313057023,400.11769077716355,0.0,400.11769077716355,202.7167486120788,0.0,197.40094216508476,-245.23684071647702,0.0,-245.23684071647702,0.0,-654.2431458066976,-0.013773226775807666,-7.008951092284511e-06,0.0,-0.00015160889508693541,-0.001953614756664779,0.03117782909930716,0.40298507462686567,-0.10393837034637675,0.03584767260256838,0.027628655033914873,-0.18247618570726604,-0.05449767348424198,0.021433976797191768,0.021433976797191768,1.0939563251723974,0.054697816258619865,0.0010716988398595884,0.011981590128043562,-0.006765539199747317,3.356605065023956,False,SPX500_USD,H4_risk_both_cap3,OOS
H4_risk_both_cap3|OOS,36.0,0.0,36.0,0.3888888888888889,0.8220683815613172,1.2918217424534986,,3.1805555555555554,0.3888888888888889,-1228.4310398790258,-0.012284310398790257,-533.5844526289021,0.0,-533.5844526289021,389.68997808401537,0.0,389.68997808401537,197.47659301542768,0.0,192.21338506858768,-305.15660916616486,0.0,-305.15660916616486,0.0,-1228.4310398790824,-0.7679169221231054,-1.3958402258898763e-05,0.0,-0.000250856558907589,-0.0036756353193020397,0.043580683156654886,0.3854166666666667,-0.20201139292664638,0.030260315360274848,0.014293192116058007,-0.4035476819544772,-0.12146718484392738,0.031585851752049254,0.031585851752049254,0.7129200905781872,0.035646004528909356,0.0015792925876024627,0.009276770233882514,-0.00822470018162813,3.356605065023956,False,UK100_GBP,H4_risk_both_cap3,OOS
H4_risk_both_cap3|OOS,34.0,0.0,34.0,0.35294117647058826,0.798866768162091,1.4645890749638337,,3.5551470588235294,0.35294117647058826,-1515.278427450903,-0.01515278427450903,-650.4350398205456,0.0,-650.4350398205456,627.4692054804823,0.0,627.4692054804823,354.9268794311343,0.0,272.54232604934805,-237.37418214996904,0.0,-237.37418214996904,0.0,-1515.278427450997,-0.7520841913385563,-1.7045877185098084e-05,0.0,-0.0003698181005321627,-0.0045385397675794525,0.04387990762124711,0.3877551020408163,-0.2495661199434884,0.028531447301868962,0.009928303112164347,-0.5238760244331342,-0.15907148766624798,0.025531807276013053,0.025531807276013053,0.6569105069598319,0.032845525347991594,0.0012765903638006523,0.013222590653737765,-0.005240712307104545,3.356605065023956,False,JP225_USD,H4_risk_both_cap3,OOS
H4_risk_both_cap3|OOS,27.0,0.0,27.0,0.5925925925925926,2.9317626822689973,2.0155868440599356,,4.47067901234568,0.5925925925925926,3848.0841194614186,0.03848084119461419,4284.576239163263,0.0,4284.576239163263,357.75539062663296,0.0,357.75539062663296,234.80963314231667,0.0,122.94575748431629,-100.43762761315496,0.0,-100.43762761315496,0.0,3826.3832209234756,9.351029082946436,4.3968234529211884e-05,0.0,0.0009516946481136213,0.011312648086118315,0.042725173210161664,0.5362318840579711,0.8146317933234873,0.016480213276631406,0.005413436719972381,2.248450032879358,0.6864382090345524,0.010413928839816018,0.010413928839816018,0.3083207948771549,0.030832079487715495,0.0010413928839816018,0.007979244218018655,-0.005076765030519903,3.356605065023956,False,WTICO_USD,H4_risk_both_cap3,OOS
H4_risk_short_cap3|IS,47.0,0.0,47.0,0.5106382978723404,1.6384812887926232,1.5702112350929307,,4.117021276595745,0.5106382978723404,3806.8176083317667,0.03806817608331767,4153.0576479996635,0.0,4153.0576479996635,209.55924562693588,0.0,209.55924562693588,28.497881314835887,127.02106634984476,54.04029796225523,-136.68079404093407,0.0,-136.68079404093407,0.0,3806.8176083317935,11.99473536331464,1.8264898192035088e-05,0.0,0.00040436328619497297,0.004692372561414082,0.025456292026897216,0.4732142857142857,0.36213137535772383,0.02770061225146747,0.01160129017741456,1.2964980007412843,0.16939598730946817,0.019654660112356174,0.019654660112356174,0.8722748198264121,0.02907582732754707,0.0006551553370785391,0.011364022178263378,-0.010394593592330637,7.9808350444900755,False,EUR_USD,H4_risk_short_cap3,IS
H4_risk_short_cap3|IS,44.0,0.0,44.0,0.5681818181818182,1.3368275183063842,1.0159889139128522,,3.833333333333333,0.5681818181818182,1778.6623766501725,0.017786623766501725,1984.3523774193109,0.0,1984.3523774193109,236.56130263423083,0.0,236.56130263423083,56.566818570065614,119.93776526948224,60.05671879468298,30.87130186510956,0.0,30.87130186510956,0.0,1778.6623766501898,8.388321992323066,8.645750354759322e-06,0.0,0.00019039370093723847,0.0022115205222048573,0.029298751200768493,0.5,0.23007433046003528,0.028109101292838723,0.005184563529270517,0.6125184072397533,0.07867631551665012,0.02208642971319324,0.02208642971319324,0.8824893407851493,0.029416311359504975,0.0007362143237731078,0.007770654803084476,-0.005640174377578799,7.9808350444900755,False,GBP_USD,H4_risk_short_cap3,IS
H4_risk_short_cap3|IS,19.0,0.0,19.0,0.5263157894736842,1.9701503848943065,1.7731353464048758,,3.9188596491228074,0.5263157894736842,1848.4248348498804,0.018484248348498804,1876.4261756843914,0.0,1876.4261756843914,116.12626526170058,0.0,116.12626526170058,35.39810251008375,47.51860315813127,33.20955959348556,88.12492442713507,0.0,88.12492442713507,0.0,1848.4248348498259,16.158499297774735,8.912900658293324e-06,0.0,0.00019486395991876154,0.0022975695442000177,0.012968299711815562,0.5510204081632653,0.29389633589705766,0.01501795099455061,0.005783112291667899,1.200002761632437,0.15298821690347172,0.009544858961044579,0.009544858961044579,0.9100552950501752,0.045502764752508765,0.0004772429480522289,0.006802926515502072,-0.009136552410646814,7.9808350444900755,False,AUD_USD,H4_risk_short_cap3,IS
H4_risk_short_cap3|IS,66.0,0.0,66.0,0.3181818181818182,0.4972440852249198,1.0655230397676854,,2.402777777777778,0.3181818181818182,-6732.4328624071495,-0.06732432862407149,-5858.937818940301,0.0,-5858.937818940301,632.3023025278653,0.0,632.3023025278653,217.55494603346273,232.67594516144132,182.07141133296128,-241.19274093891855,0.0,-241.19274093891855,0.0,-6732.432862407085,-6.707465443292006,-3.317540776307277e-05,0.0,-0.0007267638027728094,-0.008695117883139813,0.023535062439961577,0.32450331125827814,-0.6788778032618975,0.08286879323176866,0.08286879323176866,-0.8124207678007067,-0.10492632442252635,0.027226800661366422,0.027226800661366422,1.0654867166025979,0.03551622388675326,0.0009075600220455473,0.01348108583856189,-0.005987402995780378,7.9808350444900755,False,USD_CAD,H4_risk_short_cap3,IS
H4_risk_short_cap3|IS,47.0,0.0,47.0,0.46808510638297873,0.969475582443935,1.1016767982317444,,3.4627659574468077,0.46808510638297873,-234.98184345765912,-0.0023498184345765913,-23.035478103919672,0.0,-23.035478103919672,240.70542109104807,0.0,240.70542109104807,104.8609747230547,109.41411603377135,26.43033033422201,28.759055737363145,0.0,28.759055737363145,0.0,-234.98184345760455,-0.09569987248108709,-8.669435822723518e-07,0.0,-2.0169698265774147e-05,-0.0002947356843229221,0.024015369836695485,0.42735042735042733,-0.018960442068282284,0.02375042736914701,0.010884450480265354,-0.09702467811642955,-0.012409700244206907,0.017279686136122425,0.017279686136122425,0.7375335636944338,0.024584452123147794,0.0005759895378707476,0.008808141836389671,-0.007165158031061658,7.9808350444900755,False,EUR_JPY,H4_risk_short_cap3,IS
H4_risk_short_cap3|IS,17.0,0.0,17.0,0.5882352941176471,3.200320098084844,2.2402240686593906,,4.556372549019607,0.5882352941176471,3688.190478395816,0.03688190478395816,3555.2690404688765,0.0,3555.2690404688765,63.93664347200001,0.0,63.93664347200001,30.274426698558926,24.13143050088358,9.5307862725575,196.85808139898703,0.0,196.85808139898703,0.0,3688.1904783958635,55.60612580524105,1.7495396469764575e-05,0.0,0.0003851225908853392,0.004548439662179993,0.01585014409221902,0.6111111111111112,0.6217546191449831,0.014571171559908613,0.00368480887260067,2.4374957489854796,0.3121533257280871,0.005982611248619232,0.005982611248619232,0.40524862641233583,0.02026243132061679,0.0002991305624309616,0.009636662206313984,-0.004715629027072787,7.9808350444900755,False,AUD_JPY,H4_risk_short_cap3,IS
H4_risk_short_cap3|IS,6.0,0.0,6.0,0.6666666666666666,6.945703251422598,3.472851625711299,,6.590277777777778,0.6666666666666666,1385.5728187153873,0.013855728187153872,1445.9268995032437,0.0,1445.9268995032437,16.57977718007306,0.0,16.57977718007306,9.071116045087646,2.400849861508245,5.107811273477169,-43.77430360776136,0.0,-43.77430360776136,0.0,1385.5728187154093,23.957400736268017,7.820715907793067e-06,0.0,0.0001706764835147083,0.0020336190397189924,0.006232294617563739,0.55,0.5622529786234093,0.0037016849917177463,0.0030464031513016687,3.6782660061869334,0.5493765796573907,0.0015303816089918137,0.0015303816089918137,0.21586839659145649,0.010793419829572824,7.651908044959069e-05,0.005653307211267222,-0.0015986648798480552,6.7734428473648185,False,XAU_USD,H4_risk_short_cap3,IS
H4_risk_short_cap3|IS,18.0,0.0,18.0,0.4444444444444444,1.1741648768280746,1.4677060960350932,,3.8055555555555554,0.4444444444444444,398.0792606712057,0.003980792606712057,1016.8167863886594,0.0,1016.8167863886594,482.85716289305446,0.0,482.85716289305446,271.59051135064243,0.0,211.26665154241203,-135.8803628244161,0.0,-135.8803628244161,0.0,398.07926067118876,1.643373391988125,2.0061705716057993e-06,0.0,4.349011330057577e-05,0.000497927750499727,0.011627906976744186,0.5,0.0788777291154848,0.015441734858621659,0.007691619967213514,0.25560009769698405,0.03224558348259144,0.0036057720567601627,0.0036057720567601627,0.40877523709335467,0.020438761854667736,0.0001802886028380081,0.008854370621232066,-0.005461099602611208,7.9808350444900755,False,NAS100_USD,H4_risk_short_cap3,IS
H4_risk_short_cap3|IS,16.0,0.0,16.0,0.3125,0.602929247273961,1.3264443440027143,,3.5703125,0.3125,-800.4942511511326,-0.008004942511511326,-410.9501034527984,0.0,-410.9501034527984,298.5988572751791,0.0,298.5988572751791,150.78064814189307,0.0,147.81820913328605,-90.94529042315258,0.0,-90.94529042315258,0.0,-800.4942511511301,-1.054951295972347,-3.840097521751012e-06,0.0,-8.33528845395711e-05,-0.001006549873321827,0.007267441860465116,0.3409090909090909,-0.18556207928700177,0.023396075355299417,0.00867798806944875,-0.33962534236999875,-0.043022167523230966,0.003820326950696437,0.003820326950696437,0.6840769392706867,0.03420384696353434,0.00019101634753482185,0.008250307258090395,-0.003734908459579467,7.9808350444900755,False,SPX500_USD,H4_risk_short_cap3,IS
H4_risk_short_cap3|IS,11.0,0.0,11.0,0.18181818181818182,0.15805038117839063,0.7112267153027577,,3.647727272727272,0.18181818181818182,-1661.4731358236459,-0.01661473135823646,-1565.4637233229685,0.0,-1565.4637233229685,68.31171865298673,0.0,68.31171865298673,34.15585932649336,0.0,34.15585932649336,-27.69769384766058,0.0,-27.69769384766058,0.0,-1661.4731358236156,-16.305315099312935,-8.230962552378414e-06,0.0,-0.0001759747366695205,-0.0020985534778747983,0.008411677387431964,0.4146341463414634,-0.3800042202905167,0.017697552806885564,0.017697552806885564,-0.9377814429770956,-0.11857873801954792,0.002249699824300963,0.002249699824300963,0.3149906273009979,0.015749531365049894,0.00011248499121504815,0.005811767320690109,-0.005384024204262539,7.975359342915811,False,UK100_GBP,H4_risk_short_cap3,IS
H4_risk_short_cap3|IS,29.0,0.0,29.0,0.3793103448275862,0.4790903635559957,0.7839660494552657,,3.3807471264367814,0.3793103448275862,-3371.3900185613747,-0.033713900185613745,-2489.346198049965,0.0,-2489.346198049965,809.0279478259998,0.0,809.0279478259998,454.65110507258595,0.0,354.3768427534139,-73.01587268534884,0.0,-73.01587268534884,0.0,-3371.390018561314,-2.8222477615758503,-1.6503061063866282e-05,0.0,-0.00035840264657017437,-0.004287989565207595,0.016019417475728156,0.36666666666666664,-0.48607149610152905,0.048750425248075935,0.048750425248075935,-0.6915611507808203,-0.0879579930510828,0.007121767754565787,0.007121767754565787,0.4202686787271476,0.021013433936357382,0.0003560883877282894,0.011091735418953252,-0.005330955003002846,7.9808350444900755,False,JP225_USD,H4_risk_short_cap3,IS
H4_risk_short_cap3|IS,20.0,0.0,20.0,0.55,0.8420899550145897,0.6889826904664824,,3.6,0.55,-460.48003831603273,-0.004604800383160327,-115.31756282995391,0.0,-115.31756282995391,217.9708384381844,0.0,217.9708384381844,134.80990270926364,0.0,83.16093572892075,-145.62687940474618,0.0,-145.62687940474618,0.0,-478.9152806728845,-0.3171570039385384,-2.125723467718711e-06,0.0,-4.720438754180168e-05,-0.0005781476224649973,0.012165450121654502,0.5319148936170213,-0.06879880507906602,0.01827558527960904,0.011376462120862185,-0.2491452932729116,-0.0316349716640848,0.0030304151017163674,0.0030304151017163674,0.28935511654574186,0.02893551165457419,0.0003030415101716368,0.008130587539431522,-0.006438602151963568,7.9808350444900755,False,WTICO_USD,H4_risk_short_cap3,IS
H4_risk_short_cap3|VAL,7.0,0.0,7.0,0.2857142857142857,0.5925773178787662,1.4814432946969156,,2.547619047619048,0.2857142857142857,-510.9873179689894,-0.005109873179689894,-443.25545952492223,0.0,-443.25545952492223,38.107424852600076,0.0,38.107424852600076,5.533543758662191,22.348846525886472,10.225034568051415,-29.624433591463426,0.0,-29.624433591463426,0.0,-510.9873179689857,-6.544268379864191,-4.89357466818904e-06,0.0,-0.00010807135283359604,-0.0012834351092162466,0.004835589941972921,0.38461538461538464,-0.22246785058034974,0.00899593561358547,0.008697139696678291,-0.5661426921125616,-0.14266832982641964,0.0053423902295761565,0.0053423902295761565,1.1337221500055343,0.037790738333517815,0.00017807967431920522,0.005282577597438998,-0.0059913877387038905,3.9890485968514717,False,EUR_USD,H4_risk_short_cap3,VAL
H4_risk_short_cap3|VAL,31.0,0.0,31.0,0.3225806451612903,0.5310263998578667,1.1151554397015202,,3.391129032258065,0.3225806451612903,-2418.1479276347964,-0.024181479276347964,-2055.563664647433,0.0,-2055.563664647433,249.35134161911213,0.0,249.35134161911213,58.50121832424752,121.92889220155087,68.92123109331375,-113.23292136819913,0.0,-113.23292136819913,0.0,-2418.1479276347445,-5.669202650197116,-2.3414465701287893e-05,0.0,-0.000518278595251681,-0.006117674017344088,0.03481624758220503,0.4235294117647059,-0.516055140983538,0.03271806874347427,0.01861092338373843,-0.7370068952271929,-0.18698151364952673,0.03595274230012167,0.03595274230012167,0.9616446284936765,0.03205482094978922,0.001198424743337389,0.0074997697205225755,-0.005296214189518644,3.9890485968514717,False,GBP_USD,H4_risk_short_cap3,VAL
H4_risk_short_cap3|VAL,30.0,0.0,30.0,0.4,0.8971961700536624,1.3457942550804936,,3.3013888888888885,0.4,-465.119770389123,-0.00465119770389123,-387.2112404601829,0.0,-387.2112404601829,184.51091578047303,0.0,184.51091578047303,61.2124105505601,74.26537444105514,49.03313078885778,106.6023858515293,0.0,106.6023858515293,0.0,-465.11977038912664,-2.0985817496070434,-4.197837855786473e-06,0.0,-9.177548675220553e-05,-0.0011680291264071219,0.031914893617021274,0.4583333333333333,-0.08432725617411678,0.037623718598792766,0.023452274678914586,-0.12276056384535854,-0.031045020798252526,0.021970411684339688,0.021970411684339688,0.8184236282484214,0.04092118141242107,0.001098520584216984,0.014796145651223558,-0.005085008174757988,3.9890485968514717,False,AUD_USD,H4_risk_short_cap3,VAL
H4_risk_short_cap3|VAL,4.0,0.0,4.0,0.75,10.713646692076939,3.5712155640256458,,4.78125,0.75,1011.7067837282666,0.010117067837282665,1054.556106785226,0.0,1054.556106785226,20.4885289309488,0.0,20.4885289309488,6.043818847241586,9.143002810337745,5.301707273369469,-22.36079412601195,0.0,-22.36079412601195,0.0,1011.7067837282651,24.61079969416031,9.755051687012684e-06,0.0,0.00021525676249537472,0.0025266537208727957,0.006769825918762089,0.6363636363636364,0.7779615118796601,0.0028124203569427353,0.0013650969540275708,3.55723976091761,0.898391207642735,0.004910833195675387,0.004910833195675387,0.6610106912389957,0.022033689707966524,0.00016369443985584623,0.003406918295288719,-0.0024680537243900735,3.9890485968514717,False,USD_CAD,H4_risk_short_cap3,VAL
H4_risk_short_cap3|VAL,16.0,0.0,16.0,0.6875,3.506958467875651,1.5940720308525687,,4.1328125,0.6875,2869.8039680266666,0.028698039680266664,2997.679810498436,0.0,2997.679810498436,58.57532387517829,0.0,58.57532387517829,21.010905746925356,31.25148046437705,6.312937663875886,-69.30051859657236,0.0,-69.30051859657236,0.0,2869.8039680266857,23.442111915396847,2.7528142027488377e-05,0.0,0.0006082127791215289,0.007118124477565102,0.017408123791102514,0.5454545454545454,0.7611259468494808,0.010016509192190326,0.004086606332818321,2.757876207855962,0.7106392397777623,0.01286888492162202,0.01286888492162202,0.8932626477752986,0.029775421592509958,0.000428962830720734,0.00869907001054071,-0.005038634593059865,3.9890485968514717,False,EUR_JPY,H4_risk_short_cap3,VAL
H4_risk_short_cap3|VAL,14.0,0.0,14.0,0.5,0.9606104073150198,0.9606104073150198,,3.5148809523809526,0.5,-91.00335862408974,-0.0009100335862408974,-60.060133674055294,0.0,-60.060133674055294,85.04636613708927,0.0,85.04636613708927,38.32367729067808,33.8146578692617,12.908030977149489,54.103141187074215,0.0,54.103141187074215,0.0,-91.00335862407033,-0.7062045846525908,-6.617166156371462e-07,0.0,-1.6074044818271516e-05,-0.0002282108139597394,0.02127659574468085,0.4888888888888889,-0.015876883423590553,0.012872834135438271,0.006298288590326347,-0.06993315722910913,-0.0177280940279877,0.012094661753351405,0.012094661753351405,0.4789280360078854,0.02394640180039427,0.0006047330876675702,0.008370601606241479,-0.011664294130132924,3.9890485968514717,False,AUD_JPY,H4_risk_short_cap3,VAL
H4_risk_short_cap3|VAL,22.0,0.0,22.0,0.45454545454545453,1.1379040009183388,1.3654848011020067,,3.4488636363636362,0.45454545454545453,646.9235523188254,0.006469235523188254,681.5753029417327,0.0,681.5753029417327,172.41528729426986,0.0,172.41528729426986,96.82084454732562,26.352360530221702,49.24208221672254,-175.01213463393154,0.0,-175.01213463393154,0.0,334.14788101353133,1.9617775107072164,6.478649714005656e-06,0.0,0.00014095905403150818,0.0016178330462945922,0.02521823472356935,0.4126984126984127,0.15334908867522634,0.011689211148682266,0.005289126631792346,0.5468823145617978,0.13840395435725975,0.01643175013498536,0.01643175013498536,0.5988217846452449,0.029941089232262248,0.0008215875067492681,0.00992138340852522,-0.004676940425702547,3.9890485968514717,False,XAU_USD,H4_risk_short_cap3,VAL
H4_risk_short_cap3|VAL,4.0,0.0,4.0,0.25,0.360986980031929,1.082960940095787,,2.3854166666666665,0.25,-303.64980097870284,-0.0030364980097870283,-254.34610132322732,0.0,-254.34610132322732,39.18943152558913,0.0,39.18943152558913,21.376053559412252,0.0,17.813377966176876,-10.114268129887213,0.0,-10.114268129887213,0.0,-303.64980097870364,-5.158762995486002,-2.9233548759522274e-06,0.0,-6.46554519678695e-05,-0.000762076099384168,0.001937984496124031,0.25,-0.21396763482159334,0.00844195091063904,0.00844195091063904,-0.35774128551247264,-0.09027251016394269,0.001417233530210357,0.001417233530210357,0.2802193615210481,0.014010968076052406,7.086167651051784e-05,0.0054514739765527676,-0.003333456714190608,3.9890485968514717,False,NAS100_USD,H4_risk_short_cap3,VAL
H4_risk_short_cap3|VAL,4.0,0.0,4.0,0.25,0.28168761867108755,0.8450628560132626,,2.885416666666667,0.25,-595.4455812871747,-0.005954455812871747,-516.3716250121137,0.0,-516.3716250121137,72.64919386041421,0.0,72.64919386041421,43.93963427730295,0.0,28.70955958311127,-6.424762414669707,0.0,-6.424762414669707,0.0,-595.4455812871976,-6.530236367783985,-5.764291469742985e-06,0.0,-0.00012649824995338276,-0.001496042387324259,0.001937984496124031,0.2,-0.42849537703420065,0.009490225214555559,0.005968546643208894,-0.6251986630980534,-0.15764034609312702,0.001548072063805302,0.001548072063805302,0.32579395464560185,0.01628969773228009,7.74036031902651e-05,0.00477010237733011,-0.0026754074366620584,3.9890485968514717,False,SPX500_USD,H4_risk_short_cap3,VAL
H4_risk_short_cap3|VAL,7.0,0.0,7.0,0.2857142857142857,0.7956799439537898,1.9891998598844745,,3.809523809523809,0.2857142857142857,-182.0192364181421,-0.001820192364181421,-143.41979058744485,0.0,-143.41979058744485,53.99936037600125,0.0,53.99936037600125,26.999680188000625,0.0,26.999680188000625,15.399914545344265,0.0,15.399914545344265,0.0,-182.01923641810183,-2.655953507389773,-1.704791936945346e-06,0.0,-3.737275063215578e-05,-0.00045660886667164835,0.009900990099009901,0.38461538461538464,-0.060764527026293313,0.010441338830212699,0.004909686984673778,-0.17281994519564894,-0.04373087341543028,0.005087169160715071,0.005087169160715071,0.36886979027299027,0.018443489513649512,0.0002543584580357536,0.006092464698784994,-0.005495972164368479,3.9890485968514717,False,UK100_GBP,H4_risk_short_cap3,VAL
H4_risk_short_cap3|VAL,7.0,0.0,7.0,0.5714285714285714,1.1944064665376797,0.8958048499032597,,5.535714285714286,0.5714285714285714,163.3614321615314,0.001633614321615314,242.92554329440983,0.0,242.92554329440983,66.73121254347143,0.0,66.73121254347143,36.98870630544113,0.0,29.742506238030305,-12.832898589384056,0.0,-12.832898589384056,0.0,163.36143216155435,3.0532050171310883,1.6477310703792825e-06,0.0,3.54852888714687e-05,0.0004092743891783712,0.007759456838021339,0.4,0.07276330111547599,0.007600743402040422,0.004617192190285706,0.21392506877375275,0.05384662624823006,0.0030625872085442403,0.0030625872085442403,0.2703372730862664,0.013516863654313323,0.00015312936042721206,0.0052258658955339765,-0.005154961994581986,3.9890485968514717,False,JP225_USD,H4_risk_short_cap3,VAL
H4_risk_short_cap3|VAL,12.0,0.0,12.0,0.4166666666666667,0.8462362390633678,1.1847307346887148,,4.670138888888889,0.4166666666666667,-310.06410458769824,-0.0031006410458769822,-64.50065739613001,0.0,-64.50065739613001,179.9332482319807,0.0,179.9332482319807,119.92049006816545,0.0,60.01275816381526,-65.63019895957515,0.0,-65.63019895957515,0.0,-310.06410458768585,-0.26266391897412644,-2.8768663848687098e-06,0.0,-6.361088635140716e-05,-0.0007781929545531696,0.01842870999030068,0.5135135135135135,-0.08779778130699198,0.022694675070309644,0.011676773379587058,-0.13579555923742964,-0.03428967157019323,0.004436457659302571,0.004436457659302571,0.4502500424098699,0.04502500424098699,0.0004436457659302571,0.004771412506944239,-0.005247959263433355,3.9890485968514717,False,WTICO_USD,H4_risk_short_cap3,VAL
H4_risk_short_cap3|OOS,21.0,0.0,21.0,0.23809523809523808,0.5850554430955249,1.8721774179056796,,3.2976190476190474,0.23809523809523808,-1995.5925941617024,-0.019955925941617023,-1396.0533544521413,0.0,-1396.0533544521413,192.04625929574888,0.0,192.04625929574888,27.963691072003662,109.97190186221567,54.11066636152957,-407.4929804138014,0.0,-407.4929804138014,0.0,-1995.5925941616915,-2.3285437582508632,-2.283951295874321e-05,0.0,-0.0004984079009517195,-0.005987397333413469,0.026436781609195402,0.3709677419354839,-0.4457562938612808,0.03460613524604694,0.03460613524604694,-0.5766586126919963,-0.17301548672926165,0.03913008170432978,0.03913008170432978,1.3898843838015025,0.04632947946005008,0.0013043360568109927,0.00920996474908864,-0.005200171402332199,3.356605065023956,False,EUR_USD,H4_risk_short_cap3,OOS
H4_risk_short_cap3|OOS,13.0,0.0,13.0,0.07692307692307693,0.018858533800461503,0.22630240560553802,,2.4230769230769234,0.07692307692307693,-3748.419975801211,-0.03748419975801211,-3471.2872652651295,0.0,-3471.2872652651295,141.1464604036314,0.0,141.1464604036314,35.3249662137233,63.431534733440124,42.38995945646798,-135.9862501324237,0.0,-135.9862501324237,0.0,-3748.4199758011846,-12.525721913341272,-4.375368927914655e-05,0.0,-0.0009510334582317481,-0.0113174460227633,0.01264367816091954,0.36666666666666664,-1.2335624176930586,0.03748419975801209,0.03748419975801209,-1.0000000000000004,-0.30192577394810843,0.015130699251334591,0.015130699251334591,0.9046412247122079,0.03015470749040693,0.000504356641711153,0.003451531421084564,-0.010242208551110354,3.356605065023956,False,GBP_USD,H4_risk_short_cap3,OOS
H4_risk_short_cap3|OOS,29.0,0.0,29.0,0.5172413793103449,1.468984253427322,1.3710519698655006,,4.494252873563218,0.5172413793103449,1772.9824888725707,0.017729824888725706,2318.820218466295,0.0,2318.820218466295,281.0468380685183,0.0,281.0468380685183,101.11347003153926,102.3902798036295,77.54308823334952,-264.790891525205,0.0,-264.790891525205,0.0,1772.9824888725716,4.248186031757523,2.051045134668661e-05,0.0,0.00045169933679844456,0.005249522415476493,0.05057471264367816,0.5365853658536586,0.41345092630347763,0.03143551091777941,0.00836284610045519,0.5531706373177582,0.16699338621238854,0.046646073197574786,0.046646073197574786,1.1474847198516016,0.05737423599258008,0.0023323036598787393,0.005981007679309425,-0.0068767174658304064,3.356605065023956,False,AUD_USD,H4_risk_short_cap3,OOS
H4_risk_short_cap3|OOS,13.0,0.0,13.0,0.38461538461538464,0.8640230294150202,1.3824368470640325,,4.384615384615385,0.38461538461538464,-254.41478920407826,-0.0025441478920407825,-14.230596627487472,0.0,-14.230596627487472,170.94952403820076,0.0,170.94952403820076,48.82513929533788,74.05258843994362,48.07179630291928,-69.2346685383922,0.0,-69.2346685383922,0.0,-254.41478920408042,-0.05924868108441166,-2.802899154620197e-06,0.0,-6.182501978546362e-05,-0.0007586306105363816,0.01839080459770115,0.43243243243243246,-0.08891935647541567,0.01395160869323453,0.004425239614208487,-0.1802696488067326,-0.05437585207677591,0.032358256447867176,0.032358256447867176,1.6227192379352111,0.05409064126450704,0.0010786085482622394,0.005468991243247956,-0.006748579777851926,3.356605065023956,False,USD_CAD,H4_risk_short_cap3,OOS
H4_risk_short_cap3|OOS,9.0,0.0,9.0,0.2222222222222222,0.1610199279154009,0.5635697477039032,,3.87962962962963,0.2222222222222222,-1307.426320801751,-0.01307426320801751,-1129.1431993670126,0.0,-1129.1431993670126,84.00158415275241,0.0,84.00158415275241,30.386621277085716,43.486089116638134,10.128873759028568,-94.28153728199473,0.0,-94.28153728199473,0.0,-1307.4263208017599,-6.333427361379729,-1.5066114888222668e-05,0.0,-0.00032829996379687976,-0.0039130959783639785,0.013793103448275862,0.34285714285714286,-0.6856081235554075,0.016568584055349223,0.016568584055349223,-0.7863057141592702,-0.23617564212438674,0.02041490409585863,0.02041490409585863,0.8793739175089712,0.02931246391696571,0.0006804968031952876,0.004314690735966797,-0.0029522836630339055,3.356605065023956,False,EUR_JPY,H4_risk_short_cap3,OOS
H4_risk_short_cap3|OOS,24.0,0.0,24.0,0.375,0.6408445440065663,1.0680742400109438,,3.982638888888889,0.375,-1677.6734333636705,-0.016776734333636707,-1486.06304477849,0.0,-1486.06304477849,195.82364293951701,0.0,195.82364293951701,100.05189665731905,66.81091875721266,28.960827524985284,4.213254354262116,0.0,4.213254354262116,0.0,-1677.6734333637448,-7.588782551846828,-1.923297050961067e-05,0.0,-0.000414068839172832,-0.005027844666327774,0.028735632183908046,0.44642857142857145,-0.46636113464357254,0.02743765936815723,0.02743765936815723,-0.6114491804321669,-0.18324612164851198,0.024382134469426938,0.024382134469426938,0.8868817439488693,0.04434408719744347,0.0012191067234713468,0.007020395588557493,-0.00509922141062169,3.356605065023956,False,AUD_JPY,H4_risk_short_cap3,OOS
H4_risk_short_cap3|OOS,2.0,0.0,2.0,0.0,0.0,,,0.6666666666666666,0.0,-920.3058204387926,-0.009203058204387925,-889.3471279448008,0.0,-889.3471279448008,25.150585219877122,0.0,25.150585219877122,12.647825788375613,4.070875572584432,8.431883858917075,-5.808107274108688,0.0,-5.808107274108688,0.0,-920.3058204387867,-28.726895624470245,-1.0641850468884226e-05,0.0,-0.00023060725519673253,-0.002750679933939071,0.0,0.0,-0.804808647892554,0.009203058204387937,0.009203058204387937,-0.9999999999999988,-0.29888759506351603,0.0005729367473534405,0.0005729367473534405,0.4973090967027864,0.02486545483513932,2.8646837367672028e-05,0.0,-0.004811842320603277,3.356605065023956,False,XAU_USD,H4_risk_short_cap3,OOS
H4_risk_short_cap3|OOS,1.0,0.0,1.0,1.0,inf,,,2.8333333333333335,1.0,31.730914801562903,0.00031730914801562904,42.523865982360114,0.0,42.523865982360114,5.669848797648015,0.0,5.669848797648015,3.092644798717099,0.0,2.577203998930916,-5.123102383149339,0.0,-5.123102383149339,0.0,31.73091480156276,3.9399664901679436,3.698580196652606e-07,0.0,7.932728700388303e-06,9.452223414374572e-05,0.0023094688221709007,0.5,0.07005417118279963,0.0016179251769525838,0.0010919083539647212,0.19574160768343674,0.05842188222930155,0.0005825047326323326,0.0005825047326323326,0.16939084992534065,0.008469542496267033,2.9125236631616638e-05,0.0012902930600047213,-0.0016179251769525838,3.356605065023956,False,NAS100_USD,H4_risk_short_cap3,OOS
H4_risk_short_cap3|OOS,4.0,0.0,4.0,1.0,inf,,,8.125,1.0,1065.8850533738587,0.010658850533738587,1090.9178766420684,0.0,1090.9178766420684,12.08818171542068,0.0,12.08818171542068,6.3123621441026465,0.0,5.775819571318033,-12.944641552799789,0.0,-12.944641552799789,0.0,1065.885053373848,43.57949820334507,1.2284116070224973e-05,0.0,0.0002660278296994445,0.0031636751279593422,0.010392609699769052,0.6923076923076923,0.679684415741866,0.0027218546416525324,0.001758480002873375,3.8641783437623234,1.162323321585816,0.0019811275859027756,0.0019811275859027756,0.19330650277441483,0.009665325138720742,9.905637929513879e-05,0.005176431367699852,-0.0027218546416525324,3.356605065023956,False,SPX500_USD,H4_risk_short_cap3,OOS
H4_risk_short_cap3|OOS,12.0,0.0,12.0,0.5833333333333334,2.0199180222234348,1.4427985873024534,,5.246527777777778,0.5833333333333334,1287.481826682866,0.012874818266828661,1340.7522183350272,0.0,1340.7522183350272,80.90051708315339,0.0,80.90051708315339,41.67341642962706,0.0,39.22710065352633,27.630125430940627,0.0,27.630125430940627,0.0,1287.4818266828145,16.572851035759616,1.5229782767997975e-05,0.0,0.00032274696992668216,0.003818456651415003,0.023557126030624265,0.5128205128205128,0.4245358298938783,0.011215786756624824,0.004625537574810923,1.1295271882584925,0.34045374919058236,0.010605610190476214,0.010605610190476214,0.6196887816900601,0.030984439084503008,0.0005302805095238107,0.007232854100294617,-0.005278430919816612,3.356605065023956,False,UK100_GBP,H4_risk_short_cap3,OOS
H4_risk_short_cap3|OOS,13.0,0.0,13.0,0.23076923076923078,0.5739434190614469,1.9131447302048228,,3.8333333333333335,0.23076923076923078,-1317.908608731319,-0.01317908608731319,-1021.1440343850825,0.0,-1021.1440343850825,209.5278055728948,0.0,209.5278055728948,123.95002042034146,0.0,85.57778515255335,-87.23676877333067,0.0,-87.23676877333067,0.0,-1317.9086087313078,-3.4409229492255613,-1.5179766792452486e-05,0.0,-0.0003275129511090158,-0.003944615875252411,0.020785219399538105,0.45,-0.45572782530893463,0.01971554101478401,0.01971554101478401,-0.668461802667786,-0.20007647126165487,0.009089474815592753,0.009089474815592753,0.48928824956008987,0.024464412478004495,0.0004544737407796377,0.007054868049845453,-0.005235137897455777,3.356605065023956,False,JP225_USD,H4_risk_short_cap3,OOS
H4_risk_short_cap3|OOS,14.0,0.0,14.0,0.7142857142857143,19.93343108296952,7.973372433187808,,5.500000000000001,0.7142857142857143,3488.7700908797124,0.03488770090879712,3666.859226617394,0.0,3666.859226617394,128.27762264428588,0.0,128.27762264428588,82.91102701539072,0.0,45.366595628895176,-71.43732659401527,0.0,-71.43732659401527,0.0,3467.1442773790927,18.360464454977148,3.9798866283310596e-05,0.0,0.0008613224124499802,0.010268915872904127,0.025404157043879907,0.6285714285714286,0.9998764525588684,0.007089949028891929,0.003464182242517174,4.7548411426381065,1.4483765441835668,0.004862371157625339,0.004862371157625339,0.23396828406871922,0.02339682840687192,0.0004862371157625339,0.00739371942367284,-0.005076765030519903,3.356605065023956,False,WTICO_USD,H4_risk_short_cap3,OOS
H4_risk_long_cap3|IS,41.0,0.0,41.0,0.4146341463414634,0.949145138398714,1.3399696071511256,,3.3871951219512204,0.4146341463414634,-393.1570932642644,-0.003931570932642644,73.72606985946933,0.0,73.72606985946933,263.73576179369513,0.0,263.73576179369513,40.99395907885149,160.331003429312,62.41079928553165,-203.14740132991662,0.0,-203.14740132991662,0.0,-393.1570932641424,0.15791117710524433,-1.668391434718644e-06,0.0,-3.509277010173766e-05,-0.000493475656808684,0.021613832853025938,0.3879310344827586,-0.03955185175688684,0.030347259209415278,0.008371021288477526,-0.12630464775891223,-0.016260962922660986,0.024958722661605464,0.024958722661605464,1.2193899138479376,0.040646330461597914,0.0008319574220535155,0.011651418163122651,-0.005172030528443061,7.9808350444900755,False,EUR_USD,H4_risk_long_cap3,IS
H4_risk_long_cap3|IS,42.0,0.0,42.0,0.35714285714285715,0.6210884492415762,1.1179592086348373,,3.1478174603174605,0.35714285714285715,-2794.2222368718067,-0.027942222368718066,-2131.7480745869757,0.0,-2131.7480745869757,376.96051973659957,0.0,376.96051973659957,93.660099599607,189.36718841554807,93.9332317214445,-285.51364254815354,0.0,-285.51364254815354,0.0,-2794.222236871729,-3.2178584402974506,-1.344128951765357e-05,0.0,-0.00029606902386608276,-0.0035447137725705957,0.024015369836695485,0.44642857142857145,-0.3652531847695849,0.03716513253050202,0.010579373664913549,-0.7451403257377323,-0.09537740164551795,0.027614506514212038,0.027614506514212038,1.0822323439844583,0.036074411466148606,0.0009204835504737348,0.005755763219323029,-0.006042466292694448,7.9808350444900755,False,GBP_USD,H4_risk_long_cap3,IS
H4_risk_long_cap3|IS,62.0,0.0,62.0,0.3225806451612903,0.6249124858517421,1.3123162202886585,,3.3252688172043015,0.3225806451612903,-4737.894003408452,-0.047378940034084514,-3457.063735214064,0.0,-3457.063735214064,394.8511996326288,0.0,394.8511996326288,124.40168074238512,167.2663341022071,103.18318478803657,-885.9790685617533,0.0,-885.9790685617533,0.0,-4737.894003408446,-2.69908029272885,-2.28610906149079e-05,0.0,-0.0005011804433761363,-0.006063373230372093,0.027377521613832854,0.3630573248407643,-0.3812520856854052,0.06059515086931433,0.06059515086931433,-0.7810522268946503,-0.10006367082819846,0.02653409115203048,0.02653409115203048,1.2209120817518058,0.06104560408759029,0.0013267045576015241,0.015664560256444027,-0.007818645341329145,7.9808350444900755,False,AUD_USD,H4_risk_long_cap3,IS
H4_risk_long_cap3|IS,15.0,0.0,15.0,0.4,0.6872305589993617,1.0308458384990427,,4.083333333333333,0.4,-742.9937189608754,-0.007429937189608754,-489.6076243957897,0.0,-489.6076243957897,153.13603516362068,0.0,153.13603516362068,46.445228953918104,60.24557725578446,46.445228953918104,-100.25005940138776,0.0,-100.25005940138776,0.0,-742.9937189607981,-1.9322592474393916,-3.5323458590832626e-06,0.0,-7.740688813320123e-05,-0.0009340117039651208,0.010566762728146013,0.41509433962264153,-0.177945874356513,0.018008021222441162,0.004942331308288935,-0.40905449531829413,-0.05186642621240239,0.010847853967186604,0.010847853967186604,1.2275274201859454,0.04091758067286485,0.0003615951322395535,0.005081339458651746,-0.005103705496893984,7.9808350444900755,False,USD_CAD,H4_risk_long_cap3,IS
H4_risk_long_cap3|IS,33.0,0.0,33.0,0.45454545454545453,0.8102534521572269,0.9723041425886723,,2.762626262626263,0.45454545454545453,-1117.203245147146,-0.01117203245147146,-457.92838619886624,0.0,-457.92838619886624,210.06697797733298,0.0,210.06697797733298,74.4243021908058,114.5326971381941,21.10997864833308,-449.2078809709407,0.0,-449.2078809709407,0.0,-1117.20324514714,-0.6945940376512901,-5.177561248333839e-06,0.0,-0.00011392980191804107,-0.0014067455473455448,0.013448607108549471,0.4117647058823529,-0.12412833977303178,0.04114539159027575,0.014681757773865193,-0.2707958549105834,-0.0341896259331753,0.01443235266302339,0.01443235266302339,1.2687352640297196,0.042291175467657316,0.0004810784221007797,0.013756023779512017,-0.006431210109052232,7.9808350444900755,False,EUR_JPY,H4_risk_long_cap3,IS
H4_risk_long_cap3|IS,59.0,0.0,59.0,0.4067796610169492,0.6809820450079506,0.9930988156365946,,3.046610169491525,0.4067796610169492,-3725.3918036219984,-0.03725391803621998,-2429.4033993986995,0.0,-2429.4033993986995,382.54397587444186,0.0,382.54397587444186,190.0361823478923,139.06949288320374,53.43830064334584,-913.4444283488846,0.0,-913.4444283488846,0.0,-3725.391803622026,-1.874556432358373,-1.789031112810169e-05,0.0,-0.00039235316354794793,-0.00474579612861048,0.022574447646493755,0.35877862595419846,-0.34161834492733606,0.060747676039305976,0.03423255118701218,-0.6040127503602798,-0.07812308944196936,0.019614082421721014,0.019614082421721014,1.0507470973588278,0.052537354867941394,0.0009807041210860505,0.012744882518489709,-0.008575102089511843,7.9808350444900755,False,AUD_JPY,H4_risk_long_cap3,IS
H4_risk_long_cap3|IS,36.0,0.0,36.0,0.2777777777777778,0.35413431462029016,0.9207492180127544,,2.9293981481481484,0.2777777777777778,-3998.4182277524087,-0.03998418227752409,-3600.244358575314,0.0,-3600.244358575314,316.1562474266874,0.0,316.1562474266874,172.8543858653535,40.941072765387304,102.36078879594658,-82.01762175039349,0.0,-82.01762175039349,0.0,-3998.418227752395,-9.041890081878197,-2.292693010235932e-05,0.0,-0.0005018534330703779,-0.006006229341340652,0.019830028328611898,0.35353535353535354,-0.5868893176781909,0.05474075853321825,0.029596180583359943,-0.7275472794294875,-0.10972133931421321,0.0126669673729269,0.0126669673729269,0.6825396794740369,0.03412698397370185,0.000633348368646345,0.007813411510737334,-0.005157494825560605,6.7734428473648185,False,XAU_USD,H4_risk_long_cap3,IS
H4_risk_long_cap3|IS,41.0,0.0,41.0,0.36585365853658536,0.7872301853279998,1.3645323212351996,,3.6951219512195124,0.36585365853658536,-1524.1891227207525,-0.015241891227207524,-108.95538968824087,0.0,-108.95538968824087,1283.6092789564063,0.0,1283.6092789564063,707.8476130480695,0.0,575.7616659083367,-131.62445407607805,0.0,-131.62445407607805,0.0,-1524.1891227207252,-0.07698755841183724,-7.13151874567864e-06,0.0,-0.0001558148674558741,-0.0019226650666348544,0.02374031007751938,0.4260869565217391,-0.14368979647069363,0.04330044795596366,0.021744109314269344,-0.3517372331598452,-0.044402890902888466,0.011847728011862938,0.011847728011862938,0.5253967261849928,0.026269836309249638,0.0005923864005931468,0.009083793770103599,-0.0067153269553736905,7.9808350444900755,False,NAS100_USD,H4_risk_long_cap3,IS
H4_risk_long_cap3|IS,43.0,0.0,43.0,0.3488372093023256,0.7049786524936061,1.315960151321398,,3.0649224806201554,0.3488372093023256,-2491.606547759613,-0.02491606547759613,-1073.350065463132,0.0,-1073.350065463132,1236.8452825918523,0.0,1236.8452825918523,630.9837343661751,0.0,605.8615482256772,-181.4111997045876,0.0,-181.4111997045876,0.0,-2491.606547759572,-0.7568095607961998,-1.1784302474429212e-05,0.0,-0.0002593471320205902,-0.0031565470670991136,0.022771317829457363,0.42727272727272725,-0.19901243505381838,0.0419595578171873,0.019641329723404433,-0.5864739020090282,-0.07522832058554588,0.014479452928246244,0.014479452928246244,0.7466512155348418,0.03733256077674209,0.0007239726464123122,0.017956280613398823,-0.008959205864285336,7.9808350444900755,False,SPX500_USD,H4_risk_long_cap3,IS
H4_risk_long_cap3|IS,40.0,0.0,40.0,0.2,0.2408587433268748,0.9634349733074992,,4.792708333333333,0.2,-8180.95582863671,-0.0818095582863671,-7101.397542487108,0.0,-7101.397542487108,397.41603649382836,0.0,397.41603649382836,200.65934196603865,0.0,196.7566945277897,-682.1422496557452,0.0,-682.1422496557452,0.0,-8180.955828636681,-6.5780584833593725,-4.1966241736675454e-05,0.0,-0.0008915555498420731,-0.010644709252686346,0.027214250371103414,0.36423841059602646,-0.9156165857140292,0.0900080323746083,0.0900080323746083,-0.9066654013143817,-0.11826399235552304,0.01849672394295139,0.01849672394295139,0.5023517677741138,0.025117588388705692,0.0009248361971475694,0.00812306478495306,-0.008024537174357138,7.975359342915811,False,UK100_GBP,H4_risk_long_cap3,IS
H4_risk_long_cap3|IS,24.0,0.0,24.0,0.5,1.2246303745157519,1.2246303745157519,,5.046875,0.5,848.7462793171871,0.008487462793171871,1585.3579570983638,0.0,1585.3579570983638,588.8363740294926,0.0,588.8363740294926,326.17186034113297,0.0,262.66451368835965,-147.77530375164713,0.0,-147.77530375164713,0.0,848.7462793172241,2.1522302794246517,4.310292215657531e-06,0.0,9.21646169978024e-05,0.001059553724092277,0.01650485436893204,0.4594594594594595,0.10608319137500492,0.018871548678252692,0.008721802920789038,0.44306599503424593,0.05614556294011481,0.008373814010518404,0.008373814010518404,0.473714391237233,0.023685719561861652,0.0004186907005259202,0.010088893331445137,-0.006131171049133188,7.9808350444900755,False,JP225_USD,H4_risk_long_cap3,IS
H4_risk_long_cap3|IS,54.0,0.0,54.0,0.37037037037037035,0.5844798188986137,0.9936156921276432,,2.9675925925925926,0.37037037037037035,-4471.656513015012,-0.04471656513015012,-3805.176831005436,0.0,-3805.176831005436,578.8369913926002,0.0,578.8369913926002,376.5729368254011,0.0,202.2640545671991,-87.6426906168438,0.0,-87.6426906168438,0.0,-4471.656513014879,-5.709366592441023,-2.190647801605102e-05,0.0,-0.00047508577875004306,-0.005715733698895886,0.02579075425790754,0.38405797101449274,-0.4119699566444808,0.061337330620287345,0.02404728017277835,-0.7260913169923019,-0.09318523713200856,0.008707177964427472,0.008707177964427472,0.3463928815152856,0.03463928815152856,0.0008707177964427473,0.02101771814672615,-0.006890404419710561,7.9808350444900755,False,WTICO_USD,H4_risk_long_cap3,IS
H4_risk_long_cap3|VAL,10.0,0.0,10.0,0.4,0.9235857720311247,1.385378658046687,,4.262500000000001,0.4,-98.74418308635359,-0.0009874418308635359,69.23103482896903,0.0,69.23103482896903,86.86642767564788,0.0,86.86642767564788,11.660003468416331,51.886417270398894,23.320006936832662,-81.10879023965573,0.0,-81.10879023965573,0.0,-98.74418308633459,0.41215029031173317,-8.76783363033659e-07,0.0,-2.044707461050835e-05,-0.00024762981028358944,0.014506769825918761,0.4166666666666667,-0.03505644318692232,0.007208962306685107,0.005266075369758094,-0.13665394481925264,-0.03435027119700074,0.018895825736371996,0.018895825736371996,0.925449462919793,0.030848315430659766,0.0006298608578790666,0.0056282263222953155,-0.004096957853182204,3.9890485968514717,False,EUR_USD,H4_risk_long_cap3,VAL
H4_risk_long_cap3|VAL,13.0,0.0,13.0,0.6153846153846154,1.1329374077062033,0.708085879816377,,3.4615384615384617,0.6153846153846154,186.79590367671335,0.0018679590367671336,525.135137011179,0.0,525.135137011179,167.54991891544685,0.0,167.54991891544685,37.35339507376224,86.85447614967445,43.342047692010155,-170.78931441900275,0.0,-170.78931441900275,0.0,186.79590367672947,1.5520964915472306,1.9202992596738656e-06,0.0,4.0530594244649554e-05,0.0004679444570137026,0.015473887814313346,0.3902439024390244,0.06335142209271635,0.013951764784539411,0.006278933800284436,0.13334545847398566,0.03354016242678154,0.03220808302113417,0.03220808302113417,1.6855036089567128,0.05618345363189043,0.0010736027673711387,0.00742500449560235,-0.0035349954928867167,3.9890485968514717,False,GBP_USD,H4_risk_long_cap3,VAL
H4_risk_long_cap3|VAL,19.0,0.0,19.0,0.47368421052631576,0.9996036342143649,1.1106707046826276,,3.6030701754385963,0.47368421052631576,-1.1582251204381464,-1.1582251204381464e-05,334.6671208232233,0.0,334.6671208232233,139.08091513489362,0.0,139.08091513489362,40.53151149174369,60.20972340223093,38.33968024091899,-196.74443080881215,0.0,-196.74443080881215,0.0,-1.1582251204824843,0.9965511086805323,1.3104925736868825e-07,0.0,1.9975232709933566e-05,-2.903524783715028e-06,0.015473887814313346,0.32653061224489793,0.00389551891291709,0.01377140344246397,0.013668381952226472,-0.000836192753708674,-0.0002108372466064019,0.017977789262277073,0.017977789262277073,1.2288985331181497,0.061444926655907485,0.0008988894631138536,0.006959191735510739,-0.0034405481928507786,3.9890485968514717,False,AUD_USD,H4_risk_long_cap3,VAL
H4_risk_long_cap3|VAL,33.0,0.0,33.0,0.21212121212121213,0.3233910287892539,1.201166678360086,,3.154040404040404,0.21212121212121213,-5700.431120082649,-0.05700431120082649,-5256.0801530882045,0.0,-5256.0801530882045,391.5025738169486,0.0,391.5025738169486,117.76449239936676,156.72407495974082,117.01400645784096,-52.84839317748006,0.0,-52.84839317748006,0.0,-5700.431120082633,-11.82866820036448,-5.647383300093026e-05,0.0,-0.001239905835323693,-0.014605958710441347,0.030947775628626693,0.3516483516483517,-1.1807803935524452,0.07457597178251929,0.07457597178251929,-0.7621412401777644,-0.19585341446217672,0.04714101156587592,0.04714101156587592,1.4117156564342948,0.04705718854780983,0.001571367052195864,0.006289297923796955,-0.005221514282167994,3.9890485968514717,False,USD_CAD,H4_risk_long_cap3,VAL
H4_risk_long_cap3|VAL,15.0,0.0,15.0,0.2,0.7947442748383744,3.1789770993534976,,4.419444444444445,0.2,-869.3890477102395,-0.008693890477102395,-691.7560875721042,0.0,-691.7560875721042,95.24115166623686,0.0,95.24115166623686,36.160537272295585,48.98696684359831,10.093647550342963,-82.39180847188366,0.0,-82.39180847188366,0.0,-869.3890477102248,-3.894300286580944,-8.19668822486767e-06,0.0,-0.00017521706645984056,-0.0021865747298936977,0.02127659574468085,0.4,-0.18454407191497021,0.042026174676717876,0.042026174676717876,-0.20686847051817764,-0.0520288783529242,0.020434216219059817,0.020434216219059817,0.8393281346334074,0.027977604487780246,0.0006811405406353272,0.008833823212728964,-0.006002836656489374,3.9890485968514717,False,EUR_JPY,H4_risk_long_cap3,VAL
H4_risk_long_cap3|VAL,20.0,0.0,20.0,0.4,0.7193744242278866,1.0790616363418297,,3.6458333333333335,0.4,-1038.6688651953882,-0.010386688651953881,-590.3832912278791,0.0,-590.3832912278791,160.08616270413222,0.0,160.08616270413222,70.44964242359103,66.3620535062583,23.274466774282864,-288.19941126329843,0.0,-288.19941126329843,0.0,-1038.6688651953098,-1.316980348046561,-9.922080350490017e-06,0.0,-0.00021657135347214745,-0.002613995336402275,0.015473887814313346,0.3018867924528302,-0.2654310285908868,0.030567821484751234,0.016382133276035604,-0.3390876923661761,-0.08551461011725246,0.02012378967480195,0.02012378967480195,0.9150750801611583,0.04575375400805791,0.0010061894837400975,0.00854971380954983,-0.005139326417124779,3.9890485968514717,False,AUD_JPY,H4_risk_long_cap3,VAL
H4_risk_long_cap3|VAL,16.0,0.0,16.0,0.5625,1.6125210691787077,1.2541830538056618,,5.026041666666667,0.5625,1139.053173682245,0.01139053173682245,1346.4948496988804,0.0,1346.4948496988804,99.24539503834129,0.0,99.24539503834129,50.22018359457018,17.249713480763877,31.775497963007226,-108.19628097835147,0.0,-108.19628097835147,0.0,1139.0531736821877,6.490956280118603,1.1132400513376985e-05,0.0,0.00024615754947670746,0.002843345288489285,0.02133850630455868,0.4583333333333333,0.3254684654572328,0.013129746818926091,0.004661952304125782,0.856703866451918,0.21655751079607247,0.012769211510596384,0.012769211510596384,0.4544507906678771,0.022722539533393853,0.0006384605755298191,0.011278698541441923,-0.00475933913847415,3.9890485968514717,False,XAU_USD,H4_risk_long_cap3,VAL
H4_risk_long_cap3|VAL,53.0,0.0,53.0,0.3018867924528302,0.37826565571664017,0.8747393288447304,,3.3466981132075473,0.3018867924528302,-7714.048472721683,-0.07714048472721682,-6303.217731926442,0.0,-6303.217731926442,1036.9210371123258,0.0,1036.9210371123258,616.44429196395,0.0,420.4767451483758,-419.1144806222566,0.0,-419.1144806222566,0.0,-7759.253249661024,-4.329027455136188,-7.720780861832916e-05,0.0,-0.0016972479397163755,-0.01992351403451509,0.0436046511627907,0.35714285714285715,-1.1395378252011288,0.09085696177309688,0.09085696177309688,-0.8460802183261047,-0.21928439654708468,0.032104254699937544,0.032104254699937544,0.6885616640345288,0.03442808320172644,0.001605212734996877,0.00770458503242244,-0.009446872187423683,3.9890485968514717,False,NAS100_USD,H4_risk_long_cap3,VAL
H4_risk_long_cap3|VAL,49.0,0.0,49.0,0.32653061224489793,0.335021093004781,0.6909810043223608,,2.47874149659864,0.32653061224489793,-7337.540468333114,-0.07337540468333115,-5758.888691427168,0.0,-5758.888691427168,1038.5214642598553,0.0,1038.5214642598553,556.5959105467726,0.0,481.92555371308254,-533.0153066997362,0.0,-533.0153066997362,0.0,-7330.425462386759,-3.6644950330438335,-7.32560094225349e-05,0.0,-0.0016090737971646296,-0.01892266977755863,0.03294573643410853,0.3238095238095238,-1.0738235570284174,0.07884118522226058,0.07884118522226058,-0.9306735366354413,-0.24000996083726897,0.030079756101075543,0.030079756101075543,0.6311623339292082,0.03155811669646041,0.0015039878050537771,0.013374931348004937,-0.007843180226430713,3.9890485968514717,False,SPX500_USD,H4_risk_long_cap3,VAL
H4_risk_long_cap3|VAL,19.0,0.0,19.0,0.42105263157894735,0.7893374839462272,1.0853390404260623,,4.307017543859649,0.42105263157894735,-698.922453181629,-0.006989224531816289,-82.40020656245025,0.0,-82.40020656245025,195.24052469535727,0.0,195.24052469535727,100.08565212380906,0.0,95.15487257154821,-421.2817219237748,0.0,-421.2817219237748,0.0,-698.9224531815823,-0.13365325746850867,-6.748066272882986e-06,0.0,-0.00014578987843243455,-0.0017567099066955194,0.026732673267326732,0.40298507462686567,-0.17087479410631942,0.02246336502609403,0.010170436946142863,-0.30877236558282267,-0.07820332815919964,0.01981558784237469,0.01981558784237469,0.5956912880154535,0.029784564400772675,0.0009907793921187344,0.0056031443100845735,-0.004905086397806291,3.9890485968514717,False,UK100_GBP,H4_risk_long_cap3,VAL
H4_risk_long_cap3|VAL,26.0,0.0,26.0,0.38461538461538464,0.7355966091197302,1.1769545745915684,,3.1169871794871797,0.38461538461538464,-1151.1778300793667,-0.011511778300793666,-580.4070360414503,0.0,-580.4070360414503,458.887673172866,0.0,458.887673172866,269.6123456321319,0.0,189.2753275407341,-187.77872812831157,0.0,-187.77872812831157,0.0,-1227.0734373426278,-0.897537021984744,-1.0969035504718272e-05,0.0,-0.0001602105032522211,-0.00289837635995438,0.019398642095053348,0.35714285714285715,-0.24055084048192116,0.024918033856698107,0.014533664328612065,-0.45862274299250055,-0.1163164147148504,0.011351289368142281,0.011351289368142281,0.5350195071593347,0.026750975357966732,0.0005675644684071141,0.007874132678457713,-0.005328983332372972,3.9890485968514717,False,JP225_USD,H4_risk_long_cap3,VAL
H4_risk_long_cap3|VAL,27.0,0.0,27.0,0.4074074074074074,0.744917929848185,1.083516988870087,,3.1049382716049383,0.4074074074074074,-1176.6419640991808,-0.011766419640991808,-730.6697146169561,0.0,-730.6697146169561,332.6935472863498,0.0,332.6935472863498,202.97496429715653,0.0,129.71858298919327,-113.27870219589762,0.0,-113.27870219589762,0.0,-1176.6419640992037,-1.6383748438725254,-1.1172890542270671e-05,0.0,-0.00024602723500828324,-0.002962773922356554,0.02230843840931135,0.40350877192982454,-0.22597334322267962,0.033291860238687465,0.01937862326152373,-0.35336403595125193,-0.08899394329769546,0.011165587578237544,0.011165587578237544,0.49672804355958095,0.0496728043559581,0.0011165587578237542,0.009396718578386754,-0.007757260740246297,3.9890485968514717,False,WTICO_USD,H4_risk_long_cap3,VAL
H4_risk_long_cap3|OOS,13.0,0.0,13.0,0.3076923076923077,0.3741681767965001,0.8418783977921253,,2.967948717948718,0.3076923076923077,-1803.9432830869773,-0.018039432830869773,-1757.2826352519937,0.0,-1757.2826352519937,104.50603821832779,0.0,104.50603821832779,14.65375327635458,61.21373905696061,28.63854588501259,57.845390383328876,0.0,57.845390383328876,0.0,-1803.9432830869928,-16.815130161003555,-2.0798546263369692e-05,0.0,-0.000452195485240911,-0.005408694777005452,0.013793103448275862,0.35294117647058826,-0.6587924087711063,0.026959768257935224,0.026959768257935224,-0.6685890983251155,-0.20062096696300344,0.019774315624259055,0.019774315624259055,1.1313847277250646,0.03771282425750216,0.0006591438541419687,0.004931115344339876,-0.005096386227717686,3.356605065023956,False,EUR_USD,H4_risk_long_cap3,OOS
H4_risk_long_cap3|OOS,8.0,0.0,8.0,0.5,1.3258778831113083,1.3258778831113083,,3.630208333333334,0.5,242.9013640735502,0.0024290136407355022,319.568542777302,0.0,319.568542777302,76.93507749462741,0.0,76.93507749462741,18.93021191755112,35.288611276014954,22.71625430106133,0.2678987908581745,0.0,0.2678987908581745,0.0,242.90136407353276,4.153743041327519,2.883759723388171e-06,0.0,6.127775519587653e-05,0.000723035707186126,0.016091954022988506,0.5384615384615384,0.1048738194765264,0.007220462457159016,0.003988825061953009,0.33450213370420145,0.1001370357475155,0.015546928551465822,0.015546928551465822,1.0044034869169214,0.03348011623056405,0.0005182309517155275,0.004074667148407096,-0.004484665243635888,3.356605065023956,False,GBP_USD,H4_risk_long_cap3,OOS
H4_risk_long_cap3|OOS,12.0,0.0,12.0,0.5833333333333334,1.680797691977237,1.2005697799837405,,5.555555555555556,0.5833333333333334,999.744261750122,0.009997442617501219,1191.3778091293239,0.0,1191.3778091293239,90.05247246315766,0.0,90.05247246315766,27.289921070096245,37.09195246539444,25.67059892766697,-101.58107491601166,0.0,-101.58107491601166,0.0,999.7442617501545,6.21695848886022,1.1537199323034867e-05,0.0,0.0002518380200013659,0.0029680448129727477,0.01954022988505747,0.4358974358974359,0.4033805011320747,0.01662397995486098,0.005419690161366536,0.5941638447475627,0.1785399658223763,0.021711614306666634,0.021711614306666634,1.0626704656029968,0.05313352328014984,0.0010855807153333317,0.00507565188345116,-0.004128403973656214,3.356605065023956,False,AUD_USD,H4_risk_long_cap3,OOS
H4_risk_long_cap3|OOS,14.0,0.0,14.0,0.42857142857142855,1.0470949136320524,1.396126551509403,,3.7678571428571432,0.42857142857142855,91.20679639275477,0.0009120679639275477,359.92833184156063,0.0,359.92833184156063,149.715019324339,0.0,149.715019324339,53.19795812315775,60.005113706755026,36.51194749442623,-119.00651612449265,0.0,-119.00651612449265,0.0,91.20679639272898,1.339410074597821,1.195286745663807e-06,0.0,2.6316024678341154e-05,0.000271636394028274,0.01839080459770115,0.42105263157894735,0.03490878989851122,0.013208724690006557,0.007195790225648498,0.06861897927283807,0.020564922080160274,0.025201432821993067,0.025201432821993067,1.1110412352394545,0.03703470784131515,0.0008400477607331024,0.007922490362089363,-0.004439799396291577,3.356605065023956,False,USD_CAD,H4_risk_long_cap3,OOS
H4_risk_long_cap3|OOS,13.0,0.0,13.0,0.15384615384615385,0.04731103799684152,0.2602107089826284,,2.3974358974358974,0.15384615384615385,-2953.9978577743314,-0.029539978577743313,-2782.6496075689734,0.0,-2782.6496075689734,128.14935335995582,0.0,128.14935335995582,50.815695039114715,63.37723826997359,13.956420050867518,-43.19889684539012,0.0,-43.19889684539012,0.0,-2953.9978577743195,-16.23973168231488,-3.4346543393367635e-05,0.0,-0.0007474322034796311,-0.008893372238712338,0.010344827586206896,0.2571428571428571,-1.1198756126086964,0.030112562228417294,0.016645363464037277,-0.9804064295135458,-0.2953376126299755,0.019650597340297258,0.019650597340297258,0.8886162390458292,0.029620541301527643,0.000655019911343242,0.004488953189203171,-0.005090208901216919,3.356605065023956,False,EUR_JPY,H4_risk_long_cap3,OOS
H4_risk_long_cap3|OOS,9.0,0.0,9.0,0.3333333333333333,0.4323301995258203,0.8646603990516407,,4.074074074074074,0.3333333333333333,-1097.7434575105872,-0.010977434575105872,-873.9916305794101,0.0,-873.9916305794101,84.1345614062352,0.0,84.1345614062352,38.23671467960751,33.21099389133799,12.686852835289693,-139.61726552496853,0.0,-139.61726552496853,0.0,-1097.7434575106138,-3.9060759528373974,-1.2600904355230708e-05,0.0,-0.0002747743277468961,-0.003283079640886588,0.010344827586206896,0.3103448275862069,-0.48032560652436407,0.013904900212685534,0.00869354353342037,-0.7877704689379609,-0.23610954344651913,0.014972351227656312,0.014972351227656312,0.7505236382755347,0.037526181913776734,0.0007486175613828156,0.005377558605416777,-0.0028346338702858187,3.356605065023956,False,AUD_JPY,H4_risk_long_cap3,OOS
H4_risk_long_cap3|OOS,12.0,0.0,12.0,0.5833333333333334,1.375449422709299,0.9824638733637849,,3.2499999999999996,0.5833333333333334,594.0769888761279,0.005940769888761278,724.3821131796368,0.0,724.3821131796368,92.71750243052097,0.0,92.71750243052097,46.70410323350046,16.975552728846736,29.037846468173772,-37.58762187296547,0.0,-37.58762187296547,0.0,594.0769888761504,5.5591222298558165,6.994548012342295e-06,0.0,0.0001511091811443377,0.0017661959630999036,0.01384083044982699,0.34285714285714286,0.19423600215671455,0.012671433951424893,0.005966541810486364,0.4601572393048112,0.1393840641769905,0.011559452306438588,0.011559452306438588,0.551978920336156,0.0275989460168078,0.0005779726153219294,0.00862474339477437,-0.005049180957052424,3.356605065023956,False,XAU_USD,H4_risk_long_cap3,OOS
H4_risk_long_cap3|OOS,23.0,0.0,23.0,0.5217391304347826,1.072924799919155,0.983514399925892,,3.1648550724637685,0.5217391304347826,299.43785461434163,0.0029943785461434163,622.4390720397924,0.0,622.4390720397924,215.20534341206087,0.0,215.20534341206087,119.84840756607281,0.0,95.35693584598806,-107.79587401342557,0.0,-107.79587401342557,0.0,299.437854614306,1.9270486873114763,3.952654173685362e-06,0.0,8.468273603223775e-05,0.000891149329172114,0.021939953810623556,0.35185185185185186,0.06262742417342675,0.026601380265495966,0.015854724354917693,0.11165545378339033,0.03350011616983661,0.013424362422180536,0.013424362422180536,0.7035241046808671,0.035176205234043356,0.0006712181211090268,0.010892911888038093,-0.00930444194048996,3.356605065023956,False,NAS100_USD,H4_risk_long_cap3,OOS
H4_risk_long_cap3|OOS,23.0,0.0,23.0,0.34782608695652173,0.7145335932753003,1.3397504873911878,,2.7644927536231885,0.34782608695652173,-1701.9869744099706,-0.017019869744099705,-1081.2623631020374,0.0,-1081.2623631020374,388.18411667848557,0.0,388.18411667848557,196.48316915301862,0.0,191.70094752546694,-232.54049462941845,0.0,-232.54049462941845,0.0,-1701.9869744099415,-1.741935704504696,-1.9293067162510508e-05,0.0,-0.0004176367247864049,-0.005101151498504541,0.020785219399538105,0.3333333333333333,-0.2970351174469585,0.03783862766477908,0.02862413256502022,-0.4497268660058187,-0.1348133326529913,0.019452849211288994,0.019452849211288994,1.0939563251723974,0.054697816258619865,0.0009726424605644497,0.011981590128043562,-0.006765539199747317,3.356605065023956,False,SPX500_USD,H4_risk_long_cap3,OOS
H4_risk_long_cap3|OOS,24.0,0.0,24.0,0.2916666666666667,0.5605114791097311,1.361242163552204,,2.1475694444444446,0.2916666666666667,-2483.9326846598124,-0.024839326846598123,-1842.778931102705,0.0,-1842.778931102705,309.56001921363304,0.0,309.56001921363304,156.21210130321066,0.0,153.34791791042238,-331.59373434352676,0.0,-331.59373434352676,0.0,-2483.9326846598647,-2.874160715552012,-2.9188185026896344e-05,0.0,-0.0005736035288342656,-0.00746558495817673,0.020023557126030624,0.2982456140350877,-0.4945064745695149,0.029595015592401963,0.01682168834637528,-0.8381678607878732,-0.2522581863445072,0.020980241561573038,0.020980241561573038,0.7129200905781875,0.03564600452890937,0.0010490120780786518,0.009276770233882514,-0.00822470018162802,3.356605065023956,False,UK100_GBP,H4_risk_long_cap3,OOS
H4_risk_long_cap3|OOS,21.0,0.0,21.0,0.42857142857142855,0.9547948859047244,1.273059847872966,,3.3829365079365084,0.42857142857142855,-200.00571120552195,-0.0020000571120552197,365.27295845039316,0.0,365.27295845039316,416.06718032893514,0.0,416.06718032893514,229.80461625845925,0.0,186.2625640704759,-149.21148932707993,0.0,-149.21148932707993,0.0,-200.0057112056219,0.6461821010735644,-1.8661103926462387e-06,0.0,-4.230514942314689e-05,-0.0005962759719921884,0.023094688221709007,0.3448275862068966,-0.03129403725135281,0.0199753586824174,0.007515910689830291,-0.09832281182620956,-0.029850576476358304,0.016442332460420293,0.016442332460420293,0.6569105069598319,0.032845525347991594,0.0008221166230210146,0.013222590653737765,-0.005240712307104545,3.356605065023956,False,JP225_USD,H4_risk_long_cap3,OOS
H4_risk_long_cap3|OOS,13.0,0.0,13.0,0.46153846153846156,1.1948199137810303,1.3939565660778686,,3.3621794871794872,0.46153846153846156,347.2009844799177,0.0034720098447991767,602.73323192127,0.0,602.73323192127,227.02746650808763,0.0,227.02746650808763,150.30984957461192,0.0,76.71761693347571,-28.504780933200628,0.0,-28.504780933200628,0.0,347.20098447998174,2.358736472428027,4.169368245900778e-06,0.0,9.037223566363828e-05,0.0010331231584139733,0.017321016166281754,0.4411764705882353,0.11432254243510359,0.013743103184598815,0.005354273012855982,0.2495028870411033,0.07517393593986407,0.00555155768219068,0.00555155768219068,0.308320794877155,0.030832079487715502,0.0005551557682190679,0.007979244218018433,-0.004476995345756074,3.356605065023956,False,WTICO_USD,H4_risk_long_cap3,OOS
D1_risk_both_cap3|IS,26.0,0.0,26.0,0.5769230769230769,2.175778204056785,1.5955706829749756,,18.097756410256412,0.5769230769230769,4523.223555639153,0.04523223555639153,4860.144526161413,0.0,4860.144526161413,78.99926971014865,0.0,78.99926971014865,10.481202844252367,49.1333196536573,19.38474721223898,-257.9217008121625,0.0,-257.9217008121625,0.0,4523.2235556391015,14.425176677566201,2.1453826635772877e-05,0.0,0.00047151090402943504,0.005558558053230467,0.07348703170028818,0.5083056478405316,0.5312126255511019,0.02762071016051937,0.004785002730260357,1.5583084438512955,0.20124602231175745,0.038012272984808144,0.038012272984808144,0.6830882886686218,0.022769609622287395,0.0012670757661602714,0.008086890419104265,-0.005688349389008418,7.9808350444900755,False,EUR_USD,D1_risk_both_cap3,IS
D1_risk_both_cap3|IS,23.0,0.0,23.0,0.34782608695652173,0.7545443694370897,1.4147706926945431,,16.115942028985508,0.34782608695652173,-1402.8250046479807,-0.014028250046479807,-1009.7444654384283,0.0,-1009.7444654384283,116.87458823169015,0.0,116.87458823169015,26.01300038350741,60.862751090812885,29.998836757369865,-276.205950977791,0.0,-276.205950977791,0.0,-1402.8250046479093,-2.568797904544222,-6.608579201954842e-06,0.0,-0.00014265482396893514,-0.0017686218319911129,0.059558117195004805,0.4940239043824701,-0.1762882672482785,0.041981755991369774,0.021421642182225586,-0.3317138478887919,-0.04212834337741113,0.04121619526504233,0.04121619526504233,0.7342034839297858,0.024473449464326197,0.0013738731755014112,0.004857937327739759,-0.0045944863058436924,7.9808350444900755,False,GBP_USD,D1_risk_both_cap3,IS
D1_risk_both_cap3|IS,19.0,0.0,19.0,0.42105263157894735,1.1701045799785494,1.6088937974705055,,17.967105263157894,0.42105263157894735,936.0685606186307,0.009360685606186307,1298.2958214294704,0.0,1298.2958214294704,72.77794437817623,0.0,72.77794437817623,21.16700646583967,32.91051972783807,18.70041818449849,-441.67841610092273,0.0,-441.67841610092273,0.0,783.8394609503714,2.52362672748453,4.650613856304993e-06,0.0,0.00010291953662884384,0.0011681217009114064,0.04755043227665706,0.4714285714285714,0.12453509940011313,0.020342995002362474,0.007111159701694203,0.45461867076038115,0.05742132369278713,0.024014613930353066,0.024014613930353066,0.5740532222431375,0.028702661112156875,0.0012007306965176536,0.007391953590653477,-0.0045588316113671645,7.9808350444900755,False,AUD_USD,D1_risk_both_cap3,IS
D1_risk_both_cap3|IS,24.0,0.0,24.0,0.3333333333333333,0.5595022287867044,1.1190044575734088,,14.748263888888891,0.3333333333333333,-2813.8029513543297,-0.028138029513543297,-2417.9690650690973,0.0,-2417.9690650690973,137.81772845085047,0.0,137.81772845085047,47.789441825077766,51.416667497516094,38.61161912825661,-258.0161578343625,0.0,-258.0161578343625,0.0,-2813.8029513543106,-6.108544894326862,-1.3527154749668567e-05,0.0,-0.00029628828219155736,-0.003569866448757897,0.053794428434197884,0.47058823529411764,-0.35637762896776676,0.05173081834919957,0.026738920516513442,-0.5419961347040705,-0.06900850523299586,0.0345681246351971,0.0345681246351971,0.5622136328354881,0.0187404544278496,0.0011522708211732368,0.006870541750567671,-0.005120908983945682,7.9808350444900755,False,USD_CAD,D1_risk_both_cap3,IS
D1_risk_both_cap3|IS,17.0,0.0,17.0,0.5882352941176471,1.7203328252966794,1.2042329777076757,,21.75,0.5882352941176471,2055.359696125335,0.02055359696125335,2218.743839285733,0.0,2218.743839285733,49.720812529578865,0.0,49.720812529578865,18.04712928601318,26.147972508292955,5.5257107352727255,-113.66333063090379,0.0,-113.66333063090379,0.0,2055.3596961252506,13.579921505028741,9.921160756038528e-06,0.0,0.00021676494683637158,0.0025525119551355058,0.056676272814601344,0.5592417061611374,0.28828989032051094,0.01485146210965782,0.0045318690926860585,1.3475775911888133,0.17186940493055036,0.023441530391695598,0.023441530391695598,0.43087073478240095,0.014362357826080033,0.0007813843463898532,0.005342588412247551,-0.00535196473513222,7.9808350444900755,False,EUR_JPY,D1_risk_both_cap3,IS
D1_risk_both_cap3|IS,17.0,0.0,17.0,0.5294117647058824,1.5464101936032748,1.3745868387584663,,18.627450980392158,0.5294117647058824,1492.2132597832388,0.014922132597832387,1784.3603569816983,0.0,1784.3603569816983,63.106649324904375,0.0,63.106649324904375,29.107078798787846,24.616974739410885,9.382595786705643,-229.04044787347993,0.0,-229.04044787347993,0.0,1492.213259783314,6.107746317157543,7.261754973785912e-06,0.0,0.00015910694702963725,0.0018576560298972922,0.04418828049951969,0.4919786096256685,0.21218809522857632,0.02655987997447251,0.0041598423572619765,0.5425099444058041,0.06994218466660017,0.020310118068030094,0.020310118068030094,0.3891903638256038,0.019459518191280188,0.0010155059034015045,0.006621183785825657,-0.0054761065619320926,7.9808350444900755,False,AUD_JPY,D1_risk_both_cap3,IS
D1_risk_both_cap3|IS,10.0,0.0,10.0,0.5,0.9072355331295953,0.9072355331295953,,16.72083333333333,0.5,-182.65521334025834,-0.0018265521334025834,-72.81828075160323,0.0,-72.81828075160323,50.60541193254556,0.0,50.60541193254556,26.850592393796504,6.814731853005606,16.94008768574345,-59.23152065613983,0.0,-59.23152065613983,0.0,-182.6552133402886,-0.6629671735671216,-9.385492389313551e-07,0.0,-2.064876433818225e-05,-0.0002698739251471016,0.027195467422096317,0.43243243243243246,-0.03375659096671815,0.023797672597800745,0.0077600459915550205,-0.07567383679184254,-0.011340349525274246,0.011458678998788116,0.011458678998788116,0.33224708868556985,0.01661235443427849,0.0005729339499394058,0.006446737310264572,-0.005223164055065732,6.7734428473648185,False,XAU_USD,D1_risk_both_cap3,IS
D1_risk_both_cap3|IS,20.0,0.0,20.0,0.6,1.4804210011801868,0.9869473341201246,,19.970833333333335,0.6,1723.8859759996558,0.017238859759996557,2421.898214089625,0.0,2421.898214089625,321.54060262316057,0.0,321.54060262316057,183.39923193761888,0.0,138.14137068554172,-376.4716354668089,0.0,-376.4716354668089,0.0,1723.8859759996558,3.4697073803703957,8.451852988283286e-06,0.0,0.00018309891592638527,0.00214391999943242,0.05571705426356589,0.5021834061135371,0.22944996846522184,0.018336055004068874,0.005717252934415528,0.9207246349419302,0.11692373299254785,0.014766209334080226,0.014766209334080226,0.3152649866066924,0.015763249330334617,0.0007383104667040111,0.005848889095422027,-0.0078302541316565,7.9808350444900755,False,NAS100_USD,D1_risk_both_cap3,IS
D1_risk_both_cap3|IS,12.0,0.0,12.0,0.4166666666666667,0.47546466507473745,0.6656505311046325,,14.868055555555555,0.4166666666666667,-1691.6804828675959,-0.01691680482867596,-1188.8002459823156,0.0,-1188.8002459823156,195.85778117302488,0.0,195.85778117302488,99.91279162961447,0.0,95.9449895434104,-307.0224557122854,0.0,-307.0224557122854,0.0,-1691.6804828676259,-2.363982830873189,-8.161903242651447e-06,0.0,-0.0001778947441218753,-0.0021355289500126773,0.02810077519379845,0.464,-0.28353802932344746,0.023586512155432948,0.004195378028878959,-0.7123576818082352,-0.09054026029536448,0.01183817261730297,0.01183817261730297,0.32693382349808425,0.016346691174904213,0.0005919086308651485,0.008150405878141642,-0.0053516242775958345,7.9808350444900755,False,SPX500_USD,D1_risk_both_cap3,IS
D1_risk_both_cap3|IS,5.0,0.0,5.0,0.0,0.0,,,10.591666666666665,0.0,-2635.1871595011908,-0.026351871595011907,-2459.199606248696,0.0,-2459.199606248696,34.47407572684952,0.0,34.47407572684952,17.23703786342476,0.0,17.23703786342476,-141.51347752561773,0.0,-141.51347752561773,0.0,-2635.1871595011635,-13.973713258691602,-1.318263309937943e-05,0.0,-0.0002804258611085744,-0.0033428768225968186,0.0054428500742206825,0.2682926829268293,-0.8381061094067467,0.02976881745418758,0.01037137201284429,-0.8821106749518921,-0.11229457897483852,0.003426739276219891,0.003426739276219891,0.25423061812476255,0.012711530906238128,0.00017133696381099457,0.003687117658496275,-0.0038950575667610066,7.975359342915811,False,UK100_GBP,D1_risk_both_cap3,IS
D1_risk_both_cap3|IS,11.0,0.0,11.0,0.5454545454545454,2.8542615205615567,2.3785512671346307,,25.469696969696972,0.5454545454545454,3264.8821675225627,0.03264882167522563,3505.3333648141206,0.0,3505.3333648141206,181.63459101134686,0.0,181.63459101134686,102.37179569465353,0.0,79.26279531669331,-58.81660628022444,0.0,-58.81660628022444,0.0,3264.8821675225495,14.578148931250904,1.575858059565e-05,0.0,0.00034186619314909326,0.004033653618107813,0.0470873786407767,0.5159574468085106,0.43817721233614587,0.017733493631369446,0.004584853511205019,1.767238961654852,0.22745961410404383,0.01305969839977859,0.01305969839977859,0.26547707502069584,0.013273853751034794,0.0006529849199889294,0.006902479541847084,-0.004356622914599373,7.9808350444900755,False,JP225_USD,D1_risk_both_cap3,IS
D1_risk_both_cap3|IS,20.0,0.0,20.0,0.45,0.9914947733631795,1.211826945221664,,21.61875,0.45,-26.982997000173782,-0.0002698299700017378,260.07076259007493,0.0,260.07076259007493,125.19531956200431,0.0,125.19531956200431,78.28312797835493,0.0,46.91219158364939,-174.43408912523563,0.0,-174.43408912523563,0.0,-39.558646097165024,0.867974754979885,9.272263475137103e-08,0.0,1.206594163318925e-06,-3.38137320885501e-05,0.054501216545012166,0.4890829694323144,0.0021981765606693465,0.039384450582619746,0.004444218892824499,-0.006583126605182543,-0.0008585553838720302,0.011074674780125927,0.011074674780125927,0.19661382853892315,0.019661382853892316,0.0011074674780125926,0.009738349414966763,-0.007264139601839248,7.9808350444900755,False,WTICO_USD,D1_risk_both_cap3,IS
D1_risk_both_cap3|VAL,4.0,0.0,4.0,0.5,1.3784447945869394,1.3784447945869394,,18.770833333333332,0.5,235.2384098918701,0.0023523840989187013,299.5541932409008,0.0,299.5541932409008,17.12352762892945,0.0,17.12352762892945,2.3747823971734925,10.318068126191939,4.430677105564017,-47.19225572006923,0.0,-47.19225572006923,0.0,235.23840989190217,4.657553366261915,2.344216076748722e-06,0.0,5.1698467596934716e-05,0.0005891915424205418,0.020309477756286266,0.42857142857142855,0.09810095672843902,0.010350093730720822,0.0024378723998108864,0.2244011676954092,0.05692620354458454,0.01421713523951533,0.01421713523951533,0.532894323185705,0.017763144106190166,0.0004739045079838443,0.0040632970327043605,-0.004206838210837671,3.9890485968514717,False,EUR_USD,D1_risk_both_cap3,VAL
D1_risk_both_cap3|VAL,12.0,0.0,12.0,0.4166666666666667,0.8580826366969949,1.2013156913757927,,17.92013888888889,0.4166666666666667,-474.4437082091317,-0.004744437082091317,-162.89229007425183,0.0,-162.89229007425183,68.44477738160181,0.0,68.44477738160181,15.874708140606604,34.59511917484835,17.97495006614686,-243.10664075325664,0.0,-243.10664075325664,0.0,-474.44370820911024,-0.5228423964475171,-4.4079335098547995e-06,0.0,-9.726232082923065e-05,-0.0011914855837508176,0.06382978723404255,0.4647887323943662,-0.11302271658661336,0.02467524553840661,0.012615532028825843,-0.1906290927967166,-0.04828667588722836,0.05436298831230372,0.05436298831230372,0.8642063789257345,0.028806879297524485,0.0018120996104101237,0.00580098844345911,-0.004256957020954966,3.9890485968514717,False,GBP_USD,D1_risk_both_cap3,VAL
D1_risk_both_cap3|VAL,15.0,0.0,15.0,0.6,0.8683549619780183,0.5789033079853455,,17.108333333333334,0.6,-380.65715609755716,-0.0038065715609755715,38.098432948048185,0.0,38.098432948048185,59.52922899865442,0.0,59.52922899865442,17.594841203406908,25.840293619181814,16.094094176065695,-359.22636004693726,0.0,-359.22636004693726,0.0,-380.6571560975435,0.09098011810392875,-3.44729973256143e-06,0.0,-7.721873371535626e-05,-0.0009556194472198909,0.05415860735009671,0.39436619718309857,-0.07872995434915687,0.020030498938181096,0.005066260151037362,-0.18719335761817665,-0.047708219858584686,0.0418089371649717,0.0418089371649717,0.6534390313502246,0.03267195156751123,0.0020904468582485848,0.006650981292754432,-0.004189166063093053,3.9890485968514717,False,AUD_USD,D1_risk_both_cap3,VAL
D1_risk_both_cap3|VAL,10.0,0.0,10.0,0.0,0.0,,,9.15,0.0,-4160.632468103271,-0.04160632468103271,-4023.921390256344,0.0,-4023.921390256344,90.33478280803052,0.0,90.33478280803052,32.61655474036846,33.04312072932576,24.675107338336314,-46.37629503888679,0.0,-46.37629503888679,0.0,-4160.632468103261,-29.433762454584283,-4.094927614516743e-05,0.0,-0.0009021574743430794,-0.010596784199341736,0.03288201160541586,0.4473684210526316,-1.1907447584466369,0.04412895310070086,0.015034483614667934,-0.9403533961957302,-0.2401322364289996,0.029945460195284136,0.029945460195284136,0.6295493664685724,0.020984978882285746,0.0009981820065094711,0.0032831380604523286,-0.006691046261497746,3.9890485968514717,False,USD_CAD,D1_risk_both_cap3,VAL
D1_risk_both_cap3|VAL,5.0,0.0,5.0,0.4,0.6169065048565133,0.9253597572847699,,11.958333333333334,0.4,-474.9056832502829,-0.004749056832502829,-415.0927765289117,0.0,-415.0927765289117,19.216482181352408,0.0,19.216482181352408,8.239320304927093,9.135914836336454,1.8412470400888628,-40.596424540034306,0.0,-40.596424540034306,0.0,-474.90568325029847,-6.9398529394742,-4.536574942287384e-06,0.0,-0.00010016213319410525,-0.0011926478284205455,0.017408123791102514,0.4,-0.1961948701962593,0.016799472600922738,0.006988591556608507,-0.28143055395334865,-0.07099317084246069,0.009015752061019075,0.009015752061019075,0.4185092745132396,0.013950309150441318,0.00030052506870063584,0.005166482307149778,-0.003926210041537814,3.9890485968514717,False,EUR_JPY,D1_risk_both_cap3,VAL
D1_risk_both_cap3|VAL,9.0,0.0,9.0,0.3333333333333333,0.2623002905900133,0.5246005811800265,,11.361111111111112,0.3333333333333333,-2308.773475965776,-0.02308773475965776,-2045.9270914033991,0.0,-2045.9270914033991,59.15648539512783,0.0,59.15648539512783,33.68996326982034,18.81284368216131,6.653678443146178,-203.68989916727486,0.0,-203.68989916727486,0.0,-2308.7734759658015,-7.783736857592854,-2.2489458642353867e-05,0.0,-0.000493774674689093,-0.00583852880812874,0.025145067698259187,0.34210526315789475,-0.7953757990542154,0.032293968158562225,0.01412351365352175,-0.7129437474596158,-0.18079316792107347,0.020494951681952513,0.020494951681952513,0.5735012439990568,0.02867506219995284,0.0010247475840976254,0.0038833776601197023,-0.004234885109649533,3.9890485968514717,False,AUD_JPY,D1_risk_both_cap3,VAL
D1_risk_both_cap3|VAL,10.0,0.0,10.0,0.3,1.0081035574371968,2.3522416340201255,,15.6625,0.3,23.790759960655123,0.00023790759960655124,266.9596399382702,0.0,266.9596399382702,47.48756682190988,0.0,47.48756682190988,24.394806087402234,8.021875426549693,15.07088530795795,-195.6813131557009,0.0,-195.6813131557009,0.0,23.790759960659415,1.097836367724562,4.0492929894066223e-07,0.0,1.0626503658719328e-05,5.963487061788619e-05,0.04849660523763336,0.5050505050505051,0.010885354198423298,0.014516366166577033,0.008424866902604355,0.016147173332141315,0.0041081128660967175,0.019227604209244364,0.019227604209244364,0.32733287652537035,0.016366643826268516,0.000961380210462218,0.005913227308475211,-0.006529253849792971,3.9890485968514717,False,XAU_USD,D1_risk_both_cap3,VAL
D1_risk_both_cap3|VAL,19.0,0.0,19.0,0.15789473684210525,0.253540522744588,1.3522161213044692,,13.070175438596491,0.15789473684210525,-4893.569809153749,-0.048935698091537486,-4297.264047473706,0.0,-4297.264047473706,246.2655969413036,0.0,246.2655969413036,142.32632369103297,0.0,103.93927325027063,-350.04016473879415,0.0,-350.04016473879415,0.0,-4893.569809153804,-7.20647748793525,-4.82582882865204e-05,0.0,-0.0010624686899924293,-0.012499066766357703,0.06201550387596899,0.3878787878787879,-0.9046494170032313,0.04893569809153753,0.04893569809153753,-0.9999999999999992,-0.25541817637867054,0.028446945850209588,0.028446945850209588,0.3398135944064576,0.016990679720322883,0.0014223472925104792,0.0062146929072499635,-0.006973493927929564,3.9890485968514717,False,NAS100_USD,D1_risk_both_cap3,VAL
D1_risk_both_cap3|VAL,18.0,0.0,18.0,0.2777777777777778,0.3559498541032672,0.9254696206684947,,14.307870370370372,0.2777777777777778,-3637.5180683435174,-0.036375180683435177,-2883.3072181564185,0.0,-2883.3072181564185,221.26859381343763,0.0,221.26859381343763,113.19992516566067,0.0,108.06866864777697,-532.9422563736041,0.0,-532.9422563736041,0.0,-3637.51806834346,-3.8229458213725884,-3.547221806725407e-05,0.0,-0.0007824028683742177,-0.009245737002099519,0.0687984496124031,0.45222929936305734,-0.6060228367207636,0.03823014897498633,0.03823014897498633,-0.9514789154296822,-0.24184412695197519,0.03423285035579183,0.03423285035579183,0.4151717746343707,0.020758588731718534,0.0017116425177895913,0.007340103451842994,-0.007068368735342223,3.9890485968514717,False,SPX500_USD,D1_risk_both_cap3,VAL
D1_risk_both_cap3|VAL,6.0,0.0,6.0,0.16666666666666666,0.25103013524395973,1.2551506762197988,,14.305555555555555,0.16666666666666666,-1408.131221711068,-0.01408131221711068,-1070.9026030256318,0.0,-1070.9026030256318,41.18948768152451,0.0,41.18948768152451,21.054431690714605,0.0,20.13505599080991,-296.03913100386615,0.0,-296.03913100386615,0.0,-1408.1312217110226,-3.1755982253235295,-1.3931518502076397e-05,0.0,-0.00030037047321881656,-0.0035487700949294876,0.024752475247524754,0.4032258064516129,-0.4727981075867221,0.026594823090932085,0.01535641961630363,-0.5252616112300054,-0.13343837944684414,0.013319396717004158,0.013319396717004158,0.335177569446044,0.016758878472302202,0.0006659698358502079,0.004047453194569561,-0.005554027274625284,3.9890485968514717,False,UK100_GBP,D1_risk_both_cap3,VAL
D1_risk_both_cap3|VAL,4.0,0.0,4.0,0.0,0.0,,,7.1875,0.0,-2003.346170923469,-0.020033461709234687,-1905.0823111273492,0.0,-1905.0823111273492,50.406352464292986,0.0,50.406352464292986,27.14188209615776,0.0,23.264470368135225,-47.85750733183154,0.0,-47.85750733183154,0.0,-2003.3461709234737,-19.38741583202581,-1.9571734010238562e-05,0.0,-0.00042947709925486517,-0.005060256071530378,0.008729388942774006,0.34615384615384615,-0.9248821239528792,0.0200334617092347,0.0200334617092347,-0.9999999999999994,-0.2525901985874854,0.0037064222933290802,0.0037064222933290802,0.22265973335040126,0.011132986667520063,0.000185321114666454,0.003506379827357353,-0.0045874019076818096,3.9890485968514717,False,JP225_USD,D1_risk_both_cap3,VAL
D1_risk_both_cap3|VAL,14.0,0.0,14.0,0.7857142857142857,3.935575351314914,1.0733387321767949,,23.220238095238095,0.7857142857142857,4042.0594866658503,0.040420594866658506,4383.997456400435,0.0,4383.997456400435,85.83758163263232,0.0,85.83758163263232,54.63329861795067,0.0,31.204283014681643,-256.1003881019519,0.0,-256.1003881019519,0.0,4042.0594866658507,12.821031428019937,3.8657323743448824e-05,0.0,0.0008482911768100724,0.00998295928176951,0.0950533462657614,0.550561797752809,0.9182442621187887,0.009948886621057196,0.002473911503055968,3.8908442099015184,1.0034247712342201,0.021294392992733155,0.021294392992733155,0.31027502287161063,0.03102750228716106,0.0021294392992733152,0.006618100854875353,-0.005326581341343228,3.9890485968514717,False,WTICO_USD,D1_risk_both_cap3,VAL
D1_risk_both_cap3|OOS,6.0,0.0,6.0,0.3333333333333333,0.8938520950137271,1.7877041900274542,,14.583333333333334,0.3333333333333333,-177.18092583611724,-0.0017718092583611724,-90.18924900675273,0.0,-90.18924900675273,30.325100916076646,0.0,30.325100916076646,4.330820815672055,17.75625577113662,8.238024329267972,-56.66657591327787,0.0,-56.66657591327787,0.0,-177.18092583610724,-1.036757219701267,-1.9361966254179465e-06,0.0,-4.144810270781674e-05,-0.000528186174944989,0.03333333333333333,0.47540983606557374,-0.06795922372771775,0.01509973554766586,0.004080700191776379,-0.11577373622984326,-0.03497982949950649,0.025522827987222264,0.025522827987222264,0.6516986207631399,0.021723287358771333,0.0008507609329074089,0.0036348988047252284,-0.004080685306558807,3.356605065023956,False,EUR_USD,D1_risk_both_cap3,OOS
D1_risk_both_cap3|OOS,6.0,0.0,6.0,0.6666666666666666,6.056518158636662,3.028259079318331,,21.15972222222222,0.6666666666666666,1579.4161682355625,0.015794161682355624,1706.2417666007577,0.0,1706.2417666007577,25.12646541286624,0.0,25.12646541286624,6.478769749554244,11.783351098096436,6.86434456521556,-101.69913295229357,0.0,-101.69913295229357,0.0,1579.4161682355978,13.453449371380838,1.812250709744639e-05,0.0,0.00039443745901627527,0.004679540469984866,0.04367816091954023,0.475,0.6126889514516896,0.00709642896306617,0.002052014762528452,2.1786939644738466,0.6594218718090241,0.027246043144246782,0.027246043144246782,0.5405259734347347,0.018017532447824492,0.0009082014381415594,0.004701030745509316,-0.003626823473974805,3.356605065023956,False,GBP_USD,D1_risk_both_cap3,OOS
D1_risk_both_cap3|OOS,12.0,0.0,12.0,0.4166666666666667,0.5780859855052848,0.8093203797073988,,17.694444444444446,0.4166666666666667,-1174.1136804054113,-0.011741136804054112,-839.6739942240705,0.0,-839.6739942240705,77.34132284116846,0.0,77.34132284116846,27.648944068400525,28.52985026519393,21.162528507574006,-257.09836334012306,0.0,-257.09836334012306,0.0,-1174.113680405362,-2.5106888593625336,-1.3397519960231371e-05,0.0,-0.0002919781234277552,-0.003512434106765605,0.067816091954023,0.48760330578512395,-0.35655706184052355,0.020699936292653986,0.010907481814609765,-0.5650588362537029,-0.16968332931595065,0.0485532475257524,0.0485532475257524,0.5271413357037071,0.026357066785185356,0.00242766237628762,0.0038746322435438962,-0.005540688973279861,3.356605065023956,False,AUD_USD,D1_risk_both_cap3,OOS
D1_risk_both_cap3|OOS,11.0,0.0,11.0,0.8181818181818182,6.0814413023161125,1.3514314005146917,,25.833333333333336,0.8181818181818182,3650.357084341653,0.03650357084341653,3976.7160947733637,0.0,3976.7160947733637,69.7714030543364,0.0,69.7714030543364,20.587946575523514,31.473414700967457,17.71004177784543,-256.58760737736696,0.0,-256.58760737736696,0.0,3650.35708434166,12.18509668083935,4.148743976819639e-05,0.0,0.0009028736762685896,0.010738606640056325,0.09425287356321839,0.5189873417721519,0.8854038653620708,0.01027760670154243,0.002895253242064929,3.413401519779281,1.0448547946911326,0.08199893237303095,0.08199893237303095,0.9259365182108801,0.030864550607029338,0.0027332977457676984,0.00553744450388205,-0.005353687107413796,3.356605065023956,False,USD_CAD,D1_risk_both_cap3,OOS
D1_risk_both_cap3|OOS,6.0,0.0,6.0,0.0,0.0,,,3.861111111111111,0.0,-3020.781942665708,-0.030207819426657078,-2959.6274922037546,0.0,-2959.6274922037546,35.120650777630416,0.0,35.120650777630416,12.546615155006563,18.391830570954998,4.182205051668855,-26.03379968433529,0.0,-26.03379968433529,0.0,-3020.7819426657206,-48.39594616330434,-3.5219362843107796e-05,0.0,-0.00076439088033734,-0.009096617490349068,0.0022988505747126436,0.08333333333333333,-2.0588521781730957,0.030207819426657068,0.030207819426657068,-1.0000000000000002,-0.3011345295027057,0.008954642131566938,0.008954642131566938,0.5434128873074671,0.0181137629102489,0.00029848807105223123,0.0007867148617888287,-0.003722966406321082,3.356605065023956,False,EUR_JPY,D1_risk_both_cap3,OOS
D1_risk_both_cap3|OOS,7.0,0.0,7.0,0.42857142857142855,0.5461657851302972,0.7282210468403962,,16.369047619047617,0.42857142857142855,-660.2588748172857,-0.0066025887481728565,-529.7979637263807,0.0,-529.7979637263807,48.8106917104925,0.0,48.8106917104925,28.357312995522484,14.435428482714016,6.017950232255999,-81.65021938037201,0.0,-81.65021938037201,0.0,-660.2588748172452,-4.060970901524539,-7.496217968422944e-06,0.0,-0.00016369807594426579,-0.0019716199858608174,0.04482758620689655,0.5131578947368421,-0.24477293377777984,0.019478143518709135,0.0068695607188247465,-0.33478281443188995,-0.10122217160824584,0.022029938798214414,0.022029938798214414,0.3846641969484931,0.019233209847424652,0.0011014969399107209,0.0034212845470744657,-0.005090358394910011,3.356605065023956,False,AUD_JPY,D1_risk_both_cap3,OOS
D1_risk_both_cap3|OOS,1.0,0.0,1.0,0.0,0.0,,,12.625,0.0,-482.3349273917702,-0.004823349273917702,-476.37992522191564,0.0,-476.37992522191564,4.03171804535751,0.0,4.03171804535751,1.949340883959066,0.7828165720923996,1.2995605893060442,-1.923284124473084,0.0,-1.923284124473084,0.0,-482.33492739174625,-79.9965997720984,-5.569254317889855e-06,0.0,-0.00012058373184794247,-0.0014394122756402616,0.002306805074971165,0.2222222222222222,-0.7239733364904313,0.004823349273917699,0.004823349273917699,-1.0000000000000007,-0.2984258849807737,0.0017985864192945696,0.0017985864192945696,0.1979034442548828,0.009895172212744139,8.992932096472847e-05,0.0013190028550713606,-0.0023798234175510524,3.356605065023956,False,XAU_USD,D1_risk_both_cap3,OOS
D1_risk_both_cap3|OOS,5.0,0.0,5.0,0.6,2.0152654087861896,1.3435102725241264,,18.81666666666667,0.6,609.0158921443654,0.006090158921443653,664.3060889974768,0.0,664.3060889974768,22.98648375591225,0.0,22.98648375591225,15.580648980353642,0.0,7.405834775558608,-32.30371309719412,0.0,-32.30371309719412,0.0,609.0158921443705,12.014898242492947,7.1274390636807406e-06,0.0,0.000153706724192762,0.0018105149468010673,0.02424942263279446,0.42857142857142855,0.2342699548118261,0.006759797518677946,0.0043057838859314355,0.8922798951282436,0.2678356772963165,0.006434784479651705,0.006434784479651705,0.23738669534788617,0.011869334767394308,0.00032173922398258533,0.007267294049040585,-0.002613945632068071,3.356605065023956,False,NAS100_USD,D1_risk_both_cap3,OOS
D1_risk_both_cap3|OOS,6.0,0.0,6.0,0.3333333333333333,0.3164864194564148,0.6329728389128296,,16.520833333333332,0.3333333333333333,-1082.4397937263275,-0.010824397937263275,-883.0782322519157,0.0,-883.0782322519157,60.87825175400158,0.0,60.87825175400158,33.182396837536494,0.0,27.695854916465084,-151.24708843560185,0.0,-151.24708843560185,0.0,-1095.203572441519,-4.16300207916035,-1.2440245425024427e-05,0.0,-0.00027094448651469595,-0.0032371347513191484,0.028868360277136258,0.352112676056338,-0.3910776743782783,0.01593346250657357,0.01593346250657357,-0.6793500115117802,-0.20316580592470868,0.015178388701815017,0.015178388701815017,0.4194692698042643,0.020973463490213215,0.0007589194350907509,0.008636435581548252,-0.00399445800391085,3.356605065023956,False,SPX500_USD,D1_risk_both_cap3,OOS
D1_risk_both_cap3|OOS,11.0,0.0,11.0,0.5454545454545454,1.1493126761309542,0.9577605634424617,,18.700757575757574,0.5454545454545454,300.47661677454016,0.0030047661677454016,749.6528268605005,0.0,749.6528268605005,61.962467646351726,0.0,61.962467646351726,32.24398947930063,0.0,29.7184781670511,-407.61531516641736,0.0,-407.61531516641736,0.0,280.0750440477314,1.5964401517680051,3.873396439816785e-06,0.0,8.001542021472685e-05,0.0008942375094584953,0.07656065959952886,0.4513888888888889,0.07454433487797557,0.013248718880973898,0.006339497805415823,0.22402377827534115,0.06749614943847015,0.03350592204485629,0.03350592204485629,0.3550325509411865,0.017751627547059327,0.001675296102242815,0.007158055101966765,-0.006178586772633388,3.356605065023956,False,UK100_GBP,D1_risk_both_cap3,OOS
D1_risk_both_cap3|OOS,10.0,0.0,10.0,0.7,3.043855310436768,1.3045094187586148,,14.916666666666666,0.7,2269.097708202462,0.02269097708202462,2521.2910307054444,0.0,2521.2910307054444,90.5000804748529,0.0,90.5000804748529,52.86137484975309,0.0,37.6387056250998,-161.69324202815346,0.0,-161.69324202815346,0.0,2269.0977082024383,9.997453563328936,2.6163274008806547e-05,0.0,0.000565141509301309,0.006706932999018589,0.046189376443418015,0.49382716049382713,0.5818063522848198,0.009888173084739327,0.004292715918778653,2.239165071473211,0.678278276638338,0.01673395853943324,0.01673395853943324,0.43083666626843065,0.02154183331342153,0.0008366979269716618,0.010139119158586007,-0.004401660113860673,3.356605065023956,False,JP225_USD,D1_risk_both_cap3,OOS
D1_risk_both_cap3|OOS,2.0,0.0,2.0,1.0,inf,,,16.708333333333332,1.0,1175.2304993493744,0.011752304993493744,1196.3774708011442,0.0,1196.3774708011442,8.266153043010151,0.0,8.266153043010151,5.510768695340101,0.0,2.7553843476700504,-12.880818408767007,0.0,-12.880818408767007,0.0,1175.230499349367,56.5744117794514,1.3511574855102756e-05,0.0,0.0002936158872383743,0.003486898528203053,0.013856812933025405,0.75,1.0757729683200112,0.0013642076885717058,0.0012081221832607736,8.514680537849042,2.5559880342367487,0.0014931043486894687,0.0014931043486894687,0.10811297738878115,0.010811297738878114,0.00014931043486894686,0.00388456390669778,-0.0010520366779498413,3.356605065023956,False,WTICO_USD,D1_risk_both_cap3,OOS
D1_risk_short_cap3|IS,14.0,0.0,14.0,0.6428571428571429,2.8240275957310192,1.5689042198505663,,18.241071428571427,0.6428571428571429,2962.8866470609937,0.029628866470609937,3094.675704630997,0.0,3094.675704630997,36.01880895783036,0.0,36.01880895783036,4.931668889181439,22.140408162269345,8.946731906379577,-95.77024861229653,0.0,-95.77024861229653,0.0,2962.88664706087,23.48203835499981,1.4154749677671765e-05,0.0,0.0003098671286987025,0.0036652669417269745,0.040826128722382324,0.5120481927710844,0.4396038589023929,0.017259387199627052,0.003688510376189772,1.6582956513217004,0.21236367776754989,0.01911120234814763,0.01911120234814763,0.47691105425007857,0.015897035141669288,0.0006370400782715875,0.008086890419104265,-0.005688349389008307,7.9808350444900755,False,EUR_USD,D1_risk_short_cap3,IS
D1_risk_short_cap3|IS,8.0,0.0,8.0,0.5,1.2876407716911398,1.2876407716911398,,22.296875000000004,0.5,358.01242843613727,0.0035801242843613726,421.35862231589493,0.0,421.35862231589493,30.80140918717325,0.0,30.80140918717325,6.96587122164065,15.749218544394473,8.086319421138125,-32.54478469253022,0.0,-32.54478469253022,0.0,358.01242843619144,6.6516801801236705,1.7824547485303962e-06,0.0,3.896762145302616e-05,0.0004478893665476047,0.027857829010566763,0.5132743362831859,0.07786702654999786,0.019477195340103837,0.008146769239136376,0.18206019108744656,0.022995578096677696,0.016114514972101642,0.016114514972101642,0.4950858572140294,0.016502861907134313,0.0005371504990700547,0.004857937327739759,-0.0045944863058436924,7.9808350444900755,False,GBP_USD,D1_risk_short_cap3,IS
D1_risk_short_cap3|IS,5.0,0.0,5.0,0.4,1.4227805845540666,2.1341708768311,,24.59166666666667,0.4,383.1833514859609,0.0038318335148596087,254.37876189852045,0.0,254.37876189852045,20.144499344454857,0.0,20.144499344454857,6.017746032172101,8.420632679296231,5.706120632986526,148.94908893186485,0.0,148.94908893186485,0.0,383.1833514859304,12.627703352108519,1.888472596921253e-06,0.0,4.092612803584002e-05,0.00047932669223182955,0.01729106628242075,0.5294117647058824,0.0933525216622891,0.012656849710991458,0.0031592311875591637,0.30103697782196964,0.03787093180189797,0.00868093652837467,0.00868093652837467,0.4307475930976182,0.02153737965488091,0.0004340468264187334,0.006283287537976134,-0.004065042021721643,7.9808350444900755,False,AUD_USD,D1_risk_short_cap3,IS
D1_risk_short_cap3|IS,16.0,0.0,16.0,0.375,0.5749930188018217,0.9583216980030362,,11.104166666666668,0.375,-1832.8049109090207,-0.018328049109090208,-1555.6671676953122,0.0,-1555.6671676953122,90.0163493511811,0.0,90.0163493511811,28.243817958539466,35.21289141699925,26.559639975642384,-187.12139386259867,0.0,-187.12139386259867,0.0,-1832.804910909092,-5.613335627458344,-8.778642097699143e-06,0.0,-0.00019171391460853372,-0.0023151296270071953,0.029298751200768493,0.4728682170542636,-0.3023917300848706,0.03471861065491311,0.03471861065491311,-0.527902723160858,-0.06668266913150732,0.01829762065133437,0.01829762065133437,0.5622136328354879,0.018740454427849596,0.0006099206883778122,0.006870541750567671,-0.004748629143156435,7.9808350444900755,False,USD_CAD,D1_risk_short_cap3,IS
D1_risk_short_cap3|IS,13.0,0.0,13.0,0.6153846153846154,1.7762034896557783,1.1101271810348616,,23.80128205128205,0.6153846153846154,1376.7813580114744,0.013767813580114743,1383.8111391623431,0.0,1383.8111391623431,35.82626759001209,0.0,35.82626759001209,13.609094096906713,18.0737748132912,4.1433986798141715,28.796486439250504,0.0,28.796486439250504,0.0,1376.7813580115815,38.62560161159887,6.691104856693898e-06,0.0,0.00014545010375533024,0.001714810405931022,0.04707012487992315,0.550561797752809,0.2137596354992195,0.0139349111367153,0.005684408017344059,0.9684857799321517,0.12305858208258603,0.01932587722576182,0.01932587722576182,0.43087073478240095,0.014362357826080033,0.000644195907525394,0.005342588412247551,-0.00535196473513222,7.9808350444900755,False,EUR_JPY,D1_risk_short_cap3,IS
D1_risk_short_cap3|IS,8.0,0.0,8.0,0.875,10.553099018164048,1.5075855740234354,,24.770833333333336,0.875,2168.257783739784,0.02168257783739784,1884.3071322407395,0.0,1884.3071322407395,18.58712252242332,0.0,18.58712252242332,8.731148893492465,7.274566070487918,2.5814075584429403,302.5377740214561,0.0,302.5377740214561,0.0,2168.2577837397725,101.37702218121875,1.0392174014180171e-05,0.0,0.00022706983015692995,0.0026914110893354604,0.024975984630163303,0.52,0.39057961058439783,0.008186502974278143,0.0029910362795590663,2.5744439796044873,0.32876199981748366,0.009419130509326967,0.009419130509326967,0.2747054148796233,0.013735270743981164,0.00047095652546634835,0.006621183785825657,-0.0054761065619319815,7.9808350444900755,False,AUD_JPY,D1_risk_short_cap3,IS
D1_risk_short_cap3|IS,1.0,0.0,1.0,0.0,0.0,,,13.791666666666666,0.0,-386.37596517549537,-0.003863759651754954,-368.5961486089295,0.0,-368.5961486089295,3.003953908488678,0.0,3.003953908488678,1.6025919504736066,0.33296732436600035,1.0683946336490713,-14.775862658063629,0.0,-14.775862658063629,0.0,-386.3759651754818,-20.731155871559377,-2.182903084419449e-06,0.0,-4.753785904222497e-05,-0.0005713692845685792,0.0033994334277620396,0.5454545454545454,-0.24010531945784916,0.006404127177476848,0.006404127177476848,-0.6017847716134139,-0.0892189159793813,0.00048277354853565953,0.00048277354853565953,0.08748617793197588,0.004374308896598794,2.413867742678298e-05,0.0021625687315129927,-0.005223164055065843,6.7734428473648185,False,XAU_USD,D1_risk_short_cap3,IS
D1_risk_short_cap3|IS,5.0,0.0,5.0,0.8,8.995363743757427,2.2488409359393566,,27.291666666666668,0.8,1887.207142627769,0.018872071426277687,2166.8402306956023,0.0,2166.8402306956023,66.39659007771326,0.0,66.39659007771326,39.92455451321687,0.0,26.472035564496394,-213.23649799012176,0.0,-213.23649799012176,0.0,1887.207142627767,7.748869225983577,9.091932617228752e-06,0.0,0.0001976774866445792,0.002345383575352189,0.02131782945736434,0.5945945945945946,0.5559272773476622,0.00471909937662629,0.0018981051196488297,3.9064876964014164,0.4969981320946279,0.0047929908745390475,0.0047929908745390475,0.22333970702407688,0.011166985351203845,0.00023964954372695244,0.00443959775404279,-0.0036521697568617784,7.9808350444900755,False,NAS100_USD,D1_risk_short_cap3,IS
D1_risk_short_cap3|IS,2.0,0.0,2.0,0.5,0.132642298678227,0.132642298678227,,24.416666666666664,0.5,-382.23369817913044,-0.0038223369817913045,-219.75446006235236,0.0,-219.75446006235236,38.123861047179744,0.0,38.123861047179744,19.061930523589872,0.0,19.061930523589872,-124.35537706960746,0.0,-124.35537706960746,0.0,-382.2336981791396,-1.3525079426110846,-1.8391140453573866e-06,0.0,-4.0198888577524485e-05,-0.0004797420396468466,0.009205426356589148,0.5135135135135135,-0.1615318457730417,0.010580883451122736,0.0023374310711203566,-0.3587984343852605,-0.045340452133601494,0.004500945001848577,0.004500945001848577,0.29472708324198227,0.014736354162099114,0.00022504725009242886,0.002356451345035815,-0.004169970295717973,7.9808350444900755,False,SPX500_USD,D1_risk_short_cap3,IS
D1_risk_short_cap3|IS,1.0,0.0,1.0,0.0,0.0,,,14.25,0.0,-503.43367213668535,-0.005034336721366854,-499.99999999999966,0.0,-499.99999999999966,3.8464298940603934,0.0,3.8464298940603934,1.9232149470301967,0.0,1.9232149470301967,0.41275775739059684,0.0,0.41275775739059684,0.0,-503.4336721366695,-129.99067025037766,-2.4861148073614174e-06,0.0,-5.302837224090885e-05,-0.0006326304360886326,0.0019792182088075212,0.4,-0.26386745526100575,0.00852609488735978,0.0032904644905683567,-0.5883900140077851,-0.07419931920139995,0.0003839319938194711,0.0003839319938194711,0.08880709790372719,0.00444035489518636,1.9196599690973556e-05,0.003687117658496275,-0.003791182329323073,7.975359342915811,False,UK100_GBP,D1_risk_short_cap3,IS
D1_risk_short_cap3|IS,5.0,0.0,5.0,0.4,3.476850817352091,5.215276226028136,,26.041666666666664,0.4,1856.9777198850788,0.01856977719885079,2019.0921432495754,0.0,2019.0921432495754,113.51401293554252,0.0,113.51401293554252,63.541014376457255,0.0,49.97299855908526,-48.60041042897761,0.0,-48.60041042897761,0.0,1856.9777198850554,12.454734756756183,9.008179219524005e-06,0.0,0.00019602237357452842,0.0023081156156812277,0.02330097087378641,0.5581395348837209,0.3656711663276737,0.011422052557428786,0.0033241248219061078,1.5821457033154747,0.2020753804166356,0.0072333432522487485,0.0072333432522487485,0.26547707502069584,0.013273853751034792,0.0003616671626124375,0.006902479541847084,-0.004356622914599373,7.9808350444900755,False,JP225_USD,D1_risk_short_cap3,IS
D1_risk_short_cap3|IS,8.0,0.0,8.0,0.5,0.9362652557254804,0.9362652557254804,,16.130208333333332,0.5,-82.16021728572377,-0.0008216021728572378,84.14647813443392,0.0,84.14647813443392,50.84896814137579,0.0,50.84896814137579,32.50116108020169,0.0,18.347807061174098,-128.0264356093262,0.0,-128.0264356093262,0.0,-94.72892561626807,0.4704195007811614,-3.078197213909942e-07,0.0,-6.9614653390422186e-06,-0.00010298390385321543,0.01167883211678832,0.4528301886792453,-0.01137252636832223,0.018926827252844447,0.007628027937318205,-0.04262281460027791,-0.005441160447942395,0.0028238148313187287,0.0028238148313187287,0.19661382853892317,0.019661382853892316,0.00028238148313187295,0.009738349414966319,-0.006053508676424846,7.9808350444900755,False,WTICO_USD,D1_risk_short_cap3,IS
D1_risk_short_cap3|VAL,,,,,,,,,,0.0,0.0,0.0,0.0,0.0,0.0,0.0,0.0,0.0,0.0,0.0,0.0,0.0,0.0,0.0,0.0,0.0,0.0,0.0,0.0,0.0,0.0,,0.0,0.0,0.0,inf,inf,0.0,0.0,0.0,0.0,0.0,0.0,0.0,3.9890485968514717,False,EUR_USD,D1_risk_short_cap3,VAL
D1_risk_short_cap3|VAL,6.0,0.0,6.0,0.5,0.710676451015196,0.710676451015196,,19.180555555555554,0.5,-400.16786198654154,-0.004001678619865416,-305.50133447402146,0.0,-305.50133447402146,27.047056527828573,0.0,27.047056527828573,6.542811990268969,12.983440089614959,7.520804447944644,-67.61947098474437,0.0,-67.61947098474437,0.0,-400.1678619865944,-3.2271315162948904,-3.7761526451034503e-06,0.0,-8.376616680194626e-05,-0.0010046736965135805,0.03481624758220503,0.4675324675324675,-0.1328556279607539,0.013264879680507491,0.007675627394918394,-0.2988690007072254,-0.07573937500465466,0.022084426470074064,0.022084426470074064,0.4097657620532898,0.01365885873510966,0.0007361475490024688,0.004351657315615487,-0.004256957020954855,3.9890485968514717,False,GBP_USD,D1_risk_short_cap3,VAL
D1_risk_short_cap3|VAL,7.0,0.0,7.0,0.5714285714285714,0.759601964263765,0.5697014731978238,,10.970238095238093,0.5714285714285714,-363.6136418798851,-0.003636136418798851,-385.5238819350372,0.0,-385.5238819350372,24.805349665797078,0.0,24.805349665797078,7.415375385998609,10.757177799461974,6.632796480336494,46.71558972093054,0.0,46.71558972093054,0.0,-363.6136418799037,-15.541965226421212,-3.4029493949095362e-06,0.0,-7.623821409157578e-05,-0.00091277415659341,0.01644100580270793,0.38636363636363635,-0.1101382728489253,0.014703102708170213,0.006040543172203261,-0.24476687368360633,-0.06208037682319937,0.010118530494690569,0.010118530494690569,0.3749749950068605,0.018748749750343026,0.0005059265247345285,0.006650981292754432,-0.004189166063092942,3.9890485968514717,False,AUD_USD,D1_risk_short_cap3,VAL
D1_risk_short_cap3|VAL,2.0,0.0,2.0,0.0,0.0,,,10.645833333333334,0.0,-790.0419592422841,-0.00790041959242284,-759.0920287879426,0.0,-759.0920287879426,10.507149153597997,0.0,10.507149153597997,2.9946727477713204,4.517803658055357,2.9946727477713204,-20.442781300709797,0.0,-20.442781300709797,0.0,-790.0419592422504,-24.526453457096142,-7.651440324763957e-06,0.0,-0.00016841890721367648,-0.001986416693999793,0.006769825918762089,0.4117647058823529,-0.615018163990922,0.007900419592422825,0.007900419592422825,-1.000000000000002,-0.25143179685100975,0.004704338791391105,0.004704338791391105,0.32677005342252385,0.010892335114084129,0.00015681129304637016,0.0020264126076836586,-0.004032153584071496,3.9890485968514717,False,USD_CAD,D1_risk_short_cap3,VAL
D1_risk_short_cap3|VAL,2.0,0.0,2.0,1.0,inf,,,13.666666666666666,1.0,774.3536722737044,0.007743536722737044,798.3387274121617,0.0,798.3387274121617,6.955048144749756,0.0,6.955048144749756,3.9870152511302868,2.5555830400542674,0.4124498535652021,-17.030006993724044,0.0,-17.030006993724044,0.0,774.3536722736878,33.28484019749312,7.482509320822767e-06,0.0,0.00016466051604373345,0.0019355924421295967,0.009671179883945842,0.5263157894736842,0.5602985906115358,0.004354260142391708,0.0024527656233671222,1.757032555848445,0.4445284339548933,0.003541184099078453,0.003541184099078453,0.3656476003694759,0.012188253345649196,0.00011803946996928177,0.004182701602006844,-0.001767167689308069,3.9890485968514717,False,EUR_JPY,D1_risk_short_cap3,VAL
D1_risk_short_cap3|VAL,1.0,0.0,1.0,1.0,inf,,,23.166666666666668,1.0,270.04583857010584,0.0027004583857010585,247.68587355523763,0.0,247.68587355523763,3.9654583717006826,0.0,3.9654583717006826,1.7584189806152697,1.604152883445892,0.602886507639521,26.325423386526328,0.0,26.325423386526328,0.0,270.04583857006327,62.46084319604434,2.632707391452469e-06,0.0,5.745656139789572e-05,0.0006762841912570927,0.008704061895551257,0.5,0.18841516071110584,0.005277714377642351,0.0034106347656485867,0.5076007328942619,0.1281395965878701,0.003799476917325784,0.003799476917325784,0.2339078306992605,0.011695391534963025,0.00018997384586628922,0.0038833776601197023,-0.0026023437887582324,3.9890485968514717,False,AUD_JPY,D1_risk_short_cap3,VAL
D1_risk_short_cap3|VAL,7.0,0.0,7.0,0.42857142857142855,1.9949612493407474,2.65994833245433,,18.357142857142858,0.42857142857142855,1476.0784851711214,0.014760784851711214,1656.748621075489,0.0,1656.748621075489,29.372361959473793,0.0,29.372361959473793,15.366329347912515,4.954131796596474,9.051900814964805,-151.2977739449186,0.0,-151.2977739449186,0.0,1476.0784851710964,9.1700192330193,1.4336309038717147e-05,0.0,0.0003159731616974263,0.0036800378654997523,0.03685741998060136,0.5,0.45678170538198615,0.01352364387605931,0.004847703474938597,1.0753796923810481,0.2721188090448362,0.013999682672005983,0.013999682672005983,0.2751362390680722,0.013756811953403612,0.0006999841336002992,0.005913227308475211,-0.0036983354219078945,3.9890485968514717,False,XAU_USD,D1_risk_short_cap3,VAL
D1_risk_short_cap3|VAL,1.0,0.0,1.0,1.0,inf,,,43.208333333333336,1.0,793.8242224668793,0.007938242224668792,835.5718850633675,0.0,835.5718850633675,7.4604632594943645,0.0,7.4604632594943645,4.069343596087835,0.0,3.391119663406529,-34.2871993369744,0.0,-34.2871993369744,0.0,793.8242224668987,20.01481838971374,7.680416360977784e-06,0.0,0.00016862578655043025,0.001984117632171545,0.015503875968992248,0.5,0.6305953951537892,0.002947145832948528,0.001123049844903773,2.672169227208431,0.6732336113094535,0.004476197928736281,0.004476197928736281,0.15324357284324375,0.007662178642162187,0.00022380989643681405,0.002403268871782105,-0.002198918082511714,3.9890485968514717,False,NAS100_USD,D1_risk_short_cap3,VAL
D1_risk_short_cap3|VAL,2.0,0.0,2.0,1.0,inf,,,36.854166666666664,1.0,1103.099751392001,0.01103099751392001,1128.7781017232076,0.0,1128.7781017232076,8.348722898449271,0.0,8.348722898449271,4.77069879911387,0.0,3.578024099335402,-17.32962743277871,0.0,-17.32962743277871,0.0,1103.0997513919795,43.958357416382654,1.0653220062459321e-05,0.0,0.00023502255905857094,0.0027539647490264496,0.020348837209302327,0.6176470588235294,0.7919674351191037,0.0020505763159929247,0.0009566220568748404,5.320592942052117,1.3430198757040321,0.004631177352513744,0.004631177352513744,0.19400975893957734,0.009700487946978866,0.00023155886762568726,0.0046611045083611025,-0.0016571585035413117,3.9890485968514717,False,SPX500_USD,D1_risk_short_cap3,VAL
D1_risk_short_cap3|VAL,,,,,,,,,,0.0,0.0,0.0,0.0,0.0,0.0,0.0,0.0,0.0,0.0,0.0,0.0,0.0,0.0,0.0,0.0,0.0,0.0,0.0,0.0,0.0,0.0,,0.0,0.0,0.0,inf,inf,0.0,0.0,0.0,0.0,0.0,0.0,0.0,3.9890485968514717,False,UK100_GBP,D1_risk_short_cap3,VAL
D1_risk_short_cap3|VAL,1.0,0.0,1.0,0.0,0.0,,,9.875,0.0,-435.21339973997965,-0.004352133997399797,-419.5826054654926,0.0,-419.5826054654926,11.276770459068462,0.0,11.276770459068462,6.072107170267634,0.0,5.204663288800829,-4.3540238153928295,0.0,-4.3540238153928295,0.0,-435.2133997399539,-26.843332341148948,-4.218310831758982e-06,0.0,-9.259859568935647e-05,-0.0010928040498489056,0.002909796314258002,0.3333333333333333,-0.42925229365883094,0.0054244208213756195,0.0031311957513339705,-0.8014582580479448,-0.20146004261737444,0.0011208381837962387,0.0011208381837962387,0.14633961860088637,0.0073169809300443174,5.604190918981194e-05,0.001917712750717504,-0.0031032646249904428,3.9890485968514717,False,JP225_USD,D1_risk_short_cap3,VAL
D1_risk_short_cap3|VAL,4.0,0.0,4.0,0.75,2.069744923961517,0.689914974653839,,25.739583333333336,0.75,543.2520994754013,0.005432520994754013,637.3480327886541,0.0,637.3480327886541,21.406048767935566,0.0,21.406048767935566,13.214623377172611,0.0,8.191425390762953,-72.68988454534994,0.0,-72.68988454534994,0.0,543.2520994753686,6.773385526308035,5.304410668982411e-06,0.0,0.00011667869334427687,0.001359095729092541,0.029097963142580018,0.5357142857142857,0.2675661285187448,0.012571238818053665,0.004668265691744139,0.42866160903282113,0.1081115193787212,0.00564353024959511,0.00564353024959511,0.19971776426217555,0.019971776426217554,0.000564353024959511,0.0027216791628250636,-0.003506707840934875,3.9890485968514717,False,WTICO_USD,D1_risk_short_cap3,VAL
D1_risk_short_cap3|OOS,2.0,0.0,2.0,0.0,0.0,,,9.666666666666666,0.0,-1088.0112152693764,-0.010880112152693765,-969.061851067006,0.0,-969.061851067006,13.339296216958674,0.0,13.339296216958674,1.9168459934931557,7.588758236479208,3.8336919869863113,-105.61006798539228,0.0,-105.61006798539228,0.0,-1088.011215269357,-8.146843470457602,-1.2532986061393677e-05,0.0,-0.00027274595150266476,-0.0032538607791253726,0.005747126436781609,0.35714285714285715,-0.6918492662252654,0.0108801121526938,0.0108801121526938,-0.9999999999999967,-0.29906500350915516,0.008239910618785045,0.008239910618785045,0.6516986207631399,0.02172328735877133,0.0002746636872928348,0.0030423138885911083,-0.004080685306558585,3.356605065023956,False,EUR_USD,D1_risk_short_cap3,OOS
D1_risk_short_cap3|OOS,3.0,0.0,3.0,0.6666666666666666,5.09256808092936,2.54628404046468,,20.51388888888889,0.6666666666666666,475.4310931034124,0.004754310931034124,586.5543784943006,0.0,586.5543784943006,10.816233847507458,0.0,10.816233847507458,2.836797231417247,5.023531981632446,2.9559046344577666,-100.30705154342799,0.0,-100.30705154342799,0.0,475.43109310336524,5.2784110587693895,5.513721514676642e-06,0.0,0.00011964690240056364,0.0014140470658687843,0.01839080459770115,0.4444444444444444,0.248480978847684,0.005815130961106751,0.0030687024155947817,0.8091209123162104,0.24316684788809279,0.012121966940784759,0.012121966940784759,0.38786810203904987,0.012928936734634995,0.0004040655646928252,0.00428554121224245,-0.003626823473975027,3.356605065023956,False,GBP_USD,D1_risk_short_cap3,OOS
D1_risk_short_cap3|OOS,8.0,0.0,8.0,0.625,1.3282837826701648,0.7969702696020988,,21.416666666666664,0.625,403.94034831509634,0.004039403483150963,652.0911421476865,0.0,652.0911421476865,51.191082804156125,0.0,51.191082804156125,19.917875865462236,17.94532186711621,13.327885071577686,-196.95971102842913,0.0,-196.95971102842913,0.0,403.9403483151012,2.627801958947668,4.750068748744737e-06,0.0,0.0001030951223489035,0.0012017168103628517,0.052873563218390804,0.5168539325842697,0.15618379288042758,0.011637155052238501,0.004165255705516672,0.34200131346740886,0.10326551506518698,0.036229061979287575,0.036229061979287575,0.5271413357037071,0.026357066785185356,0.0018114530989643786,0.0038746322435438962,-0.003905439732721394,3.356605065023956,False,AUD_USD,D1_risk_short_cap3,OOS
D1_risk_short_cap3|OOS,6.0,0.0,6.0,0.8333333333333334,2.8588828565145006,0.5717765713029002,,24.805555555555554,0.8333333333333334,955.5844686647761,0.00955584468664776,1092.1088262623555,0.0,1092.1088262623555,43.06103358226645,0.0,43.06103358226645,12.64212447877825,19.241614200317812,11.177294903170386,-93.46332401529989,0.0,-93.46332401529989,0.0,955.5844686647891,7.999369822940835,1.1075139061741414e-05,0.0,0.00023997419004834485,0.002837379511393179,0.04827586206896552,0.5,0.32798727272600614,0.009263230488167573,0.004105324286566681,1.0178671282100373,0.30630561498146003,0.04811094452521859,0.04811094452521859,0.9259365182108804,0.03086455060702935,0.0016036981508406195,0.004408553240764501,-0.005353687107413796,3.356605065023956,False,USD_CAD,D1_risk_short_cap3,OOS
D1_risk_short_cap3|OOS,2.0,0.0,2.0,0.0,0.0,,,4.0625,0.0,-1022.5131140734011,-0.010225131140734011,-994.9039243676648,0.0,-994.9039243676648,13.608715326433876,0.0,13.608715326433876,4.948255060476247,7.011041912465547,1.649418353492082,-14.000474379325052,0.0,-14.000474379325052,0.0,-1022.5131140734237,-36.03524532848352,-1.18008282053564e-05,0.0,-0.00025628507462958363,-0.0030572699903571587,0.0011494252873563218,0.125,-1.1790040709181742,0.010225131140733978,0.010225131140733978,-1.000000000000003,-0.29899567529044935,0.0032889987237536096,0.0032889987237536096,0.543412887307467,0.0181137629102489,0.00010963329079178696,0.0007867148617886066,-0.00314253806594611,3.356605065023956,False,EUR_JPY,D1_risk_short_cap3,OOS
D1_risk_short_cap3|OOS,4.0,0.0,4.0,0.25,0.041884476283201556,0.12565342884960465,,14.40625,0.25,-882.2665561994654,-0.008822665561994654,-850.8831688524647,0.0,-850.8831688524647,31.232805821134967,0.0,31.232805821134967,17.788938365436504,9.249649966651804,4.194217489046657,-0.15058152589430357,0.0,-0.15058152589430357,0.0,-882.266556199494,-27.11253439418829,-1.0129222034082408e-05,0.0,-0.00022044003471391184,-0.0026366306844979315,0.02528735632183908,0.4888888888888889,-0.4774296969704336,0.009768512138562335,0.005395279005683151,-0.9028570244507735,-0.2699111847432247,0.012395644813512368,0.012395644813512368,0.3490374308334389,0.017451871541671948,0.0006197822406756184,0.0021995636122633666,-0.0050903583949099,3.356605065023956,False,AUD_JPY,D1_risk_short_cap3,OOS
D1_risk_short_cap3|OOS,,,,,,,,,,0.0,0.0,0.0,0.0,0.0,0.0,0.0,0.0,0.0,0.0,0.0,0.0,0.0,0.0,0.0,0.0,0.0,0.0,0.0,0.0,0.0,0.0,,0.0,0.0,0.0,inf,inf,0.0,0.0,0.0,0.0,0.0,0.0,0.0,3.356605065023956,False,XAU_USD,D1_risk_short_cap3,OOS
D1_risk_short_cap3|OOS,,,,,,,,,,0.0,0.0,0.0,0.0,0.0,0.0,0.0,0.0,0.0,0.0,0.0,0.0,0.0,0.0,0.0,0.0,0.0,0.0,0.0,0.0,0.0,0.0,,0.0,0.0,0.0,inf,inf,0.0,0.0,0.0,0.0,0.0,0.0,0.0,3.356605065023956,False,NAS100_USD,D1_risk_short_cap3,OOS
D1_risk_short_cap3|OOS,1.0,0.0,1.0,1.0,inf,,,34.416666666666664,1.0,35.452990800724365,0.00035452990800724363,30.578235071761842,0.0,30.578235071761842,1.879809533100071,0.0,1.879809533100071,1.2532063554000474,0.0,0.6266031777000237,-6.153460198553032,0.0,-6.153460198553032,0.0,22.54496534010874,3.8064494400425652,4.343346045384732e-07,0.0,8.950372770566428e-06,0.00010560843092610739,0.012702078521939953,0.4583333333333333,0.030804941406068116,0.0035574608331786495,0.002045907632613031,0.09926841035763569,0.029686463429519905,0.001971373456200199,0.001971373456200199,0.07404449266926841,0.0037022246334634207,9.856867281000997e-05,0.0024608806571282393,-0.002076497176413561,3.356605065023956,False,SPX500_USD,D1_risk_short_cap3,OOS
D1_risk_short_cap3|OOS,3.0,0.0,3.0,0.6666666666666666,1.0721868123705605,0.5360934061852802,,25.361111111111114,0.6666666666666666,47.67698146900511,0.00047676981469005114,19.097497128607998,0.0,19.097497128607998,15.956717541825228,0.0,15.956717541825228,8.329223462846151,0.0,7.627494078979077,24.186049750057915,0.0,24.186049750057915,0.0,27.326829336840685,1.1968311827636393,6.455354513107682e-07,0.0,1.2280008970250167e-05,0.0001420155282880753,0.030624263839811542,0.49056603773584906,0.02496682321521526,0.008687907056857624,0.0042089614541575004,0.054594588900310576,0.016346345254232224,0.010645935818595428,0.010645935818595428,0.28422768872748333,0.014211384436374165,0.0005322967909297715,0.004365739596517093,-0.0035133502589762555,3.356605065023956,False,UK100_GBP,D1_risk_short_cap3,OOS
D1_risk_short_cap3|OOS,3.0,0.0,3.0,0.6666666666666666,2.0794130072277426,1.0397065036138713,,12.152777777777777,0.6666666666666666,574.1781990027375,0.005741781990027376,657.0411379806535,0.0,657.0411379806535,34.6904027085072,0.0,34.6904027085072,19.755773790277452,0.0,14.934628918229748,-48.17253626940846,0.0,-48.17253626940846,0.0,574.1781990027378,7.929252161280036,6.6470051234636134e-06,0.0,0.00014502336936170757,0.0017071553929552952,0.016166281755196306,0.6363636363636364,0.3945733696807062,0.0058805322759576395,0.0029240595021253015,0.9688063262533738,0.2903062703923832,0.004585914239089764,0.004585914239089764,0.3196240544529396,0.01598120272264698,0.00022929571195448814,0.004409292531153408,-0.004401660113860784,3.356605065023956,False,JP225_USD,D1_risk_short_cap3,OOS
D1_risk_short_cap3|OOS,,,,,,,,,,0.0,0.0,0.0,0.0,0.0,0.0,0.0,0.0,0.0,0.0,0.0,0.0,0.0,0.0,0.0,0.0,0.0,0.0,0.0,0.0,0.0,0.0,,0.0,0.0,0.0,inf,inf,0.0,0.0,0.0,0.0,0.0,0.0,0.0,3.356605065023956,False,WTICO_USD,D1_risk_short_cap3,OOS
H4_frac_both|FULL,145.0,0.0,145.0,0.3931034482758621,0.9331833884716894,1.4407041786931345,,3.5928160919540226,0.3931034482758621,-438.6067215262301,-0.004386067215262301,25.31236785075795,0.0,25.31236785075795,242.11617740509666,0.0,242.11617740509666,35.273937875148,143.50674007663727,63.33549945331139,-221.80291197176277,0.0,-221.80291197176277,0.0,-438.6067215261015,0.05456203124721116,-1.0685733377627885e-06,0.0,-2.3040271448567264e-05,-0.00028625264195314415,0.03984962406015038,0.4087403598971722,-0.0658946581664205,0.03331066238893532,0.004888504288937551,-0.12869547650151636,-0.00859342388965005,0.011702416412510023,0.011702416412510023,0.428346557735871,0.014278218591195699,0.0003900805470836675,0.004200175627699254,-0.00321236048337592,15.353867214236825,False,EUR_USD,H4_frac_both,FULL
H4_frac_both|FULL,155.0,0.0,155.0,0.4064516129032258,0.6577506928417408,0.960524821292701,,3.3626344086021507,0.4064516129032258,-2122.254521783194,-0.02122254521783194,-1655.6677431026317,0.0,-1655.6677431026317,311.75345414542335,0.0,311.75345414542335,76.13461265408041,153.19036667106553,82.42847482027739,-154.83332453522578,0.0,-154.83332453522578,0.0,-2122.254521783281,-3.5484669063797836,-5.353829413077238e-06,0.0,-0.00011625390524676074,-0.0013961305797597356,0.0468671679197995,0.4473684210526316,-0.4020170296139685,0.028962309690918175,0.004300056797105717,-0.7275945103854287,-0.04820508428571654,0.012529429096782544,0.012529429096782544,0.41454827639820513,0.01381827587994017,0.0004176476365594182,0.002285153831746989,-0.002195387329957277,15.353867214236825,False,GBP_USD,H4_frac_both,FULL
H4_frac_both|FULL,174.0,0.0,174.0,0.4367816091954023,1.0244334932440693,1.3209800307620894,,3.865421455938697,0.4367816091954023,197.01445706852246,0.0019701445706852244,904.5262988188042,0.0,904.5262988188042,350.6591336382438,0.0,350.6591336382438,112.6285795369324,142.20083911441822,95.8297149868932,-356.8527081121768,0.0,-356.8527081121768,0.0,197.0144570683836,1.278461002971992,5.415862525076267e-07,0.0,1.1719596362814817e-05,0.0001281978351685975,0.05037593984962406,0.43790849673202614,0.02764955914618194,0.027421190233281267,0.004915954863804218,0.07132465099317123,0.004675137515110595,0.013326890595794935,0.013326890595794935,0.41002778330172324,0.020501389165086162,0.0006663445297897467,0.004872065513832791,-0.003416090922160775,15.353867214236825,False,AUD_USD,H4_frac_both,FULL
H4_frac_both|FULL,146.0,0.0,146.0,0.3287671232876712,0.4854011269209846,0.9910273007970101,,3.114440639269407,0.3287671232876712,-4284.153844710949,-0.04284153844710949,-3701.4584399622318,0.0,-3701.4584399622318,418.7174970985353,0.0,418.7174970985353,134.51421970440683,164.03567256046207,120.16760483366645,-163.97790765011914,0.0,-163.97790765011914,0.0,-4284.153844710886,-6.35230415376084,-1.0946365288663126e-05,0.0,-0.00023731798257990228,-0.002847747947275492,0.03508771929824561,0.3674540682414698,-0.7397537440777683,0.04340433362010254,0.02225179136424149,-0.9868712345188838,-0.06560976081790526,0.01274983009406757,0.01274983009406757,0.5429704734777808,0.01809901578259269,0.00042499433646891885,0.003548725001298436,-0.0040781302805483755,15.353867214236825,False,USD_CAD,H4_frac_both,FULL
H4_frac_both|FULL,134.0,0.0,134.0,0.41044776119402987,0.8084868019945356,1.1612810428648783,,3.381840796019901,0.41044776119402987,-1228.191773247905,-0.012281917732479051,-834.1697261665331,0.0,-834.1697261665331,209.62025070573347,0.0,209.62025070573347,81.62522788304875,105.49890987248588,22.496112950198835,-184.4017963754164,0.0,-184.4017963754164,0.0,-1228.191773247683,-2.1170635814567342,-3.0657311877418284e-06,0.0,-6.646919901762259e-05,-0.0008045524708590879,0.03433583959899749,0.39941690962099125,-0.19382870515447082,0.0176506231685295,0.014409627013718654,-0.6951464164263337,-0.045582100029962644,0.00863183818449615,0.00863183818449615,0.4231826753258611,0.014106089177528704,0.0002877279394832051,0.004867564137602587,-0.002493133668012293,15.353867214236825,False,EUR_JPY,H4_frac_both,FULL
H4_frac_both|FULL,144.0,0.0,144.0,0.4236111111111111,0.8395105587666152,1.1422848586496566,,3.564236111111111,0.4236111111111111,-1192.0455403961096,-0.011920455403961095,-628.3429553472162,0.0,-628.3429553472162,260.3470504456767,0.0,260.3470504456767,126.38616784126823,96.42013423923214,37.540748365176356,-303.3555346034121,0.0,-303.3555346034121,0.0,-1192.045540396305,-1.1146710552915031,-2.968405251957852e-06,0.0,-6.418403262305617e-05,-0.0007807408793231163,0.037844611528822056,0.41032608695652173,-0.17287658472682643,0.023414825366763536,0.012238304359814803,-0.5059495317837988,-0.033343869411528844,0.00808811131622639,0.00808811131622639,0.3501722375561124,0.01750861187780562,0.00040440556581131955,0.003944343859628052,-0.00289126153795638,15.353867214236825,False,AUD_JPY,H4_frac_both,FULL
H4_frac_both|FULL,97.0,0.0,97.0,0.4329896907216495,0.7285862430084713,0.9541010325110933,,3.728951890034365,0.4329896907216495,-1059.2756960732659,-0.010592756960732658,-743.7902529024619,0.0,-743.7902529024619,193.69435416643205,0.0,193.69435416643205,101.46901155852314,29.582889346806834,62.64245326110209,-121.79108900445694,0.0,-121.79108900445694,0.0,-1059.275696073351,-2.357605617003296,-2.8856928668696533e-06,0.0,-6.235525011862341e-05,-0.0007525021085863504,0.029724570493591493,0.39492753623188404,-0.2388395669181244,0.017268528918349402,0.009136263625435348,-0.6125237221194477,-0.04357650336889714,0.004892241275898687,0.004892241275898687,0.22768728666979376,0.011384364333489688,0.00024461206379493435,0.0028200940549418796,-0.0017362141294112732,14.146475017111568,False,XAU_USD,H4_frac_both,FULL
H4_frac_both|FULL,142.0,0.0,142.0,0.3732394366197183,0.6776723902221965,1.1379781647127452,,3.441607981220657,0.3732394366197183,-2283.0157782424503,-0.022830157782424504,-1284.3792689094078,0.0,-1284.3792689094078,780.7600137021775,0.0,780.7600137021775,437.62709359883695,0.0,343.1329201033405,-217.8764956310362,0.0,-217.8764956310362,0.0,-2283.0157782426213,-1.286132899113596,-5.785817700725404e-06,0.0,-0.00012487441553826027,-0.001503037680741448,0.03555219364599092,0.3949579831932773,-0.3358521720374958,0.03346724559697145,0.0173610428804144,-0.6811985008625301,-0.04491070758680727,0.00520064922389353,0.00520064922389353,0.22928589214449888,0.011464294607224944,0.00026003246119467657,0.005088126549203986,-0.0025308419968390616,15.353867214236825,False,NAS100_USD,H4_frac_both,FULL
H4_frac_both|FULL,142.0,0.0,142.0,0.3591549295774648,0.639147841457569,1.1404402661301722,,3.0413732394366195,0.3591549295774648,-2555.6156008678518,-0.025556156008678516,-1534.010261480846,0.0,-1534.010261480846,748.775424530924,0.0,748.775424530924,387.55316517761526,0.0,361.2222593533088,-272.82991485604634,0.0,-272.82991485604634,0.0,-2555.6156008678163,-1.5015683672927473,-6.483072696010082e-06,0.0,-0.00014001663401428437,-0.001684694393492392,0.03151790216843167,0.3698224852071006,-0.34479463601924176,0.04062398440388548,0.0074196966834053635,-0.6249679185143707,-0.041470437186640396,0.005708389072186019,0.005708389072186019,0.36211527381775643,0.018105763690887823,0.0002854194536093009,0.006222711875134124,-0.002914084338452416,15.353867214236825,False,SPX500_USD,H4_frac_both,FULL
H4_frac_both|FULL,113.0,0.0,113.0,0.3008849557522124,0.547758755064015,1.2727335779428581,,4.025073746312684,0.3008849557522124,-2971.0143630746607,-0.029710143630746606,-2303.798286770393,0.0,-2303.798286770393,295.2673078002863,0.0,295.2673078002863,149.65186893648314,0.0,145.61543886380315,-371.9487685038253,0.0,-371.9487685038253,0.0,-2971.0143630745047,-3.452851885002155,-7.729314730307515e-06,0.0,-0.00016329582599891468,-0.001962775613352119,0.03758043758043758,0.38320209973753283,-0.47072078108193766,0.03504300927270443,0.03504300927270443,-0.847159623420881,-0.0560104755295932,0.006813578322128119,0.006813578322128119,0.23868671015546103,0.011934335507773052,0.000340678916106406,0.0037328744169113914,-0.0027288584503625257,15.351129363449692,False,UK100_GBP,H4_frac_both,FULL
H4_frac_both|FULL,126.0,0.0,126.0,0.40476190476190477,0.7594326962045513,1.116812788536105,,3.7926587301587302,0.40476190476190477,-1585.9902949465322,-0.01585990294946532,-719.5932580556124,0.0,-719.5932580556124,679.6474365261035,0.0,679.6474365261035,381.8112663439236,0.0,297.83617018218,-186.7496003648272,0.0,-186.7496003648272,0.0,-1585.9902949465431,-0.8305583091995279,-4.003644551308974e-06,0.0,-8.63557085152301e-05,-0.0010406952554635751,0.034334763948497854,0.38526912181303113,-0.24935196886840383,0.018381118641577765,0.010568008509433957,-0.8624081869114015,-0.0566176235384032,0.00481920128255497,0.00481920128255497,0.19583453428932937,0.009791726714466467,0.00024096006412774852,0.004653159321206024,-0.001960584147816413,15.353867214236825,False,JP225_USD,H4_frac_both,FULL
H4_frac_both|FULL,149.0,0.0,149.0,0.4429530201342282,0.8429085036158602,1.0600213000017635,,3.4614093959731536,0.4429530201342282,-1067.6687517739047,-0.010676687517739047,-414.01495295588035,0.0,-414.01495295588035,470.0736437123378,0.0,470.0736437123378,300.84682206662296,0.0,169.22682164571486,-138.94055688846436,0.0,-138.94055688846436,0.0,-1023.0291535566824,-0.6798116571788442,-2.6761866673722302e-06,0.0,-5.771222318321851e-05,-0.0006988689467093412,0.04120323559150657,0.4478021978021978,-0.15570798515301237,0.02732737031551824,0.010007902496029416,-0.3902440668117811,-0.02557395529245192,0.003539340089501646,0.003539340089501646,0.1579586334323868,0.01579586334323868,0.00035393400895016453,0.006913686718161616,-0.002462111759739094,15.353867214236825,False,WTICO_USD,H4_frac_both,FULL
H4_risk_both_cap1|FULL,134.0,0.0,134.0,0.3805970149253731,0.8767834315523726,1.4269220552715083,,3.5432213930348255,0.3805970149253731,-1500.165808563106,-0.01500165808563106,-640.7927378353772,0.0,-640.7927378353772,446.7658942132771,0.0,446.7658942132771,65.4678576595656,264.56516883052035,116.73286772319116,-412.6071765145961,0.0,-412.6071765145961,0.0,-1500.1658085632505,-0.7456514052652796,-3.6928226729579956e-06,0.0,-7.982120537189083e-05,-0.0009839790286475525,0.03984962406015038,0.4087403598971722,-0.13409722002188768,0.05929172643926406,0.00773387362000479,-0.24484668397079032,-0.01659555367569705,0.021320964370135184,0.021320964370135184,0.6030657281152819,0.020102190937176065,0.0007106988123378395,0.006107141699654761,-0.0038384441676095893,15.353867214236825,False,EUR_USD,H4_risk_both_cap1,FULL
H4_risk_both_cap1|FULL,137.0,0.0,137.0,0.45255474452554745,0.7967274662788693,0.9637832253373418,,3.467761557177616,0.45255474452554745,-2068.976773222181,-0.02068976773222181,-1215.7052593645944,0.0,-1215.7052593645944,559.4053675367378,0.0,559.4053675367378,137.98640816074553,273.88327285197516,147.53568652401714,-293.86614632061435,0.0,-293.86614632061435,0.0,-2068.9767732219466,-1.4247578169682493,-5.166343262925827e-06,0.0,-0.00011235097625498466,-0.0013607368040615686,0.04736842105263158,0.45215311004784686,-0.21394701204072855,0.04235812395385008,0.004997008599031801,-0.4784619801917188,-0.0321245767528353,0.02257236070431853,0.02257236070431853,0.5915111315107237,0.019717037717024124,0.0007524120234772844,0.004131287325145783,-0.004390774659914554,15.353867214236825,False,GBP_USD,H4_risk_both_cap1,FULL
H4_risk_both_cap1|FULL,149.0,0.0,149.0,0.4429530201342282,0.9882328250078753,1.2427776435705098,,3.890380313199105,0.4429530201342282,-157.91637954034377,-0.0015791637954034377,974.6034116988301,0.0,974.6034116988301,578.610131629424,0.0,578.610131629424,188.89758078487137,233.22058416792095,156.4919666766317,-553.9096596098296,0.0,-553.9096596098296,0.0,-157.91637954042358,0.8605619250436017,-2.7547454335132675e-07,0.0,-5.690935870753702e-06,-0.00010292720600291183,0.05037593984962406,0.43790849673202614,-0.00890011955318876,0.05489288318504559,0.009301694372051876,-0.02838410390577676,-0.0018750555633221353,0.021380354065105682,0.021380354065105682,0.41151490009120656,0.020575745004560327,0.0010690177032552843,0.0060907055670293975,-0.0043846691712181585,15.353867214236825,False,AUD_USD,H4_risk_both_cap1,FULL
H4_risk_both_cap1|FULL,133.0,0.0,133.0,0.3533834586466165,0.5191675336465441,0.9499661253958043,,3.141917293233083,0.3533834586466165,-6992.434811471001,-0.06992434811471002,-5987.555558321311,0.0,-5987.555558321311,729.4355533255916,0.0,729.4355533255916,232.73611372655168,285.88362105752685,210.8158185415131,-275.44369982407517,0.0,-275.44369982407517,0.0,-6992.434811470978,-5.958482613263311,-1.8081369754275465e-05,0.0,-0.0003916854393225533,-0.004710116223926808,0.035839598997493734,0.3753280839895013,-0.6912337422318396,0.07811823215460822,0.040158201465884114,-0.8948146420316173,-0.06029471090186411,0.022404995790202376,0.022404995790202376,0.6192720180402554,0.020642400601341846,0.0007468331930067459,0.004763874046089578,-0.005104256388104189,15.353867214236825,False,USD_CAD,H4_risk_both_cap1,FULL
H4_risk_both_cap1|FULL,116.0,0.0,116.0,0.3793103448275862,0.7238264953002921,1.1844433559459324,,3.466235632183908,0.3793103448275862,-3064.2924233592057,-0.030642924233592057,-2367.7961688639953,0.0,-2367.7961688639953,370.06773188551296,0.0,370.06773188551296,144.92425242059048,185.32232584790242,39.821153617020045,-326.4285226096849,0.0,-326.4285226096849,0.0,-3064.292423359193,-3.399582056015666,-7.716362017966782e-06,0.0,-0.00016728301702662342,-0.002024943570435922,0.034837092731829576,0.40524781341107874,-0.2994041652083522,0.03505562622182534,0.027817917020650118,-0.8728728311812973,-0.057763725503645655,0.015625713920133927,0.015625713920133927,0.47189445014022274,0.015729815004674092,0.0005208571306711309,0.005154270845839859,-0.004921216925615757,15.353867214236825,False,EUR_JPY,H4_risk_both_cap1,FULL
H4_risk_both_cap1|FULL,131.0,0.0,131.0,0.4122137404580153,0.7804210174405564,1.1128225619059784,,3.49204834605598,0.4122137404580153,-2843.8710540569155,-0.028438710540569154,-1860.071460857667,0.0,-1860.071460857667,459.49953936514765,0.0,459.49953936514765,223.96874315331542,169.64821281737775,65.88258339445444,-524.3000538341097,0.0,-524.3000538341097,0.0,-2843.8710540569245,-1.8907015958492381,-7.13299118652829e-06,0.0,-0.00015427569164807477,-0.0018773013260979798,0.03859649122807018,0.41847826086956524,-0.2559339787303617,0.0462964629845094,0.01785618071635192,-0.6082015110183491,-0.040549562646418943,0.014008695694861819,0.014008695694861819,0.4597179061408864,0.022985895307044323,0.000700434784743091,0.007899528839028225,-0.005495602911682607,15.353867214236825,False,AUD_JPY,H4_risk_both_cap1,FULL
H4_risk_both_cap1|FULL,88.0,0.0,88.0,0.42045454545454547,0.7198436051460666,0.9922168611472809,,3.783143939393939,0.42045454545454547,-1931.6767148789368,-0.01931676714878937,-1367.9296058993286,0.0,-1367.9296058993286,344.1838460053448,0.0,344.1838460053448,179.184072922047,52.78073793507904,112.21903514821874,-219.5632629743196,0.0,-219.5632629743196,0.0,-1931.676714878993,-2.4264951147601765,-5.257635777167366e-06,0.0,-0.00011376407552848267,-0.0013778932422721102,0.029724570493591493,0.39492753623188404,-0.2376402727292443,0.027974874058165122,0.0149914353616038,-0.6892322199391355,-0.04925467186759112,0.008963916112413848,0.008963916112413848,0.34088626110494885,0.01704431305524744,0.0004481958056206924,0.005648054137874281,-0.003297235776889451,14.146475017111568,False,XAU_USD,H4_risk_both_cap1,FULL
H4_risk_both_cap1|FULL,130.0,0.0,130.0,0.3923076923076923,0.751735118062136,1.1644524377825245,,3.4496794871794876,0.3923076923076923,-3120.9762366985524,-0.031209762366985524,-1328.9487819642968,0.0,-1328.9487819642968,1418.2264077941063,0.0,1418.2264077941063,796.9711450260329,0.0,621.2552627680734,-373.8010469401599,0.0,-373.8010469401599,0.0,-3120.976236698563,-0.7415895211055024,-7.862580077076993e-06,0.0,-0.00016993341335082654,-0.0020629621526769837,0.03580433686333838,0.39775910364145656,-0.24259480290919577,0.05429199325207501,0.02046757795157708,-0.5729188568025695,-0.03799753939957138,0.009291020470202176,0.009291020470202176,0.24333457446205595,0.012166728723102796,0.0004645510235101088,0.01021189661456634,-0.004225253213156033,15.353867214236825,False,NAS100_USD,H4_risk_both_cap1,FULL
H4_risk_both_cap1|FULL,130.0,0.0,130.0,0.35384615384615387,0.6601284159940958,1.205451890076175,,3.0596153846153844,0.35384615384615387,-4268.471321830686,-0.04268471321830686,-2432.7539097307244,0.0,-2432.7539097307244,1343.6888821200373,0.0,1343.6888821200373,690.4656111928122,0.0,653.2232709272251,-492.0285299800741,0.0,-492.0285299800741,0.0,-4268.471321830836,-1.3252333358583699,-1.0861122845223363e-05,0.0,-0.000234579454312334,-0.00283710792537184,0.03177004538577912,0.3727810650887574,-0.3278944123560431,0.06739711334005827,0.01412273408089306,-0.6274991750277265,-0.04209539229160979,0.01045947997383608,0.01045947997383608,0.40118255575347184,0.020059127787673593,0.000522973998691804,0.011981590128043562,-0.005020394151266538,15.353867214236825,False,SPX500_USD,H4_risk_both_cap1,FULL
H4_risk_both_cap1|FULL,106.0,0.0,106.0,0.32075471698113206,0.6186803422314715,1.3101466070784102,,4.1328616352201255,0.32075471698113206,-4361.6838029925275,-0.043616838029925276,-3099.853007899277,0.0,-3099.853007899277,545.9078876961801,0.0,545.9078876961801,276.9197972492496,0.0,268.9880904469304,-715.9229073970882,0.0,-715.9229073970882,0.0,-4361.683802992546,-2.456631285235158,-1.1356866976463126e-05,0.0,-0.00024010403011525696,-0.0029008896892803726,0.03758043758043758,0.38320209973753283,-0.3644235160344462,0.05731638088772506,0.05731638088772506,-0.7598003043288528,-0.050611878216156356,0.013146292053893175,0.013146292053893175,0.3192923561318481,0.015964617806592404,0.0006573146026946586,0.007470829567182147,-0.0038555078276508725,15.351129363449692,False,UK100_GBP,H4_risk_both_cap1,FULL
H4_risk_both_cap1|FULL,115.0,0.0,115.0,0.41739130434782606,0.775642805150288,1.0826680821889438,,3.759057971014493,0.41739130434782606,-2692.4813871387014,-0.026924813871387013,-1169.8867553149394,0.0,-1169.8867553149394,1205.8395141444844,0.0,1205.8395141444844,679.5799841005542,0.0,526.2595300439302,-316.75511767934216,0.0,-316.75511767934216,0.0,-2692.481387138766,-0.7683507683943432,-6.785353426603161e-06,0.0,-0.000146397301083087,-0.0017760790586337505,0.03483968694774047,0.3909348441926346,-0.23454922289490363,0.03478482858509446,0.02014697255078557,-0.7732833863056743,-0.05105901425642823,0.0084257745172705,0.0084257745172705,0.2484936007914164,0.012424680039570821,0.00042128872586352485,0.00929285271632474,-0.0036210334545657696,15.353867214236825,False,JP225_USD,H4_risk_both_cap1,FULL
H4_risk_both_cap1|FULL,130.0,0.0,130.0,0.4230769230769231,0.773246663394413,1.0544272682651086,,3.3826923076923077,0.4230769230769231,-2735.7001237015356,-0.027357001237015358,-1675.8426363072335,0.0,-1675.8426363072335,801.5344688941909,0.0,801.5344688941909,512.3461500469361,0.0,289.1883188472548,-214.5104489681436,0.0,-214.5104489681436,0.0,-2691.887554169568,-1.649378493849517,-6.913401477012913e-06,0.0,-0.00014890243679022624,-0.0018049609773463926,0.041708796764408494,0.4532967032967033,-0.24749267505638933,0.05406742535914355,0.019515502102678123,-0.5049187192116895,-0.03338352002813,0.0060327841571822,0.0060327841571822,0.21654160411877757,0.021654160411877756,0.00060327841571822,0.007642997511892791,-0.004768359510538778,15.353867214236825,False,WTICO_USD,H4_risk_both_cap1,FULL
H4_risk_both_cap3|FULL,144.0,0.0,144.0,0.3958333333333333,0.9179140746237159,1.4010267454783032,,3.590856481481481,0.3958333333333333,-2087.6199979369558,-0.02087619997936956,-290.092378263512,0.0,-290.092378263512,939.9933273989475,0.0,939.9933273989475,135.72449884180267,558.8307306233437,245.43809793380115,-857.5342922745642,0.0,-857.5342922745642,0.0,-2087.619997937024,-0.16138410063273576,-4.861071026145425e-06,0.0,-0.00010310227417625401,-0.0013731199288086193,0.03984962406015038,0.4087403598971722,-0.08348882250491602,0.10912916180925714,0.015482537120645975,-0.1766968621097912,-0.012582520620919323,0.0438779287624345,0.0438779287624345,1.3898843838015025,0.04632947946005008,0.0014625976254144834,0.011651418163122651,-0.010394593592330637,15.353867214236825,False,EUR_USD,H4_risk_both_cap3,FULL
H4_risk_both_cap3|FULL,152.0,0.0,152.0,0.4144736842105263,0.7124341595591471,1.0064546063613349,,3.3865131578947367,0.4144736842105263,-6847.927813384667,-0.06847927813384667,-4920.345369362377,0.0,-4920.345369362377,1249.367085695389,0.0,1249.367085695389,300.485882948971,617.615511613227,331.26569113319107,-678.2153583270238,0.0,-678.2153583270238,0.0,-6847.92781338479,-2.5525991817474583,-1.7443902836551968e-05,0.0,-0.0003799880087364574,-0.004609472382576474,0.04711779448621554,0.44976076555023925,-0.3384580648519368,0.10021307870785934,0.01088193014228477,-0.6615053538180738,-0.04599671462059343,0.05050231661732959,0.05050231661732959,1.6855036089567128,0.05618345363189042,0.0016834105539109863,0.007770654803084476,-0.010242208551110354,15.353867214236825,False,GBP_USD,H4_risk_both_cap3,FULL
H4_risk_both_cap3|FULL,174.0,0.0,174.0,0.4367816091954023,1.0326739604296116,1.3316058963434467,,3.865421455938697,0.4367816091954023,885.3457696822443,0.008853457696822442,3372.8324805456086,0.0,3372.8324805456086,1212.4337841786505,0.0,1212.4337841786505,392.0538327532931,491.6129865789295,328.76696484642804,-1275.0529266847127,0.0,-1275.0529266847127,0.0,885.3457696822454,1.3559197988137017,2.7380723908837485e-06,0.0,6.088667312440558e-05,0.0005742544307387742,0.05037593984962406,0.43790849673202614,0.04221785555447961,0.08641327520792774,0.015982444322150346,0.0998903613069619,0.00664544225822945,0.045735040729022944,0.045735040729022944,1.2278237489406356,0.06139118744703178,0.002286752036451147,0.015664560256444027,-0.009136552410646703,15.353867214236825,False,AUD_USD,H4_risk_both_cap3,FULL
H4_risk_both_cap3|FULL,145.0,0.0,145.0,0.3310344827586207,0.5554452308854304,1.1224622374143074,,3.122701149425287,0.3310344827586207,-11966.223261443054,-0.11966223261443054,-9949.037018392693,0.0,-9949.037018392693,1443.0253398894697,0.0,1443.0253398894697,466.47347929504497,562.2115180034523,414.3403425909723,-574.1609031608637,0.0,-574.1609031608637,0.0,-11966.223261443027,-4.932136064614458,-3.161966258221268e-05,0.0,-0.0006848156561113022,-0.00826645883497501,0.03558897243107769,0.37270341207349084,-0.6251634400881296,0.1326997066231026,0.1326997066231026,-0.9011405304508368,-0.06229447709672514,0.04593885121740019,0.04593885121740019,1.6227192379352118,0.05409064126450706,0.0015312950405800062,0.013481085838562334,-0.006748579777852037,15.353867214236825,False,USD_CAD,H4_risk_both_cap3,FULL
H4_risk_both_cap3|FULL,133.0,0.0,133.0,0.41353383458646614,0.8438719245610132,1.1967638202865278,,3.401629072681704,0.41353383458646614,-3648.8625663271814,-0.036488625663271816,-2138.0756219052414,0.0,-2138.0756219052414,808.627555654025,0.0,808.627555654025,314.61715853232556,406.89365000474663,87.11674711695278,-702.1593887679281,0.0,-702.1593887679281,0.0,-3648.8625663271946,-1.4152065781342167,-8.918533465593313e-06,0.0,-0.00019248880821056823,-0.0024180245367999564,0.034837092731829576,0.40524781341107874,-0.15865710004764894,0.06275903651151349,0.02382289268953692,-0.5722863123698051,-0.038528707118637116,0.03393183118268969,0.03393183118268969,1.2687352640297196,0.04229117546765732,0.0011310610394229899,0.013756023779511795,-0.007165158031061769,15.353867214236825,False,EUR_JPY,H4_risk_both_cap3,FULL
H4_risk_both_cap3|FULL,143.0,0.0,143.0,0.42657342657342656,0.8445541779192828,1.135302337530839,,3.577505827505828,0.42657342657342656,-4022.4790248331847,-0.040224790248331845,-1961.6934059277046,0.0,-1961.6934059277046,966.369779894988,0.0,966.369779894988,464.92007673045936,361.4484099258795,140.00129323864914,-1094.4158390105524,0.0,-1094.4158390105524,0.0,-4022.4790248332447,-0.9519153219681032,-9.890057522316685e-06,0.0,-0.0002129074173879703,-0.002670423987848114,0.0380952380952381,0.41304347826086957,-0.1754536383998025,0.0722463202734257,0.022509109082465267,-0.5440964734953259,-0.03696276817617206,0.03030362495254747,0.03030362495254747,1.0507470973588278,0.052537354867941394,0.0015151812476273735,0.012744882518489709,-0.011664294130132924,15.353867214236825,False,AUD_JPY,H4_risk_both_cap3,FULL
H4_risk_both_cap3|FULL,96.0,0.0,96.0,0.4270833333333333,0.9033724067933883,1.2118410335033258,,3.7309027777777772,0.4270833333333333,-1281.303092023445,-0.01281303092023445,-75.43212836347999,0.0,-75.43212836347999,714.483927689215,0.0,714.483927689215,375.3133031275543,108.94819532659427,230.22242923506636,-491.38703597082593,0.0,-491.38703597082593,0.0,-1281.303092023521,-0.06255406311014369,-3.254050132008928e-06,0.0,-7.122336374785732e-05,-0.0009111774979597698,0.029724570493591493,0.39492753623188404,-0.07119329271730397,0.039952116964784734,0.022201859799143187,-0.3194448501991882,-0.022806738845976927,0.018683905503966192,0.018683905503966192,0.6825396794740369,0.03412698397370185,0.0009341952751983095,0.011278698541441923,-0.005157494825560605,14.146475017111568,False,XAU_USD,H4_risk_both_cap3,FULL
H4_risk_both_cap3|FULL,140.0,0.0,140.0,0.37857142857142856,0.6500707044335905,1.0670971940702336,,3.4735119047619043,0.37857142857142856,-9230.994778541499,-0.09230994778541499,-5416.295028078486,0.0,-5416.295028078486,3005.39975498303,0.0,3005.39975498303,1693.4663468003084,0.0,1311.933408182722,-809.2999954800962,0.0,-809.2999954800962,0.0,-9230.994778541613,-1.4198483189721334,-2.394639420090159e-05,0.0,-0.0005174799351511854,-0.006288153872544888,0.03555219364599092,0.3949579831932773,-0.3902265105201006,0.12136007199652687,0.06390941112567383,-0.7560717513146089,-0.05181402556126404,0.019974173207304668,0.019974173207304668,0.7035241046438349,0.03517620523219174,0.0009987086603652333,0.01089291188803787,-0.009446872187423683,15.353867214236825,False,NAS100_USD,H4_risk_both_cap3,FULL
H4_risk_both_cap3|FULL,139.0,0.0,139.0,0.34532374100719426,0.5681983703303806,1.0772094104180132,,3.0320743405275783,0.34532374100719426,-11904.036438680821,-0.11904036438680822,-7928.008575296087,0.0,-7928.008575296087,2939.1009587219096,0.0,2939.1009587219096,1511.8425329970714,0.0,1427.2584257248384,-1036.9269046627599,0.0,-1036.9269046627599,0.0,-11904.036438680756,-1.9939519660577074,-3.141381628059691e-05,0.0,-0.0006788721478429511,-0.008220846437969276,0.03177004538577912,0.3727810650887574,-0.477825399423192,0.15897316884925983,0.03356320092105961,-0.7364714297433225,-0.05171216311203041,0.02261943564779943,0.02261943564779943,1.0939563244145847,0.05469781622072923,0.0011309717823899713,0.017956280613398823,-0.008959205864285669,15.353867214236825,False,SPX500_USD,H4_risk_both_cap3,FULL
H4_risk_both_cap3|FULL,113.0,0.0,113.0,0.3008849557522124,0.4858522832603497,1.1288920699284595,,4.025073746312684,0.3008849557522124,-11600.225024667205,-0.11600225024667205,-9227.186561839488,0.0,-9227.186561839488,1033.370507862724,0.0,1033.370507862724,523.1944288136622,0.0,510.1760790490619,-1339.6679549650178,0.0,-1339.6679549650178,0.0,-11600.22502466723,-3.888342606484456,-3.1360777394570766e-05,0.0,-0.0006625963015932802,-0.007999861393956698,0.03758043758043758,0.38320209973753283,-0.5736492040022014,0.12907428484282957,0.12907428484282957,-0.896501353851489,-0.06197873886109788,0.024182689185988128,0.024182689185988128,0.7129200905781857,0.035646004528909286,0.0012091344592994064,0.009276770233882514,-0.008224700181628242,15.351129363449692,False,UK100_GBP,H4_risk_both_cap3,FULL
H4_risk_both_cap3|FULL,126.0,0.0,126.0,0.40476190476190477,0.7607035565138449,1.1186817007556544,,3.787367724867725,0.40476190476190477,-5780.552430031385,-0.05780552430031385,-2476.9053349525884,0.0,-2476.9053349525884,2609.5587199322063,0.0,2609.5587199322063,1467.5053420658228,0.0,1142.0533778663832,-694.0883751464792,0.0,-694.0883751464792,0.0,-5780.552430031274,-0.7497487666410672,-1.4622801836360443e-05,0.0,-0.0003165912256924866,-0.0038705732393128356,0.03458722544811916,0.3881019830028329,-0.2562022096890902,0.06412832446694094,0.0369186171809292,-0.8978796520553394,-0.06035668749318674,0.018438989569291842,0.018438989569291842,0.6569105061419211,0.03284552530709606,0.0009219494784645921,0.013222590653737543,-0.006131171049133188,15.353867214236825,False,JP225_USD,H4_risk_both_cap3,FULL
H4_risk_both_cap3|FULL,146.0,0.0,146.0,0.4452054794520548,0.8641723223820942,1.0768916632761483,,3.4805936073059356,0.4452054794520548,-3277.1038077090925,-0.032771038077090926,-926.9356183251358,0.0,-926.9356183251358,1717.2140434733576,0.0,1717.2140434733576,1100.8555976596963,0.0,616.3584458136613,-503.87319284083145,0.0,-503.87319284083145,0.0,-3148.022854639325,-0.4173341790317749,-7.964358378618021e-06,0.0,-0.0001729259902983374,-0.0021677866006021285,0.04120323559150657,0.4478021978021978,-0.13190250876238468,0.09055118557782982,0.03378523182529251,-0.36044892659565797,-0.023939903014730715,0.012879795832001812,0.012879795832001812,0.49672804355958106,0.049672804355958104,0.0012879795832001812,0.021017718146726372,-0.007757260740246408,15.353867214236825,False,WTICO_USD,H4_risk_both_cap3,FULL
H4_risk_short_cap3|FULL,79.0,0.0,79.0,0.3924050632911392,1.0088870937015986,1.562147757989572,,3.708333333333333,0.3924050632911392,118.17027206442435,0.0011817027206442435,1215.3808859888434,0.0,1215.3808859888434,471.37725936259835,0.0,471.37725936259835,66.68478661265885,277.0083713403061,127.68410140963343,-625.8333545617659,0.0,-625.8333545617659,0.0,118.17027206447915,1.1077006279057242,5.566587579856267e-07,0.0,1.3903694935645154e-05,7.692202004450088e-05,0.02155388471177945,0.43,0.01222780794872569,0.0695972582222979,0.017586525316104624,0.016018256898692768,0.0011052449767318024,0.021331093994631786,0.021331093994631786,1.3898843838015025,0.04632947946005008,0.0007110364664877261,0.011364022178263378,-0.010394593592330637,15.353867214236825,False,EUR_USD,H4_risk_short_cap3,FULL
H4_risk_short_cap3|FULL,88.0,0.0,88.0,0.4090909090909091,0.6924293108289331,1.0001756711973477,,3.4692234848484844,0.4090909090909091,-4405.333388844316,-0.04405333388844316,-3555.3686850078034,0.0,-3555.3686850078034,630.530903872648,0.0,630.530903872648,151.19245070251552,307.03397769757055,172.30447547256188,-219.43379996389115,0.0,-219.43379996389115,0.0,-4405.333388844342,-4.1829603852486015,-1.1096695481025872e-05,0.0,-0.00024083168867920356,-0.0029300188589556075,0.02706766917293233,0.45569620253164556,-0.2822445247635347,0.07464953128943075,0.009415511710778883,-0.5712474597860218,-0.03925033162760734,0.02415333510925707,0.02415333510925707,0.9616446284936763,0.03205482094978921,0.0008051111703085691,0.007770654803084476,-0.010242208551110354,15.353867214236825,False,GBP_USD,H4_risk_short_cap3,FULL
H4_risk_short_cap3|FULL,81.0,0.0,81.0,0.49382716049382713,1.4663325247161134,1.502990837834016,,4.090020576131687,0.49382716049382713,4853.672033868337,0.04853672033868337,5553.243285987807,0.0,5553.243285987807,610.7903964350962,0.0,610.7903964350962,207.3619592878309,235.72041688737062,167.70802025989474,-88.78085568442611,0.0,-88.78085568442611,0.0,4853.672033868284,7.938066736108577,1.2112308128053055e-05,0.0,0.00026394386096144666,0.003091652384459742,0.027819548872180452,0.5186915887850467,0.2810305057397785,0.03764663542134983,0.00854482461817919,1.2273496783530045,0.08212294006774458,0.02248681604335141,0.02248681604335141,1.1474847198516012,0.05737423599258006,0.0011243408021675704,0.014796145651223336,-0.009136552410646814,15.353867214236825,False,AUD_USD,H4_risk_short_cap3,FULL
H4_risk_short_cap3|FULL,83.0,0.0,83.0,0.3493975903614458,0.6047102061023111,1.1260121079146483,,2.82781124497992,0.3493975903614458,-6028.525686445457,-0.060285256864454566,-4888.785804403492,0.0,-4888.785804403492,812.4649870788735,0.0,812.4649870788735,269.1905996399778,310.96920509261093,232.30518234628474,-327.2748949629772,0.0,-327.2748949629772,0.0,-6028.525686445342,-4.289387325505539,-1.539423503329952e-05,0.0,-0.00033368746857365247,-0.004041534275498693,0.01804511278195489,0.36180904522613067,-0.39688954654874026,0.08286879323176866,0.08286879323176866,-0.7274783970347907,-0.048770280317649496,0.02254577286425505,0.02254577286425505,1.6227192379352113,0.054090641264507036,0.0007515257621418352,0.01348108583856189,-0.006748579777852259,15.353867214236825,False,USD_CAD,H4_risk_short_cap3,FULL
H4_risk_short_cap3|FULL,72.0,0.0,72.0,0.4861111111111111,1.1232138146863715,1.1873974612398785,,3.6637731481481484,0.4861111111111111,1286.2920940694166,0.012862920940694167,1808.782358890766,0.0,1808.782358890766,385.3523154051983,0.0,385.3523154051983,157.00771422637533,185.22109891467505,43.12350226414785,-137.1379494160801,0.0,-137.1379494160801,0.0,1286.2920940694876,3.461848919825278,3.396391570270176e-06,0.0,7.357543875863111e-05,0.0008327685173150634,0.020050125313283207,0.43243243243243246,0.0866734940911225,0.025382096044200275,0.010426176913662691,0.4889593572488792,0.032809288715356044,0.01681139152666366,0.01681139152666366,0.8932626477752987,0.029775421592509958,0.0005603797175554553,0.008808141836389671,-0.007165158031061658,15.353867214236825,False,EUR_JPY,H4_risk_short_cap3,FULL
H4_risk_short_cap3|FULL,55.0,0.0,55.0,0.4727272727272727,1.208271555947347,1.3476875047105024,,4.040909090909091,0.4727272727272727,1855.8645655922155,0.018558645655922155,1953.524139327729,0.0,1953.524139327729,354.9808948078649,0.0,354.9808948078649,173.65914668395092,128.40522745688028,52.91652066703367,257.3213210723439,0.0,257.3213210723439,0.0,1855.864565592208,5.503181066646089,4.7640391293531556e-06,0.0,0.00010471963293877637,0.0011983659286851633,0.020050125313283207,0.5161290322580645,0.1356031022323911,0.03878191256917762,0.0077013374496228415,0.45654926656417727,0.030900124550267246,0.011580203775610977,0.011580203775610977,0.8868817439488694,0.044344087197443476,0.000579010188780549,0.009636662206313984,-0.011664294130133035,15.353867214236825,False,AUD_JPY,H4_risk_short_cap3,FULL
H4_risk_short_cap3|FULL,32.0,0.0,32.0,0.46875,1.2835365591412142,1.4546747670267095,,4.165364583333333,0.46875,1071.7374884872406,0.010717374884872406,1560.788011187618,0.0,1560.788011187618,214.91626845136426,0.0,214.91626845136426,109.7599639845758,35.27630411415087,69.88000035263757,-274.1342542489962,0.0,-274.1342542489962,0.0,1071.7374884872575,3.1914657867443017,2.997450706461358e-06,0.0,6.428461276697384e-05,0.0007538534190274504,0.0109080992637033,0.425531914893617,0.11181557951455912,0.014901421431429474,0.008269371022413596,0.7009881651384142,0.050589363068240814,0.006257161975745614,0.006257161975745614,0.5988217846452442,0.029941089232262207,0.0003128580987872807,0.00992138340852522,-0.004811842320603277,14.146475017111568,False,XAU_USD,H4_risk_short_cap3,FULL
H4_risk_short_cap3|FULL,23.0,0.0,23.0,0.43478260869565216,1.0452384024088475,1.3588099231315018,,3.516304347826087,0.43478260869565216,124.98118738991616,0.0012498118738991616,804.0216930105767,0.0,804.0216930105767,527.8777336879004,0.0,527.8777336879004,296.1471863296493,0.0,231.7305473582511,-151.1627719327813,0.0,-151.1627719327813,0.0,124.9811873898949,1.1840555701101438,3.6412780454914215e-07,0.0,7.663389505872145e-06,8.135294497835233e-05,0.0070600100857286935,0.4666666666666667,0.018409752920823804,0.015441734858621659,0.00795390901638895,0.08017925854594511,0.005268381158152715,0.0023733181590898074,0.0023733181590898074,0.40877523709335467,0.020438761854667736,0.00011866590795449038,0.008854370621232066,-0.005461099602611208,15.353867214236825,False,NAS100_USD,H4_risk_short_cap3,FULL
H4_risk_short_cap3|FULL,24.0,0.0,24.0,0.4166666666666667,0.8801695048256177,1.232237306755865,,4.215277777777778,0.4166666666666667,-340.116579952999,-0.0034011657995299902,152.5531148547292,0.0,152.5531148547292,382.58651267117654,0.0,382.58651267117654,200.59309441861905,0.0,181.9934182525575,-110.08318213657013,0.0,-110.08318213657013,0.0,-340.1165799530175,0.3096458265293944,-8.161032689998941e-07,0.0,-1.7515372777666175e-05,-0.0002218714605811689,0.006555723651033787,0.3880597014925373,-0.04417290439599855,0.023396075355299417,0.00867798806944875,-0.1443011111524419,-0.009483276883484352,0.002824746965484428,0.002824746965484428,0.6840769392706867,0.03420384696353434,0.00014123734827422142,0.008250307258090395,-0.003734908459579467,15.353867214236825,False,SPX500_USD,H4_risk_short_cap3,FULL
H4_risk_short_cap3|FULL,30.0,0.0,30.0,0.36666666666666664,0.8589509720089555,1.4836425880154689,,4.325,0.36666666666666664,-576.6820380780846,-0.005766820380780846,-390.42453212081574,0.0,-390.42453212081574,200.8254629784616,0.0,200.8254629784616,101.61337754566408,0.0,99.21208543279751,14.567957021204272,0.0,14.567957021204272,0.0,-576.6820380780731,-1.9440987528692442,-1.3967901170249578e-06,0.0,-3.0240437316567235e-05,-0.0003766773916247246,0.012097812097812098,0.44339622641509435,-0.05170454137922706,0.024596654312743604,0.024596654312743604,-0.23419731676520408,-0.015314171872130057,0.004813893393753028,0.004813893393753028,0.6196887816900601,0.030984439084503008,0.00024069466968765143,0.007232854100294617,-0.00549597216436859,15.351129363449692,False,UK100_GBP,H4_risk_short_cap3,FULL
H4_risk_short_cap3|FULL,49.0,0.0,49.0,0.3673469387755102,0.5632314045520819,0.9700096411730298,,3.8086734693877546,0.3673469387755102,-4489.093276749525,-0.04489093276749525,-3242.93982409975,0.0,-3242.93982409975,1076.3039447533868,0.0,1076.3039447533868,610.3596195474473,0.0,465.9443252059394,-169.8495078962822,0.0,-169.8495078962822,0.0,-4489.093276749419,-2.6023599398648356,-1.1472651628444029e-05,0.0,-0.0002471791352802642,-0.002986941916758412,0.014895228477657157,0.3933333333333333,-0.3673560762038989,0.051217336353765575,0.051217336353765575,-0.8764792541616585,-0.058318962472534125,0.006491450784072857,0.006491450784072857,0.48928824956008987,0.02446441247800449,0.0003245725392036429,0.011091735418953252,-0.005330955003002846,15.353867214236825,False,JP225_USD,H4_risk_short_cap3,FULL
H4_risk_short_cap3|FULL,46.0,0.0,46.0,0.5652173913043478,1.5077530565475084,1.1598100434980831,,4.480072463768117,0.5652173913043478,2557.7187690732244,0.025577187690732243,3503.3920444609066,0.0,3503.3920444609066,527.1419455494595,0.0,527.1419455494595,336.18624869655343,0.0,190.955696852906,-281.66354977251143,0.0,-281.66354977251143,0.0,2694.5865491389354,4.331563107229222,6.525735912588149e-06,0.0,0.00013946486212451043,0.001646252798417125,0.016683518705763397,0.55,0.1945694107158945,0.03348365576664758,0.010224017070218494,0.7448204116318058,0.04916586199219398,0.0037969758775005394,0.0037969758775005394,0.4502500424097558,0.04502500424097558,0.00037969758775005394,0.008130587539431522,-0.006438602151963568,15.353867214236825,False,WTICO_USD,H4_risk_short_cap3,FULL
H4_risk_long_cap3|FULL,65.0,0.0,65.0,0.4,0.8147018866775417,1.2220528300163127,,3.4480769230769237,0.4,-2203.186758215379,-0.02203186758215379,-1508.0171998836563,0.0,-1508.0171998836563,461.4603755420571,0.0,461.4603755420571,68.14096439562444,277.28084204875006,116.03856909768258,-233.7091827895098,0.0,-233.7091827895098,0.0,-2203.186758215223,-2.169279684085929,-5.417729784131719e-06,0.0,-0.00011700596911191123,-0.0014499304172767014,0.018295739348370928,0.3862433862433862,-0.14925383432552308,0.05445636302905166,0.011384659265932073,-0.3944349325023497,-0.0266255463388766,0.022546834767802715,0.022546834767802715,1.2193899138479376,0.040646330461597914,0.0007515611589267572,0.011651418163122651,-0.005172030528443061,15.353867214236825,False,EUR_USD,H4_risk_long_cap3,FULL
H4_risk_long_cap3|FULL,64.0,0.0,64.0,0.421875,0.7349581722800782,1.0071649027541811,,3.272786458333333,0.421875,-2555.1576370637486,-0.025551576370637485,-1471.1417531927561,0.0,-1471.1417531927561,624.5473293882534,0.0,624.5473293882534,150.60421780727233,313.11491084171035,160.82820073927073,-459.468554482603,0.0,-459.468554482603,0.0,-2555.1576370636126,-1.357121952807123,-6.347207355526292e-06,0.0,-0.00013915632005725986,-0.0016843888146136354,0.020050125313283207,0.4419889502762431,-0.19041524233831966,0.04794781806373527,0.012735910771560199,-0.5281553196381805,-0.03512962388350267,0.02634898150807252,0.02634898150807252,1.6855036089567124,0.056183453631890416,0.0008782993836024173,0.007425004495569709,-0.006042466292694448,15.353867214236825,False,GBP_USD,H4_risk_long_cap3,FULL
H4_risk_long_cap3|FULL,93.0,0.0,93.0,0.3870967741935484,0.7748864521841761,1.2269035492916123,,3.669802867383513,0.3870967741935484,-3784.6326096279226,-0.03784632609627923,-2001.4386561062506,0.0,-2001.4386561062506,613.0662325957812,0.0,613.0662325957812,188.9936410189537,259.92808903693305,164.14450253989443,-1170.1277209258394,0.0,-1170.1277209258394,0.0,-3784.6326096278717,-1.1223897726624856,-9.374235737168498e-06,0.0,-0.00020305718783704285,-0.0025096390222536513,0.022556390977443608,0.3673469387755102,-0.19346650813485336,0.06059515086931433,0.06059515086931433,-0.6239049935691788,-0.04141649927840256,0.023248224685671535,0.023248224685671535,1.2278237489406358,0.061391187447031786,0.0011624112342835766,0.015664560256444027,-0.007818645341329145,15.353867214236825,False,AUD_USD,H4_risk_long_cap3,FULL
H4_risk_long_cap3|FULL,62.0,0.0,62.0,0.3064516129032258,0.49666115524784,1.1240226145082695,,3.51747311827957,0.3064516129032258,-6318.617025402244,-0.06318617025402244,-5372.447447000726,0.0,-5372.447447000726,682.0733782827773,0.0,682.0733782827773,213.19401312237994,272.0476800935614,196.83168506683595,-264.09620011865735,0.0,-264.09620011865735,0.0,-6318.617025402161,-5.67810207561053,-1.6225427548914273e-05,0.0,-0.00035112818753765937,-0.004242069026847539,0.017543859649122806,0.38461538461538464,-0.4993754826854303,0.0866783090475155,0.016387379279134657,-0.7227259092006054,-0.048940375896374635,0.023393078353145125,0.023393078353145125,1.4238753560014668,0.047462511866715566,0.000779769278438171,0.007922490362089585,-0.005221514282168105,15.353867214236825,False,USD_CAD,H4_risk_long_cap3,FULL
H4_risk_long_cap3|FULL,61.0,0.0,61.0,0.32786885245901637,0.6284969684240639,1.288418785269331,,3.0922131147540988,0.32786885245901637,-4872.480331112558,-0.04872480331112558,-3869.5961313663706,0.0,-3869.5961313663706,429.8600875302756,0.0,429.8600875302756,159.99198277223334,225.09672666692376,44.771378091118514,-573.0241122158465,0.0,-573.0241122158465,0.0,-4872.480331112493,-3.8584675402663144,-1.2314925035863878e-05,0.0,-0.00026606424696921444,-0.003248088148563477,0.014786967418546366,0.37341772151898733,-0.305591434771758,0.055275000149340836,0.019391627293553555,-0.8791285131948458,-0.05876233631457007,0.01712043965602603,0.01712043965602603,1.2687352640297196,0.042291175467657316,0.0005706813218675342,0.013756023779512017,-0.006431210109052232,15.353867214236825,False,EUR_JPY,H4_risk_long_cap3,FULL
H4_risk_long_cap3|FULL,88.0,0.0,88.0,0.3977272727272727,0.6621739052108518,1.0027204850335758,,3.2878787878787885,0.3977272727272727,-5771.237243428448,-0.05771237243428448,-3830.484925501837,0.0,-3830.484925501837,616.8251970869105,0.0,616.8251970869105,294.2911894612008,234.60095270403562,87.933054921674,-1323.9271208396544,0.0,-1323.9271208396544,0.0,-5771.2372434284025,-1.97371137476945,-1.4654096651670343e-05,0.0,-0.00031762705032674967,-0.0038641592397574698,0.01804511278195489,0.3380281690140845,-0.33248315346690566,0.07884310037599895,0.04328026335535867,-0.7209564866955355,-0.049010746930669646,0.018723421176936494,0.018723421176936494,1.0507470973588278,0.052537354867941394,0.0009361710588468244,0.012744882518489709,-0.008575102089511843,15.353867214236825,False,AUD_JPY,H4_risk_long_cap3,FULL
H4_risk_long_cap3|FULL,64.0,0.0,64.0,0.40625,0.7552572110004804,1.1038374622314713,,3.513671875,0.40625,-2328.089571804143,-0.023280895718041428,-1604.2485335895185,0.0,-1604.2485335895185,501.45753970558985,0.0,501.45753970558985,266.41394794387196,73.98349890012365,161.06009286159423,-222.38349850908307,0.0,-222.38349850908307,0.0,-2328.0895718041916,-2.2162995034743234,-6.25150083847065e-06,0.0,-0.00013550797651483182,-0.0016637766732535697,0.018816471229888193,0.3791208791208791,-0.1688741215942899,0.05474075853321825,0.029596180583359943,-0.4236163246950735,-0.030393745315822444,0.012426743528220575,0.012426743528220575,0.6825396794740369,0.03412698397370185,0.0006213371764110287,0.011278698541441923,-0.005157494825560605,14.146475017111568,False,XAU_USD,H4_risk_long_cap3,FULL
H4_risk_long_cap3|FULL,117.0,0.0,117.0,0.36752136752136755,0.6042972952919423,1.039953484921017,,3.465099715099716,0.36752136752136755,-9344.29735214755,-0.0934429735214755,-6205.834432862356,0.0,-6205.834432862356,2479.5693867136083,0.0,2479.5693867136083,1398.375165439453,0.0,1081.1942212741553,-658.8935325715828,0.0,-658.8935325715828,0.0,-9344.297352147547,-1.977348336578653,-2.4310522005450844e-05,0.0,-0.0005251433246570642,-0.0063689886815374575,0.02849218356026223,0.38047138047138046,-0.41849886389336277,0.11783458045190676,0.05901117556224089,-0.7924023675580245,-0.05405025126844585,0.01760085504821486,0.01760085504821486,0.7035241046438346,0.03517620523219173,0.0008800427524107429,0.010892911888038093,-0.009446872187423794,15.353867214236825,False,NAS100_USD,H4_risk_long_cap3,FULL
H4_risk_long_cap3|FULL,115.0,0.0,115.0,0.33043478260869563,0.5355390878673767,1.085171309626,,2.7851449275362317,0.33043478260869563,-11603.38489458998,-0.11603384894589981,-8087.448418159776,0.0,-8087.448418159776,2577.7606573337466,0.0,2577.7606573337466,1322.6522925663608,0.0,1255.1083647673859,-938.1758190964723,0.0,-938.1758190964723,0.0,-11603.384894589995,-2.300225977453119,-3.0597713011596954e-05,0.0,-0.0006613567750652777,-0.008000750115501942,0.025214321734745335,0.36900369003690037,-0.4849426327373094,0.14530538782227587,0.045477787224676575,-0.788684145736657,-0.05506162046301904,0.019794688682315,0.019794688682315,1.0939563244145842,0.05469781622072921,0.00098973443411575,0.017956280613398823,-0.008959205864285336,15.353867214236825,False,SPX500_USD,H4_risk_long_cap3,FULL
H4_risk_long_cap3|FULL,83.0,0.0,83.0,0.27710843373493976,0.415714211618838,1.0844718563969686,,3.9166666666666656,0.27710843373493976,-11087.4825066802,-0.110874825066802,-8857.252703601876,0.0,-8857.252703601876,858.9324882932026,0.0,858.9324882932026,434.98700773922053,0.0,423.9454805539821,-1371.297314785151,0.0,-1371.297314785151,0.0,-11087.482506680231,-3.9714529378884365,-2.9963987277546463e-05,0.0,-0.0006324245089995874,-0.007626056565427475,0.025482625482625483,0.36,-0.6304059620758767,0.1161994741529756,0.1161994741529756,-0.9518161035086687,-0.06562901098319807,0.019368795792235098,0.019368795792235098,0.7129200905781855,0.03564600452890927,0.000968439789611755,0.009276770233882514,-0.00822470018162802,15.351129363449692,False,UK100_GBP,H4_risk_long_cap3,FULL
H4_risk_long_cap3|FULL,77.0,0.0,77.0,0.42857142857142855,0.9054151523630213,1.2072202031506951,,3.7738095238095237,0.42857142857142855,-1352.158824147613,-0.013521588241476128,767.5071130165023,0.0,767.5071130165023,1577.2152188431567,0.0,1577.2152188431567,881.7385876726989,0.0,695.4766311704577,-542.4507183209904,0.0,-542.4507183209904,0.0,-1352.1588241476447,0.36208871386749397,-3.150150207916918e-06,0.0,-6.941209041222056e-05,-0.0008862785852103983,0.019691996970462006,0.3842364532019704,-0.06593597620694742,0.04443674559444111,0.015971761941461153,-0.29953108519546,-0.019944723074438394,0.011947538785218986,0.011947538785218986,0.6569105061419207,0.032845525307096037,0.0005973769392609492,0.013222590653737543,-0.006131171049133188,15.353867214236825,False,JP225_USD,H4_risk_long_cap3,FULL
H4_risk_long_cap3|FULL,100.0,0.0,100.0,0.39,0.6862673871102897,1.073392579839171,,3.020833333333334,0.39,-5689.306126163501,-0.056893061261635014,-4236.102350867958,0.0,-4236.102350867958,1218.338547957425,0.0,1218.338547957425,782.8868548878557,0.0,435.45169306956916,-234.8652273379391,0.0,-234.8652273379391,0.0,-5689.306126163323,-2.915009183765002,-1.4490094291206787e-05,0.0,-0.0003123908524228539,-0.0038077708456090154,0.024519716885743174,0.3975409836065574,-0.28863916592702765,0.08006058873279498,0.030288366210280897,-0.7077635653353969,-0.04756111472421948,0.009082819954501272,0.009082819954501272,0.4967280435595811,0.049672804355958104,0.0009082819954501272,0.02101771814672615,-0.007757260740246408,15.353867214236825,False,WTICO_USD,H4_risk_long_cap3,FULL
D1_risk_both_cap3|FULL,37.0,0.0,37.0,0.5135135135135135,1.6534064449534576,1.5663850531138017,,17.759009009009002,0.5135135135135135,4277.676460178263,0.04277676460178263,4834.270347464811,0.0,4834.270347464811,133.20263042519446,0.0,133.20263042519446,18.175035579014335,81.03101620113121,33.9965786450489,-423.39125686134304,0.0,-423.39125686134304,0.0,4277.6764601782725,8.685453537825332,1.065166688994603e-05,0.0,0.0002318491586366161,0.002731840060034685,0.053132832080200504,0.4930232558139535,0.30495267127881137,0.02762071016051937,0.005027311992153267,1.4627631187173236,0.09890549678695576,0.03068189234077036,0.03068189234077036,0.6830882886686218,0.022769609622287395,0.0010227297446923453,0.008086890419104265,-0.005688349389008418,15.353867214236825,False,EUR_USD,D1_risk_both_cap3,FULL
D1_risk_both_cap3|FULL,41.0,0.0,41.0,0.4146341463414634,0.9655778911595534,1.3631687875193694,,17.382113821138212,0.4146341463414634,-320.7416953628708,-0.003207416953628708,503.9729228962598,0.0,503.9729228962598,209.01565162162478,0.0,209.01565162162478,48.022591182939934,106.53549147257436,54.45756896611051,-615.6989666374536,0.0,-615.6989666374536,0.0,-320.74169536281863,0.6110876559459022,-6.391689155091439e-07,0.0,-1.2750211931364144e-05,-0.00020921345922442214,0.05714285714285714,0.4820295983086681,-0.017605873072873146,0.045264423539239096,0.023062975956160248,-0.07034271562317952,-0.004622028579311474,0.04155608399372499,0.04155608399372499,0.8642063789257346,0.028806879297524485,0.0013852027997908333,0.005800988443458888,-0.0045944863058436924,15.353867214236825,False,GBP_USD,D1_risk_both_cap3,FULL
D1_risk_both_cap3|FULL,46.0,0.0,46.0,0.4782608695652174,0.8957392112929214,0.9771700486831871,,17.660326086956523,0.4782608695652174,-1108.5307928172551,-0.011085307928172552,177.12126682533028,0.0,177.12126682533028,211.09482294846686,0.0,211.09482294846686,66.50809300450702,87.42672150977987,57.16000843417999,-1074.5572366941196,0.0,-1074.5572366941196,0.0,-1108.5307928172563,0.13776765299514265,-2.59874024054997e-06,0.0,-5.631295179064186e-05,-0.0007257560659083007,0.05363408521303258,0.45052631578947366,-0.06602823284887462,0.03538252176844847,0.0097844326031781,-0.30722937899879577,-0.020511711139692607,0.03411660082923531,0.03411660082923531,0.6534390313502243,0.032671951567511216,0.0017058300414617654,0.007391953590653477,-0.005540688973279861,15.353867214236825,False,AUD_USD,D1_risk_both_cap3,FULL
D1_risk_both_cap3|FULL,45.0,0.0,45.0,0.37777777777777777,0.6885419384980019,1.1340690751731795,,16.21388888888889,0.37777777777777777,-3457.3245873445994,-0.03457324587344599,-2624.6470165240476,0.0,-2624.6470165240476,290.5975928576047,0.0,290.5975928576047,98.66438724359942,112.84518819469233,79.08801741931298,-542.0799779628286,0.0,-542.0799779628286,0.0,-3457.324587344481,-3.152056820670689,-8.6243145675643e-06,0.0,-0.00018714044049771852,-0.0022889841542783618,0.05714285714285714,0.4830508474576271,-0.2198043918627623,0.07277829483667908,0.0372626587602532,-0.4733584519192719,-0.03145146721855801,0.04370333876575912,0.04370333876575912,0.9259365182108803,0.030864550607029348,0.001456777958858637,0.006870541750567671,-0.006691046261497857,15.353867214236825,False,USD_CAD,D1_risk_both_cap3,FULL
D1_risk_both_cap3|FULL,28.0,0.0,28.0,0.42857142857142855,0.7916244105544425,1.05549921407259,,16.168154761904763,0.42857142857142855,-1497.5361601020559,-0.01497536160102056,-1210.994740712243,0.0,-1210.994740712243,105.00455091914381,0.0,105.00455091914381,39.199481219810636,54.15237302104075,11.652696678292415,-181.5368684707561,0.0,-181.5368684707561,0.0,-1497.536160102143,-4.226246743980944,-3.6781472355280555e-06,0.0,-7.984013871827006e-05,-0.0009822419821323702,0.03458646616541353,0.4928571428571429,-0.12834569425696693,0.0408594558881894,0.006326838742784347,-0.35687809729958136,-0.02403952673330365,0.01652706201093748,0.01652706201093748,0.543412887307467,0.018113762910248896,0.0005509020670312492,0.005342588412247551,-0.00535196473513222,15.353867214236825,False,EUR_JPY,D1_risk_both_cap3,FULL
D1_risk_both_cap3|FULL,33.0,0.0,33.0,0.45454545454545453,0.7951437865102485,0.9541725438122982,,16.166666666666668,0.45454545454545453,-1505.6520324258017,-0.015056520324258017,-817.385649031831,0.0,-817.385649031831,171.54118248628586,0.0,171.54118248628586,91.41575701541001,58.02312741782158,22.102298053054295,-516.725200907621,0.0,-516.725200907621,0.0,-1505.6520324257378,-1.1876007150040147,-3.6733924845361546e-06,0.0,-7.956615641490288e-05,-0.000987603160628625,0.0393483709273183,0.4631268436578171,-0.11484990508451984,0.049500241128079936,0.006071539120062595,-0.293711003355625,-0.01995148181345704,0.02072320912547539,0.02072320912547539,0.5735012439990568,0.028675062199952837,0.0010361604562737694,0.006621183785825657,-0.0054761065619320926,15.353867214236825,False,AUD_JPY,D1_risk_both_cap3,FULL
D1_risk_both_cap3|FULL,22.0,0.0,22.0,0.4090909090909091,0.8917352779205369,1.2880620681074422,,16.236742424242422,0.4090909090909091,-582.6102803188987,-0.005826102803188987,-174.57061704843096,0.0,-174.57061704843096,107.47349933817935,0.0,107.47349933817935,55.89177610956926,16.470987316971254,35.11073591163885,-300.56616393221657,0.0,-300.56616393221657,0.0,-582.6102803188269,-0.42782756864679633,-1.4913005022727151e-06,0.0,-3.184742685441836e-05,-0.00041296041352145707,0.029997272975184074,0.46808510638297873,-0.052364082250400526,0.02917520299391585,0.008835552070778041,-0.19688490667978928,-0.01415450009405505,0.012247529000082677,0.012247529000082677,0.33224708868556985,0.01661235443427849,0.0006123764500041338,0.006446737310264572,-0.00652925384979286,14.146475017111568,False,XAU_USD,D1_risk_both_cap3,FULL
D1_risk_both_cap3|FULL,44.0,0.0,44.0,0.4090909090909091,0.754105264511347,1.0892631598497233,,16.859848484848484,0.4090909090909091,-2664.8451460993674,-0.026648451460993674,-1306.7564850763738,0.0,-1306.7564850763738,594.2900312529395,0.0,594.2900312529395,343.25274706394447,0.0,251.037284188995,-763.7986297701286,0.0,-763.7986297701286,0.0,-2664.845146099442,-0.9622026326999703,-6.602513039517522e-06,0.0,-0.00014344218722242623,-0.0017576167877824123,0.05042864346949067,0.45146726862302483,-0.16252950674060185,0.05826955934599898,0.01116501968305188,-0.4478755692882736,-0.030163550359903268,0.016500346731031054,0.016500346731031054,0.3398135944064576,0.01699067972032288,0.0008250173365515527,0.007267294049040585,-0.0078302541316565,15.353867214236825,False,NAS100_USD,D1_risk_both_cap3,FULL
D1_risk_both_cap3|FULL,36.0,0.0,36.0,0.3333333333333333,0.38658989293193186,0.7731797858638637,,14.871527777777779,0.3333333333333333,-6293.083877219775,-0.06293083877219775,-4869.987515965762,0.0,-4869.987515965762,471.0546077574894,0.0,471.0546077574894,242.63219562933205,0.0,228.4224121281574,-974.2289329127941,0.0,-974.2289329127941,0.0,-6315.271056636046,-3.3695723911082482,-1.619433935358283e-05,0.0,-0.00035060171177039856,-0.0042243951533237345,0.038830055471507814,0.43626062322946174,-0.41222986021252545,0.07409546465092742,0.011410942671092454,-0.8435588616711006,-0.05701287080424375,0.018393754443341872,0.018393754443341872,0.41946926980426413,0.020973463490213208,0.0009196877221670936,0.00863643558154803,-0.007068368735342334,15.353867214236825,False,SPX500_USD,D1_risk_both_cap3,FULL
D1_risk_both_cap3|FULL,22.0,0.0,22.0,0.2727272727272727,0.39647762888832977,1.057273677035546,,15.672348484848483,0.2727272727272727,-3717.7726000344264,-0.03717772600034427,-2851.954663022077,0.0,-2851.954663022077,134.05826346713886,0.0,134.05826346713886,68.68887294228891,0.0,65.36939052484995,-821.0368069452633,0.0,-821.0368069452633,0.0,-3807.049733434479,-2.9860427002210645,-9.633055753806602e-06,0.0,-0.00020411550129353253,-0.0024649473398975497,0.025997425997425997,0.4089068825910931,-0.31354343496769455,0.05176235408505281,0.017702550889799367,-0.7157180963749307,-0.04762046439864956,0.01257715147594845,0.01257715147594845,0.35503255094118646,0.017751627547059324,0.0006288575737974226,0.007158055101966543,-0.006178586772633388,15.351129363449692,False,UK100_GBP,D1_risk_both_cap3,FULL
D1_risk_both_cap3|FULL,27.0,0.0,27.0,0.48148148148148145,1.39812889780148,1.50567727455544,,17.533950617283953,0.48148148148148145,2394.5545252502925,0.023945545252502923,3053.151152734406,0.0,3053.151152734406,355.7063244800238,0.0,355.7063244800238,200.23835848187724,0.0,155.46796599814658,-302.8903030041095,0.0,-302.8903030041095,0.0,2394.5545252502725,4.635843891878966,6.13476028824919e-06,0.0,0.0001318563471887822,0.0015423860796275335,0.037616763443574855,0.48220064724919093,0.17166387452366216,0.04009963026328567,0.0066735389423515125,0.5732003297048335,0.03846384790833615,0.012096664267302264,0.012096664267302264,0.4308366662684307,0.021541833313421535,0.0006048332133651133,0.010139119158586007,-0.0045874019076818096,15.353867214236825,False,JP225_USD,D1_risk_both_cap3,FULL
D1_risk_both_cap3|FULL,39.0,0.0,39.0,0.6666666666666666,2.2419548120743986,1.1209774060371993,,22.292735042735043,0.6666666666666666,7298.4126286092505,0.07298412628609251,8032.990145510962,0.0,8032.990145510962,235.47431495245385,0.0,235.47431495245385,148.4562798684348,0.0,87.01803508401906,-499.10320194935235,0.0,-499.10320194935235,0.0,7298.412628609156,10.93552410832193,1.7993847638229316e-05,0.0,0.00038699707936740944,0.004598549295524501,0.06268958543983821,0.5367965367965368,0.4670618315989493,0.039384450582619746,0.0036859518773660017,1.7270715291393033,0.11676052928243282,0.01282449965745673,0.01282449965745673,0.3102750228716106,0.031027502287161054,0.001282449965745673,0.009738349414966763,-0.007264139601839248,15.353867214236825,False,WTICO_USD,D1_risk_both_cap3,FULL
D1_risk_short_cap3|FULL,17.0,0.0,17.0,0.5294117647058824,1.5077771043456487,1.34024631497391,,17.568627450980394,0.5294117647058824,1544.8579028442327,0.015448579028442327,1859.2750959051518,0.0,1859.2750959051518,54.26026657460939,0.0,54.26026657460939,7.575223396462921,32.451202257203924,14.233840920942542,-260.1569264864164,0.0,-260.1569264864164,0.0,1544.8579028441259,5.9134014835641695,3.924898855002694e-06,0.0,8.490404676015109e-05,0.000998974429517574,0.02481203007518797,0.49748743718592964,0.15315339450461413,0.01908758059710547,0.0038190956188668018,0.7818257173596616,0.05233635684917884,0.013358142369091322,0.013358142369091322,0.65169862076314,0.021723287358771333,0.0004452714123030441,0.008086890419104265,-0.005688349389008307,15.353867214236825,False,EUR_USD,D1_risk_short_cap3,FULL
D1_risk_short_cap3|FULL,17.0,0.0,17.0,0.5294117647058824,1.157024867410294,1.0284665488091502,,20.88235294117647,0.5294117647058824,431.6357775670913,0.004316357775670913,701.0622657731606,0.0,701.0622657731606,68.75681679728497,0.0,68.75681679728497,16.36766801785454,33.800483283449736,18.588665495980692,-200.66967140875434,0.0,-200.66967140875434,0.0,431.6357775671213,2.6020539793289927,1.1537510449049282e-06,0.0,2.4732555947650972e-05,0.0002805594922179466,0.02756892230576441,0.48672566371681414,0.04750417055080596,0.019477195340103837,0.010472236049009598,0.21876656290332927,0.014404511908358307,0.016783299746639415,0.016783299746639415,0.4950858572140294,0.016502861907134313,0.0005594433248879804,0.004857937327739759,-0.0045944863058436924,15.353867214236825,False,GBP_USD,D1_risk_short_cap3,FULL
D1_risk_short_cap3|FULL,20.0,0.0,20.0,0.55,1.1154986277829453,0.9126806954587734,,18.554166666666667,0.55,422.1901728060184,0.0042219017280601834,519.5872854913425,0.0,519.5872854913425,96.24528648194519,0.0,96.24528648194519,33.383032120882234,37.167613874254094,25.694640486808858,-1.1518262034423254,0.0,-1.1518262034423254,0.0,422.190172805955,5.3347298617538605,1.1392757102409241e-06,0.0,2.406842932096372e-05,0.00027443200556209746,0.02481203007518797,0.4925373134328358,0.04427117664066051,0.015121352536014987,0.005746567527739277,0.27504003135172045,0.018148641459715616,0.015061534160503296,0.015061534160503296,0.527141335703707,0.026357066785185353,0.0007530767080251647,0.006650981292754432,-0.004189166063093053,15.353867214236825,False,AUD_USD,D1_risk_short_cap3,FULL
D1_risk_short_cap3|FULL,24.0,0.0,24.0,0.4583333333333333,0.6997997595137455,0.8270360794253356,,14.491319444444443,0.4583333333333333,-1677.707623045906,-0.01677707623045906,-1237.2238998373857,0.0,-1237.2238998373857,142.268766776379,0.0,142.268766776379,43.49597568019034,58.387614844091736,40.38517625209693,-298.21495643219015,0.0,-298.21495643219015,0.0,-1677.7076230459547,-2.8087846034927377,-4.148709563784619e-06,0.0,-8.983447241803946e-05,-0.001101356839553147,0.02756892230576441,0.4782608695652174,-0.1537192966786353,0.034898604866664074,0.034898604866664074,-0.48073773420337784,-0.03155876413286617,0.021269748721444416,0.021269748721444416,0.9259365182108807,0.03086455060702936,0.0007089916240481472,0.006870541750567671,-0.005353687107413796,15.353867214236825,False,USD_CAD,D1_risk_short_cap3,FULL
D1_risk_short_cap3|FULL,17.0,0.0,17.0,0.5882352941176471,1.3963937323503242,0.9774756126452269,,20.28676470588235,0.5882352941176471,1117.1784237021202,0.011171784237021202,1176.7295258754568,0.0,1176.7295258754568,56.77997955655937,0.0,56.77997955655937,22.706228080466648,27.82714899344798,6.246602482644741,-2.7711226166910086,0.0,-2.7711226166910086,0.0,1117.1784237022066,19.759995750406603,2.857412133009226e-06,0.0,6.144239742189342e-05,0.0007238476828541618,0.02731829573934837,0.5317073170731708,0.11870880337178674,0.014534868402149126,0.005728560842601033,0.7490792298110185,0.04980077306700167,0.011722787695363935,0.011722787695363935,0.5434128873074671,0.018113762910248903,0.0003907595898454645,0.005342588412247551,-0.00535196473513222,15.353867214236825,False,EUR_JPY,D1_risk_short_cap3,FULL
D1_risk_short_cap3|FULL,13.0,0.0,13.0,0.6923076923076923,2.3161701304118347,1.0294089468497043,,21.458333333333336,0.6923076923076923,1540.3283593618253,0.015403283593618252,1265.6833683719742,0.0,1265.6833683719742,54.63474748207929,0.0,54.63474748207929,28.75142321841108,18.38922723435348,7.49409702931473,329.27973847198353,0.0,329.27973847198353,0.0,1540.3283593618785,23.16627104000307,3.8963164337423135e-06,0.0,8.399179816332232e-05,0.0009960662487062955,0.02080200501253133,0.50920245398773,0.17116159081590615,0.014648924148169318,0.0038237425558883703,1.0209917384541274,0.06799586363007923,0.008606643471042228,0.008606643471042228,0.34903743083343897,0.01745187154167195,0.00043033217355211144,0.006621183785825657,-0.0054761065619319815,15.353867214236825,False,AUD_JPY,D1_risk_short_cap3,FULL
D1_risk_short_cap3|FULL,9.0,0.0,9.0,0.4444444444444444,1.6130625347543621,2.0163281684429526,,18.115740740740744,0.4444444444444444,1142.8697136963165,0.011428697136963165,1390.7671891244186,0.0,1390.7671891244186,37.7701484211751,0.0,37.7701484211751,19.687262977298403,6.1457553762418256,11.937130067634873,-210.12732700701937,0.0,-210.12732700701937,0.0,1142.8697136962242,5.610251523224026,3.1434176509962345e-06,0.0,6.813272332623142e-05,0.0008036241154329993,0.014725934005999454,0.5242718446601942,0.16729547523874885,0.019841163918250526,0.007086427868809486,0.5663331814727686,0.040502871643220514,0.005066548339361976,0.005066548339361976,0.2751362390680721,0.013756811953403607,0.00025332741696809874,0.005913227308475211,-0.005223164055065843,14.146475017111568,False,XAU_USD,D1_risk_short_cap3,FULL
D1_risk_short_cap3|FULL,6.0,0.0,6.0,0.8333333333333334,12.4219578172525,2.4843915634505,,29.944444444444446,0.8333333333333334,2696.012472520917,0.02696012472520917,3018.181088055675,0.0,3018.181088055675,73.99784773271392,0.0,73.99784773271392,44.07069505230814,0.0,29.927152680405783,-248.17076780199056,0.0,-248.17076780199056,0.0,2696.0124725209703,9.368327461215886,6.730191277480948e-06,0.0,0.00014513463695165654,0.0017341665991492672,0.015128593040847202,0.5660377358490566,0.5047460268527894,0.005977932235889494,0.0018222808135358788,4.391293749846011,0.29009472351290877,0.0036605592680382434,0.0036605592680382434,0.22333970702407688,0.011166985351203845,0.00018302796340191222,0.00443959775404279,-0.0036521697568617784,15.353867214236825,False,NAS100_USD,D1_risk_short_cap3,FULL
D1_risk_short_cap3|FULL,5.0,0.0,5.0,0.8,2.6531019228806887,0.6632754807201722,,31.45,0.8,752.3566987681406,0.007523566987681406,924.6516331541665,0.0,924.6516331541665,48.33395349458696,0.0,48.33395349458696,25.076581558417175,0.0,23.257371936169783,-147.81632377512813,0.0,-147.81632377512813,0.0,728.5013558844514,4.713996054579779,1.909814796361804e-06,0.0,4.1223808541905786e-05,0.0004882962612648978,0.012859304084720122,0.5368421052631579,0.1519484848668229,0.012609762858108553,0.0023877856844122434,0.5900841089317665,0.038723667269516086,0.003979742480587241,0.003979742480587241,0.29472708324198227,0.014736354162099114,0.00019898712402936205,0.0046611045083611025,-0.004169970295717973,15.353867214236825,False,SPX500_USD,D1_risk_short_cap3,FULL
D1_risk_short_cap3|FULL,4.0,0.0,4.0,0.25,0.40608907130814426,1.2182672139244328,,22.65625,0.25,-455.99671264628705,-0.00455996712646287,-553.0525395425705,0.0,-553.0525395425705,19.722815946812332,0.0,19.722815946812332,10.21050629433687,0.0,9.51230965247546,24.477046789047,0.0,24.477046789047,0.0,-548.2983087003358,-28.0412564328552,-1.1522209594632987e-06,0.0,-2.4709211978676935e-05,-0.00029767941448222146,0.007722007722007722,0.47619047619047616,-0.08312520242670718,0.012279389610759028,0.004541562731701439,-0.3700480564778015,-0.024242199646584955,0.00252839833692977,0.00252839833692977,0.2842276887274834,0.01421138443637417,0.0001264199168464885,0.004365739596517093,-0.003791182329323073,15.351129363449692,False,UK100_GBP,D1_risk_short_cap3,FULL
D1_risk_short_cap3|FULL,9.0,0.0,9.0,0.4444444444444444,2.152090112563307,2.690112640704134,,19.615740740740744,0.4444444444444444,1995.9777600233792,0.01995977760023379,2258.04759587827,0.0,2258.04759587827,160.1810053718194,0.0,160.1810053718194,89.76093693193965,0.0,70.42006843987974,-101.88883048305684,0.0,-101.88883048305684,0.0,1995.9777600233936,8.616205632794328,5.040160858771995e-06,0.0,0.00010908112101439417,0.0012880089016742424,0.016409997475385005,0.5555555555555556,0.2511397097964407,0.01833307852872601,0.004193554797600459,1.059507990636344,0.0702560074488345,0.005058206232673704,0.005058206232673704,0.3196240544529396,0.015981202722646984,0.0002529103116336852,0.006902479541847084,-0.0044016601138605616,15.353867214236825,False,JP225_USD,D1_risk_short_cap3,FULL
D1_risk_short_cap3|FULL,13.0,0.0,13.0,0.6923076923076923,1.9368779316146643,0.8608346362731841,,21.76923076923077,0.6923076923076923,1716.2190622846101,0.017162190622846102,2031.9611143037098,0.0,2031.9611143037098,73.58825546900705,0.0,73.58825546900705,45.86995011567283,0.0,27.718305353334223,-242.15379655003812,0.0,-242.15379655003812,0.0,1716.2190622846647,6.435509940187329,4.366670212925324e-06,0.0,9.398169430117294e-05,0.0011089074010004474,0.0179474216380182,0.5419847328244275,0.19184574527205286,0.018926827252844447,0.008451896417440707,0.8890964504969686,0.058589185930980246,0.0037812205340979964,0.0037812205340979964,0.20255284739516846,0.020255284739516845,0.0003781220534097997,0.009738349414966319,-0.006053508676424846,15.353867214236825,False,WTICO_USD,D1_risk_short_cap3,FULL
